{
  "resourceType": "Bundle",
  "id": "6101649198086b4fedf65dfe",
  "type": "transaction",
  "entry": [ {
    "fullUrl": "https://madie.cms.gov/Patient/bf0f8968-c2c0-4416-88db-11ea3e3da968",
    "resource": {
      "resourceType": "Patient",
      "id": "bf0f8968-c2c0-4416-88db-11ea3e3da968",
      "meta": {
        "profile": [ "http://hl7.org/fhir/us/qicore/StructureDefinition/qicore-patient" ]
      },
      "extension": [ {
        "url": "http://hl7.org/fhir/us/core/StructureDefinition/us-core-race",
        "extension": [ {
          "url": "ombCategory",
          "valueCoding": {
            "system": "urn:oid:2.16.840.1.113883.6.238",
            "code": "1002-5",
            "display": "American Indian or Alaska Native"
          }
        }, {
          "url": "text",
          "valueString": "American Indian or Alaska Native"
        } ]
      }, {
        "url": "http://hl7.org/fhir/us/core/StructureDefinition/us-core-ethnicity",
        "extension": [ {
          "url": "ombCategory",
          "valueCoding": {
            "system": "urn:oid:2.16.840.1.113883.6.238",
            "code": "2135-2",
            "display": "Hispanic or Latino"
          }
        }, {
          "url": "text",
          "valueString": "Hispanic or Latino"
        } ]
      } ],
      "identifier": [ {
        "type": {
          "coding": [ {
            "system": "http://terminology.hl7.org/CodeSystem/v2-0203",
            "code": "MR"
          } ]
        },
        "system": "https://bonnie-fhir.healthit.gov/",
        "value": "74612635468413203"
      } ],
      "active": true,
      "name": [ {
        "use": "usual",
        "family": "NUMERPass",
        "given": [ "USSMultipleIn1DayImprovement10" ]
      } ],
      "gender": "male",
      "birthDate": "1949-04-28"
    },
    "request": {
      "method": "PUT",
      "url": "Patient/bf0f8968-c2c0-4416-88db-11ea3e3da968"
    }
  }, {
    "fullUrl": "https://madie.cms.gov/Observation/a9211fbe-79c3-4099-ae30-1af867169a26",
    "resource": {
      "resourceType": "Observation",
      "id": "a9211fbe-79c3-4099-ae30-1af867169a26",
      "meta": {
        "profile": [ "http://hl7.org/fhir/us/qicore/StructureDefinition/qicore-observation-screening-assessment" ]
      },
      "status": "final",
      "category": [ {
        "coding": [ {
          "system": "http://terminology.hl7.org/CodeSystem/observation-category",
          "code": "survey",
          "display": "Survey"
        } ]
      } ],
      "code": {
        "coding": [ {
          "system": "http://loinc.org",
          "version": "2.76",
          "code": "80976-4"
        } ]
      },
      "subject": {
        "reference": "Patient/bf0f8968-c2c0-4416-88db-11ea3e3da968"
      },
      "effectivePeriod": {
        "start": "2026-01-06T10:00:00.000+00:00"
      },
      "valueInteger": 10
    },
    "request": {
      "method": "PUT",
      "url": "Observation/a9211fbe-79c3-4099-ae30-1af867169a26"
    }
  }, {
    "fullUrl": "https://madie.cms.gov/Observation/db2d2658-a2fa-490c-8294-f233fe990fb9",
    "resource": {
      "resourceType": "Observation",
      "id": "db2d2658-a2fa-490c-8294-f233fe990fb9",
      "meta": {
        "profile": [ "http://hl7.org/fhir/us/qicore/StructureDefinition/qicore-observation-screening-assessment" ]
      },
      "status": "final",
      "category": [ {
        "coding": [ {
          "system": "http://terminology.hl7.org/CodeSystem/observation-category",
          "code": "survey",
          "display": "Survey"
        } ]
      } ],
      "code": {
        "coding": [ {
          "system": "http://loinc.org",
          "version": "2.76",
          "code": "80976-4"
        } ]
      },
      "subject": {
        "reference": "Patient/bf0f8968-c2c0-4416-88db-11ea3e3da968"
      },
      "effectivePeriod": {
        "start": "2026-01-06T11:30:00.000+00:00"
      },
      "valueInteger": 12
    },
    "request": {
      "method": "PUT",
      "url": "Observation/db2d2658-a2fa-490c-8294-f233fe990fb9"
    }
  }, {
    "fullUrl": "https://madie.cms.gov/Observation/2073ef6d-2025-4ceb-8669-6b0193af5d82",
    "resource": {
      "resourceType": "Observation",
      "id": "2073ef6d-2025-4ceb-8669-6b0193af5d82",
      "meta": {
        "profile": [ "http://hl7.org/fhir/us/qicore/StructureDefinition/qicore-observation-screening-assessment" ]
      },
      "status": "final",
      "category": [ {
        "coding": [ {
          "system": "http://terminology.hl7.org/CodeSystem/observation-category",
          "code": "survey",
          "display": "Survey"
        } ]
      } ],
      "code": {
        "coding": [ {
          "system": "http://loinc.org",
          "version": "2.76",
          "code": "80976-4"
        } ]
      },
      "subject": {
        "reference": "Patient/bf0f8968-c2c0-4416-88db-11ea3e3da968"
      },
      "effectivePeriod": {
        "start": "2026-01-06T08:00:00.000+00:00"
      },
      "valueInteger": 20
    },
    "request": {
      "method": "PUT",
      "url": "Observation/2073ef6d-2025-4ceb-8669-6b0193af5d82"
    }
  }, {
    "fullUrl": "https://madie.cms.gov/Observation/ec27fbe8-a12d-44fc-a797-def7e56d3416",
    "resource": {
      "resourceType": "Observation",
      "id": "ec27fbe8-a12d-44fc-a797-def7e56d3416",
      "meta": {
        "profile": [ "http://hl7.org/fhir/us/qicore/StructureDefinition/qicore-observation-screening-assessment" ]
      },
      "status": "final",
      "category": [ {
        "coding": [ {
          "system": "http://terminology.hl7.org/CodeSystem/observation-category",
          "code": "survey",
          "display": "Survey"
        } ]
      } ],
      "code": {
        "coding": [ {
          "system": "http://loinc.org",
          "version": "2.76",
          "code": "80976-4"
        } ]
      },
      "subject": {
        "reference": "Patient/bf0f8968-c2c0-4416-88db-11ea3e3da968"
      },
      "effectivePeriod": {
        "start": "2026-10-06T08:00:00.000+00:00"
      },
      "valueInteger": 10
    },
    "request": {
      "method": "PUT",
      "url": "Observation/ec27fbe8-a12d-44fc-a797-def7e56d3416"
    }
  }, {
    "fullUrl": "https://madie.cms.gov/Condition/ef4da077-aa24-4a98-b552-1697b2117c3f",
    "resource": {
      "resourceType": "Condition",
      "id": "ef4da077-aa24-4a98-b552-1697b2117c3f",
      "meta": {
        "profile": [ "http://hl7.org/fhir/us/qicore/StructureDefinition/qicore-condition-problems-health-concerns" ]
      },
      "clinicalStatus": {
        "coding": [ {
          "system": "http://terminology.hl7.org/CodeSystem/condition-clinical",
          "code": "active"
        } ]
      },
      "verificationStatus": {
        "coding": [ {
          "system": "http://terminology.hl7.org/CodeSystem/condition-ver-status",
          "code": "confirmed"
        } ]
      },
      "category": [ {
        "coding": [ {
          "system": "http://terminology.hl7.org/CodeSystem/condition-category",
          "code": "problem-list-item",
          "display": "Problem List Item"
        } ]
      } ],
      "code": {
        "coding": [ {
          "system": "http://hl7.org/fhir/sid/icd-10-cm",
          "version": "2024",
          "code": "N40.1"
        } ]
      },
      "subject": {
        "reference": "Patient/bf0f8968-c2c0-4416-88db-11ea3e3da968"
      },
      "onsetPeriod": {
        "start": "2025-12-31T08:00:00.000+00:00"
      }
    },
    "request": {
      "method": "PUT",
      "url": "Condition/ef4da077-aa24-4a98-b552-1697b2117c3f"
    }
  }, {
    "fullUrl": "https://madie.cms.gov/Encounter/efd51078-10bd-4d8e-9efa-927d9f6ca435",
    "resource": {
      "resourceType": "Encounter",
      "id": "efd51078-10bd-4d8e-9efa-927d9f6ca435",
      "meta": {
        "profile": [ "http://hl7.org/fhir/us/qicore/StructureDefinition/qicore-encounter" ]
      },
      "status": "finished",
      "class": {
        "system": "http://terminology.hl7.org/CodeSystem/v3-ActCode",
        "code": "AMB",
        "display": "ambulatory"
      },
      "type": [ {
        "coding": [ {
          "system": "http://www.ama-assn.org/go/cpt",
          "version": "2024",
          "code": "99214"
        } ]
      } ],
      "subject": {
        "reference": "Patient/bf0f8968-c2c0-4416-88db-11ea3e3da968"
      },
      "period": {
        "start": "2026-04-06T08:00:00+00:00",
        "end": "2026-04-06T08:15:00+00:00"
      }
    },
    "request": {
      "method": "PUT",
      "url": "Encounter/efd51078-10bd-4d8e-9efa-927d9f6ca435"
    }
  }, {
    "fullUrl": "https://madie.cms.gov/MeasureReport/d176e162-fd8f-4599-b36a-7e36c33eb7aa",
    "resource": {
      "resourceType": "MeasureReport",
      "id": "d176e162-fd8f-4599-b36a-7e36c33eb7aa",
      "meta": {
        "profile": [ "http://hl7.org/fhir/us/cqfmeasures/StructureDefinition/test-case-cqfm" ]
      },
      "contained": [ {
        "resourceType": "Parameters",
        "id": "f3ef461f-6345-48fa-b0cc-74a1a1d1c10f-parameters",
        "parameter": [ {
          "name": "subject",
          "valueString": "bf0f8968-c2c0-4416-88db-11ea3e3da968"
        } ]
      } ],
      "extension": [ {
        "url": "http://hl7.org/fhir/StructureDefinition/cqf-inputParameters",
        "valueReference": {
          "reference": "#f3ef461f-6345-48fa-b0cc-74a1a1d1c10f-parameters"
        }
      }, {
        "url": "http://hl7.org/fhir/us/cqfmeasures/StructureDefinition/cqfm-testCaseDescription",
        "valueMarkdown": "Male Pt with BPH Dx, Office Visit and multiple urinary assessments occuring on same day along with one occuring six months later which qualifies for numerator. "
      } ],
      "modifierExtension": [ {
        "url": "http://hl7.org/fhir/us/cqfmeasures/StructureDefinition/cqfm-isTestCase",
        "valueBoolean": true
      } ],
      "status": "complete",
      "type": "individual",
      "measure": "https://madie.cms.gov/Measure/CMS771FHIRUrinarySymptomScoreChangeBenignProstaticHyperplasia",
      "period": {
        "start": "2026-01-01",
        "end": "2026-12-31"
      },
      "group": [ {
        "id": "Group_1",
        "population": [ {
          "id": "InitialPopulation_1",
          "code": {
            "coding": [ {
              "system": "http://terminology.hl7.org/CodeSystem/measure-population",
              "code": "initial-population",
              "display": "Initial Population"
            } ]
          },
          "count": 1
        }, {
          "id": "Denominator_1",
          "code": {
            "coding": [ {
              "system": "http://terminology.hl7.org/CodeSystem/measure-population",
              "code": "denominator",
              "display": "Denominator"
            } ]
          },
          "count": 1
        }, {
          "id": "DenominatorExclusion_1",
          "code": {
            "coding": [ {
              "system": "http://terminology.hl7.org/CodeSystem/measure-population",
              "code": "denominator-exclusion",
              "display": "Denominator Exclusion"
            } ]
          },
          "count": 0
        }, {
          "id": "Numerator_1",
          "code": {
            "coding": [ {
              "system": "http://terminology.hl7.org/CodeSystem/measure-population",
              "code": "numerator",
              "display": "Numerator"
            } ]
          },
          "count": 1
        } ],
        "measureScore": {
          "value": 1.0
        }
      } ],
      "evaluatedResource": [ {
        "reference": "Patient/bf0f8968-c2c0-4416-88db-11ea3e3da968"
      }, {
        "reference": "Observation/a9211fbe-79c3-4099-ae30-1af867169a26"
      }, {
        "reference": "Observation/db2d2658-a2fa-490c-8294-f233fe990fb9"
      }, {
        "reference": "Observation/2073ef6d-2025-4ceb-8669-6b0193af5d82"
      }, {
        "reference": "Observation/ec27fbe8-a12d-44fc-a797-def7e56d3416"
      }, {
        "reference": "Condition/ef4da077-aa24-4a98-b552-1697b2117c3f"
      }, {
        "reference": "Encounter/efd51078-10bd-4d8e-9efa-927d9f6ca435"
      } ]
    },
    "request": {
      "method": "PUT",
      "url": "MeasureReport/d176e162-fd8f-4599-b36a-7e36c33eb7aa"
    }
  } ]
}