{
  "resourceType": "Bundle",
  "id": "6109658e98086b538055b9e4",
  "type": "transaction",
  "entry": [ {
    "fullUrl": "https://madie.cms.gov/Patient/e2c1a11c-c85b-4ce9-a24e-4ce7f783a09b",
    "resource": {
      "resourceType": "Patient",
      "id": "e2c1a11c-c85b-4ce9-a24e-4ce7f783a09b",
      "meta": {
        "profile": [ "http://hl7.org/fhir/us/qicore/StructureDefinition/qicore-patient" ]
      },
      "extension": [ {
        "url": "http://hl7.org/fhir/us/core/StructureDefinition/us-core-race",
        "extension": [ {
          "url": "ombCategory",
          "valueCoding": {
            "system": "urn:oid:2.16.840.1.113883.6.238",
            "code": "2106-3",
            "display": "White",
            "userSelected": true
          }
        }, {
          "url": "text",
          "valueString": "White"
        } ]
      }, {
        "url": "http://hl7.org/fhir/us/core/StructureDefinition/us-core-ethnicity",
        "extension": [ {
          "url": "ombCategory",
          "valueCoding": {
            "system": "urn:oid:2.16.840.1.113883.6.238",
            "code": "2186-5",
            "display": "Not Hispanic or Latino",
            "userSelected": true
          }
        }, {
          "url": "text",
          "valueString": "Not Hispanic or Latino"
        } ]
      } ],
      "identifier": [ {
        "type": {
          "coding": [ {
            "system": "http://terminology.hl7.org/CodeSystem/v2-0203",
            "code": "MR"
          } ]
        },
        "system": "https://bonnie-fhir.healthit.gov/",
        "value": "6109658e98086b538055b9e4"
      } ],
      "active": true,
      "name": [ {
        "use": "usual",
        "family": "IPPFail",
        "given": [ "EncEnds1MinAfterMPEdge" ]
      } ],
      "gender": "male",
      "birthDate": "2006-12-31"
    },
    "request": {
      "method": "PUT",
      "url": "Patient/e2c1a11c-c85b-4ce9-a24e-4ce7f783a09b"
    }
  }, {
    "fullUrl": "https://madie.cms.gov/Encounter/6642292a-3fa7-40ab-be7b-d175598825ea",
    "resource": {
      "resourceType": "Encounter",
      "id": "6642292a-3fa7-40ab-be7b-d175598825ea",
      "meta": {
        "profile": [ "http://hl7.org/fhir/us/qicore/StructureDefinition/qicore-encounter" ]
      },
      "status": "finished",
      "class": {
        "system": "http://terminology.hl7.org/CodeSystem/v3-ActCode",
        "code": "AMB",
        "display": "ambulatory",
        "userSelected": true
      },
      "type": [ {
        "coding": [ {
          "system": "http://snomed.info/sct",
          "version": "http://snomed.info/sct/731000124108/version/202303",
          "code": "37894004"
        }, {
          "system": "http://www.ama-assn.org/go/cpt",
          "version": "2023",
          "code": "99213",
          "userSelected": true
        } ]
      } ],
      "subject": {
        "reference": "Patient/e2c1a11c-c85b-4ce9-a24e-4ce7f783a09b"
      },
      "period": {
        "start": "2026-12-31T23:59:00.000+00:00",
        "end": "2027-01-01T00:00:00.000+00:00"
      }
    },
    "request": {
      "method": "PUT",
      "url": "Encounter/6642292a-3fa7-40ab-be7b-d175598825ea"
    }
  }, {
    "fullUrl": "https://madie.cms.gov/Condition/34c55f48-b5a0-48d8-a84d-28c615dd39f9",
    "resource": {
      "resourceType": "Condition",
      "id": "34c55f48-b5a0-48d8-a84d-28c615dd39f9",
      "meta": {
        "profile": [ "http://hl7.org/fhir/us/qicore/StructureDefinition/qicore-condition-problems-health-concerns" ]
      },
      "clinicalStatus": {
        "coding": [ {
          "system": "http://terminology.hl7.org/CodeSystem/condition-clinical",
          "code": "active",
          "display": "active",
          "userSelected": true
        } ]
      },
      "category": [ {
        "coding": [ {
          "system": "http://terminology.hl7.org/CodeSystem/condition-category",
          "code": "problem-list-item",
          "display": "problem-list-item",
          "userSelected": true
        } ]
      } ],
      "code": {
        "coding": [ {
          "system": "http://hl7.org/fhir/sid/icd-10-cm",
          "version": "2023",
          "code": "H40.10X0"
        } ]
      },
      "subject": {
        "reference": "Patient/e2c1a11c-c85b-4ce9-a24e-4ce7f783a09b"
      },
      "onsetDateTime": "2025-09-14T08:00:00.000+00:00"
    },
    "request": {
      "method": "PUT",
      "url": "Condition/34c55f48-b5a0-48d8-a84d-28c615dd39f9"
    }
  }, {
    "fullUrl": "https://madie.cms.gov/MeasureReport/23d9c925-dc85-4f4d-ac17-d327e1a98314",
    "resource": {
      "resourceType": "MeasureReport",
      "id": "23d9c925-dc85-4f4d-ac17-d327e1a98314",
      "meta": {
        "profile": [ "http://hl7.org/fhir/us/cqfmeasures/StructureDefinition/test-case-cqfm" ]
      },
      "contained": [ {
        "resourceType": "Parameters",
        "id": "a2817cbf-c798-456b-bc27-9fe56ca3e5c5-parameters",
        "parameter": [ {
          "name": "subject",
          "valueString": "e2c1a11c-c85b-4ce9-a24e-4ce7f783a09b"
        } ]
      } ],
      "extension": [ {
        "url": "http://hl7.org/fhir/StructureDefinition/cqf-inputParameters",
        "valueReference": {
          "reference": "#a2817cbf-c798-456b-bc27-9fe56ca3e5c5-parameters"
        }
      }, {
        "url": "http://hl7.org/fhir/us/cqfmeasures/StructureDefinition/cqfm-testCaseDescription",
        "valueMarkdown": "Qualifying Encounter period ends after MP at midnight next day and starts 1 minute before start of MP"
      } ],
      "modifierExtension": [ {
        "url": "http://hl7.org/fhir/us/cqfmeasures/StructureDefinition/cqfm-isTestCase",
        "valueBoolean": true
      } ],
      "status": "complete",
      "type": "individual",
      "measure": "https://madie.cms.gov/Measure/CMS143FHIRPOAGOpticNerveEvaluation",
      "period": {
        "start": "2026-01-01",
        "end": "2026-12-31"
      },
      "group": [ {
        "id": "Group_1",
        "population": [ {
          "id": "InitialPopulation_1",
          "code": {
            "coding": [ {
              "system": "http://terminology.hl7.org/CodeSystem/measure-population",
              "code": "initial-population",
              "display": "Initial Population"
            } ]
          },
          "count": 0
        }, {
          "id": "Denominator_1",
          "code": {
            "coding": [ {
              "system": "http://terminology.hl7.org/CodeSystem/measure-population",
              "code": "denominator",
              "display": "Denominator"
            } ]
          },
          "count": 0
        }, {
          "id": "Numerator_1",
          "code": {
            "coding": [ {
              "system": "http://terminology.hl7.org/CodeSystem/measure-population",
              "code": "numerator",
              "display": "Numerator"
            } ]
          },
          "count": 0
        }, {
          "id": "DenominatorException_1",
          "code": {
            "coding": [ {
              "system": "http://terminology.hl7.org/CodeSystem/measure-population",
              "code": "denominator-exception",
              "display": "Denominator Exception"
            } ]
          },
          "count": 0
        } ],
        "measureScore": {
          "value": 1.0
        }
      } ],
      "evaluatedResource": [ {
        "reference": "Patient/e2c1a11c-c85b-4ce9-a24e-4ce7f783a09b"
      }, {
        "reference": "Encounter/6642292a-3fa7-40ab-be7b-d175598825ea"
      }, {
        "reference": "Condition/34c55f48-b5a0-48d8-a84d-28c615dd39f9"
      } ]
    },
    "request": {
      "method": "PUT",
      "url": "MeasureReport/23d9c925-dc85-4f4d-ac17-d327e1a98314"
    }
  } ]
}