{
  "resourceType": "Bundle",
  "id": "98116841646686466847",
  "type": "transaction",
  "entry": [ {
    "fullUrl": "https://madie.cms.gov/Patient/b263321d-43c1-42bd-909c-e93ab2e0cf03",
    "resource": {
      "resourceType": "Patient",
      "id": "b263321d-43c1-42bd-909c-e93ab2e0cf03",
      "meta": {
        "profile": [ "http://hl7.org/fhir/us/qicore/StructureDefinition/qicore-patient" ]
      },
      "extension": [ {
        "url": "http://hl7.org/fhir/us/core/StructureDefinition/us-core-race",
        "extension": [ {
          "url": "ombCategory",
          "valueCoding": {
            "system": "urn:oid:2.16.840.1.113883.6.238",
            "code": "2106-3",
            "display": "White"
          }
        }, {
          "url": "text",
          "valueString": "White"
        } ]
      }, {
        "url": "http://hl7.org/fhir/us/core/StructureDefinition/us-core-ethnicity",
        "extension": [ {
          "url": "ombCategory",
          "valueCoding": {
            "system": "urn:oid:2.16.840.1.113883.6.238",
            "code": "2186-5",
            "display": "Not Hispanic or Latino"
          }
        }, {
          "url": "text",
          "valueString": "Not Hispanic or Latino"
        } ]
      } ],
      "identifier": [ {
        "type": {
          "coding": [ {
            "system": "http://terminology.hl7.org/CodeSystem/v2-0203",
            "code": "MR"
          } ]
        },
        "system": "https://bonnie-fhir.healthit.gov/",
        "value": "6546841651641616513421"
      } ],
      "name": [ {
        "family": "DENEXPopStrat1Pass",
        "given": [ "HospiceProcedureInMP" ]
      } ],
      "gender": "female",
      "birthDate": "2011-01-01"
    },
    "request": {
      "method": "PUT",
      "url": "Patient/b263321d-43c1-42bd-909c-e93ab2e0cf03"
    }
  }, {
    "fullUrl": "https://madie.cms.gov/Encounter/a43334d2-1189-4ced-867b-5bc497ae2060",
    "resource": {
      "resourceType": "Encounter",
      "id": "a43334d2-1189-4ced-867b-5bc497ae2060",
      "meta": {
        "profile": [ "http://hl7.org/fhir/us/qicore/StructureDefinition/qicore-encounter" ]
      },
      "status": "finished",
      "class": {
        "system": "http://terminology.hl7.org/CodeSystem/v3-ActCode",
        "code": "AMB",
        "display": "ambulatory"
      },
      "type": [ {
        "coding": [ {
          "system": "http://www.ama-assn.org/go/cpt",
          "version": "2024",
          "code": "90791"
        } ]
      } ],
      "subject": {
        "reference": "Patient/b263321d-43c1-42bd-909c-e93ab2e0cf03"
      },
      "period": {
        "start": "2025-02-25T14:30:00+00:00",
        "end": "2025-02-25T14:50:00+00:00"
      },
      "length": {
        "value": 0,
        "unit": "days"
      }
    },
    "request": {
      "method": "PUT",
      "url": "Encounter/a43334d2-1189-4ced-867b-5bc497ae2060"
    }
  }, {
    "fullUrl": "https://madie.cms.gov/Observation/bad64060-16f1-4f1f-8319-b4c571e621ec",
    "resource": {
      "resourceType": "Observation",
      "id": "bad64060-16f1-4f1f-8319-b4c571e621ec",
      "meta": {
        "profile": [ "http://hl7.org/fhir/us/qicore/StructureDefinition/qicore-observation-screening-assessment" ]
      },
      "status": "final",
      "category": [ {
        "coding": [ {
          "system": "http://terminology.hl7.org/CodeSystem/observation-category",
          "code": "survey",
          "display": "Survey"
        } ]
      } ],
      "code": {
        "coding": [ {
          "system": "http://loinc.org",
          "version": "2.76",
          "code": "44261-6"
        } ]
      },
      "subject": {
        "reference": "Patient/b263321d-43c1-42bd-909c-e93ab2e0cf03"
      },
      "effectiveDateTime": "2025-02-25T14:35:00+00:00",
      "valueInteger": 10
    },
    "request": {
      "method": "PUT",
      "url": "Observation/bad64060-16f1-4f1f-8319-b4c571e621ec"
    }
  }, {
    "fullUrl": "https://madie.cms.gov/Observation/75b891da-3ec8-473e-ac29-09df3c49795a",
    "resource": {
      "resourceType": "Observation",
      "id": "75b891da-3ec8-473e-ac29-09df3c49795a",
      "meta": {
        "profile": [ "http://hl7.org/fhir/us/qicore/StructureDefinition/qicore-observation-screening-assessment" ]
      },
      "status": "final",
      "category": [ {
        "coding": [ {
          "system": "http://terminology.hl7.org/CodeSystem/observation-category",
          "code": "survey",
          "display": "Survey"
        } ]
      } ],
      "code": {
        "coding": [ {
          "system": "http://loinc.org",
          "version": "2.76",
          "code": "44261-6"
        } ]
      },
      "subject": {
        "reference": "Patient/b263321d-43c1-42bd-909c-e93ab2e0cf03"
      },
      "effectiveDateTime": "2026-02-19T14:30:00+00:00",
      "valueInteger": 3
    },
    "request": {
      "method": "PUT",
      "url": "Observation/75b891da-3ec8-473e-ac29-09df3c49795a"
    }
  }, {
    "fullUrl": "https://madie.cms.gov/Condition/f6cc1ce4-4100-478a-9dd3-61d7b7f47dcc",
    "resource": {
      "resourceType": "Condition",
      "id": "f6cc1ce4-4100-478a-9dd3-61d7b7f47dcc",
      "meta": {
        "profile": [ "http://hl7.org/fhir/us/qicore/StructureDefinition/qicore-condition-problems-health-concerns" ]
      },
      "clinicalStatus": {
        "coding": [ {
          "system": "http://terminology.hl7.org/CodeSystem/condition-clinical",
          "code": "active",
          "display": "active"
        } ]
      },
      "verificationStatus": {
        "coding": [ {
          "system": "http://terminology.hl7.org/CodeSystem/condition-ver-status",
          "code": "confirmed"
        } ]
      },
      "category": [ {
        "coding": [ {
          "system": "http://terminology.hl7.org/CodeSystem/condition-category",
          "code": "problem-list-item",
          "display": "Problem List Item"
        } ]
      } ],
      "code": {
        "coding": [ {
          "system": "http://hl7.org/fhir/sid/icd-10-cm",
          "version": "2024",
          "code": "F32.9"
        } ]
      },
      "subject": {
        "reference": "Patient/b263321d-43c1-42bd-909c-e93ab2e0cf03"
      },
      "onsetDateTime": "2025-02-25T14:35:00+00:00"
    },
    "request": {
      "method": "PUT",
      "url": "Condition/f6cc1ce4-4100-478a-9dd3-61d7b7f47dcc"
    }
  }, {
    "fullUrl": "https://madie.cms.gov/Procedure/a93bd1dc-2206-4fba-9a77-9a8797ad610d",
    "resource": {
      "resourceType": "Procedure",
      "id": "a93bd1dc-2206-4fba-9a77-9a8797ad610d",
      "meta": {
        "profile": [ "http://hl7.org/fhir/us/qicore/StructureDefinition/qicore-procedure" ]
      },
      "extension": [ {
        "url": "http://hl7.org/fhir/us/qicore/StructureDefinition/qicore-recorded",
        "valueDateTime": "2026-02-01T08:00:00.000+00:00"
      } ],
      "status": "completed",
      "code": {
        "coding": [ {
          "system": "http://www.cms.gov/Medicare/Coding/HCPCSReleaseCodeSets",
          "version": "2024",
          "code": "G0182",
          "display": "Physician supervision of a patient under a medicare-approved hospice (patient not present) requiring complex and multidisciplinary care modalities involving regular physician development and/or revision of care plans, review of subsequent reports of patient status, review of laboratory and other studies, communication (including telephone calls) with other health care professionals involved in the patient's care, integration of new information into the medical treatment plan and/or adjustment of medical therapy, within a calendar month, 30 minutes or more"
        } ]
      },
      "subject": {
        "reference": "Patient/b263321d-43c1-42bd-909c-e93ab2e0cf03"
      },
      "performedPeriod": {
        "start": "2026-01-01T08:00:00.000+00:00",
        "end": "2026-02-01T08:15:00.000+00:00"
      }
    },
    "request": {
      "method": "PUT",
      "url": "Procedure/a93bd1dc-2206-4fba-9a77-9a8797ad610d"
    }
  }, {
    "fullUrl": "https://madie.cms.gov/MeasureReport/2eb704c2-1810-432a-bf43-4f0db45b04aa",
    "resource": {
      "resourceType": "MeasureReport",
      "id": "2eb704c2-1810-432a-bf43-4f0db45b04aa",
      "meta": {
        "profile": [ "http://hl7.org/fhir/us/cqfmeasures/StructureDefinition/test-case-cqfm" ]
      },
      "contained": [ {
        "resourceType": "Parameters",
        "id": "365ac8c8-3487-4a42-a1d9-28bb55ec1816-parameters",
        "parameter": [ {
          "name": "subject",
          "valueString": "b263321d-43c1-42bd-909c-e93ab2e0cf03"
        } ]
      } ],
      "extension": [ {
        "url": "http://hl7.org/fhir/StructureDefinition/cqf-inputParameters",
        "valueReference": {
          "reference": "#365ac8c8-3487-4a42-a1d9-28bb55ec1816-parameters"
        }
      }, {
        "url": "http://hl7.org/fhir/us/cqfmeasures/StructureDefinition/cqfm-testCaseDescription",
        "valueMarkdown": "Patient has a Major Depressive Dx and PHQ-9>9 during the denom ID period. Patient has Hospice Procedure during MP. Should be in denominator exclusion for Strat 1. Note: Stratification issue. "
      } ],
      "modifierExtension": [ {
        "url": "http://hl7.org/fhir/us/cqfmeasures/StructureDefinition/cqfm-isTestCase",
        "valueBoolean": true
      } ],
      "status": "complete",
      "type": "individual",
      "measure": "https://madie.cms.gov/Measure/CMS159FHIRDepressionRemissionatTwelveMonths",
      "period": {
        "start": "2026-01-01",
        "end": "2026-12-31"
      },
      "group": [ {
        "id": "Group_1",
        "population": [ {
          "id": "InitialPopulation_1",
          "code": {
            "coding": [ {
              "system": "http://terminology.hl7.org/CodeSystem/measure-population",
              "code": "initial-population",
              "display": "Initial Population"
            } ]
          },
          "count": 1
        }, {
          "id": "Denominator_1",
          "code": {
            "coding": [ {
              "system": "http://terminology.hl7.org/CodeSystem/measure-population",
              "code": "denominator",
              "display": "Denominator"
            } ]
          },
          "count": 1
        }, {
          "id": "DenominatorExclusion_1",
          "code": {
            "coding": [ {
              "system": "http://terminology.hl7.org/CodeSystem/measure-population",
              "code": "denominator-exclusion",
              "display": "Denominator Exclusion"
            } ]
          },
          "count": 1
        }, {
          "id": "Numerator_1",
          "code": {
            "coding": [ {
              "system": "http://terminology.hl7.org/CodeSystem/measure-population",
              "code": "numerator",
              "display": "Numerator"
            } ]
          },
          "count": 0
        } ],
        "measureScore": {
          "value": 1.0
        }
      } ],
      "evaluatedResource": [ {
        "reference": "Patient/b263321d-43c1-42bd-909c-e93ab2e0cf03"
      }, {
        "reference": "Encounter/a43334d2-1189-4ced-867b-5bc497ae2060"
      }, {
        "reference": "Observation/bad64060-16f1-4f1f-8319-b4c571e621ec"
      }, {
        "reference": "Observation/75b891da-3ec8-473e-ac29-09df3c49795a"
      }, {
        "reference": "Condition/f6cc1ce4-4100-478a-9dd3-61d7b7f47dcc"
      }, {
        "reference": "Procedure/a93bd1dc-2206-4fba-9a77-9a8797ad610d"
      } ]
    },
    "request": {
      "method": "PUT",
      "url": "MeasureReport/2eb704c2-1810-432a-bf43-4f0db45b04aa"
    }
  } ]
}