{
  "resourceType": "Bundle",
  "id": "62bb26fce8081f5ef5e199d3",
  "type": "transaction",
  "entry": [ {
    "fullUrl": "https://madie.cms.gov/Patient/97b72f42-08ae-4f6e-a7c9-1aa42f33ca90",
    "resource": {
      "resourceType": "Patient",
      "id": "97b72f42-08ae-4f6e-a7c9-1aa42f33ca90",
      "meta": {
        "profile": [ "http://hl7.org/fhir/us/qicore/StructureDefinition/qicore-patient" ]
      },
      "extension": [ {
        "url": "http://hl7.org/fhir/us/core/StructureDefinition/us-core-race",
        "extension": [ {
          "url": "ombCategory",
          "valueCoding": {
            "system": "urn:oid:2.16.840.1.113883.6.238",
            "code": "2054-5",
            "display": "Black or African American",
            "userSelected": true
          }
        }, {
          "url": "text",
          "valueString": "Black or African American"
        } ]
      }, {
        "url": "http://hl7.org/fhir/us/core/StructureDefinition/us-core-ethnicity",
        "extension": [ {
          "url": "ombCategory",
          "valueCoding": {
            "system": "urn:oid:2.16.840.1.113883.6.238",
            "code": "2135-2",
            "display": "Hispanic or Latino",
            "userSelected": true
          }
        }, {
          "url": "text",
          "valueString": "Hispanic or Latino"
        } ]
      } ],
      "identifier": [ {
        "type": {
          "coding": [ {
            "system": "http://terminology.hl7.org/CodeSystem/v2-0203",
            "code": "MR"
          } ]
        },
        "system": "https://bonnie-fhir.healthit.gov/",
        "value": "6077319098086b6fb8f00ab2"
      } ],
      "active": true,
      "name": [ {
        "family": "DENEXCEPFail",
        "given": [ "DEXAPerformedPtRefused4MonthsAfter" ]
      } ],
      "gender": "male",
      "birthDate": "1944-12-15"
    },
    "request": {
      "method": "PUT",
      "url": "Patient/97b72f42-08ae-4f6e-a7c9-1aa42f33ca90"
    }
  }, {
    "fullUrl": "https://madie.cms.gov/Encounter/0b8e29cb-3891-4ff4-ba06-4c82b227046e",
    "resource": {
      "resourceType": "Encounter",
      "id": "0b8e29cb-3891-4ff4-ba06-4c82b227046e",
      "meta": {
        "profile": [ "http://hl7.org/fhir/us/qicore/StructureDefinition/qicore-encounter" ]
      },
      "status": "finished",
      "class": {
        "system": "http://terminology.hl7.org/CodeSystem/v3-ActCode",
        "code": "AMB",
        "display": "ambulatory"
      },
      "type": [ {
        "coding": [ {
          "system": "http://www.ama-assn.org/go/cpt",
          "code": "99203"
        } ]
      } ],
      "subject": {
        "reference": "Patient/97b72f42-08ae-4f6e-a7c9-1aa42f33ca90"
      },
      "period": {
        "start": "2026-04-04T08:00:00.000+00:00",
        "end": "2026-04-04T08:15:00.000+00:00"
      }
    },
    "request": {
      "method": "PUT",
      "url": "Encounter/0b8e29cb-3891-4ff4-ba06-4c82b227046e"
    }
  }, {
    "fullUrl": "https://madie.cms.gov/Condition/1baf9dbf-9963-43f9-94b7-c010ce09e6eb",
    "resource": {
      "resourceType": "Condition",
      "id": "1baf9dbf-9963-43f9-94b7-c010ce09e6eb",
      "meta": {
        "profile": [ "http://hl7.org/fhir/us/qicore/StructureDefinition/qicore-condition-problems-health-concerns" ]
      },
      "clinicalStatus": {
        "coding": [ {
          "system": "http://terminology.hl7.org/CodeSystem/condition-clinical",
          "code": "active"
        } ]
      },
      "verificationStatus": {
        "coding": [ {
          "system": "http://terminology.hl7.org/CodeSystem/condition-ver-status",
          "code": "confirmed"
        } ]
      },
      "category": [ {
        "coding": [ {
          "system": "http://terminology.hl7.org/CodeSystem/condition-category",
          "code": "problem-list-item",
          "display": "Problem List Item"
        } ]
      } ],
      "code": {
        "coding": [ {
          "system": "http://snomed.info/sct",
          "version": "http://snomed.info/sct/731000124108/version/20240401",
          "code": "254900004",
          "display": "Carcinoma of prostate (disorder)"
        } ]
      },
      "subject": {
        "reference": "Patient/97b72f42-08ae-4f6e-a7c9-1aa42f33ca90"
      },
      "onsetPeriod": {
        "start": "2026-04-04T08:00:00.000+00:00"
      }
    },
    "request": {
      "method": "PUT",
      "url": "Condition/1baf9dbf-9963-43f9-94b7-c010ce09e6eb"
    }
  }, {
    "fullUrl": "https://madie.cms.gov/MedicationRequest/746ca768-1ab4-4267-b70c-f6b94daa1557",
    "resource": {
      "resourceType": "MedicationRequest",
      "id": "746ca768-1ab4-4267-b70c-f6b94daa1557",
      "meta": {
        "profile": [ "http://hl7.org/fhir/us/qicore/StructureDefinition/qicore-medicationrequest" ]
      },
      "status": "active",
      "intent": "order",
      "medicationCodeableConcept": {
        "coding": [ {
          "system": "http://www.nlm.nih.gov/research/umls/rxnorm",
          "code": "1115257",
          "display": "1.5 ML leuprolide acetate 30 MG/ML Prefilled Syringe"
        } ]
      },
      "subject": {
        "reference": "Patient/97b72f42-08ae-4f6e-a7c9-1aa42f33ca90"
      },
      "authoredOn": "2026-04-04T08:00:00.000+00:00",
      "requester": {
        "reference": "http://myGoodHealthcare.com/fhir/Practitioner/80b43ffd-853c-4238-9472-b353621975a5"
      },
      "dosageInstruction": [ {
        "timing": {
          "repeat": {
            "boundsPeriod": {
              "start": "2026-04-04T08:00:00.000+00:00"
            }
          }
        }
      } ]
    },
    "request": {
      "method": "PUT",
      "url": "MedicationRequest/746ca768-1ab4-4267-b70c-f6b94daa1557"
    }
  }, {
    "fullUrl": "https://madie.cms.gov/Practitioner/80b43ffd-853c-4238-9472-b353621975a5",
    "resource": {
      "resourceType": "Practitioner",
      "id": "80b43ffd-853c-4238-9472-b353621975a5",
      "meta": {
        "profile": [ "http://hl7.org/fhir/us/qicore/StructureDefinition/qicore-practitioner" ]
      },
      "identifier": [ {
        "use": "temp",
        "system": "urn:oid:2.16.840.1.113883.4.336",
        "value": "Practitioner-23"
      } ],
      "active": true,
      "name": [ {
        "family": "Careful",
        "given": [ "Adam" ],
        "prefix": [ "Dr" ]
      } ],
      "address": [ {
        "use": "home",
        "line": [ "534 Erewhon St" ],
        "city": "PleasantVille",
        "state": "UT",
        "postalCode": "84414"
      } ],
      "qualification": [ {
        "identifier": [ {
          "system": "http://example.org/UniversityIdentifier",
          "value": "12345"
        } ],
        "code": {
          "coding": [ {
            "system": "http://terminology.hl7.org/CodeSystem/v2-0360|2.7",
            "code": "BS",
            "display": "Bachelor of Science"
          } ],
          "text": "Bachelor of Science"
        },
        "period": {
          "start": "1996"
        },
        "issuer": {
          "display": "Example University"
        }
      } ]
    },
    "request": {
      "method": "PUT",
      "url": "Practitioner/80b43ffd-853c-4238-9472-b353621975a5"
    }
  }, {
    "fullUrl": "https://madie.cms.gov/ServiceRequest/5aa61d14-b2cc-4783-854b-9055e7152a20",
    "resource": {
      "resourceType": "ServiceRequest",
      "id": "5aa61d14-b2cc-4783-854b-9055e7152a20",
      "meta": {
        "profile": [ "http://hl7.org/fhir/us/qicore/StructureDefinition/qicore-servicerequest" ]
      },
      "status": "active",
      "intent": "order",
      "code": {
        "coding": [ {
          "system": "http://snomed.info/sct",
          "code": "456381000124102",
          "display": "Injection of leuprolide acetate for twelve month period (regime/therapy)"
        } ]
      },
      "subject": {
        "reference": "Patient/97b72f42-08ae-4f6e-a7c9-1aa42f33ca90"
      },
      "authoredOn": "2026-08-04T08:00:00.000+00:00"
    },
    "request": {
      "method": "PUT",
      "url": "ServiceRequest/5aa61d14-b2cc-4783-854b-9055e7152a20"
    }
  }, {
    "fullUrl": "https://madie.cms.gov/ServiceRequest/a2104893-f9e4-4a58-9c7f-6fcbbd52a2ee",
    "resource": {
      "resourceType": "ServiceRequest",
      "id": "a2104893-f9e4-4a58-9c7f-6fcbbd52a2ee",
      "meta": {
        "profile": [ "http://hl7.org/fhir/us/qicore/StructureDefinition/qicore-servicerequest" ]
      },
      "extension": [ {
        "url": "http://hl7.org/fhir/us/qicore/StructureDefinition/qicore-doNotPerformReason",
        "valueCodeableConcept": {
          "coding": [ {
            "system": "http://snomed.info/sct",
            "code": "105480006",
            "display": "Refusal of treatment by patient (situation)",
            "userSelected": true
          } ]
        }
      } ],
      "status": "completed",
      "intent": "order",
      "doNotPerform": false,
      "code": {
        "coding": [ {
          "system": "http://loinc.org",
          "version": "2.71",
          "code": "38265-5",
          "display": "DXA Radius and Ulna [T-score] Bone density",
          "userSelected": true
        } ]
      },
      "subject": {
        "reference": "Patient/97b72f42-08ae-4f6e-a7c9-1aa42f33ca90"
      },
      "authoredOn": "2026-08-04T08:00:00.000+00:00"
    },
    "request": {
      "method": "PUT",
      "url": "ServiceRequest/a2104893-f9e4-4a58-9c7f-6fcbbd52a2ee"
    }
  }, {
    "fullUrl": "https://madie.cms.gov/MeasureReport/e1410fca-06a9-431a-8f9a-2c6347b90e39",
    "resource": {
      "resourceType": "MeasureReport",
      "id": "e1410fca-06a9-431a-8f9a-2c6347b90e39",
      "meta": {
        "profile": [ "http://hl7.org/fhir/us/cqfmeasures/StructureDefinition/test-case-cqfm" ]
      },
      "contained": [ {
        "resourceType": "Parameters",
        "id": "ad2d02c2-34a9-4638-8f76-1a4676be413b-parameters",
        "parameter": [ {
          "name": "subject",
          "valueString": "97b72f42-08ae-4f6e-a7c9-1aa42f33ca90"
        } ]
      } ],
      "extension": [ {
        "url": "http://hl7.org/fhir/StructureDefinition/cqf-inputParameters",
        "valueReference": {
          "reference": "#ad2d02c2-34a9-4638-8f76-1a4676be413b-parameters"
        }
      }, {
        "url": "http://hl7.org/fhir/us/cqfmeasures/StructureDefinition/cqfm-testCaseDescription",
        "valueMarkdown": "Dx of Prostate Cancer, and Androgen deprivation therapy for Urology Care is not null.  DEXA performed with patient refusal 4 mo after.  Fails DENEXCEP. .  "
      } ],
      "modifierExtension": [ {
        "url": "http://hl7.org/fhir/us/cqfmeasures/StructureDefinition/cqfm-isTestCase",
        "valueBoolean": true
      } ],
      "status": "complete",
      "type": "individual",
      "measure": "https://madie.cms.gov/Measure/CMS645FHIRBoneDensityProstateCancerAndrogenDeprivationTherapy",
      "period": {
        "start": "2026-01-01",
        "end": "2026-12-31"
      },
      "group": [ {
        "id": "Group_1",
        "population": [ {
          "id": "InitialPopulation_1",
          "code": {
            "coding": [ {
              "system": "http://terminology.hl7.org/CodeSystem/measure-population",
              "code": "initial-population",
              "display": "Initial Population"
            } ]
          },
          "count": 1
        }, {
          "id": "Denominator_1",
          "code": {
            "coding": [ {
              "system": "http://terminology.hl7.org/CodeSystem/measure-population",
              "code": "denominator",
              "display": "Denominator"
            } ]
          },
          "count": 1
        }, {
          "id": "Numerator_1",
          "code": {
            "coding": [ {
              "system": "http://terminology.hl7.org/CodeSystem/measure-population",
              "code": "numerator",
              "display": "Numerator"
            } ]
          },
          "count": 1
        }, {
          "id": "DenominatorException_1",
          "code": {
            "coding": [ {
              "system": "http://terminology.hl7.org/CodeSystem/measure-population",
              "code": "denominator-exception",
              "display": "Denominator Exception"
            } ]
          },
          "count": 0
        } ],
        "measureScore": {
          "value": 1.0
        }
      } ],
      "evaluatedResource": [ {
        "reference": "Patient/97b72f42-08ae-4f6e-a7c9-1aa42f33ca90"
      }, {
        "reference": "Encounter/0b8e29cb-3891-4ff4-ba06-4c82b227046e"
      }, {
        "reference": "Condition/1baf9dbf-9963-43f9-94b7-c010ce09e6eb"
      }, {
        "reference": "MedicationRequest/746ca768-1ab4-4267-b70c-f6b94daa1557"
      }, {
        "reference": "Practitioner/80b43ffd-853c-4238-9472-b353621975a5"
      }, {
        "reference": "ServiceRequest/5aa61d14-b2cc-4783-854b-9055e7152a20"
      }, {
        "reference": "ServiceRequest/a2104893-f9e4-4a58-9c7f-6fcbbd52a2ee"
      } ]
    },
    "request": {
      "method": "PUT",
      "url": "MeasureReport/e1410fca-06a9-431a-8f9a-2c6347b90e39"
    }
  } ]
}