{
  "resourceType": "Bundle",
  "id": "61168b8798086b77ef9c5ec1",
  "type": "transaction",
  "entry": [ {
    "fullUrl": "https://madie.cms.gov/Patient/bc456bd5-d133-48dd-bbfc-228fa3f22c9a",
    "resource": {
      "resourceType": "Patient",
      "id": "bc456bd5-d133-48dd-bbfc-228fa3f22c9a",
      "meta": {
        "profile": [ "http://hl7.org/fhir/us/qicore/StructureDefinition/qicore-patient" ]
      },
      "extension": [ {
        "url": "http://hl7.org/fhir/us/core/StructureDefinition/us-core-race",
        "extension": [ {
          "url": "ombCategory",
          "valueCoding": {
            "system": "urn:oid:2.16.840.1.113883.6.238",
            "code": "2054-5",
            "display": "Black or African American",
            "userSelected": true
          }
        }, {
          "url": "text",
          "valueString": "Black or African American"
        } ]
      }, {
        "url": "http://hl7.org/fhir/us/core/StructureDefinition/us-core-ethnicity",
        "extension": [ {
          "url": "ombCategory",
          "valueCoding": {
            "system": "urn:oid:2.16.840.1.113883.6.238",
            "code": "2135-2",
            "display": "Hispanic or Latino",
            "userSelected": true
          }
        }, {
          "url": "text",
          "valueString": "Hispanic or Latino"
        } ]
      } ],
      "identifier": [ {
        "type": {
          "coding": [ {
            "system": "http://terminology.hl7.org/CodeSystem/v2-0203",
            "code": "MR"
          } ]
        },
        "system": "https://GoodHealthCare.com/",
        "value": "61168b8798086b77ef9c5ec1"
      } ],
      "active": true,
      "name": [ {
        "use": "usual",
        "family": "IPPass",
        "given": [ "Enc1MinB4MPEnd" ]
      } ],
      "gender": "male",
      "birthDate": "1979-02-14"
    },
    "request": {
      "method": "PUT",
      "url": "Patient/bc456bd5-d133-48dd-bbfc-228fa3f22c9a"
    }
  }, {
    "fullUrl": "https://madie.cms.gov/Condition/f6487243-e18a-4601-aed4-42862184197d",
    "resource": {
      "resourceType": "Condition",
      "id": "f6487243-e18a-4601-aed4-42862184197d",
      "meta": {
        "profile": [ "http://hl7.org/fhir/us/qicore/StructureDefinition/qicore-condition-problems-health-concerns" ]
      },
      "clinicalStatus": {
        "coding": [ {
          "system": "http://terminology.hl7.org/CodeSystem/condition-clinical",
          "code": "active",
          "display": "Active"
        } ]
      },
      "category": [ {
        "coding": [ {
          "system": "http://terminology.hl7.org/CodeSystem/condition-category",
          "code": "problem-list-item",
          "display": "Problem List Item"
        } ]
      } ],
      "code": {
        "coding": [ {
          "system": "http://snomed.info/sct",
          "version": "http://snomed.info/sct/731000124108/version/20230301",
          "code": "232022001",
          "display": "Proliferative retinopathy with neovascularization elsewhere than the optic disc due to diabetes mellitus (disorder)"
        } ]
      },
      "subject": {
        "reference": "Patient/bc456bd5-d133-48dd-bbfc-228fa3f22c9a"
      },
      "onsetDateTime": "2025-12-03T10:45:00.000+00:00"
    },
    "request": {
      "method": "PUT",
      "url": "Condition/f6487243-e18a-4601-aed4-42862184197d"
    }
  }, {
    "fullUrl": "https://madie.cms.gov/Encounter/b8ae6b70-1871-4f30-ae58-49457e44b6d3",
    "resource": {
      "resourceType": "Encounter",
      "id": "b8ae6b70-1871-4f30-ae58-49457e44b6d3",
      "meta": {
        "profile": [ "http://hl7.org/fhir/us/qicore/StructureDefinition/qicore-encounter" ]
      },
      "status": "finished",
      "class": {
        "system": "http://terminology.hl7.org/CodeSystem/v3-ActCode",
        "code": "AMB"
      },
      "type": [ {
        "coding": [ {
          "system": "http://www.ama-assn.org/go/cpt",
          "version": "2023",
          "code": "99205"
        } ]
      } ],
      "subject": {
        "reference": "Patient/bc456bd5-d133-48dd-bbfc-228fa3f22c9a"
      },
      "period": {
        "start": "2026-12-31T23:30:00.000+00:00",
        "end": "2026-12-31T23:59:00.000+00:00"
      }
    },
    "request": {
      "method": "PUT",
      "url": "Encounter/b8ae6b70-1871-4f30-ae58-49457e44b6d3"
    }
  }, {
    "fullUrl": "https://madie.cms.gov/Coverage/b76bd1a0-b6ca-45a2-9312-e5b288d01cb6",
    "resource": {
      "resourceType": "Coverage",
      "id": "b76bd1a0-b6ca-45a2-9312-e5b288d01cb6",
      "meta": {
        "profile": [ "http://hl7.org/fhir/us/qicore/StructureDefinition/qicore-coverage" ]
      },
      "status": "active",
      "beneficiary": {
        "reference": "Patient/bc456bd5-d133-48dd-bbfc-228fa3f22c9a"
      },
      "payor": [ {
        "reference": "Organization/5abf2faf-78d0-4804-805d-e023f7dbcb7a"
      } ]
    },
    "request": {
      "method": "PUT",
      "url": "Coverage/b76bd1a0-b6ca-45a2-9312-e5b288d01cb6"
    }
  }, {
    "fullUrl": "https://madie.cms.gov/Organization/5abf2faf-78d0-4804-805d-e023f7dbcb7a",
    "resource": {
      "resourceType": "Organization",
      "id": "5abf2faf-78d0-4804-805d-e023f7dbcb7a",
      "meta": {
        "profile": [ "http://hl7.org/fhir/us/qicore/StructureDefinition/qicore-organization" ]
      },
      "identifier": [ {
        "use": "temp",
        "system": "urn:oid:2.16.840.1.113883.4.4",
        "value": "21-3259825"
      } ],
      "active": true,
      "type": [ {
        "coding": [ {
          "system": "http://terminology.hl7.org/CodeSystem/organization-type",
          "code": "pay",
          "display": "Payer"
        } ]
      } ],
      "name": "Blue Cross Blue Shield of Texas",
      "telecom": [ {
        "system": "phone",
        "value": "(+1) 972-766-6900"
      } ],
      "address": [ {
        "use": "billing",
        "type": "postal",
        "line": [ "P.O. Box 660044" ],
        "city": "Dallas",
        "state": "TX",
        "postalCode": "75266-0044",
        "country": "USA"
      } ]
    },
    "request": {
      "method": "PUT",
      "url": "Organization/5abf2faf-78d0-4804-805d-e023f7dbcb7a"
    }
  }, {
    "fullUrl": "https://madie.cms.gov/MeasureReport/d5ef6428-3c1f-45e1-bf61-c7facc859cc8",
    "resource": {
      "resourceType": "MeasureReport",
      "id": "d5ef6428-3c1f-45e1-bf61-c7facc859cc8",
      "meta": {
        "profile": [ "http://hl7.org/fhir/us/cqfmeasures/StructureDefinition/test-case-cqfm" ]
      },
      "contained": [ {
        "resourceType": "Parameters",
        "id": "0948b385-b5be-443d-b80a-e95874638f90-parameters",
        "parameter": [ {
          "name": "subject",
          "valueString": "bc456bd5-d133-48dd-bbfc-228fa3f22c9a"
        } ]
      } ],
      "extension": [ {
        "url": "http://hl7.org/fhir/StructureDefinition/cqf-inputParameters",
        "valueReference": {
          "reference": "#0948b385-b5be-443d-b80a-e95874638f90-parameters"
        }
      }, {
        "url": "http://hl7.org/fhir/us/cqfmeasures/StructureDefinition/cqfm-testCaseDescription",
        "valueMarkdown": "Qualifying Encounter Ends 1 minute before Measurement Period Ends (edge)"
      } ],
      "modifierExtension": [ {
        "url": "http://hl7.org/fhir/us/cqfmeasures/StructureDefinition/cqfm-isTestCase",
        "valueBoolean": true
      } ],
      "status": "complete",
      "type": "individual",
      "measure": "https://madie.cms.gov/Measure/CMS142FHIRDRCommunicationWithPhysicianManagingDiabetes",
      "period": {
        "start": "2026-01-01",
        "end": "2026-12-31"
      },
      "group": [ {
        "id": "Group_1",
        "population": [ {
          "id": "InitialPopulation_1",
          "code": {
            "coding": [ {
              "system": "http://terminology.hl7.org/CodeSystem/measure-population",
              "code": "initial-population",
              "display": "Initial Population"
            } ]
          },
          "count": 1
        }, {
          "id": "Denominator_1",
          "code": {
            "coding": [ {
              "system": "http://terminology.hl7.org/CodeSystem/measure-population",
              "code": "denominator",
              "display": "Denominator"
            } ]
          },
          "count": 0
        }, {
          "id": "Numerator_1",
          "code": {
            "coding": [ {
              "system": "http://terminology.hl7.org/CodeSystem/measure-population",
              "code": "numerator",
              "display": "Numerator"
            } ]
          },
          "count": 0
        }, {
          "id": "DenominatorException_1",
          "code": {
            "coding": [ {
              "system": "http://terminology.hl7.org/CodeSystem/measure-population",
              "code": "denominator-exception",
              "display": "Denominator Exception"
            } ]
          },
          "count": 0
        } ],
        "measureScore": {
          "value": 1.0
        }
      } ],
      "evaluatedResource": [ {
        "reference": "Patient/bc456bd5-d133-48dd-bbfc-228fa3f22c9a"
      }, {
        "reference": "Condition/f6487243-e18a-4601-aed4-42862184197d"
      }, {
        "reference": "Encounter/b8ae6b70-1871-4f30-ae58-49457e44b6d3"
      }, {
        "reference": "Coverage/b76bd1a0-b6ca-45a2-9312-e5b288d01cb6"
      }, {
        "reference": "Organization/5abf2faf-78d0-4804-805d-e023f7dbcb7a"
      } ]
    },
    "request": {
      "method": "PUT",
      "url": "MeasureReport/d5ef6428-3c1f-45e1-bf61-c7facc859cc8"
    }
  } ]
}