{
  "resourceType": "Bundle",
  "id": "62a8a76e26b2bd13ce26d1ad",
  "type": "transaction",
  "entry": [ {
    "fullUrl": "https://madie.cms.gov/Patient/5cf8a6bf-b0ac-4434-acd8-d785f7c9751c",
    "resource": {
      "resourceType": "Patient",
      "id": "5cf8a6bf-b0ac-4434-acd8-d785f7c9751c",
      "meta": {
        "profile": [ "http://hl7.org/fhir/us/qicore/StructureDefinition/qicore-patient" ]
      },
      "text": {
        "status": "generated",
        "div": "<div xmlns=\"http://www.w3.org/1999/xhtml\">do not know</div>"
      },
      "extension": [ {
        "url": "http://hl7.org/fhir/us/core/StructureDefinition/us-core-race",
        "extension": [ {
          "url": "ombCategory",
          "valueCoding": {
            "system": "urn:oid:2.16.840.1.113883.6.238",
            "code": "2028-9",
            "display": "Asian",
            "userSelected": true
          }
        }, {
          "url": "text",
          "valueString": "Asian"
        } ]
      }, {
        "url": "http://hl7.org/fhir/us/core/StructureDefinition/us-core-ethnicity",
        "extension": [ {
          "url": "ombCategory",
          "valueCoding": {
            "system": "urn:oid:2.16.840.1.113883.6.238",
            "code": "2186-5",
            "display": "Not Hispanic or Latino",
            "userSelected": true
          }
        }, {
          "url": "text",
          "valueString": "Not Hispanic or Latino"
        } ]
      } ],
      "identifier": [ {
        "type": {
          "coding": [ {
            "system": "http://terminology.hl7.org/CodeSystem/v2-0203",
            "code": "MR"
          } ]
        },
        "system": "https://bonnie-fhir.healthit.gov/",
        "value": "62a8a76e26b2bd13ce26d1ad"
      } ],
      "name": [ {
        "family": "NUMERPass",
        "given": [ "NormalBP" ]
      } ],
      "gender": "female",
      "birthDate": "2006-12-31"
    },
    "request": {
      "method": "PUT",
      "url": "Patient/5cf8a6bf-b0ac-4434-acd8-d785f7c9751c"
    }
  }, {
    "fullUrl": "https://madie.cms.gov/Encounter/91ffb0a4-c526-4442-b4d4-367f07d7c0ff",
    "resource": {
      "resourceType": "Encounter",
      "id": "91ffb0a4-c526-4442-b4d4-367f07d7c0ff",
      "meta": {
        "profile": [ "http://hl7.org/fhir/us/qicore/StructureDefinition/qicore-encounter" ]
      },
      "status": "finished",
      "class": {
        "system": "http://terminology.hl7.org/CodeSystem/v3-ActCode",
        "code": "AMB",
        "display": "ambulatory"
      },
      "type": [ {
        "coding": [ {
          "system": "http://snomed.info/sct",
          "version": "2022-03",
          "code": "103705002",
          "display": "Patient status observation (procedure)",
          "userSelected": true
        } ]
      } ],
      "subject": {
        "reference": "Patient/5cf8a6bf-b0ac-4434-acd8-d785f7c9751c"
      },
      "period": {
        "start": "2026-01-01T08:00:00.000+00:00",
        "end": "2026-01-01T08:30:00.000+00:00"
      }
    },
    "request": {
      "method": "PUT",
      "url": "Encounter/91ffb0a4-c526-4442-b4d4-367f07d7c0ff"
    }
  }, {
    "fullUrl": "https://madie.cms.gov/Coverage/13b32eae-1660-422e-bd7a-45e5374eab9d",
    "resource": {
      "resourceType": "Coverage",
      "id": "13b32eae-1660-422e-bd7a-45e5374eab9d",
      "meta": {
        "profile": [ "http://hl7.org/fhir/us/qicore/StructureDefinition/qicore-coverage" ]
      },
      "status": "active",
      "beneficiary": {
        "reference": "Patient/5cf8a6bf-b0ac-4434-acd8-d785f7c9751c"
      },
      "payor": [ {
        "reference": "Organization/ec4283d7-5cde-40f5-88b9-3a589b4a008f"
      } ]
    },
    "request": {
      "method": "PUT",
      "url": "Coverage/13b32eae-1660-422e-bd7a-45e5374eab9d"
    }
  }, {
    "fullUrl": "https://madie.cms.gov/Observation/ba43e86c-0e24-4d52-aedb-9121be393116",
    "resource": {
      "resourceType": "Observation",
      "id": "ba43e86c-0e24-4d52-aedb-9121be393116",
      "meta": {
        "profile": [ "http://hl7.org/fhir/us/core/StructureDefinition/us-core-blood-pressure" ]
      },
      "status": "final",
      "category": [ {
        "coding": [ {
          "system": "http://terminology.hl7.org/CodeSystem/observation-category",
          "code": "vital-signs",
          "display": "Vital Signs"
        } ],
        "text": "Vital Signs"
      } ],
      "code": {
        "coding": [ {
          "system": "http://loinc.org",
          "code": "85354-9",
          "display": "Blood pressure panel"
        } ]
      },
      "subject": {
        "reference": "Patient/5cf8a6bf-b0ac-4434-acd8-d785f7c9751c"
      },
      "effectiveDateTime": "2026-01-01T08:05:00.000+00:00",
      "component": [ {
        "code": {
          "coding": [ {
            "system": "http://loinc.org",
            "code": "8480-6",
            "display": "Systolic blood pressure"
          } ]
        },
        "valueQuantity": {
          "value": 119,
          "unit": "mmHg",
          "system": "http://unitsofmeasure.org",
          "code": "mm[Hg]"
        }
      }, {
        "code": {
          "coding": [ {
            "system": "http://loinc.org",
            "code": "8462-4",
            "display": "Diastolic blood pressure"
          } ]
        },
        "valueQuantity": {
          "value": 79,
          "unit": "mmHg",
          "system": "http://unitsofmeasure.org",
          "code": "mm[Hg]"
        }
      } ]
    },
    "request": {
      "method": "PUT",
      "url": "Observation/ba43e86c-0e24-4d52-aedb-9121be393116"
    }
  }, {
    "fullUrl": "https://madie.cms.gov/Organization/ec4283d7-5cde-40f5-88b9-3a589b4a008f",
    "resource": {
      "resourceType": "Organization",
      "id": "ec4283d7-5cde-40f5-88b9-3a589b4a008f",
      "meta": {
        "profile": [ "http://hl7.org/fhir/us/qicore/StructureDefinition/qicore-organization" ]
      },
      "identifier": [ {
        "use": "temp",
        "system": "urn:oid:2.16.840.1.113883.4.4",
        "value": "21-3259825"
      } ],
      "active": true,
      "type": [ {
        "coding": [ {
          "system": "http://terminology.hl7.org/CodeSystem/organization-type",
          "code": "pay",
          "display": "Payer"
        } ]
      } ],
      "name": "Blue Cross Blue Shield of Texas",
      "telecom": [ {
        "system": "phone",
        "value": "(+1) 972-766-6900"
      } ],
      "address": [ {
        "use": "billing",
        "type": "postal",
        "line": [ "P.O. Box 660044" ],
        "city": "Dallas",
        "state": "TX",
        "postalCode": "75266-0044",
        "country": "USA"
      } ]
    },
    "request": {
      "method": "PUT",
      "url": "Organization/ec4283d7-5cde-40f5-88b9-3a589b4a008f"
    }
  }, {
    "fullUrl": "https://madie.cms.gov/MeasureReport/921b9b93-3afa-4ba2-8009-1892cea21f04",
    "resource": {
      "resourceType": "MeasureReport",
      "id": "921b9b93-3afa-4ba2-8009-1892cea21f04",
      "meta": {
        "profile": [ "http://hl7.org/fhir/us/cqfmeasures/StructureDefinition/test-case-cqfm" ]
      },
      "contained": [ {
        "resourceType": "Parameters",
        "id": "856a6b85-4517-4a39-921d-fb02a56c375c-parameters",
        "parameter": [ {
          "name": "subject",
          "valueString": "5cf8a6bf-b0ac-4434-acd8-d785f7c9751c"
        } ]
      } ],
      "extension": [ {
        "url": "http://hl7.org/fhir/StructureDefinition/cqf-inputParameters",
        "valueReference": {
          "reference": "#856a6b85-4517-4a39-921d-fb02a56c375c-parameters"
        }
      }, {
        "url": "http://hl7.org/fhir/us/cqfmeasures/StructureDefinition/cqfm-testCaseDescription",
        "valueMarkdown": "Age 18 one day before MP, has encounter first day of MP, Observation BP 119/79 within normal limits."
      } ],
      "modifierExtension": [ {
        "url": "http://hl7.org/fhir/us/cqfmeasures/StructureDefinition/cqfm-isTestCase",
        "valueBoolean": true
      } ],
      "status": "complete",
      "type": "individual",
      "measure": "https://madie.cms.gov/Measure/CMS22FHIRPCSBPScreeningFollowUp",
      "period": {
        "start": "2026-01-01",
        "end": "2026-12-31"
      },
      "group": [ {
        "id": "Group_1",
        "population": [ {
          "id": "InitialPopulation_1",
          "code": {
            "coding": [ {
              "system": "http://terminology.hl7.org/CodeSystem/measure-population",
              "code": "initial-population",
              "display": "Initial Population"
            } ]
          },
          "count": 1
        }, {
          "id": "Denominator_1",
          "code": {
            "coding": [ {
              "system": "http://terminology.hl7.org/CodeSystem/measure-population",
              "code": "denominator",
              "display": "Denominator"
            } ]
          },
          "count": 1
        }, {
          "id": "DenominatorExclusion_1",
          "code": {
            "coding": [ {
              "system": "http://terminology.hl7.org/CodeSystem/measure-population",
              "code": "denominator-exclusion",
              "display": "Denominator Exclusion"
            } ]
          },
          "count": 0
        }, {
          "id": "Numerator_1",
          "code": {
            "coding": [ {
              "system": "http://terminology.hl7.org/CodeSystem/measure-population",
              "code": "numerator",
              "display": "Numerator"
            } ]
          },
          "count": 1
        }, {
          "id": "DenominatorException_1",
          "code": {
            "coding": [ {
              "system": "http://terminology.hl7.org/CodeSystem/measure-population",
              "code": "denominator-exception",
              "display": "Denominator Exception"
            } ]
          },
          "count": 0
        } ],
        "measureScore": {
          "value": 0.0
        }
      } ],
      "evaluatedResource": [ {
        "reference": "Patient/5cf8a6bf-b0ac-4434-acd8-d785f7c9751c"
      }, {
        "reference": "Encounter/91ffb0a4-c526-4442-b4d4-367f07d7c0ff"
      }, {
        "reference": "Coverage/13b32eae-1660-422e-bd7a-45e5374eab9d"
      }, {
        "reference": "Observation/ba43e86c-0e24-4d52-aedb-9121be393116"
      }, {
        "reference": "Organization/ec4283d7-5cde-40f5-88b9-3a589b4a008f"
      } ]
    },
    "request": {
      "method": "PUT",
      "url": "MeasureReport/921b9b93-3afa-4ba2-8009-1892cea21f04"
    }
  } ]
}