{
  "resourceType": "Bundle",
  "id": "62b1e0113968556e5150cf36",
  "type": "transaction",
  "entry": [ {
    "fullUrl": "https://madie.cms.gov/Patient/4149c02e-ee5c-4b8d-a4ee-425dfa2460e7",
    "resource": {
      "resourceType": "Patient",
      "id": "4149c02e-ee5c-4b8d-a4ee-425dfa2460e7",
      "meta": {
        "profile": [ "http://hl7.org/fhir/us/qicore/StructureDefinition/qicore-patient" ]
      },
      "extension": [ {
        "url": "http://hl7.org/fhir/us/core/StructureDefinition/us-core-race",
        "extension": [ {
          "url": "ombCategory",
          "valueCoding": {
            "system": "urn:oid:2.16.840.1.113883.6.238",
            "code": "1002-5",
            "display": "American Indian or Alaska Native",
            "userSelected": true
          }
        }, {
          "url": "text",
          "valueString": "American Indian or Alaska Native"
        } ]
      }, {
        "url": "http://hl7.org/fhir/us/core/StructureDefinition/us-core-ethnicity",
        "extension": [ {
          "url": "ombCategory",
          "valueCoding": {
            "system": "urn:oid:2.16.840.1.113883.6.238",
            "code": "2135-2",
            "display": "Hispanic or Latino",
            "userSelected": true
          }
        }, {
          "url": "text",
          "valueString": "Hispanic or Latino"
        } ]
      } ],
      "identifier": [ {
        "type": {
          "coding": [ {
            "system": "http://terminology.hl7.org/CodeSystem/v2-0203",
            "code": "MR"
          } ]
        },
        "system": "https://bonnie-fhir.healthit.gov/",
        "value": "62b1e0113968556e5150cf36"
      } ],
      "name": [ {
        "family": "NUMERPass",
        "given": [ "17yoPositiveAdolescentDepressionScreeningandFollowUp" ]
      } ],
      "gender": "male",
      "birthDate": "2009-01-01"
    },
    "request": {
      "method": "PUT",
      "url": "Patient/4149c02e-ee5c-4b8d-a4ee-425dfa2460e7"
    }
  }, {
    "fullUrl": "https://madie.cms.gov/Encounter/86841733-b9c2-4c3b-a1ef-590d6e20954c",
    "resource": {
      "resourceType": "Encounter",
      "id": "86841733-b9c2-4c3b-a1ef-590d6e20954c",
      "meta": {
        "profile": [ "http://hl7.org/fhir/us/qicore/StructureDefinition/qicore-encounter" ]
      },
      "status": "finished",
      "class": {
        "system": "http://terminology.hl7.org/CodeSystem/v3-ActCode",
        "code": "AMB",
        "display": "ambulatory"
      },
      "type": [ {
        "coding": [ {
          "system": "http://snomed.info/sct",
          "version": "2021-09",
          "code": "10197000",
          "display": "Psychiatric interview and evaluation (procedure)",
          "userSelected": true
        } ]
      } ],
      "subject": {
        "reference": "Patient/4149c02e-ee5c-4b8d-a4ee-425dfa2460e7"
      },
      "period": {
        "start": "2026-06-21T08:00:00.000+00:00",
        "end": "2026-06-21T08:15:00.000+00:00"
      }
    },
    "request": {
      "method": "PUT",
      "url": "Encounter/86841733-b9c2-4c3b-a1ef-590d6e20954c"
    }
  }, {
    "fullUrl": "https://madie.cms.gov/Observation/fb878d0b-a3a7-42f2-906b-7299ef19f24a",
    "resource": {
      "resourceType": "Observation",
      "id": "fb878d0b-a3a7-42f2-906b-7299ef19f24a",
      "meta": {
        "profile": [ "http://hl7.org/fhir/us/qicore/StructureDefinition/qicore-observation-screening-assessment" ]
      },
      "status": "final",
      "category": [ {
        "coding": [ {
          "system": "http://terminology.hl7.org/CodeSystem/observation-category",
          "code": "procedure",
          "display": "Procedure"
        } ]
      } ],
      "code": {
        "coding": [ {
          "system": "http://loinc.org",
          "code": "73831-0",
          "display": "Adolescent depression screening assessment",
          "userSelected": true
        } ]
      },
      "subject": {
        "reference": "Patient/4149c02e-ee5c-4b8d-a4ee-425dfa2460e7"
      },
      "effectiveDateTime": "2026-06-15T08:00:00.000+00:00",
      "valueCodeableConcept": {
        "coding": [ {
          "system": "http://snomed.info/sct",
          "code": "428181000124104",
          "display": "Depression screening positive (finding)",
          "userSelected": true
        } ]
      }
    },
    "request": {
      "method": "PUT",
      "url": "Observation/fb878d0b-a3a7-42f2-906b-7299ef19f24a"
    }
  }, {
    "fullUrl": "https://madie.cms.gov/MedicationRequest/27126231-8124-485f-a015-8fd071aace90",
    "resource": {
      "resourceType": "MedicationRequest",
      "id": "27126231-8124-485f-a015-8fd071aace90",
      "meta": {
        "profile": [ "http://hl7.org/fhir/us/qicore/StructureDefinition/qicore-medicationrequest" ]
      },
      "status": "active",
      "intent": "order",
      "doNotPerform": false,
      "medicationCodeableConcept": {
        "coding": [ {
          "system": "http://www.nlm.nih.gov/research/umls/rxnorm",
          "code": "1190110",
          "display": "fluoxetine 60 MG Oral Tablet",
          "userSelected": true
        } ]
      },
      "subject": {
        "reference": "Patient/4149c02e-ee5c-4b8d-a4ee-425dfa2460e7"
      },
      "authoredOn": "2026-06-21T08:00:00.000+00:00",
      "requester": {
        "reference": "Practitioner/123456"
      }
    },
    "request": {
      "method": "PUT",
      "url": "MedicationRequest/27126231-8124-485f-a015-8fd071aace90"
    }
  }, {
    "fullUrl": "https://madie.cms.gov/Coverage/fa5d0f7b-c5c6-4e7b-98f3-4385bfa94757",
    "resource": {
      "resourceType": "Coverage",
      "id": "fa5d0f7b-c5c6-4e7b-98f3-4385bfa94757",
      "meta": {
        "profile": [ "http://hl7.org/fhir/us/qicore/StructureDefinition/qicore-coverage" ]
      },
      "status": "active",
      "beneficiary": {
        "reference": "Patient/4149c02e-ee5c-4b8d-a4ee-425dfa2460e7"
      },
      "payor": [ {
        "reference": "Organization/35c99f01-66c8-43f0-90d2-64d665fef662"
      } ]
    },
    "request": {
      "method": "PUT",
      "url": "Coverage/fa5d0f7b-c5c6-4e7b-98f3-4385bfa94757"
    }
  }, {
    "fullUrl": "https://madie.cms.gov/Organization/35c99f01-66c8-43f0-90d2-64d665fef662",
    "resource": {
      "resourceType": "Organization",
      "id": "35c99f01-66c8-43f0-90d2-64d665fef662",
      "meta": {
        "profile": [ "http://hl7.org/fhir/us/qicore/StructureDefinition/qicore-organization" ]
      },
      "identifier": [ {
        "use": "temp",
        "system": "urn:oid:2.16.840.1.113883.4.4",
        "value": "21-3259825"
      } ],
      "active": true,
      "type": [ {
        "coding": [ {
          "system": "http://terminology.hl7.org/CodeSystem/organization-type",
          "code": "pay",
          "display": "Payer"
        } ]
      } ],
      "name": "Blue Cross Blue Shield of Texas",
      "telecom": [ {
        "system": "phone",
        "value": "(+1) 972-766-6900"
      } ],
      "address": [ {
        "use": "billing",
        "type": "postal",
        "line": [ "P.O. Box 660044" ],
        "city": "Dallas",
        "state": "TX",
        "postalCode": "75266-0044",
        "country": "USA"
      } ]
    },
    "request": {
      "method": "PUT",
      "url": "Organization/35c99f01-66c8-43f0-90d2-64d665fef662"
    }
  }, {
    "fullUrl": "https://madie.cms.gov/Practitioner/a8fdffec-49fd-4806-868a-cfc0224e523b",
    "resource": {
      "resourceType": "Practitioner",
      "id": "a8fdffec-49fd-4806-868a-cfc0224e523b",
      "meta": {
        "profile": [ "http://hl7.org/fhir/us/qicore/StructureDefinition/qicore-practitioner" ]
      },
      "identifier": [ {
        "system": "http://hl7.org/fhir/sid/us-npi",
        "value": "123456"
      } ],
      "name": [ {
        "family": "Evil",
        "prefix": [ "Dr" ]
      } ]
    },
    "request": {
      "method": "PUT",
      "url": "Practitioner/a8fdffec-49fd-4806-868a-cfc0224e523b"
    }
  }, {
    "fullUrl": "https://madie.cms.gov/MeasureReport/5b2b4b4d-0639-4c4d-bfdf-786d3ebaf0c5",
    "resource": {
      "resourceType": "MeasureReport",
      "id": "5b2b4b4d-0639-4c4d-bfdf-786d3ebaf0c5",
      "meta": {
        "profile": [ "http://hl7.org/fhir/us/cqfmeasures/StructureDefinition/test-case-cqfm" ]
      },
      "contained": [ {
        "resourceType": "Parameters",
        "id": "e887587f-9fa6-4246-ad2c-527431af5923-parameters",
        "parameter": [ {
          "name": "subject",
          "valueString": "4149c02e-ee5c-4b8d-a4ee-425dfa2460e7"
        } ]
      } ],
      "extension": [ {
        "url": "http://hl7.org/fhir/StructureDefinition/cqf-inputParameters",
        "valueReference": {
          "reference": "#e887587f-9fa6-4246-ad2c-527431af5923-parameters"
        }
      }, {
        "url": "http://hl7.org/fhir/us/cqfmeasures/StructureDefinition/cqfm-testCaseDescription",
        "valueMarkdown": "17yo with previous positive adolescent depression screening and medication request follow up"
      } ],
      "modifierExtension": [ {
        "url": "http://hl7.org/fhir/us/cqfmeasures/StructureDefinition/cqfm-isTestCase",
        "valueBoolean": true
      } ],
      "status": "complete",
      "type": "individual",
      "measure": "https://madie.cms.gov/Measure/CMS2FHIRPCSDepressionScreenAndFollowUp",
      "period": {
        "start": "2026-01-01",
        "end": "2026-12-31"
      },
      "group": [ {
        "id": "Group_1",
        "population": [ {
          "id": "InitialPopulation_1",
          "code": {
            "coding": [ {
              "system": "http://terminology.hl7.org/CodeSystem/measure-population",
              "code": "initial-population",
              "display": "Initial Population"
            } ]
          },
          "count": 1
        }, {
          "id": "Denominator_1",
          "code": {
            "coding": [ {
              "system": "http://terminology.hl7.org/CodeSystem/measure-population",
              "code": "denominator",
              "display": "Denominator"
            } ]
          },
          "count": 1
        }, {
          "id": "DenominatorExclusion_1",
          "code": {
            "coding": [ {
              "system": "http://terminology.hl7.org/CodeSystem/measure-population",
              "code": "denominator-exclusion",
              "display": "Denominator Exclusion"
            } ]
          },
          "count": 0
        }, {
          "id": "Numerator_1",
          "code": {
            "coding": [ {
              "system": "http://terminology.hl7.org/CodeSystem/measure-population",
              "code": "numerator",
              "display": "Numerator"
            } ]
          },
          "count": 1
        }, {
          "id": "DenominatorException_1",
          "code": {
            "coding": [ {
              "system": "http://terminology.hl7.org/CodeSystem/measure-population",
              "code": "denominator-exception",
              "display": "Denominator Exception"
            } ]
          },
          "count": 0
        } ],
        "measureScore": {
          "value": 1.0
        }
      } ],
      "evaluatedResource": [ {
        "reference": "Patient/4149c02e-ee5c-4b8d-a4ee-425dfa2460e7"
      }, {
        "reference": "Encounter/86841733-b9c2-4c3b-a1ef-590d6e20954c"
      }, {
        "reference": "Observation/fb878d0b-a3a7-42f2-906b-7299ef19f24a"
      }, {
        "reference": "MedicationRequest/27126231-8124-485f-a015-8fd071aace90"
      }, {
        "reference": "Coverage/fa5d0f7b-c5c6-4e7b-98f3-4385bfa94757"
      }, {
        "reference": "Organization/35c99f01-66c8-43f0-90d2-64d665fef662"
      }, {
        "reference": "Practitioner/a8fdffec-49fd-4806-868a-cfc0224e523b"
      } ]
    },
    "request": {
      "method": "PUT",
      "url": "MeasureReport/5b2b4b4d-0639-4c4d-bfdf-786d3ebaf0c5"
    }
  } ]
}