{
  "resourceType": "Bundle",
  "id": "62f65f6e5efef5272905e70b",
  "type": "transaction",
  "entry": [ {
    "fullUrl": "https://madie.cms.gov/Patient/0e463fc3-d1bf-4e19-882b-fad6342aa668",
    "resource": {
      "resourceType": "Patient",
      "id": "0e463fc3-d1bf-4e19-882b-fad6342aa668",
      "meta": {
        "profile": [ "http://hl7.org/fhir/us/qicore/StructureDefinition/qicore-patient" ]
      },
      "extension": [ {
        "url": "http://hl7.org/fhir/us/core/StructureDefinition/us-core-race",
        "extension": [ {
          "url": "ombCategory",
          "valueCoding": {
            "system": "urn:oid:2.16.840.1.113883.6.238",
            "code": "1002-5",
            "display": "American Indian or Alaska Native",
            "userSelected": true
          }
        }, {
          "url": "text",
          "valueString": "American Indian or Alaska Native"
        } ]
      }, {
        "url": "http://hl7.org/fhir/us/core/StructureDefinition/us-core-ethnicity",
        "extension": [ {
          "url": "ombCategory",
          "valueCoding": {
            "system": "urn:oid:2.16.840.1.113883.6.238",
            "code": "2135-2",
            "display": "Hispanic or Latino",
            "userSelected": true
          }
        }, {
          "url": "text",
          "valueString": "Hispanic or Latino"
        } ]
      } ],
      "identifier": [ {
        "type": {
          "coding": [ {
            "system": "http://terminology.hl7.org/CodeSystem/v2-0203",
            "code": "MR"
          } ]
        },
        "system": "https://bonnie-fhir.healthit.gov/",
        "value": "62f65f6e5efef5272905e70b"
      } ],
      "name": [ {
        "family": "DENEXCEPPass",
        "given": [ "AdolescentMedicalReasonForNoDepressionScreenAge17" ]
      } ],
      "gender": "male",
      "birthDate": "2009-01-01"
    },
    "request": {
      "method": "PUT",
      "url": "Patient/0e463fc3-d1bf-4e19-882b-fad6342aa668"
    }
  }, {
    "fullUrl": "https://madie.cms.gov/Encounter/706bb86e-15c7-48cc-919d-bafe9a929eb5",
    "resource": {
      "resourceType": "Encounter",
      "id": "706bb86e-15c7-48cc-919d-bafe9a929eb5",
      "meta": {
        "profile": [ "http://hl7.org/fhir/us/qicore/StructureDefinition/qicore-encounter" ]
      },
      "status": "finished",
      "class": {
        "system": "http://terminology.hl7.org/CodeSystem/v3-ActCode",
        "code": "AMB",
        "display": "ambulatory"
      },
      "type": [ {
        "coding": [ {
          "system": "http://snomed.info/sct",
          "version": "2021-09",
          "code": "10197000",
          "display": "Psychiatric interview and evaluation (procedure)",
          "userSelected": true
        } ]
      } ],
      "subject": {
        "reference": "Patient/0e463fc3-d1bf-4e19-882b-fad6342aa668"
      },
      "period": {
        "start": "2026-01-02T08:00:00.000+00:00",
        "end": "2026-01-02T08:15:00.000+00:00"
      }
    },
    "request": {
      "method": "PUT",
      "url": "Encounter/706bb86e-15c7-48cc-919d-bafe9a929eb5"
    }
  }, {
    "fullUrl": "https://madie.cms.gov/Observation/ff52b9b7-1f54-4ab9-921a-f76d4ee4618b",
    "resource": {
      "resourceType": "Observation",
      "id": "ff52b9b7-1f54-4ab9-921a-f76d4ee4618b",
      "meta": {
        "profile": [ "http://hl7.org/fhir/us/qicore/StructureDefinition/qicore-observationcancelled" ]
      },
      "extension": [ {
        "url": "http://hl7.org/fhir/us/qicore/StructureDefinition/qicore-notDoneReason",
        "valueCodeableConcept": {
          "coding": [ {
            "system": "http://snomed.info/sct",
            "code": "183932001",
            "display": "Procedure contraindicated (situation)",
            "userSelected": true
          } ]
        }
      } ],
      "status": "cancelled",
      "category": [ {
        "coding": [ {
          "system": "http://terminology.hl7.org/CodeSystem/observation-category",
          "code": "procedure",
          "display": "Procedure"
        } ]
      } ],
      "code": {
        "coding": [ {
          "system": "http://loinc.org",
          "code": "73831-0",
          "display": "Adolescent depression screening assessment",
          "userSelected": true
        } ]
      },
      "subject": {
        "reference": "Patient/0e463fc3-d1bf-4e19-882b-fad6342aa668"
      },
      "issued": "2026-01-02T08:00:00.000+00:00",
      "valueBoolean": true
    },
    "request": {
      "method": "PUT",
      "url": "Observation/ff52b9b7-1f54-4ab9-921a-f76d4ee4618b"
    }
  }, {
    "fullUrl": "https://madie.cms.gov/Coverage/2ee10cac-f86c-4193-a508-99df0aa4b2bd",
    "resource": {
      "resourceType": "Coverage",
      "id": "2ee10cac-f86c-4193-a508-99df0aa4b2bd",
      "meta": {
        "profile": [ "http://hl7.org/fhir/us/qicore/StructureDefinition/qicore-coverage" ]
      },
      "status": "active",
      "beneficiary": {
        "reference": "Patient/0e463fc3-d1bf-4e19-882b-fad6342aa668"
      },
      "payor": [ {
        "reference": "Organization/9c7c5b51-decf-437b-a135-22deb1d31df9"
      } ]
    },
    "request": {
      "method": "PUT",
      "url": "Coverage/2ee10cac-f86c-4193-a508-99df0aa4b2bd"
    }
  }, {
    "fullUrl": "https://madie.cms.gov/Organization/9c7c5b51-decf-437b-a135-22deb1d31df9",
    "resource": {
      "resourceType": "Organization",
      "id": "9c7c5b51-decf-437b-a135-22deb1d31df9",
      "meta": {
        "profile": [ "http://hl7.org/fhir/us/qicore/StructureDefinition/qicore-organization" ]
      },
      "identifier": [ {
        "use": "temp",
        "system": "urn:oid:2.16.840.1.113883.4.4",
        "value": "21-3259825"
      } ],
      "active": true,
      "type": [ {
        "coding": [ {
          "system": "http://terminology.hl7.org/CodeSystem/organization-type",
          "code": "pay",
          "display": "Payer"
        } ]
      } ],
      "name": "Blue Cross Blue Shield of Texas",
      "telecom": [ {
        "system": "phone",
        "value": "(+1) 972-766-6900"
      } ],
      "address": [ {
        "use": "billing",
        "type": "postal",
        "line": [ "P.O. Box 660044" ],
        "city": "Dallas",
        "state": "TX",
        "postalCode": "75266-0044",
        "country": "USA"
      } ]
    },
    "request": {
      "method": "PUT",
      "url": "Organization/9c7c5b51-decf-437b-a135-22deb1d31df9"
    }
  }, {
    "fullUrl": "https://madie.cms.gov/Practitioner/02e12536-d6ac-41fb-8c0d-08182f3eda95",
    "resource": {
      "resourceType": "Practitioner",
      "id": "02e12536-d6ac-41fb-8c0d-08182f3eda95",
      "meta": {
        "profile": [ "http://hl7.org/fhir/us/qicore/StructureDefinition/qicore-practitioner" ]
      },
      "identifier": [ {
        "system": "http://hl7.org/fhir/sid/us-npi",
        "value": "123456"
      } ],
      "name": [ {
        "family": "Evil",
        "prefix": [ "Dr" ]
      } ]
    },
    "request": {
      "method": "PUT",
      "url": "Practitioner/02e12536-d6ac-41fb-8c0d-08182f3eda95"
    }
  }, {
    "fullUrl": "https://madie.cms.gov/MeasureReport/10d81813-58e4-4b2a-97e4-593620b81122",
    "resource": {
      "resourceType": "MeasureReport",
      "id": "10d81813-58e4-4b2a-97e4-593620b81122",
      "meta": {
        "profile": [ "http://hl7.org/fhir/us/cqfmeasures/StructureDefinition/test-case-cqfm" ]
      },
      "contained": [ {
        "resourceType": "Parameters",
        "id": "6ba6c772-5dd0-4879-a494-4f6b73621890-parameters",
        "parameter": [ {
          "name": "subject",
          "valueString": "0e463fc3-d1bf-4e19-882b-fad6342aa668"
        } ]
      } ],
      "extension": [ {
        "url": "http://hl7.org/fhir/StructureDefinition/cqf-inputParameters",
        "valueReference": {
          "reference": "#6ba6c772-5dd0-4879-a494-4f6b73621890-parameters"
        }
      }, {
        "url": "http://hl7.org/fhir/us/cqfmeasures/StructureDefinition/cqfm-testCaseDescription",
        "valueMarkdown": "17 yo male with medical reason for not screening for depression - Procedure contraindicated - 17 on first day MP."
      } ],
      "modifierExtension": [ {
        "url": "http://hl7.org/fhir/us/cqfmeasures/StructureDefinition/cqfm-isTestCase",
        "valueBoolean": true
      } ],
      "status": "complete",
      "type": "individual",
      "measure": "https://madie.cms.gov/Measure/CMS2FHIRPCSDepressionScreenAndFollowUp",
      "period": {
        "start": "2026-01-01",
        "end": "2026-12-31"
      },
      "group": [ {
        "id": "Group_1",
        "population": [ {
          "id": "InitialPopulation_1",
          "code": {
            "coding": [ {
              "system": "http://terminology.hl7.org/CodeSystem/measure-population",
              "code": "initial-population",
              "display": "Initial Population"
            } ]
          },
          "count": 1
        }, {
          "id": "Denominator_1",
          "code": {
            "coding": [ {
              "system": "http://terminology.hl7.org/CodeSystem/measure-population",
              "code": "denominator",
              "display": "Denominator"
            } ]
          },
          "count": 1
        }, {
          "id": "DenominatorExclusion_1",
          "code": {
            "coding": [ {
              "system": "http://terminology.hl7.org/CodeSystem/measure-population",
              "code": "denominator-exclusion",
              "display": "Denominator Exclusion"
            } ]
          },
          "count": 0
        }, {
          "id": "Numerator_1",
          "code": {
            "coding": [ {
              "system": "http://terminology.hl7.org/CodeSystem/measure-population",
              "code": "numerator",
              "display": "Numerator"
            } ]
          },
          "count": 0
        }, {
          "id": "DenominatorException_1",
          "code": {
            "coding": [ {
              "system": "http://terminology.hl7.org/CodeSystem/measure-population",
              "code": "denominator-exception",
              "display": "Denominator Exception"
            } ]
          },
          "count": 1
        } ],
        "measureScore": {
          "value": 1.0
        }
      } ],
      "evaluatedResource": [ {
        "reference": "Patient/0e463fc3-d1bf-4e19-882b-fad6342aa668"
      }, {
        "reference": "Encounter/706bb86e-15c7-48cc-919d-bafe9a929eb5"
      }, {
        "reference": "Observation/ff52b9b7-1f54-4ab9-921a-f76d4ee4618b"
      }, {
        "reference": "Coverage/2ee10cac-f86c-4193-a508-99df0aa4b2bd"
      }, {
        "reference": "Organization/9c7c5b51-decf-437b-a135-22deb1d31df9"
      }, {
        "reference": "Practitioner/02e12536-d6ac-41fb-8c0d-08182f3eda95"
      } ]
    },
    "request": {
      "method": "PUT",
      "url": "MeasureReport/10d81813-58e4-4b2a-97e4-593620b81122"
    }
  } ]
}