{
  "resourceType": "Bundle",
  "id": "464651316451321313541631",
  "type": "transaction",
  "entry": [ {
    "fullUrl": "https://madie.cms.gov/Patient/d280cb74-871e-4191-b06a-4b700959a974",
    "resource": {
      "resourceType": "Patient",
      "id": "d280cb74-871e-4191-b06a-4b700959a974",
      "meta": {
        "profile": [ "http://hl7.org/fhir/us/qicore/StructureDefinition/qicore-patient" ]
      },
      "extension": [ {
        "url": "http://hl7.org/fhir/us/core/StructureDefinition/us-core-race",
        "extension": [ {
          "url": "ombCategory",
          "valueCoding": {
            "system": "urn:oid:2.16.840.1.113883.6.238",
            "code": "1002-5",
            "display": "American Indian or Alaska Native"
          }
        }, {
          "url": "text",
          "valueString": "American Indian or Alaska Native"
        } ]
      }, {
        "url": "http://hl7.org/fhir/us/core/StructureDefinition/us-core-ethnicity",
        "extension": [ {
          "url": "ombCategory",
          "valueCoding": {
            "system": "urn:oid:2.16.840.1.113883.6.238",
            "code": "2186-5",
            "display": "Not Hispanic or Latino"
          }
        }, {
          "url": "text",
          "valueString": "Not Hispanic or Latino"
        } ]
      } ],
      "identifier": [ {
        "type": {
          "coding": [ {
            "system": "http://terminology.hl7.org/CodeSystem/v2-0203",
            "code": "MR"
          } ]
        },
        "system": "https://bonnie-fhir.healthit.gov/",
        "value": "6641313543513115446"
      } ],
      "active": true,
      "name": [ {
        "use": "usual",
        "family": "DENEXCEPPop1Fail",
        "given": [ "Carvedilol25MGOralTabletAfterEnc" ]
      } ],
      "gender": "male",
      "birthDate": "1968-12-14"
    },
    "request": {
      "method": "PUT",
      "url": "Patient/d280cb74-871e-4191-b06a-4b700959a974"
    }
  }, {
    "fullUrl": "https://madie.cms.gov/Encounter/8cfc3737-051d-48ee-9227-71d037ca66f9",
    "resource": {
      "resourceType": "Encounter",
      "id": "8cfc3737-051d-48ee-9227-71d037ca66f9",
      "meta": {
        "profile": [ "http://hl7.org/fhir/us/qicore/StructureDefinition/qicore-encounter" ]
      },
      "status": "finished",
      "class": {
        "system": "http://terminology.hl7.org/CodeSystem/v3-ActCode",
        "code": "AMB",
        "display": "ambulatory"
      },
      "type": [ {
        "coding": [ {
          "system": "http://www.ama-assn.org/go/cpt",
          "version": "2024",
          "code": "99202",
          "display": "Office or other outpatient visit for the evaluation and management of a new patient, which requires a medically appropriate history and/or examination and straightforward medical decision making. When using time for code selection, 15-29 minutes of total time is spent on the date of the encounter."
        } ]
      } ],
      "subject": {
        "reference": "Patient/d280cb74-871e-4191-b06a-4b700959a974"
      },
      "period": {
        "start": "2026-02-01T12:00:00.000+00:00",
        "end": "2026-02-01T13:00:00.000+00:00"
      },
      "length": {
        "value": 0,
        "unit": "days"
      }
    },
    "request": {
      "method": "PUT",
      "url": "Encounter/8cfc3737-051d-48ee-9227-71d037ca66f9"
    }
  }, {
    "fullUrl": "https://madie.cms.gov/Encounter/a317e93d-64ab-4117-86ae-0a0c0b1e314b",
    "resource": {
      "resourceType": "Encounter",
      "id": "a317e93d-64ab-4117-86ae-0a0c0b1e314b",
      "meta": {
        "profile": [ "http://hl7.org/fhir/us/qicore/StructureDefinition/qicore-encounter" ]
      },
      "status": "finished",
      "class": {
        "system": "http://terminology.hl7.org/CodeSystem/v3-ActCode",
        "code": "AMB",
        "display": "ambulatory"
      },
      "type": [ {
        "coding": [ {
          "system": "http://www.ama-assn.org/go/cpt",
          "version": "2024",
          "code": "99212",
          "display": "Office or other outpatient visit for the evaluation and management of an established patient, which requires a medically appropriate history and/or examination and straightforward medical decision making. When using time for code selection, 10-19 minutes of total time is spent on the date of the encounter."
        } ]
      } ],
      "subject": {
        "reference": "Patient/d280cb74-871e-4191-b06a-4b700959a974"
      },
      "period": {
        "start": "2026-10-15T12:15:00.000+00:00",
        "end": "2026-10-15T13:15:00.000+00:00"
      },
      "length": {
        "value": 0,
        "unit": "days"
      }
    },
    "request": {
      "method": "PUT",
      "url": "Encounter/a317e93d-64ab-4117-86ae-0a0c0b1e314b"
    }
  }, {
    "fullUrl": "https://madie.cms.gov/Condition/6b21143a-9871-4697-a143-56beca0af49c",
    "resource": {
      "resourceType": "Condition",
      "id": "6b21143a-9871-4697-a143-56beca0af49c",
      "meta": {
        "profile": [ "http://hl7.org/fhir/us/qicore/StructureDefinition/qicore-condition-problems-health-concerns" ]
      },
      "clinicalStatus": {
        "coding": [ {
          "system": "http://terminology.hl7.org/CodeSystem/condition-clinical",
          "code": "active",
          "display": "Active"
        } ]
      },
      "verificationStatus": {
        "coding": [ {
          "system": "http://terminology.hl7.org/CodeSystem/condition-ver-status",
          "code": "confirmed",
          "display": "Confirmed"
        } ]
      },
      "category": [ {
        "coding": [ {
          "system": "http://terminology.hl7.org/CodeSystem/condition-category",
          "code": "problem-list-item",
          "display": "Problem List Item"
        } ]
      } ],
      "severity": {
        "coding": [ {
          "system": "http://snomed.info/sct",
          "version": "http://snomed.info/sct/731000124108/version/20240301",
          "code": "24484000",
          "display": "Severe (severity modifier) (qualifier value)"
        } ]
      },
      "code": {
        "coding": [ {
          "system": "http://snomed.info/sct",
          "version": "http://snomed.info/sct/731000124108/version/20240301",
          "code": "134401001"
        } ]
      },
      "subject": {
        "reference": "Patient/d280cb74-871e-4191-b06a-4b700959a974"
      },
      "onsetPeriod": {
        "start": "2026-01-31T12:00:00.000+00:00"
      }
    },
    "request": {
      "method": "PUT",
      "url": "Condition/6b21143a-9871-4697-a143-56beca0af49c"
    }
  }, {
    "fullUrl": "https://madie.cms.gov/Condition/6dcf7b01-4647-4fdc-bbfb-85d5a3f19718",
    "resource": {
      "resourceType": "Condition",
      "id": "6dcf7b01-4647-4fdc-bbfb-85d5a3f19718",
      "meta": {
        "profile": [ "http://hl7.org/fhir/us/qicore/StructureDefinition/qicore-condition-problems-health-concerns" ]
      },
      "clinicalStatus": {
        "coding": [ {
          "system": "http://terminology.hl7.org/CodeSystem/condition-clinical",
          "code": "active",
          "display": "Active"
        } ]
      },
      "verificationStatus": {
        "coding": [ {
          "system": "http://terminology.hl7.org/CodeSystem/condition-ver-status",
          "code": "confirmed",
          "display": "Confirmed"
        } ]
      },
      "category": [ {
        "coding": [ {
          "system": "http://terminology.hl7.org/CodeSystem/condition-category",
          "code": "problem-list-item",
          "display": "Problem List Item"
        } ]
      } ],
      "code": {
        "coding": [ {
          "system": "http://snomed.info/sct",
          "version": "http://snomed.info/sct/731000124108/version/20240301",
          "code": "10365005",
          "display": "Right main coronary artery thrombosis (disorder)"
        } ]
      },
      "subject": {
        "reference": "Patient/d280cb74-871e-4191-b06a-4b700959a974"
      },
      "onsetPeriod": {
        "start": "2026-10-16T00:00:00.000+00:00"
      }
    },
    "request": {
      "method": "PUT",
      "url": "Condition/6dcf7b01-4647-4fdc-bbfb-85d5a3f19718"
    }
  }, {
    "fullUrl": "https://madie.cms.gov/Condition/4f754fc3-8b49-48b3-9a6e-bb0d803d6a33",
    "resource": {
      "resourceType": "Condition",
      "id": "4f754fc3-8b49-48b3-9a6e-bb0d803d6a33",
      "meta": {
        "profile": [ "http://hl7.org/fhir/us/qicore/StructureDefinition/qicore-condition-problems-health-concerns" ]
      },
      "clinicalStatus": {
        "coding": [ {
          "system": "http://terminology.hl7.org/CodeSystem/condition-clinical",
          "code": "active",
          "display": "Active"
        } ]
      },
      "category": [ {
        "coding": [ {
          "system": "http://terminology.hl7.org/CodeSystem/condition-category",
          "code": "problem-list-item",
          "display": "Problem List Item"
        } ]
      } ],
      "code": {
        "coding": [ {
          "system": "http://snomed.info/sct",
          "version": "http://snomed.info/sct/731000124108/version/20240301",
          "code": "441509002",
          "display": "Cardiac pacemaker in situ"
        } ]
      },
      "subject": {
        "reference": "Patient/d280cb74-871e-4191-b06a-4b700959a974"
      },
      "onsetPeriod": {
        "start": "2026-10-16T00:00:00.000+00:00"
      }
    },
    "request": {
      "method": "PUT",
      "url": "Condition/4f754fc3-8b49-48b3-9a6e-bb0d803d6a33"
    }
  }, {
    "fullUrl": "https://madie.cms.gov/MedicationRequest/3abc2c6e-09c6-489b-baac-be989d4c8779",
    "resource": {
      "resourceType": "MedicationRequest",
      "id": "3abc2c6e-09c6-489b-baac-be989d4c8779",
      "meta": {
        "profile": [ "http://hl7.org/fhir/us/qicore/StructureDefinition/qicore-mednotrequested" ]
      },
      "status": "completed",
      "intent": "order",
      "doNotPerform": true,
      "medicationCodeableConcept": {
        "coding": [ {
          "system": "http://www.nlm.nih.gov/research/umls/rxnorm",
          "version": "04032023",
          "code": "200033",
          "display": "carvedilol 25 MG Oral Tablet"
        } ]
      },
      "subject": {
        "reference": "Patient/d280cb74-871e-4191-b06a-4b700959a974"
      },
      "authoredOn": "2026-02-02T12:00:00.000+00:00",
      "requester": {
        "reference": "Practitioner/9ca6c6d0-7078-4103-a944-5b2cc0454905"
      },
      "reasonCode": [ {
        "coding": [ {
          "system": "http://snomed.info/sct",
          "version": "http://snomed.info/sct/731000124108/version/20240301",
          "code": "406149000",
          "display": "Medication declined (situation)"
        } ]
      } ]
    },
    "request": {
      "method": "PUT",
      "url": "MedicationRequest/3abc2c6e-09c6-489b-baac-be989d4c8779"
    }
  }, {
    "fullUrl": "https://madie.cms.gov/Practitioner/9ca6c6d0-7078-4103-a944-5b2cc0454905",
    "resource": {
      "resourceType": "Practitioner",
      "id": "9ca6c6d0-7078-4103-a944-5b2cc0454905",
      "meta": {
        "profile": [ "http://hl7.org/fhir/us/qicore/StructureDefinition/qicore-practitioner" ]
      },
      "identifier": [ {
        "use": "temp",
        "system": "urn:oid:2.16.840.1.113883.4.336",
        "value": "Practitioner-45"
      } ],
      "active": true,
      "name": [ {
        "family": "Strangelove",
        "given": [ "Adam" ],
        "prefix": [ "Dr" ]
      } ],
      "qualification": [ {
        "identifier": [ {
          "system": "http://example.org/UniversityIdentifier",
          "value": "12345"
        } ],
        "code": {
          "coding": [ {
            "system": "http://terminology.hl7.org/CodeSystem/v2-0360",
            "version": "2.7",
            "code": "BS",
            "display": "Bachelor of Science"
          } ],
          "text": "Bachelor of Science"
        },
        "period": {
          "start": "1996"
        },
        "issuer": {
          "display": "Example University"
        }
      } ]
    },
    "request": {
      "method": "PUT",
      "url": "Practitioner/9ca6c6d0-7078-4103-a944-5b2cc0454905"
    }
  }, {
    "fullUrl": "https://madie.cms.gov/Procedure/c7850a8d-2e9f-4922-a3b6-35089ddbc86b",
    "resource": {
      "resourceType": "Procedure",
      "id": "c7850a8d-2e9f-4922-a3b6-35089ddbc86b",
      "meta": {
        "profile": [ "http://hl7.org/fhir/us/qicore/StructureDefinition/qicore-procedure" ]
      },
      "extension": [ {
        "url": "http://hl7.org/fhir/us/qicore/StructureDefinition/qicore-recorded",
        "valueDateTime": "2026-02-01T12:00:00.000+00:00"
      } ],
      "status": "completed",
      "code": {
        "coding": [ {
          "system": "http://www.ama-assn.org/go/cpt",
          "version": "2024",
          "code": "33536"
        } ]
      },
      "subject": {
        "reference": "Patient/d280cb74-871e-4191-b06a-4b700959a974"
      },
      "performedPeriod": {
        "start": "2026-02-01T12:00:00.000+00:00",
        "end": "2026-02-01T12:00:00.000+00:00"
      }
    },
    "request": {
      "method": "PUT",
      "url": "Procedure/c7850a8d-2e9f-4922-a3b6-35089ddbc86b"
    }
  }, {
    "fullUrl": "https://madie.cms.gov/MeasureReport/b9a28b68-cf57-4b45-af98-ad7f79600e72",
    "resource": {
      "resourceType": "MeasureReport",
      "id": "b9a28b68-cf57-4b45-af98-ad7f79600e72",
      "meta": {
        "profile": [ "http://hl7.org/fhir/us/cqfmeasures/StructureDefinition/test-case-cqfm" ]
      },
      "contained": [ {
        "resourceType": "Parameters",
        "id": "f5b0cc1f-1f19-4b0b-9c06-3a379bbd26c2-parameters",
        "parameter": [ {
          "name": "subject",
          "valueString": "d280cb74-871e-4191-b06a-4b700959a974"
        } ]
      } ],
      "extension": [ {
        "url": "http://hl7.org/fhir/StructureDefinition/cqf-inputParameters",
        "valueReference": {
          "reference": "#f5b0cc1f-1f19-4b0b-9c06-3a379bbd26c2-parameters"
        }
      }, {
        "url": "http://hl7.org/fhir/us/cqfmeasures/StructureDefinition/cqfm-testCaseDescription",
        "valueMarkdown": "Pt > 18, 2 visits during MP, Severe LVSD onset day b4 1st visit, CAD and Cardiac Pacer with Situ (both with onset day after last visit), med not ordered day after 1st visit - patient reason, and arterial graft performed during 1st visit"
      } ],
      "modifierExtension": [ {
        "url": "http://hl7.org/fhir/us/cqfmeasures/StructureDefinition/cqfm-isTestCase",
        "valueBoolean": true
      } ],
      "status": "complete",
      "type": "individual",
      "measure": "https://madie.cms.gov/Measure/CMS145FHIRCADBetaBlockerTherapyPriorMIorLVSD",
      "period": {
        "start": "2026-01-01",
        "end": "2026-12-31"
      },
      "group": [ {
        "id": "Group_1",
        "population": [ {
          "id": "InitialPopulation_1",
          "code": {
            "coding": [ {
              "system": "http://terminology.hl7.org/CodeSystem/measure-population",
              "code": "initial-population",
              "display": "Initial Population"
            } ]
          },
          "count": 1
        }, {
          "id": "Denominator_1",
          "code": {
            "coding": [ {
              "system": "http://terminology.hl7.org/CodeSystem/measure-population",
              "code": "denominator",
              "display": "Denominator"
            } ]
          },
          "count": 1
        }, {
          "id": "Numerator_1",
          "code": {
            "coding": [ {
              "system": "http://terminology.hl7.org/CodeSystem/measure-population",
              "code": "numerator",
              "display": "Numerator"
            } ]
          },
          "count": 0
        }, {
          "id": "DenominatorException_1",
          "code": {
            "coding": [ {
              "system": "http://terminology.hl7.org/CodeSystem/measure-population",
              "code": "denominator-exception",
              "display": "Denominator Exception"
            } ]
          },
          "count": 0
        } ],
        "measureScore": {
          "value": 1.0
        }
      }, {
        "id": "Group_2",
        "population": [ {
          "id": "InitialPopulation_2",
          "code": {
            "coding": [ {
              "system": "http://terminology.hl7.org/CodeSystem/measure-population",
              "code": "initial-population",
              "display": "Initial Population"
            } ]
          },
          "count": 1
        }, {
          "id": "Denominator_2",
          "code": {
            "coding": [ {
              "system": "http://terminology.hl7.org/CodeSystem/measure-population",
              "code": "denominator",
              "display": "Denominator"
            } ]
          },
          "count": 0
        }, {
          "id": "Numerator_2",
          "code": {
            "coding": [ {
              "system": "http://terminology.hl7.org/CodeSystem/measure-population",
              "code": "numerator",
              "display": "Numerator"
            } ]
          },
          "count": 0
        }, {
          "id": "DenominatorException_2",
          "code": {
            "coding": [ {
              "system": "http://terminology.hl7.org/CodeSystem/measure-population",
              "code": "denominator-exception",
              "display": "Denominator Exception"
            } ]
          },
          "count": 0
        } ],
        "measureScore": {
          "value": 1.0
        }
      } ],
      "evaluatedResource": [ {
        "reference": "Patient/d280cb74-871e-4191-b06a-4b700959a974"
      }, {
        "reference": "Encounter/8cfc3737-051d-48ee-9227-71d037ca66f9"
      }, {
        "reference": "Encounter/a317e93d-64ab-4117-86ae-0a0c0b1e314b"
      }, {
        "reference": "Condition/6b21143a-9871-4697-a143-56beca0af49c"
      }, {
        "reference": "Condition/6dcf7b01-4647-4fdc-bbfb-85d5a3f19718"
      }, {
        "reference": "Condition/4f754fc3-8b49-48b3-9a6e-bb0d803d6a33"
      }, {
        "reference": "MedicationRequest/3abc2c6e-09c6-489b-baac-be989d4c8779"
      }, {
        "reference": "Practitioner/9ca6c6d0-7078-4103-a944-5b2cc0454905"
      }, {
        "reference": "Procedure/c7850a8d-2e9f-4922-a3b6-35089ddbc86b"
      } ]
    },
    "request": {
      "method": "PUT",
      "url": "MeasureReport/b9a28b68-cf57-4b45-af98-ad7f79600e72"
    }
  } ]
}