{
  "resourceType": "Bundle",
  "id": "DENEXFail-Death301DaysAfterTHAProcOct31",
  "type": "transaction",
  "entry": [ {
    "fullUrl": "https://madie.cms.gov/Patient/2fd7bff6-f344-4070-a94b-387f04395f03",
    "resource": {
      "resourceType": "Patient",
      "id": "2fd7bff6-f344-4070-a94b-387f04395f03",
      "meta": {
        "profile": [ "http://hl7.org/fhir/us/qicore/StructureDefinition/qicore-patient" ]
      },
      "extension": [ {
        "url": "http://hl7.org/fhir/us/core/StructureDefinition/us-core-race",
        "extension": [ {
          "url": "ombCategory",
          "valueCoding": {
            "system": "urn:oid:2.16.840.1.113883.6.238",
            "code": "2028-9",
            "display": "Asian"
          }
        }, {
          "url": "text",
          "valueString": "Asian"
        } ]
      }, {
        "url": "http://hl7.org/fhir/us/core/StructureDefinition/us-core-ethnicity",
        "extension": [ {
          "url": "ombCategory",
          "valueCoding": {
            "system": "urn:oid:2.16.840.1.113883.6.238",
            "code": "2135-2",
            "display": "Hispanic or Latino"
          }
        }, {
          "url": "text",
          "valueString": "Hispanic or Latino"
        } ]
      } ],
      "identifier": [ {
        "system": "http://hospital.smarthealthit.org",
        "value": "999999995"
      } ],
      "name": [ {
        "family": "Bertha",
        "given": [ "Betty" ]
      } ],
      "gender": "female",
      "birthDate": "2007-01-01",
      "deceasedDateTime": "2026-08-28T00:00:00.000Z"
    },
    "request": {
      "method": "PUT",
      "url": "Patient/2fd7bff6-f344-4070-a94b-387f04395f03"
    }
  }, {
    "fullUrl": "https://madie.cms.gov/Procedure/8b0eb511-ff74-4069-b0f4-7aa7c6f92196",
    "resource": {
      "resourceType": "Procedure",
      "id": "8b0eb511-ff74-4069-b0f4-7aa7c6f92196",
      "meta": {
        "profile": [ "http://hl7.org/fhir/us/qicore/StructureDefinition/qicore-procedure" ]
      },
      "extension": [ {
        "url": "http://hl7.org/fhir/us/qicore/StructureDefinition/qicore-recorded",
        "valueDateTime": "2024-10-31T00:00:00.000Z"
      } ],
      "status": "completed",
      "code": {
        "coding": [ {
          "system": "http://www.cms.gov/Medicare/Coding/ICD10",
          "code": "0SR9019",
          "display": "Replacement of Right Hip Joint with Metal Synthetic Substitute, Cemented, Open Approach"
        } ]
      },
      "subject": {
        "reference": "Patient/2fd7bff6-f344-4070-a94b-387f04395f03"
      },
      "performedPeriod": {
        "start": "2025-10-31T00:00:00.000Z",
        "end": "2025-10-31T01:00:00.000Z"
      }
    },
    "request": {
      "method": "PUT",
      "url": "Procedure/8b0eb511-ff74-4069-b0f4-7aa7c6f92196"
    }
  }, {
    "fullUrl": "https://madie.cms.gov/Encounter/faf0a159-8308-432a-bcaf-1c672c080818",
    "resource": {
      "resourceType": "Encounter",
      "id": "faf0a159-8308-432a-bcaf-1c672c080818",
      "meta": {
        "profile": [ "http://hl7.org/fhir/us/qicore/StructureDefinition/qicore-encounter" ]
      },
      "status": "finished",
      "class": {
        "system": "http://terminology.hl7.org/CodeSystem/v3-ActCode",
        "code": "AMB",
        "display": "ambulatory"
      },
      "type": [ {
        "coding": [ {
          "system": "http://www.ama-assn.org/go/cpt",
          "code": "99024",
          "display": "Postoperative follow-up visit, normally included in the surgical package, to indicate that an evaluation and management service was performed during a postoperative period for a reason(s) related to the original procedure"
        } ]
      } ],
      "subject": {
        "reference": "Patient/2fd7bff6-f344-4070-a94b-387f04395f03"
      },
      "period": {
        "start": "2026-12-31T00:00:00.000Z",
        "end": "2026-12-31T01:15:00.000Z"
      }
    },
    "request": {
      "method": "PUT",
      "url": "Encounter/faf0a159-8308-432a-bcaf-1c672c080818"
    }
  }, {
    "fullUrl": "https://madie.cms.gov/MeasureReport/7cd5ee9e-c750-445a-9ec9-e0fe136efd45",
    "resource": {
      "resourceType": "MeasureReport",
      "id": "7cd5ee9e-c750-445a-9ec9-e0fe136efd45",
      "meta": {
        "profile": [ "http://hl7.org/fhir/us/cqfmeasures/StructureDefinition/test-case-cqfm" ]
      },
      "contained": [ {
        "resourceType": "Parameters",
        "id": "0e519ee0-900b-4520-b77e-0f4a99113aaa-parameters",
        "parameter": [ {
          "name": "subject",
          "valueString": "2fd7bff6-f344-4070-a94b-387f04395f03"
        } ]
      } ],
      "extension": [ {
        "url": "http://hl7.org/fhir/StructureDefinition/cqf-inputParameters",
        "valueReference": {
          "reference": "#0e519ee0-900b-4520-b77e-0f4a99113aaa-parameters"
        }
      }, {
        "url": "http://hl7.org/fhir/us/cqfmeasures/StructureDefinition/cqfm-testCaseDescription",
        "valueMarkdown": "Patient deceased 301 days after THAProcedure on 10/31."
      } ],
      "modifierExtension": [ {
        "url": "http://hl7.org/fhir/us/cqfmeasures/StructureDefinition/cqfm-isTestCase",
        "valueBoolean": true
      } ],
      "status": "complete",
      "type": "individual",
      "measure": "https://madie.cms.gov/Measure/CMS56FHIRFunctionalStatusAssessmentforTotalHipReplacement",
      "period": {
        "start": "2026-01-01",
        "end": "2026-12-31"
      },
      "group": [ {
        "id": "Group_1",
        "population": [ {
          "id": "InitialPopulation_1",
          "code": {
            "coding": [ {
              "system": "http://terminology.hl7.org/CodeSystem/measure-population",
              "code": "initial-population",
              "display": "Initial Population"
            } ]
          },
          "count": 1
        }, {
          "id": "Denominator_1",
          "code": {
            "coding": [ {
              "system": "http://terminology.hl7.org/CodeSystem/measure-population",
              "code": "denominator",
              "display": "Denominator"
            } ]
          },
          "count": 1
        }, {
          "id": "DenominatorExclusion_1",
          "code": {
            "coding": [ {
              "system": "http://terminology.hl7.org/CodeSystem/measure-population",
              "code": "denominator-exclusion",
              "display": "Denominator Exclusion"
            } ]
          },
          "count": 0
        }, {
          "id": "Numerator_1",
          "code": {
            "coding": [ {
              "system": "http://terminology.hl7.org/CodeSystem/measure-population",
              "code": "numerator",
              "display": "Numerator"
            } ]
          },
          "count": 0
        } ],
        "measureScore": {
          "value": 1.0
        }
      } ],
      "evaluatedResource": [ {
        "reference": "Patient/2fd7bff6-f344-4070-a94b-387f04395f03"
      }, {
        "reference": "Procedure/8b0eb511-ff74-4069-b0f4-7aa7c6f92196"
      }, {
        "reference": "Encounter/faf0a159-8308-432a-bcaf-1c672c080818"
      } ]
    },
    "request": {
      "method": "PUT",
      "url": "MeasureReport/7cd5ee9e-c750-445a-9ec9-e0fe136efd45"
    }
  } ]
}