{
  "resourceType": "Bundle",
  "id": "62f68555bc6a474306a95b44",
  "type": "transaction",
  "entry": [ {
    "fullUrl": "https://madie.cms.gov/Patient/bc433eb4-fba6-45e0-a24b-de907e551556",
    "resource": {
      "resourceType": "Patient",
      "id": "bc433eb4-fba6-45e0-a24b-de907e551556",
      "meta": {
        "profile": [ "http://hl7.org/fhir/us/qicore/StructureDefinition/qicore-patient" ]
      },
      "extension": [ {
        "url": "http://hl7.org/fhir/us/core/StructureDefinition/us-core-race",
        "extension": [ {
          "url": "ombCategory",
          "valueCoding": {
            "system": "urn:oid:2.16.840.1.113883.6.238",
            "code": "1002-5",
            "display": "American Indian or Alaska Native",
            "userSelected": true
          }
        }, {
          "url": "text",
          "valueString": "American Indian or Alaska Native"
        } ]
      }, {
        "url": "http://hl7.org/fhir/us/core/StructureDefinition/us-core-ethnicity",
        "extension": [ {
          "url": "ombCategory",
          "valueCoding": {
            "system": "urn:oid:2.16.840.1.113883.6.238",
            "code": "2135-2",
            "display": "Hispanic or Latino",
            "userSelected": true
          }
        }, {
          "url": "text",
          "valueString": "Hispanic or Latino"
        } ]
      } ],
      "identifier": [ {
        "type": {
          "coding": [ {
            "system": "http://terminology.hl7.org/CodeSystem/v2-0203",
            "code": "MR"
          } ]
        },
        "system": "https://bonnie-fhir.healthit.gov/",
        "value": "62f68555bc6a474306a95b44"
      } ],
      "name": [ {
        "family": "NUMERFail",
        "given": [ "12yoPosAdolDepScreenandFUPrescript3DAfterEndOfEnc" ]
      } ],
      "gender": "male",
      "birthDate": "2014-01-01"
    },
    "request": {
      "method": "PUT",
      "url": "Patient/bc433eb4-fba6-45e0-a24b-de907e551556"
    }
  }, {
    "fullUrl": "https://madie.cms.gov/Encounter/61df3597-b6bd-4a55-b4e8-0379ba2425f0",
    "resource": {
      "resourceType": "Encounter",
      "id": "61df3597-b6bd-4a55-b4e8-0379ba2425f0",
      "meta": {
        "profile": [ "http://hl7.org/fhir/us/qicore/StructureDefinition/qicore-encounter" ]
      },
      "status": "finished",
      "class": {
        "system": "http://terminology.hl7.org/CodeSystem/v3-ActCode",
        "code": "AMB",
        "display": "ambulatory"
      },
      "type": [ {
        "coding": [ {
          "system": "http://snomed.info/sct",
          "version": "2021-09",
          "code": "10197000",
          "display": "Psychiatric interview and evaluation (procedure)",
          "userSelected": true
        } ]
      } ],
      "subject": {
        "reference": "Patient/bc433eb4-fba6-45e0-a24b-de907e551556"
      },
      "period": {
        "start": "2026-06-21T08:00:00.000+00:00",
        "end": "2026-06-21T08:15:00.000+00:00"
      }
    },
    "request": {
      "method": "PUT",
      "url": "Encounter/61df3597-b6bd-4a55-b4e8-0379ba2425f0"
    }
  }, {
    "fullUrl": "https://madie.cms.gov/Observation/68bda45a-db7a-44e4-a41a-f5cf00bd0b57",
    "resource": {
      "resourceType": "Observation",
      "id": "68bda45a-db7a-44e4-a41a-f5cf00bd0b57",
      "meta": {
        "profile": [ "http://hl7.org/fhir/us/qicore/StructureDefinition/qicore-observation-screening-assessment" ]
      },
      "status": "final",
      "category": [ {
        "coding": [ {
          "system": "http://terminology.hl7.org/CodeSystem/observation-category",
          "code": "procedure",
          "display": "Procedure"
        } ]
      } ],
      "code": {
        "coding": [ {
          "system": "http://loinc.org",
          "code": "73831-0",
          "display": "Adolescent depression screening assessment",
          "userSelected": true
        } ]
      },
      "subject": {
        "reference": "Patient/bc433eb4-fba6-45e0-a24b-de907e551556"
      },
      "effectiveDateTime": "2014-06-15T08:00:00.000+00:00",
      "valueCodeableConcept": {
        "coding": [ {
          "system": "http://snomed.info/sct",
          "code": "428181000124104",
          "display": "Depression screening positive (finding)",
          "userSelected": true
        } ]
      }
    },
    "request": {
      "method": "PUT",
      "url": "Observation/68bda45a-db7a-44e4-a41a-f5cf00bd0b57"
    }
  }, {
    "fullUrl": "https://madie.cms.gov/MedicationRequest/05a12e64-c168-4e18-870f-06ae912090ba",
    "resource": {
      "resourceType": "MedicationRequest",
      "id": "05a12e64-c168-4e18-870f-06ae912090ba",
      "meta": {
        "profile": [ "http://hl7.org/fhir/us/qicore/StructureDefinition/qicore-medicationrequest" ]
      },
      "status": "active",
      "intent": "order",
      "doNotPerform": false,
      "medicationCodeableConcept": {
        "coding": [ {
          "system": "http://www.nlm.nih.gov/research/umls/rxnorm",
          "code": "1190110",
          "display": "fluoxetine 60 MG Oral Tablet",
          "userSelected": true
        } ]
      },
      "subject": {
        "reference": "Patient/bc433eb4-fba6-45e0-a24b-de907e551556"
      },
      "authoredOn": "2026-06-24T08:00:00.000+00:00",
      "requester": {
        "reference": "Practitioner/f007",
        "display": "Patrick Pump"
      }
    },
    "request": {
      "method": "PUT",
      "url": "MedicationRequest/05a12e64-c168-4e18-870f-06ae912090ba"
    }
  }, {
    "fullUrl": "https://madie.cms.gov/MeasureReport/d8046504-881b-4039-bc1b-88867c335276",
    "resource": {
      "resourceType": "MeasureReport",
      "id": "d8046504-881b-4039-bc1b-88867c335276",
      "meta": {
        "profile": [ "http://hl7.org/fhir/us/cqfmeasures/StructureDefinition/test-case-cqfm" ]
      },
      "contained": [ {
        "resourceType": "Parameters",
        "id": "4a4b6ef9-3db6-457b-9479-69d68a923c3a-parameters",
        "parameter": [ {
          "name": "subject",
          "valueString": "bc433eb4-fba6-45e0-a24b-de907e551556"
        } ]
      } ],
      "extension": [ {
        "url": "http://hl7.org/fhir/StructureDefinition/cqf-inputParameters",
        "valueReference": {
          "reference": "#4a4b6ef9-3db6-457b-9479-69d68a923c3a-parameters"
        }
      }, {
        "url": "http://hl7.org/fhir/us/cqfmeasures/StructureDefinition/cqfm-testCaseDescription",
        "valueMarkdown": "12yo with previous positive adolescent depression screening and medication request follow up occurs 3 days after end of encounter"
      } ],
      "modifierExtension": [ {
        "url": "http://hl7.org/fhir/us/cqfmeasures/StructureDefinition/cqfm-isTestCase",
        "valueBoolean": true
      } ],
      "status": "complete",
      "type": "individual",
      "measure": "https://madie.cms.gov/Measure/CMS2FHIRPCSDepressionScreenAndFollowUp",
      "period": {
        "start": "2026-01-01",
        "end": "2026-12-31"
      },
      "group": [ {
        "id": "Group_1",
        "population": [ {
          "id": "InitialPopulation_1",
          "code": {
            "coding": [ {
              "system": "http://terminology.hl7.org/CodeSystem/measure-population",
              "code": "initial-population",
              "display": "Initial Population"
            } ]
          },
          "count": 1
        }, {
          "id": "Denominator_1",
          "code": {
            "coding": [ {
              "system": "http://terminology.hl7.org/CodeSystem/measure-population",
              "code": "denominator",
              "display": "Denominator"
            } ]
          },
          "count": 1
        }, {
          "id": "DenominatorExclusion_1",
          "code": {
            "coding": [ {
              "system": "http://terminology.hl7.org/CodeSystem/measure-population",
              "code": "denominator-exclusion",
              "display": "Denominator Exclusion"
            } ]
          },
          "count": 0
        }, {
          "id": "Numerator_1",
          "code": {
            "coding": [ {
              "system": "http://terminology.hl7.org/CodeSystem/measure-population",
              "code": "numerator",
              "display": "Numerator"
            } ]
          },
          "count": 0
        }, {
          "id": "DenominatorException_1",
          "code": {
            "coding": [ {
              "system": "http://terminology.hl7.org/CodeSystem/measure-population",
              "code": "denominator-exception",
              "display": "Denominator Exception"
            } ]
          },
          "count": 0
        } ],
        "measureScore": {
          "value": 1.0
        }
      } ],
      "evaluatedResource": [ {
        "reference": "Patient/bc433eb4-fba6-45e0-a24b-de907e551556"
      }, {
        "reference": "Encounter/61df3597-b6bd-4a55-b4e8-0379ba2425f0"
      }, {
        "reference": "Observation/68bda45a-db7a-44e4-a41a-f5cf00bd0b57"
      }, {
        "reference": "MedicationRequest/05a12e64-c168-4e18-870f-06ae912090ba"
      } ]
    },
    "request": {
      "method": "PUT",
      "url": "MeasureReport/d8046504-881b-4039-bc1b-88867c335276"
    }
  } ]
}