{
  "resourceType": "Bundle",
  "id": "DENEXFail-HospiceServicesAfterMP",
  "type": "transaction",
  "entry": [ {
    "fullUrl": "https://madie.cms.gov/Patient/6eb00f7a-1613-4d3e-9413-66ffd369c138",
    "resource": {
      "resourceType": "Patient",
      "id": "6eb00f7a-1613-4d3e-9413-66ffd369c138",
      "meta": {
        "profile": [ "http://hl7.org/fhir/us/qicore/StructureDefinition/qicore-patient" ]
      },
      "extension": [ {
        "url": "http://hl7.org/fhir/us/core/StructureDefinition/us-core-race",
        "extension": [ {
          "url": "ombCategory",
          "valueCoding": {
            "system": "urn:oid:2.16.840.1.113883.6.238",
            "code": "2028-9",
            "display": "Asian"
          }
        }, {
          "url": "text",
          "valueString": "Asian"
        } ]
      }, {
        "url": "http://hl7.org/fhir/us/core/StructureDefinition/us-core-ethnicity",
        "extension": [ {
          "url": "ombCategory",
          "valueCoding": {
            "system": "urn:oid:2.16.840.1.113883.6.238",
            "code": "2135-2",
            "display": "Hispanic or Latino"
          }
        }, {
          "url": "text",
          "valueString": "Hispanic or Latino"
        } ]
      } ],
      "identifier": [ {
        "system": "http://hospital.smarthealthit.org",
        "value": "999999995"
      } ],
      "name": [ {
        "family": "Bertha",
        "given": [ "Betty" ]
      } ],
      "gender": "female",
      "birthDate": "2007-01-01"
    },
    "request": {
      "method": "PUT",
      "url": "Patient/6eb00f7a-1613-4d3e-9413-66ffd369c138"
    }
  }, {
    "fullUrl": "https://madie.cms.gov/Procedure/5f8946b2-fd7b-4064-9bc0-468bffe68bf7",
    "resource": {
      "resourceType": "Procedure",
      "id": "5f8946b2-fd7b-4064-9bc0-468bffe68bf7",
      "meta": {
        "profile": [ "http://hl7.org/fhir/us/qicore/StructureDefinition/qicore-procedure" ]
      },
      "extension": [ {
        "url": "http://hl7.org/fhir/us/qicore/StructureDefinition/qicore-recorded",
        "valueDateTime": "2026-01-15T00:00:00.000Z"
      } ],
      "status": "completed",
      "code": {
        "coding": [ {
          "system": "http://www.cms.gov/Medicare/Coding/ICD10",
          "code": "0SR9019",
          "display": "Replacement of Right Hip Joint with Metal Synthetic Substitute, Cemented, Open Approach"
        } ]
      },
      "subject": {
        "reference": "Patient/6eb00f7a-1613-4d3e-9413-66ffd369c138"
      },
      "performedPeriod": {
        "start": "2024-11-01T00:00:00.000Z",
        "end": "2024-11-01T01:00:00.000Z"
      }
    },
    "request": {
      "method": "PUT",
      "url": "Procedure/5f8946b2-fd7b-4064-9bc0-468bffe68bf7"
    }
  }, {
    "fullUrl": "https://madie.cms.gov/Encounter/3a8e6a1f-2a8f-4576-ad09-fd17542c2e02",
    "resource": {
      "resourceType": "Encounter",
      "id": "3a8e6a1f-2a8f-4576-ad09-fd17542c2e02",
      "meta": {
        "profile": [ "http://hl7.org/fhir/us/qicore/StructureDefinition/qicore-encounter" ]
      },
      "status": "finished",
      "class": {
        "system": "http://terminology.hl7.org/CodeSystem/v3-ActCode",
        "code": "AMB",
        "display": "ambulatory"
      },
      "type": [ {
        "coding": [ {
          "system": "http://snomed.info/sct",
          "code": "281036007",
          "display": "Follow-up consultation (procedure)"
        } ]
      } ],
      "subject": {
        "reference": "Patient/6eb00f7a-1613-4d3e-9413-66ffd369c138"
      },
      "period": {
        "start": "2025-11-01T00:00:00.000Z",
        "end": "2025-11-01T01:15:00.000Z"
      }
    },
    "request": {
      "method": "PUT",
      "url": "Encounter/3a8e6a1f-2a8f-4576-ad09-fd17542c2e02"
    }
  }, {
    "fullUrl": "https://madie.cms.gov/Encounter/3a8e6a1f-2a8f-4576-ad09-fd17542c2e02.1",
    "resource": {
      "resourceType": "Encounter",
      "id": "3a8e6a1f-2a8f-4576-ad09-fd17542c2e02.1",
      "meta": {
        "profile": [ "http://hl7.org/fhir/us/qicore/StructureDefinition/qicore-encounter" ]
      },
      "status": "finished",
      "class": {
        "system": "http://terminology.hl7.org/CodeSystem/v3-ActCode",
        "code": "AMB",
        "display": "ambulatory"
      },
      "type": [ {
        "coding": [ {
          "system": "http://snomed.info/sct",
          "code": "428371000124100",
          "display": "Discharge to healthcare facility for hospice care (procedure)"
        } ]
      } ],
      "subject": {
        "reference": "Patient/6eb00f7a-1613-4d3e-9413-66ffd369c138"
      },
      "period": {
        "start": "2027-01-01T00:00:00.000Z",
        "end": "2027-01-01T01:00:00.000Z"
      }
    },
    "request": {
      "method": "PUT",
      "url": "Encounter/3a8e6a1f-2a8f-4576-ad09-fd17542c2e02.1"
    }
  }, {
    "fullUrl": "https://madie.cms.gov/MeasureReport/8d3c45cc-3d5c-4550-8da2-abe0cfc774d7",
    "resource": {
      "resourceType": "MeasureReport",
      "id": "8d3c45cc-3d5c-4550-8da2-abe0cfc774d7",
      "meta": {
        "profile": [ "http://hl7.org/fhir/us/cqfmeasures/StructureDefinition/test-case-cqfm" ]
      },
      "contained": [ {
        "resourceType": "Parameters",
        "id": "736ce192-1c3b-4dc0-9fb4-bef6438511ff-parameters",
        "parameter": [ {
          "name": "subject",
          "valueString": "6eb00f7a-1613-4d3e-9413-66ffd369c138"
        } ]
      } ],
      "extension": [ {
        "url": "http://hl7.org/fhir/StructureDefinition/cqf-inputParameters",
        "valueReference": {
          "reference": "#736ce192-1c3b-4dc0-9fb4-bef6438511ff-parameters"
        }
      }, {
        "url": "http://hl7.org/fhir/us/cqfmeasures/StructureDefinition/cqfm-testCaseDescription",
        "valueMarkdown": "Hospice discharge to healthcare facility after MP"
      } ],
      "modifierExtension": [ {
        "url": "http://hl7.org/fhir/us/cqfmeasures/StructureDefinition/cqfm-isTestCase",
        "valueBoolean": true
      } ],
      "status": "complete",
      "type": "individual",
      "measure": "https://madie.cms.gov/Measure/CMS56FHIRFunctionalStatusAssessmentforTotalHipReplacement",
      "period": {
        "start": "2026-01-01",
        "end": "2026-12-31"
      },
      "group": [ {
        "id": "Group_1",
        "population": [ {
          "id": "InitialPopulation_1",
          "code": {
            "coding": [ {
              "system": "http://terminology.hl7.org/CodeSystem/measure-population",
              "code": "initial-population",
              "display": "Initial Population"
            } ]
          },
          "count": 1
        }, {
          "id": "Denominator_1",
          "code": {
            "coding": [ {
              "system": "http://terminology.hl7.org/CodeSystem/measure-population",
              "code": "denominator",
              "display": "Denominator"
            } ]
          },
          "count": 1
        }, {
          "id": "DenominatorExclusion_1",
          "code": {
            "coding": [ {
              "system": "http://terminology.hl7.org/CodeSystem/measure-population",
              "code": "denominator-exclusion",
              "display": "Denominator Exclusion"
            } ]
          },
          "count": 0
        }, {
          "id": "Numerator_1",
          "code": {
            "coding": [ {
              "system": "http://terminology.hl7.org/CodeSystem/measure-population",
              "code": "numerator",
              "display": "Numerator"
            } ]
          },
          "count": 0
        } ],
        "measureScore": {
          "value": 1.0
        }
      } ],
      "evaluatedResource": [ {
        "reference": "Patient/6eb00f7a-1613-4d3e-9413-66ffd369c138"
      }, {
        "reference": "Procedure/5f8946b2-fd7b-4064-9bc0-468bffe68bf7"
      }, {
        "reference": "Encounter/3a8e6a1f-2a8f-4576-ad09-fd17542c2e02"
      }, {
        "reference": "Encounter/3a8e6a1f-2a8f-4576-ad09-fd17542c2e02.1"
      } ]
    },
    "request": {
      "method": "PUT",
      "url": "MeasureReport/8d3c45cc-3d5c-4550-8da2-abe0cfc774d7"
    }
  } ]
}