{
  "resourceType": "Bundle",
  "id": "DENEXPass-HospiceProcedureStartsDuringMP",
  "type": "transaction",
  "entry": [ {
    "fullUrl": "https://madie.cms.gov/Patient/598662b8-30c9-4f9b-a2d1-d91bea113d77",
    "resource": {
      "resourceType": "Patient",
      "id": "598662b8-30c9-4f9b-a2d1-d91bea113d77",
      "meta": {
        "profile": [ "http://hl7.org/fhir/us/qicore/StructureDefinition/qicore-patient" ]
      },
      "extension": [ {
        "url": "http://hl7.org/fhir/us/core/StructureDefinition/us-core-race",
        "extension": [ {
          "url": "ombCategory",
          "valueCoding": {
            "system": "urn:oid:2.16.840.1.113883.6.238",
            "code": "2028-9",
            "display": "Asian",
            "userSelected": true
          }
        }, {
          "url": "text",
          "valueString": "Asian"
        } ]
      }, {
        "url": "http://hl7.org/fhir/us/core/StructureDefinition/us-core-ethnicity",
        "extension": [ {
          "url": "ombCategory",
          "valueCoding": {
            "system": "urn:oid:2.16.840.1.113883.6.238",
            "code": "2135-2",
            "display": "Hispanic or Latino",
            "userSelected": true
          }
        }, {
          "url": "text",
          "valueString": "Hispanic or Latino"
        } ]
      } ],
      "identifier": [ {
        "type": {
          "coding": [ {
            "system": "http://terminology.hl7.org/CodeSystem/v2-0203",
            "code": "MR"
          } ]
        },
        "system": "http://hospital.smarthealthit.org",
        "value": "999999995"
      } ],
      "name": [ {
        "family": "Bertha",
        "given": [ "Betty" ]
      } ],
      "gender": "female",
      "birthDate": "2021-01-01"
    },
    "request": {
      "method": "PUT",
      "url": "Patient/598662b8-30c9-4f9b-a2d1-d91bea113d77"
    }
  }, {
    "fullUrl": "https://madie.cms.gov/Encounter/7772f58e-59f0-4d27-bed8-829ef3e36ca5",
    "resource": {
      "resourceType": "Encounter",
      "id": "7772f58e-59f0-4d27-bed8-829ef3e36ca5",
      "meta": {
        "profile": [ "http://hl7.org/fhir/us/qicore/StructureDefinition/qicore-encounter" ]
      },
      "status": "finished",
      "class": {
        "system": "http://terminology.hl7.org/CodeSystem/v3-ActCode",
        "code": "AMB",
        "display": "ambulatory"
      },
      "type": [ {
        "coding": [ {
          "system": "http://snomed.info/sct",
          "code": "185463005",
          "display": "Visit out of hours (procedure)"
        } ]
      } ],
      "subject": {
        "reference": "Patient/598662b8-30c9-4f9b-a2d1-d91bea113d77"
      },
      "period": {
        "start": "2026-01-01T00:00:00.000Z",
        "end": "2026-01-01T00:00:00.000Z"
      }
    },
    "request": {
      "method": "PUT",
      "url": "Encounter/7772f58e-59f0-4d27-bed8-829ef3e36ca5"
    }
  }, {
    "fullUrl": "https://madie.cms.gov/Procedure/1d411783-5ae8-4f93-bdd3-f4de7f0402bb",
    "resource": {
      "resourceType": "Procedure",
      "id": "1d411783-5ae8-4f93-bdd3-f4de7f0402bb",
      "meta": {
        "profile": [ "http://hl7.org/fhir/us/qicore/StructureDefinition/qicore-procedure" ]
      },
      "extension": [ {
        "url": "http://hl7.org/fhir/us/qicore/StructureDefinition/qicore-recorded",
        "valueDateTime": "2026-12-31T00:00:00.000Z"
      } ],
      "status": "completed",
      "code": {
        "coding": [ {
          "system": "http://snomed.info/sct",
          "code": "385763009",
          "display": "Hospice care (regime/therapy)"
        } ]
      },
      "subject": {
        "reference": "Patient/598662b8-30c9-4f9b-a2d1-d91bea113d77"
      },
      "performedPeriod": {
        "start": "2026-12-31T00:00:00.000Z",
        "end": "2026-12-31T23:59:59.000Z"
      }
    },
    "request": {
      "method": "PUT",
      "url": "Procedure/1d411783-5ae8-4f93-bdd3-f4de7f0402bb"
    }
  }, {
    "fullUrl": "https://madie.cms.gov/MeasureReport/00df37b6-1de8-42a9-b80d-3263bc60c246",
    "resource": {
      "resourceType": "MeasureReport",
      "id": "00df37b6-1de8-42a9-b80d-3263bc60c246",
      "meta": {
        "profile": [ "http://hl7.org/fhir/us/cqfmeasures/StructureDefinition/test-case-cqfm" ]
      },
      "contained": [ {
        "resourceType": "Parameters",
        "id": "c46decc1-2efd-4d53-b3a1-4c7752d9301f-parameters",
        "parameter": [ {
          "name": "subject",
          "valueString": "598662b8-30c9-4f9b-a2d1-d91bea113d77"
        } ]
      } ],
      "extension": [ {
        "url": "http://hl7.org/fhir/StructureDefinition/cqf-inputParameters",
        "valueReference": {
          "reference": "#c46decc1-2efd-4d53-b3a1-4c7752d9301f-parameters"
        }
      }, {
        "url": "http://hl7.org/fhir/us/cqfmeasures/StructureDefinition/cqfm-testCaseDescription",
        "valueMarkdown": "Hospice procedure starts during MP"
      } ],
      "modifierExtension": [ {
        "url": "http://hl7.org/fhir/us/cqfmeasures/StructureDefinition/cqfm-isTestCase",
        "valueBoolean": true
      } ],
      "status": "complete",
      "type": "individual",
      "measure": "https://madie.cms.gov/Measure/CMS155FHIRWeightAssessandCounselforKids",
      "period": {
        "start": "2026-01-01",
        "end": "2026-12-31"
      },
      "group": [ {
        "id": "Group_1",
        "population": [ {
          "id": "InitialPopulation_1",
          "code": {
            "coding": [ {
              "system": "http://terminology.hl7.org/CodeSystem/measure-population",
              "code": "initial-population",
              "display": "Initial Population"
            } ]
          },
          "count": 1
        }, {
          "id": "Denominator_1",
          "code": {
            "coding": [ {
              "system": "http://terminology.hl7.org/CodeSystem/measure-population",
              "code": "denominator",
              "display": "Denominator"
            } ]
          },
          "count": 1
        }, {
          "id": "DenominatorExclusion_1",
          "code": {
            "coding": [ {
              "system": "http://terminology.hl7.org/CodeSystem/measure-population",
              "code": "denominator-exclusion",
              "display": "Denominator Exclusion"
            } ]
          },
          "count": 1
        }, {
          "id": "Numerator_1",
          "code": {
            "coding": [ {
              "system": "http://terminology.hl7.org/CodeSystem/measure-population",
              "code": "numerator",
              "display": "Numerator"
            } ]
          },
          "count": 0
        } ],
        "measureScore": {
          "value": 1.0
        },
        "stratifier": [ {
          "id": "Stratification_1_1",
          "code": [ {
            "text": "Stratification 1"
          } ],
          "stratum": [ {
            "value": {
              "text": "true"
            },
            "population": [ {
              "id": "InitialPopulation_1",
              "code": {
                "coding": [ {
                  "system": "http://terminology.hl7.org/CodeSystem/measure-population",
                  "code": "initial-population",
                  "display": "Initial Population"
                } ]
              },
              "count": 1
            }, {
              "id": "Denominator_1",
              "code": {
                "coding": [ {
                  "system": "http://terminology.hl7.org/CodeSystem/measure-population",
                  "code": "denominator",
                  "display": "Denominator"
                } ]
              },
              "count": 1
            }, {
              "id": "DenominatorExclusion_1",
              "code": {
                "coding": [ {
                  "system": "http://terminology.hl7.org/CodeSystem/measure-population",
                  "code": "denominator-exclusion",
                  "display": "Denominator Exclusion"
                } ]
              },
              "count": 1
            }, {
              "id": "Numerator_1",
              "code": {
                "coding": [ {
                  "system": "http://terminology.hl7.org/CodeSystem/measure-population",
                  "code": "numerator",
                  "display": "Numerator"
                } ]
              },
              "count": 0
            } ]
          }, {
            "value": {
              "text": "false"
            },
            "population": [ {
              "id": "InitialPopulation_1",
              "code": {
                "coding": [ {
                  "system": "http://terminology.hl7.org/CodeSystem/measure-population",
                  "code": "initial-population",
                  "display": "Initial Population"
                } ]
              },
              "count": 0
            }, {
              "id": "Denominator_1",
              "code": {
                "coding": [ {
                  "system": "http://terminology.hl7.org/CodeSystem/measure-population",
                  "code": "denominator",
                  "display": "Denominator"
                } ]
              },
              "count": 0
            }, {
              "id": "DenominatorExclusion_1",
              "code": {
                "coding": [ {
                  "system": "http://terminology.hl7.org/CodeSystem/measure-population",
                  "code": "denominator-exclusion",
                  "display": "Denominator Exclusion"
                } ]
              },
              "count": 0
            }, {
              "id": "Numerator_1",
              "code": {
                "coding": [ {
                  "system": "http://terminology.hl7.org/CodeSystem/measure-population",
                  "code": "numerator",
                  "display": "Numerator"
                } ]
              },
              "count": 1
            } ]
          } ]
        }, {
          "id": "Stratification_1_2",
          "code": [ {
            "text": "Stratification 2"
          } ],
          "stratum": [ {
            "value": {
              "text": "true"
            },
            "population": [ {
              "id": "InitialPopulation_1",
              "code": {
                "coding": [ {
                  "system": "http://terminology.hl7.org/CodeSystem/measure-population",
                  "code": "initial-population",
                  "display": "Initial Population"
                } ]
              },
              "count": 0
            }, {
              "id": "Denominator_1",
              "code": {
                "coding": [ {
                  "system": "http://terminology.hl7.org/CodeSystem/measure-population",
                  "code": "denominator",
                  "display": "Denominator"
                } ]
              },
              "count": 0
            }, {
              "id": "DenominatorExclusion_1",
              "code": {
                "coding": [ {
                  "system": "http://terminology.hl7.org/CodeSystem/measure-population",
                  "code": "denominator-exclusion",
                  "display": "Denominator Exclusion"
                } ]
              },
              "count": 0
            }, {
              "id": "Numerator_1",
              "code": {
                "coding": [ {
                  "system": "http://terminology.hl7.org/CodeSystem/measure-population",
                  "code": "numerator",
                  "display": "Numerator"
                } ]
              },
              "count": 0
            } ]
          }, {
            "value": {
              "text": "false"
            },
            "population": [ {
              "id": "InitialPopulation_1",
              "code": {
                "coding": [ {
                  "system": "http://terminology.hl7.org/CodeSystem/measure-population",
                  "code": "initial-population",
                  "display": "Initial Population"
                } ]
              },
              "count": 1
            }, {
              "id": "Denominator_1",
              "code": {
                "coding": [ {
                  "system": "http://terminology.hl7.org/CodeSystem/measure-population",
                  "code": "denominator",
                  "display": "Denominator"
                } ]
              },
              "count": 1
            }, {
              "id": "DenominatorExclusion_1",
              "code": {
                "coding": [ {
                  "system": "http://terminology.hl7.org/CodeSystem/measure-population",
                  "code": "denominator-exclusion",
                  "display": "Denominator Exclusion"
                } ]
              },
              "count": 1
            }, {
              "id": "Numerator_1",
              "code": {
                "coding": [ {
                  "system": "http://terminology.hl7.org/CodeSystem/measure-population",
                  "code": "numerator",
                  "display": "Numerator"
                } ]
              },
              "count": 1
            } ]
          } ]
        } ]
      }, {
        "id": "Group_2",
        "population": [ {
          "id": "InitialPopulation_2",
          "code": {
            "coding": [ {
              "system": "http://terminology.hl7.org/CodeSystem/measure-population",
              "code": "initial-population",
              "display": "Initial Population"
            } ]
          },
          "count": 1
        }, {
          "id": "Denominator_2",
          "code": {
            "coding": [ {
              "system": "http://terminology.hl7.org/CodeSystem/measure-population",
              "code": "denominator",
              "display": "Denominator"
            } ]
          },
          "count": 1
        }, {
          "id": "DenominatorExclusion_2",
          "code": {
            "coding": [ {
              "system": "http://terminology.hl7.org/CodeSystem/measure-population",
              "code": "denominator-exclusion",
              "display": "Denominator Exclusion"
            } ]
          },
          "count": 1
        }, {
          "id": "Numerator_2",
          "code": {
            "coding": [ {
              "system": "http://terminology.hl7.org/CodeSystem/measure-population",
              "code": "numerator",
              "display": "Numerator"
            } ]
          },
          "count": 0
        } ],
        "measureScore": {
          "value": 1.0
        },
        "stratifier": [ {
          "id": "Stratification_2_1",
          "code": [ {
            "text": "Stratification 1"
          } ],
          "stratum": [ {
            "value": {
              "text": "true"
            },
            "population": [ {
              "id": "InitialPopulation_2",
              "code": {
                "coding": [ {
                  "system": "http://terminology.hl7.org/CodeSystem/measure-population",
                  "code": "initial-population",
                  "display": "Initial Population"
                } ]
              },
              "count": 1
            }, {
              "id": "Denominator_2",
              "code": {
                "coding": [ {
                  "system": "http://terminology.hl7.org/CodeSystem/measure-population",
                  "code": "denominator",
                  "display": "Denominator"
                } ]
              },
              "count": 1
            }, {
              "id": "DenominatorExclusion_2",
              "code": {
                "coding": [ {
                  "system": "http://terminology.hl7.org/CodeSystem/measure-population",
                  "code": "denominator-exclusion",
                  "display": "Denominator Exclusion"
                } ]
              },
              "count": 1
            }, {
              "id": "Numerator_2",
              "code": {
                "coding": [ {
                  "system": "http://terminology.hl7.org/CodeSystem/measure-population",
                  "code": "numerator",
                  "display": "Numerator"
                } ]
              },
              "count": 0
            } ]
          }, {
            "value": {
              "text": "false"
            },
            "population": [ {
              "id": "InitialPopulation_2",
              "code": {
                "coding": [ {
                  "system": "http://terminology.hl7.org/CodeSystem/measure-population",
                  "code": "initial-population",
                  "display": "Initial Population"
                } ]
              },
              "count": 0
            }, {
              "id": "Denominator_2",
              "code": {
                "coding": [ {
                  "system": "http://terminology.hl7.org/CodeSystem/measure-population",
                  "code": "denominator",
                  "display": "Denominator"
                } ]
              },
              "count": 0
            }, {
              "id": "DenominatorExclusion_2",
              "code": {
                "coding": [ {
                  "system": "http://terminology.hl7.org/CodeSystem/measure-population",
                  "code": "denominator-exclusion",
                  "display": "Denominator Exclusion"
                } ]
              },
              "count": 0
            }, {
              "id": "Numerator_2",
              "code": {
                "coding": [ {
                  "system": "http://terminology.hl7.org/CodeSystem/measure-population",
                  "code": "numerator",
                  "display": "Numerator"
                } ]
              },
              "count": 1
            } ]
          } ]
        }, {
          "id": "Stratification_2_2",
          "code": [ {
            "text": "Stratification 2"
          } ],
          "stratum": [ {
            "value": {
              "text": "true"
            },
            "population": [ {
              "id": "InitialPopulation_2",
              "code": {
                "coding": [ {
                  "system": "http://terminology.hl7.org/CodeSystem/measure-population",
                  "code": "initial-population",
                  "display": "Initial Population"
                } ]
              },
              "count": 0
            }, {
              "id": "Denominator_2",
              "code": {
                "coding": [ {
                  "system": "http://terminology.hl7.org/CodeSystem/measure-population",
                  "code": "denominator",
                  "display": "Denominator"
                } ]
              },
              "count": 0
            }, {
              "id": "DenominatorExclusion_2",
              "code": {
                "coding": [ {
                  "system": "http://terminology.hl7.org/CodeSystem/measure-population",
                  "code": "denominator-exclusion",
                  "display": "Denominator Exclusion"
                } ]
              },
              "count": 0
            }, {
              "id": "Numerator_2",
              "code": {
                "coding": [ {
                  "system": "http://terminology.hl7.org/CodeSystem/measure-population",
                  "code": "numerator",
                  "display": "Numerator"
                } ]
              },
              "count": 0
            } ]
          }, {
            "value": {
              "text": "false"
            },
            "population": [ {
              "id": "InitialPopulation_2",
              "code": {
                "coding": [ {
                  "system": "http://terminology.hl7.org/CodeSystem/measure-population",
                  "code": "initial-population",
                  "display": "Initial Population"
                } ]
              },
              "count": 1
            }, {
              "id": "Denominator_2",
              "code": {
                "coding": [ {
                  "system": "http://terminology.hl7.org/CodeSystem/measure-population",
                  "code": "denominator",
                  "display": "Denominator"
                } ]
              },
              "count": 1
            }, {
              "id": "DenominatorExclusion_2",
              "code": {
                "coding": [ {
                  "system": "http://terminology.hl7.org/CodeSystem/measure-population",
                  "code": "denominator-exclusion",
                  "display": "Denominator Exclusion"
                } ]
              },
              "count": 1
            }, {
              "id": "Numerator_2",
              "code": {
                "coding": [ {
                  "system": "http://terminology.hl7.org/CodeSystem/measure-population",
                  "code": "numerator",
                  "display": "Numerator"
                } ]
              },
              "count": 1
            } ]
          } ]
        } ]
      }, {
        "id": "Group_3",
        "population": [ {
          "id": "InitialPopulation_3",
          "code": {
            "coding": [ {
              "system": "http://terminology.hl7.org/CodeSystem/measure-population",
              "code": "initial-population",
              "display": "Initial Population"
            } ]
          },
          "count": 1
        }, {
          "id": "Denominator_3",
          "code": {
            "coding": [ {
              "system": "http://terminology.hl7.org/CodeSystem/measure-population",
              "code": "denominator",
              "display": "Denominator"
            } ]
          },
          "count": 1
        }, {
          "id": "DenominatorExclusion_3",
          "code": {
            "coding": [ {
              "system": "http://terminology.hl7.org/CodeSystem/measure-population",
              "code": "denominator-exclusion",
              "display": "Denominator Exclusion"
            } ]
          },
          "count": 1
        }, {
          "id": "Numerator_3",
          "code": {
            "coding": [ {
              "system": "http://terminology.hl7.org/CodeSystem/measure-population",
              "code": "numerator",
              "display": "Numerator"
            } ]
          },
          "count": 0
        } ],
        "measureScore": {
          "value": 1.0
        },
        "stratifier": [ {
          "id": "Stratification_3_1",
          "code": [ {
            "text": "Stratification 1"
          } ],
          "stratum": [ {
            "value": {
              "text": "true"
            },
            "population": [ {
              "id": "InitialPopulation_3",
              "code": {
                "coding": [ {
                  "system": "http://terminology.hl7.org/CodeSystem/measure-population",
                  "code": "initial-population",
                  "display": "Initial Population"
                } ]
              },
              "count": 1
            }, {
              "id": "Denominator_3",
              "code": {
                "coding": [ {
                  "system": "http://terminology.hl7.org/CodeSystem/measure-population",
                  "code": "denominator",
                  "display": "Denominator"
                } ]
              },
              "count": 1
            }, {
              "id": "DenominatorExclusion_3",
              "code": {
                "coding": [ {
                  "system": "http://terminology.hl7.org/CodeSystem/measure-population",
                  "code": "denominator-exclusion",
                  "display": "Denominator Exclusion"
                } ]
              },
              "count": 1
            }, {
              "id": "Numerator_3",
              "code": {
                "coding": [ {
                  "system": "http://terminology.hl7.org/CodeSystem/measure-population",
                  "code": "numerator",
                  "display": "Numerator"
                } ]
              },
              "count": 0
            } ]
          }, {
            "value": {
              "text": "false"
            },
            "population": [ {
              "id": "InitialPopulation_3",
              "code": {
                "coding": [ {
                  "system": "http://terminology.hl7.org/CodeSystem/measure-population",
                  "code": "initial-population",
                  "display": "Initial Population"
                } ]
              },
              "count": 0
            }, {
              "id": "Denominator_3",
              "code": {
                "coding": [ {
                  "system": "http://terminology.hl7.org/CodeSystem/measure-population",
                  "code": "denominator",
                  "display": "Denominator"
                } ]
              },
              "count": 0
            }, {
              "id": "DenominatorExclusion_3",
              "code": {
                "coding": [ {
                  "system": "http://terminology.hl7.org/CodeSystem/measure-population",
                  "code": "denominator-exclusion",
                  "display": "Denominator Exclusion"
                } ]
              },
              "count": 0
            }, {
              "id": "Numerator_3",
              "code": {
                "coding": [ {
                  "system": "http://terminology.hl7.org/CodeSystem/measure-population",
                  "code": "numerator",
                  "display": "Numerator"
                } ]
              },
              "count": 1
            } ]
          } ]
        }, {
          "id": "Stratification_3_2",
          "code": [ {
            "text": "Stratification 2"
          } ],
          "stratum": [ {
            "value": {
              "text": "true"
            },
            "population": [ {
              "id": "InitialPopulation_3",
              "code": {
                "coding": [ {
                  "system": "http://terminology.hl7.org/CodeSystem/measure-population",
                  "code": "initial-population",
                  "display": "Initial Population"
                } ]
              },
              "count": 0
            }, {
              "id": "Denominator_3",
              "code": {
                "coding": [ {
                  "system": "http://terminology.hl7.org/CodeSystem/measure-population",
                  "code": "denominator",
                  "display": "Denominator"
                } ]
              },
              "count": 0
            }, {
              "id": "DenominatorExclusion_3",
              "code": {
                "coding": [ {
                  "system": "http://terminology.hl7.org/CodeSystem/measure-population",
                  "code": "denominator-exclusion",
                  "display": "Denominator Exclusion"
                } ]
              },
              "count": 0
            }, {
              "id": "Numerator_3",
              "code": {
                "coding": [ {
                  "system": "http://terminology.hl7.org/CodeSystem/measure-population",
                  "code": "numerator",
                  "display": "Numerator"
                } ]
              },
              "count": 0
            } ]
          }, {
            "value": {
              "text": "false"
            },
            "population": [ {
              "id": "InitialPopulation_3",
              "code": {
                "coding": [ {
                  "system": "http://terminology.hl7.org/CodeSystem/measure-population",
                  "code": "initial-population",
                  "display": "Initial Population"
                } ]
              },
              "count": 1
            }, {
              "id": "Denominator_3",
              "code": {
                "coding": [ {
                  "system": "http://terminology.hl7.org/CodeSystem/measure-population",
                  "code": "denominator",
                  "display": "Denominator"
                } ]
              },
              "count": 1
            }, {
              "id": "DenominatorExclusion_3",
              "code": {
                "coding": [ {
                  "system": "http://terminology.hl7.org/CodeSystem/measure-population",
                  "code": "denominator-exclusion",
                  "display": "Denominator Exclusion"
                } ]
              },
              "count": 1
            }, {
              "id": "Numerator_3",
              "code": {
                "coding": [ {
                  "system": "http://terminology.hl7.org/CodeSystem/measure-population",
                  "code": "numerator",
                  "display": "Numerator"
                } ]
              },
              "count": 1
            } ]
          } ]
        } ]
      } ],
      "evaluatedResource": [ {
        "reference": "Patient/598662b8-30c9-4f9b-a2d1-d91bea113d77"
      }, {
        "reference": "Encounter/7772f58e-59f0-4d27-bed8-829ef3e36ca5"
      }, {
        "reference": "Procedure/1d411783-5ae8-4f93-bdd3-f4de7f0402bb"
      } ]
    },
    "request": {
      "method": "PUT",
      "url": "MeasureReport/00df37b6-1de8-42a9-b80d-3263bc60c246"
    }
  } ]
}