{
  "resourceType": "Bundle",
  "id": "61095b0998086b53805591a5",
  "type": "transaction",
  "entry": [ {
    "fullUrl": "https://madie.cms.gov/Patient/03f3c1fb-3646-4449-b5dd-d2de3153234b",
    "resource": {
      "resourceType": "Patient",
      "id": "03f3c1fb-3646-4449-b5dd-d2de3153234b",
      "meta": {
        "profile": [ "http://hl7.org/fhir/us/qicore/StructureDefinition/qicore-patient" ]
      },
      "text": {
        "status": "generated",
        "div": "<div xmlns=\"http://www.w3.org/1999/xhtml\"><div class=\"hapiHeaderText\">Age@18 <b>DENOMPASS </b></div><table class=\"hapiPropertyTable\"><tbody><tr><td>Identifier</td><td>67f3e33acf17bcb386e754d726ed064ccd48ba21ff0ffb2eb678740a684398be</td></tr><tr><td>Date of birth</td><td><span>01 January 1994</span></td></tr></tbody></table></div>"
      },
      "extension": [ {
        "url": "http://hl7.org/fhir/us/core/StructureDefinition/us-core-race",
        "extension": [ {
          "url": "ombCategory",
          "valueCoding": {
            "system": "urn:oid:2.16.840.1.113883.6.238",
            "code": "1002-5",
            "display": "American Indian or Alaska Native",
            "userSelected": true
          }
        }, {
          "url": "text",
          "valueString": "American Indian or Alaska Native"
        } ]
      }, {
        "url": "http://hl7.org/fhir/us/core/StructureDefinition/us-core-ethnicity",
        "extension": [ {
          "url": "ombCategory",
          "valueCoding": {
            "system": "urn:oid:2.16.840.1.113883.6.238",
            "code": "2135-2",
            "display": "Hispanic or Latino",
            "userSelected": true
          }
        }, {
          "url": "text",
          "valueString": "Hispanic or Latino"
        } ]
      } ],
      "identifier": [ {
        "type": {
          "coding": [ {
            "system": "http://terminology.hl7.org/CodeSystem/v2-0203",
            "code": "MR"
          } ]
        },
        "system": "https://bonnie-fhir.healthit.gov/",
        "value": "61095b0998086b53805591a5"
      } ],
      "active": true,
      "name": [ {
        "use": "usual",
        "family": "DENEXPASS",
        "given": [ "ChoroidDetachWithCatSurg" ]
      } ],
      "gender": "female",
      "birthDate": "1996-01-01"
    },
    "request": {
      "method": "PUT",
      "url": "Patient/03f3c1fb-3646-4449-b5dd-d2de3153234b"
    }
  }, {
    "fullUrl": "https://madie.cms.gov/Observation/28130d23-cbfa-4f74-aebe-a3a54847b925",
    "resource": {
      "resourceType": "Observation",
      "id": "28130d23-cbfa-4f74-aebe-a3a54847b925",
      "meta": {
        "profile": [ "http://hl7.org/fhir/us/qicore/StructureDefinition/qicore-observation-clinical-result" ]
      },
      "status": "final",
      "category": [ {
        "coding": [ {
          "system": "http://terminology.hl7.org/CodeSystem/observation-category",
          "code": "exam",
          "display": "exam"
        } ]
      } ],
      "code": {
        "coding": [ {
          "system": "http://snomed.info/sct",
          "code": "419775003"
        } ]
      },
      "subject": {
        "reference": "Patient/03f3c1fb-3646-4449-b5dd-d2de3153234b"
      },
      "effectivePeriod": {
        "start": "2026-03-13T09:00:00+00:00",
        "end": "2026-03-13T09:30:00+00:00"
      }
    },
    "request": {
      "method": "PUT",
      "url": "Observation/28130d23-cbfa-4f74-aebe-a3a54847b925"
    }
  }, {
    "fullUrl": "https://madie.cms.gov/Procedure/15dad501-26f3-42da-8b89-a607b3625cb2",
    "resource": {
      "resourceType": "Procedure",
      "id": "15dad501-26f3-42da-8b89-a607b3625cb2",
      "meta": {
        "profile": [ "http://hl7.org/fhir/us/qicore/StructureDefinition/qicore-procedure" ]
      },
      "extension": [ {
        "url": "http://hl7.org/fhir/us/qicore/StructureDefinition/qicore-recorded",
        "valueDateTime": "2026-03-05T09:35:00-04:00"
      } ],
      "status": "completed",
      "code": {
        "coding": [ {
          "system": "http://snomed.info/sct",
          "code": "84149000"
        } ]
      },
      "subject": {
        "reference": "Patient/03f3c1fb-3646-4449-b5dd-d2de3153234b"
      },
      "performedPeriod": {
        "start": "2026-03-05T09:20:00-04:00",
        "end": "2026-04-05T10:30:00-04:00"
      }
    },
    "request": {
      "method": "PUT",
      "url": "Procedure/15dad501-26f3-42da-8b89-a607b3625cb2"
    }
  }, {
    "fullUrl": "https://madie.cms.gov/Condition/98ce6251-9701-46fb-b361-31e264167aec",
    "resource": {
      "resourceType": "Condition",
      "id": "98ce6251-9701-46fb-b361-31e264167aec",
      "meta": {
        "profile": [ "http://hl7.org/fhir/us/qicore/StructureDefinition/qicore-condition-encounter-diagnosis" ]
      },
      "clinicalStatus": {
        "coding": [ {
          "system": "http://terminology.hl7.org/CodeSystem/condition-clinical",
          "code": "active",
          "display": "active",
          "userSelected": true
        } ]
      },
      "category": [ {
        "coding": [ {
          "system": "http://terminology.hl7.org/CodeSystem/condition-clinical",
          "code": "active",
          "display": "active",
          "userSelected": true
        } ]
      } ],
      "code": {
        "coding": [ {
          "system": "http://hl7.org/fhir/sid/icd-10-cm",
          "code": "H31.411",
          "userSelected": true
        }, {
          "system": "http://snomed.info/sct",
          "code": "78584008",
          "userSelected": true
        } ]
      },
      "subject": {
        "reference": "Patient/03f3c1fb-3646-4449-b5dd-d2de3153234b"
      },
      "onsetDateTime": "2024-11-01T08:00:00.000+00:00"
    },
    "request": {
      "method": "PUT",
      "url": "Condition/98ce6251-9701-46fb-b361-31e264167aec"
    }
  }, {
    "fullUrl": "https://madie.cms.gov/Coverage/d03057b7-797e-430b-b3d1-4bfd5d4a60ef",
    "resource": {
      "resourceType": "Coverage",
      "id": "d03057b7-797e-430b-b3d1-4bfd5d4a60ef",
      "meta": {
        "profile": [ "http://hl7.org/fhir/us/qicore/StructureDefinition/qicore-coverage" ]
      },
      "status": "active",
      "beneficiary": {
        "reference": "Patient/03f3c1fb-3646-4449-b5dd-d2de3153234b"
      },
      "payor": [ {
        "reference": "Organization/bc723c51-1eb4-4e59-a9d9-822051495bfb"
      } ]
    },
    "request": {
      "method": "PUT",
      "url": "Coverage/d03057b7-797e-430b-b3d1-4bfd5d4a60ef"
    }
  }, {
    "fullUrl": "https://madie.cms.gov/Organization/bc723c51-1eb4-4e59-a9d9-822051495bfb",
    "resource": {
      "resourceType": "Organization",
      "id": "bc723c51-1eb4-4e59-a9d9-822051495bfb",
      "meta": {
        "profile": [ "http://hl7.org/fhir/us/qicore/StructureDefinition/qicore-organization" ]
      },
      "identifier": [ {
        "use": "temp",
        "system": "urn:oid:2.16.840.1.113883.4.4",
        "value": "21-3259825"
      } ],
      "active": true,
      "type": [ {
        "coding": [ {
          "system": "http://terminology.hl7.org/CodeSystem/organization-type",
          "code": "pay",
          "display": "Payer"
        } ]
      } ],
      "name": "Blue Cross Blue Shield of Texas",
      "telecom": [ {
        "system": "phone",
        "value": "(+1) 972-766-6900"
      } ],
      "address": [ {
        "use": "billing",
        "type": "postal",
        "line": [ "P.O. Box 660044" ],
        "city": "Dallas",
        "state": "TX",
        "postalCode": "75266-0044",
        "country": "USA"
      } ]
    },
    "request": {
      "method": "PUT",
      "url": "Organization/bc723c51-1eb4-4e59-a9d9-822051495bfb"
    }
  }, {
    "fullUrl": "https://madie.cms.gov/Practitioner/8339ad82-0dbb-4278-854d-8b126a939467",
    "resource": {
      "resourceType": "Practitioner",
      "id": "8339ad82-0dbb-4278-854d-8b126a939467",
      "meta": {
        "profile": [ "http://hl7.org/fhir/us/qicore/StructureDefinition/qicore-practitioner" ]
      },
      "identifier": [ {
        "system": "http://hl7.org/fhir/sid/us-npi",
        "value": "123456"
      } ],
      "name": [ {
        "family": "Evil",
        "prefix": [ "Dr" ]
      } ]
    },
    "request": {
      "method": "PUT",
      "url": "Practitioner/8339ad82-0dbb-4278-854d-8b126a939467"
    }
  }, {
    "fullUrl": "https://madie.cms.gov/MeasureReport/40a54087-1e9e-49b0-a28a-1e9950005c75",
    "resource": {
      "resourceType": "MeasureReport",
      "id": "40a54087-1e9e-49b0-a28a-1e9950005c75",
      "meta": {
        "profile": [ "http://hl7.org/fhir/us/cqfmeasures/StructureDefinition/test-case-cqfm" ]
      },
      "contained": [ {
        "resourceType": "Parameters",
        "id": "b1220f8a-17f9-45d9-9191-3ff8f95c2635-parameters",
        "parameter": [ {
          "name": "subject",
          "valueString": "03f3c1fb-3646-4449-b5dd-d2de3153234b"
        } ]
      } ],
      "extension": [ {
        "url": "http://hl7.org/fhir/StructureDefinition/cqf-inputParameters",
        "valueReference": {
          "reference": "#b1220f8a-17f9-45d9-9191-3ff8f95c2635-parameters"
        }
      }, {
        "url": "http://hl7.org/fhir/us/cqfmeasures/StructureDefinition/cqfm-testCaseDescription",
        "valueMarkdown": "Patient with choroidal detachment with cataract surgery. "
      } ],
      "modifierExtension": [ {
        "url": "http://hl7.org/fhir/us/cqfmeasures/StructureDefinition/cqfm-isTestCase",
        "valueBoolean": true
      } ],
      "status": "complete",
      "type": "individual",
      "measure": "https://madie.cms.gov/Measure/CMS133FHIRCataracts2040BCVAwithin90Days",
      "period": {
        "start": "2026-01-01",
        "end": "2026-12-31"
      },
      "group": [ {
        "id": "Group_1",
        "population": [ {
          "id": "InitialPopulation_1",
          "code": {
            "coding": [ {
              "system": "http://terminology.hl7.org/CodeSystem/measure-population",
              "code": "initial-population",
              "display": "Initial Population"
            } ]
          },
          "count": 1
        }, {
          "id": "Denominator_1",
          "code": {
            "coding": [ {
              "system": "http://terminology.hl7.org/CodeSystem/measure-population",
              "code": "denominator",
              "display": "Denominator"
            } ]
          },
          "count": 1
        }, {
          "id": "DenominatorExclusion_1",
          "code": {
            "coding": [ {
              "system": "http://terminology.hl7.org/CodeSystem/measure-population",
              "code": "denominator-exclusion",
              "display": "Denominator Exclusion"
            } ]
          },
          "count": 1
        }, {
          "id": "Numerator_1",
          "code": {
            "coding": [ {
              "system": "http://terminology.hl7.org/CodeSystem/measure-population",
              "code": "numerator",
              "display": "Numerator"
            } ]
          },
          "count": 0
        } ],
        "measureScore": {
          "value": 0.0
        }
      } ],
      "evaluatedResource": [ {
        "reference": "Patient/03f3c1fb-3646-4449-b5dd-d2de3153234b"
      }, {
        "reference": "Observation/28130d23-cbfa-4f74-aebe-a3a54847b925"
      }, {
        "reference": "Procedure/15dad501-26f3-42da-8b89-a607b3625cb2"
      }, {
        "reference": "Condition/98ce6251-9701-46fb-b361-31e264167aec"
      }, {
        "reference": "Coverage/d03057b7-797e-430b-b3d1-4bfd5d4a60ef"
      }, {
        "reference": "Organization/bc723c51-1eb4-4e59-a9d9-822051495bfb"
      }, {
        "reference": "Practitioner/8339ad82-0dbb-4278-854d-8b126a939467"
      } ]
    },
    "request": {
      "method": "PUT",
      "url": "MeasureReport/40a54087-1e9e-49b0-a28a-1e9950005c75"
    }
  } ]
}