{
  "resourceType": "Bundle",
  "id": "61095b0998086b53805591a5",
  "type": "transaction",
  "entry": [ {
    "fullUrl": "https://madie.cms.gov/Patient/b64785e4-be49-40d1-8110-7c4c036128bf",
    "resource": {
      "resourceType": "Patient",
      "id": "b64785e4-be49-40d1-8110-7c4c036128bf",
      "meta": {
        "profile": [ "http://hl7.org/fhir/us/qicore/StructureDefinition/qicore-patient" ]
      },
      "text": {
        "status": "generated",
        "div": "<div xmlns=\"http://www.w3.org/1999/xhtml\"><div class=\"hapiHeaderText\">Age@18 <b>DENOMPASS </b></div><table class=\"hapiPropertyTable\"><tbody><tr><td>Identifier</td><td>67f3e33acf17bcb386e754d726ed064ccd48ba21ff0ffb2eb678740a684398be</td></tr><tr><td>Date of birth</td><td><span>01 January 1994</span></td></tr></tbody></table></div>"
      },
      "extension": [ {
        "url": "http://hl7.org/fhir/us/core/StructureDefinition/us-core-race",
        "extension": [ {
          "url": "ombCategory",
          "valueCoding": {
            "system": "urn:oid:2.16.840.1.113883.6.238",
            "code": "1002-5",
            "display": "American Indian or Alaska Native",
            "userSelected": true
          }
        }, {
          "url": "text",
          "valueString": "American Indian or Alaska Native"
        } ]
      }, {
        "url": "http://hl7.org/fhir/us/core/StructureDefinition/us-core-ethnicity",
        "extension": [ {
          "url": "ombCategory",
          "valueCoding": {
            "system": "urn:oid:2.16.840.1.113883.6.238",
            "code": "2135-2",
            "display": "Hispanic or Latino",
            "userSelected": true
          }
        }, {
          "url": "text",
          "valueString": "Hispanic or Latino"
        } ]
      } ],
      "identifier": [ {
        "type": {
          "coding": [ {
            "system": "http://terminology.hl7.org/CodeSystem/v2-0203",
            "code": "MR"
          } ]
        },
        "system": "https://bonnie-fhir.healthit.gov/",
        "value": "61095b0998086b53805591a5"
      } ],
      "active": true,
      "name": [ {
        "use": "usual",
        "family": "DENEXPASS",
        "given": [ "CataractCongenitalWithCatSurg" ]
      } ],
      "gender": "female",
      "birthDate": "1996-01-01"
    },
    "request": {
      "method": "PUT",
      "url": "Patient/b64785e4-be49-40d1-8110-7c4c036128bf"
    }
  }, {
    "fullUrl": "https://madie.cms.gov/Observation/a08abfcf-5d63-482b-ad82-e054f9d2cfc1",
    "resource": {
      "resourceType": "Observation",
      "id": "a08abfcf-5d63-482b-ad82-e054f9d2cfc1",
      "meta": {
        "profile": [ "http://hl7.org/fhir/us/qicore/StructureDefinition/qicore-observation-clinical-result" ]
      },
      "status": "final",
      "category": [ {
        "coding": [ {
          "system": "http://terminology.hl7.org/CodeSystem/observation-category",
          "code": "exam",
          "display": "exam"
        } ]
      } ],
      "code": {
        "coding": [ {
          "system": "http://snomed.info/sct",
          "code": "419775003"
        } ]
      },
      "subject": {
        "reference": "Patient/b64785e4-be49-40d1-8110-7c4c036128bf"
      },
      "effectivePeriod": {
        "start": "2026-03-13T09:00:00+00:00",
        "end": "2026-03-13T09:30:00+00:00"
      }
    },
    "request": {
      "method": "PUT",
      "url": "Observation/a08abfcf-5d63-482b-ad82-e054f9d2cfc1"
    }
  }, {
    "fullUrl": "https://madie.cms.gov/Procedure/d35e8524-42f2-476a-8c29-57aff5e66160",
    "resource": {
      "resourceType": "Procedure",
      "id": "d35e8524-42f2-476a-8c29-57aff5e66160",
      "meta": {
        "profile": [ "http://hl7.org/fhir/us/qicore/StructureDefinition/qicore-procedure" ]
      },
      "extension": [ {
        "url": "http://hl7.org/fhir/us/qicore/StructureDefinition/qicore-recorded",
        "valueDateTime": "2026-03-05T09:35:00-04:00"
      } ],
      "status": "completed",
      "code": {
        "coding": [ {
          "system": "http://snomed.info/sct",
          "code": "84149000"
        } ]
      },
      "subject": {
        "reference": "Patient/b64785e4-be49-40d1-8110-7c4c036128bf"
      },
      "performedPeriod": {
        "start": "2026-03-05T09:20:00-04:00",
        "end": "2026-04-05T10:30:00-04:00"
      }
    },
    "request": {
      "method": "PUT",
      "url": "Procedure/d35e8524-42f2-476a-8c29-57aff5e66160"
    }
  }, {
    "fullUrl": "https://madie.cms.gov/Condition/930c6b9d-b0ee-462c-9037-dbe0ad8fced0",
    "resource": {
      "resourceType": "Condition",
      "id": "930c6b9d-b0ee-462c-9037-dbe0ad8fced0",
      "meta": {
        "profile": [ "http://hl7.org/fhir/us/qicore/StructureDefinition/qicore-condition-problems-health-concerns" ]
      },
      "clinicalStatus": {
        "coding": [ {
          "system": "http://terminology.hl7.org/CodeSystem/condition-clinical",
          "code": "active",
          "display": "active",
          "userSelected": true
        } ]
      },
      "category": [ {
        "coding": [ {
          "system": "http://terminology.hl7.org/CodeSystem/condition-clinical",
          "code": "active",
          "display": "active",
          "userSelected": true
        } ]
      } ],
      "code": {
        "coding": [ {
          "system": "http://hl7.org/fhir/sid/icd-10-cm",
          "code": "H31.20",
          "userSelected": true
        }, {
          "system": "http://snomed.info/sct",
          "code": "92820007",
          "userSelected": true
        } ]
      },
      "subject": {
        "reference": "Patient/b64785e4-be49-40d1-8110-7c4c036128bf"
      },
      "onsetDateTime": "2024-11-01T08:00:00.000+00:00"
    },
    "request": {
      "method": "PUT",
      "url": "Condition/930c6b9d-b0ee-462c-9037-dbe0ad8fced0"
    }
  }, {
    "fullUrl": "https://madie.cms.gov/Coverage/9800e8b9-9a1b-479b-9e3f-031d468bd285",
    "resource": {
      "resourceType": "Coverage",
      "id": "9800e8b9-9a1b-479b-9e3f-031d468bd285",
      "meta": {
        "profile": [ "http://hl7.org/fhir/us/qicore/StructureDefinition/qicore-coverage" ]
      },
      "status": "active",
      "beneficiary": {
        "reference": "Patient/b64785e4-be49-40d1-8110-7c4c036128bf"
      },
      "payor": [ {
        "reference": "Organization/576bdf2b-f471-422e-aede-b8dce451267b"
      } ]
    },
    "request": {
      "method": "PUT",
      "url": "Coverage/9800e8b9-9a1b-479b-9e3f-031d468bd285"
    }
  }, {
    "fullUrl": "https://madie.cms.gov/Organization/576bdf2b-f471-422e-aede-b8dce451267b",
    "resource": {
      "resourceType": "Organization",
      "id": "576bdf2b-f471-422e-aede-b8dce451267b",
      "meta": {
        "profile": [ "http://hl7.org/fhir/us/qicore/StructureDefinition/qicore-organization" ]
      },
      "identifier": [ {
        "use": "temp",
        "system": "urn:oid:2.16.840.1.113883.4.4",
        "value": "21-3259825"
      } ],
      "active": true,
      "type": [ {
        "coding": [ {
          "system": "http://terminology.hl7.org/CodeSystem/organization-type",
          "code": "pay",
          "display": "Payer"
        } ]
      } ],
      "name": "Blue Cross Blue Shield of Texas",
      "telecom": [ {
        "system": "phone",
        "value": "(+1) 972-766-6900"
      } ],
      "address": [ {
        "use": "billing",
        "type": "postal",
        "line": [ "P.O. Box 660044" ],
        "city": "Dallas",
        "state": "TX",
        "postalCode": "75266-0044",
        "country": "USA"
      } ]
    },
    "request": {
      "method": "PUT",
      "url": "Organization/576bdf2b-f471-422e-aede-b8dce451267b"
    }
  }, {
    "fullUrl": "https://madie.cms.gov/Practitioner/ac533d41-867a-428b-a436-fb6e57e48aae",
    "resource": {
      "resourceType": "Practitioner",
      "id": "ac533d41-867a-428b-a436-fb6e57e48aae",
      "meta": {
        "profile": [ "http://hl7.org/fhir/us/qicore/StructureDefinition/qicore-practitioner" ]
      },
      "identifier": [ {
        "system": "http://hl7.org/fhir/sid/us-npi",
        "value": "123456"
      } ],
      "name": [ {
        "family": "Evil",
        "prefix": [ "Dr" ]
      } ]
    },
    "request": {
      "method": "PUT",
      "url": "Practitioner/ac533d41-867a-428b-a436-fb6e57e48aae"
    }
  }, {
    "fullUrl": "https://madie.cms.gov/MeasureReport/27470f72-aaaa-4867-803f-194c49132f1a",
    "resource": {
      "resourceType": "MeasureReport",
      "id": "27470f72-aaaa-4867-803f-194c49132f1a",
      "meta": {
        "profile": [ "http://hl7.org/fhir/us/cqfmeasures/StructureDefinition/test-case-cqfm" ]
      },
      "contained": [ {
        "resourceType": "Parameters",
        "id": "251bd003-d4f2-4f3b-aa81-053086cbfbe6-parameters",
        "parameter": [ {
          "name": "subject",
          "valueString": "b64785e4-be49-40d1-8110-7c4c036128bf"
        } ]
      } ],
      "extension": [ {
        "url": "http://hl7.org/fhir/StructureDefinition/cqf-inputParameters",
        "valueReference": {
          "reference": "#251bd003-d4f2-4f3b-aa81-053086cbfbe6-parameters"
        }
      }, {
        "url": "http://hl7.org/fhir/us/cqfmeasures/StructureDefinition/cqfm-testCaseDescription",
        "valueMarkdown": "Patient with Hereditary Choroidal Dystrophies with cataract surgery. "
      } ],
      "modifierExtension": [ {
        "url": "http://hl7.org/fhir/us/cqfmeasures/StructureDefinition/cqfm-isTestCase",
        "valueBoolean": true
      } ],
      "status": "complete",
      "type": "individual",
      "measure": "https://madie.cms.gov/Measure/CMS133FHIRCataracts2040BCVAwithin90Days",
      "period": {
        "start": "2026-01-01",
        "end": "2026-12-31"
      },
      "group": [ {
        "id": "Group_1",
        "population": [ {
          "id": "InitialPopulation_1",
          "code": {
            "coding": [ {
              "system": "http://terminology.hl7.org/CodeSystem/measure-population",
              "code": "initial-population",
              "display": "Initial Population"
            } ]
          },
          "count": 1
        }, {
          "id": "Denominator_1",
          "code": {
            "coding": [ {
              "system": "http://terminology.hl7.org/CodeSystem/measure-population",
              "code": "denominator",
              "display": "Denominator"
            } ]
          },
          "count": 1
        }, {
          "id": "DenominatorExclusion_1",
          "code": {
            "coding": [ {
              "system": "http://terminology.hl7.org/CodeSystem/measure-population",
              "code": "denominator-exclusion",
              "display": "Denominator Exclusion"
            } ]
          },
          "count": 1
        }, {
          "id": "Numerator_1",
          "code": {
            "coding": [ {
              "system": "http://terminology.hl7.org/CodeSystem/measure-population",
              "code": "numerator",
              "display": "Numerator"
            } ]
          },
          "count": 0
        } ],
        "measureScore": {
          "value": 0.0
        }
      } ],
      "evaluatedResource": [ {
        "reference": "Patient/b64785e4-be49-40d1-8110-7c4c036128bf"
      }, {
        "reference": "Observation/a08abfcf-5d63-482b-ad82-e054f9d2cfc1"
      }, {
        "reference": "Procedure/d35e8524-42f2-476a-8c29-57aff5e66160"
      }, {
        "reference": "Condition/930c6b9d-b0ee-462c-9037-dbe0ad8fced0"
      }, {
        "reference": "Coverage/9800e8b9-9a1b-479b-9e3f-031d468bd285"
      }, {
        "reference": "Organization/576bdf2b-f471-422e-aede-b8dce451267b"
      }, {
        "reference": "Practitioner/ac533d41-867a-428b-a436-fb6e57e48aae"
      } ]
    },
    "request": {
      "method": "PUT",
      "url": "MeasureReport/27470f72-aaaa-4867-803f-194c49132f1a"
    }
  } ]
}