{
  "resourceType": "Bundle",
  "id": "62fbe4dbbf5132f90ee35d37",
  "type": "transaction",
  "entry": [ {
    "fullUrl": "https://madie.cms.gov/Patient/c84bf29f-80ac-4bf0-beeb-404ba96a3fa8",
    "resource": {
      "resourceType": "Patient",
      "id": "c84bf29f-80ac-4bf0-beeb-404ba96a3fa8",
      "meta": {
        "profile": [ "http://hl7.org/fhir/us/qicore/StructureDefinition/qicore-patient" ]
      },
      "extension": [ {
        "url": "http://hl7.org/fhir/us/core/StructureDefinition/us-core-race",
        "extension": [ {
          "url": "ombCategory",
          "valueCoding": {
            "system": "urn:oid:2.16.840.1.113883.6.238",
            "code": "2054-5",
            "display": "Black or African American",
            "userSelected": true
          }
        }, {
          "url": "text",
          "valueString": "Black or African American"
        } ]
      }, {
        "url": "http://hl7.org/fhir/us/core/StructureDefinition/us-core-ethnicity",
        "extension": [ {
          "url": "ombCategory",
          "valueCoding": {
            "system": "urn:oid:2.16.840.1.113883.6.238",
            "code": "2186-5",
            "display": "Not Hispanic or Latino",
            "userSelected": true
          }
        }, {
          "url": "text",
          "valueString": "Not Hispanic or Latino"
        } ]
      } ],
      "identifier": [ {
        "type": {
          "coding": [ {
            "system": "http://terminology.hl7.org/CodeSystem/v2-0203",
            "code": "MR"
          } ]
        },
        "system": "https://bonnie-fhir.healthit.gov/",
        "value": "62fbe4dbbf5132f90ee35d37"
      } ],
      "name": [ {
        "family": "DENEXFail",
        "given": [ "DischargeToHospiceFacilityAfterMP" ]
      } ],
      "gender": "male",
      "birthDate": "1946-10-15"
    },
    "request": {
      "method": "PUT",
      "url": "Patient/c84bf29f-80ac-4bf0-beeb-404ba96a3fa8"
    }
  }, {
    "fullUrl": "https://madie.cms.gov/Encounter/9ad64ec6-f096-40fb-b127-50b23dba96cb",
    "resource": {
      "resourceType": "Encounter",
      "id": "9ad64ec6-f096-40fb-b127-50b23dba96cb",
      "meta": {
        "profile": [ "http://hl7.org/fhir/us/qicore/StructureDefinition/qicore-encounter" ]
      },
      "status": "finished",
      "class": {
        "system": "http://terminology.hl7.org/CodeSystem/v3-ActCode",
        "code": "AMB",
        "display": "ambulatory"
      },
      "type": [ {
        "coding": [ {
          "system": "http://snomed.info/sct",
          "version": "2022-03",
          "code": "10197000",
          "display": "Psychiatric interview and evaluation (procedure)",
          "userSelected": true
        } ]
      } ],
      "subject": {
        "reference": "Patient/c84bf29f-80ac-4bf0-beeb-404ba96a3fa8"
      },
      "period": {
        "start": "2026-01-01T08:00:00.000+00:00",
        "end": "2026-01-01T08:15:00.000+00:00"
      }
    },
    "request": {
      "method": "PUT",
      "url": "Encounter/9ad64ec6-f096-40fb-b127-50b23dba96cb"
    }
  }, {
    "fullUrl": "https://madie.cms.gov/Observation/d49498be-f7a1-44f3-981f-a7805a736e8b",
    "resource": {
      "resourceType": "Observation",
      "id": "d49498be-f7a1-44f3-981f-a7805a736e8b",
      "meta": {
        "profile": [ "http://hl7.org/fhir/us/core/StructureDefinition/us-core-bmi" ]
      },
      "status": "final",
      "category": [ {
        "coding": [ {
          "system": "http://terminology.hl7.org/CodeSystem/observation-category",
          "code": "vital-signs",
          "display": "Vital Signs"
        } ]
      } ],
      "code": {
        "coding": [ {
          "system": "http://loinc.org",
          "code": "39156-5",
          "display": "Body mass index (BMI) [Ratio]",
          "userSelected": true
        } ]
      },
      "subject": {
        "reference": "Patient/c84bf29f-80ac-4bf0-beeb-404ba96a3fa8"
      },
      "effectiveDateTime": "2026-01-01T08:15:00.000+00:00",
      "valueQuantity": {
        "value": 25,
        "unit": "kg/m2",
        "system": "http://unitsofmeasure.org",
        "code": "kg/m2"
      }
    },
    "request": {
      "method": "PUT",
      "url": "Observation/d49498be-f7a1-44f3-981f-a7805a736e8b"
    }
  }, {
    "fullUrl": "https://madie.cms.gov/Procedure/34b4fea1-053c-412d-8250-6886c89f67b7",
    "resource": {
      "resourceType": "Procedure",
      "id": "34b4fea1-053c-412d-8250-6886c89f67b7",
      "meta": {
        "profile": [ "http://hl7.org/fhir/us/qicore/StructureDefinition/qicore-procedure" ]
      },
      "extension": [ {
        "url": "http://hl7.org/fhir/us/qicore/StructureDefinition/qicore-recorded",
        "valueDateTime": "2026-01-01T00:00:00.000+00:00"
      } ],
      "status": "completed",
      "code": {
        "coding": [ {
          "system": "http://snomed.info/sct",
          "version": "2022-03",
          "code": "182922004",
          "display": "Dietary regime (regime/therapy)",
          "userSelected": true
        } ]
      },
      "subject": {
        "reference": "Patient/c84bf29f-80ac-4bf0-beeb-404ba96a3fa8"
      },
      "performedDateTime": "2026-01-01T00:00:00.000+00:00",
      "reasonCode": [ {
        "coding": [ {
          "system": "http://hl7.org/fhir/sid/icd-10-cm",
          "code": "E66.01",
          "display": "Morbid (severe) obesity due to excess calories",
          "userSelected": true
        } ]
      } ]
    },
    "request": {
      "method": "PUT",
      "url": "Procedure/34b4fea1-053c-412d-8250-6886c89f67b7"
    }
  }, {
    "fullUrl": "https://madie.cms.gov/Encounter/2466e1c9-7c3f-4426-9b40-237aa4e07d55",
    "resource": {
      "resourceType": "Encounter",
      "id": "2466e1c9-7c3f-4426-9b40-237aa4e07d55",
      "meta": {
        "profile": [ "http://hl7.org/fhir/us/qicore/StructureDefinition/qicore-encounter" ]
      },
      "status": "finished",
      "class": {
        "system": "http://terminology.hl7.org/CodeSystem/v3-ActCode",
        "code": "AMB",
        "display": "ambulatory"
      },
      "type": [ {
        "coding": [ {
          "system": "http://snomed.info/sct",
          "version": "2022-03",
          "code": "183452005",
          "display": "Emergency hospital admission (procedure)",
          "userSelected": true
        } ]
      } ],
      "subject": {
        "reference": "Patient/c84bf29f-80ac-4bf0-beeb-404ba96a3fa8"
      },
      "period": {
        "start": "2026-12-31T00:00:00.000+00:00",
        "end": "2027-01-02T00:15:00.000+00:00"
      },
      "hospitalization": {
        "dischargeDisposition": {
          "coding": [ {
            "system": "http://snomed.info/sct",
            "code": "428361000124107",
            "display": "Discharge to home for hospice care (procedure)",
            "userSelected": true
          } ]
        }
      }
    },
    "request": {
      "method": "PUT",
      "url": "Encounter/2466e1c9-7c3f-4426-9b40-237aa4e07d55"
    }
  }, {
    "fullUrl": "https://madie.cms.gov/Coverage/9ddf1cf9-7c6b-4e3c-91d4-e7089edbc4a6",
    "resource": {
      "resourceType": "Coverage",
      "id": "9ddf1cf9-7c6b-4e3c-91d4-e7089edbc4a6",
      "meta": {
        "profile": [ "http://hl7.org/fhir/us/qicore/StructureDefinition/qicore-coverage" ]
      },
      "status": "active",
      "beneficiary": {
        "reference": "Patient/c84bf29f-80ac-4bf0-beeb-404ba96a3fa8"
      },
      "payor": [ {
        "reference": "Organization/823f5766-b275-4bdc-b2f4-f31c5e11d5dd"
      } ]
    },
    "request": {
      "method": "PUT",
      "url": "Coverage/9ddf1cf9-7c6b-4e3c-91d4-e7089edbc4a6"
    }
  }, {
    "fullUrl": "https://madie.cms.gov/Organization/823f5766-b275-4bdc-b2f4-f31c5e11d5dd",
    "resource": {
      "resourceType": "Organization",
      "id": "823f5766-b275-4bdc-b2f4-f31c5e11d5dd",
      "meta": {
        "profile": [ "http://hl7.org/fhir/us/qicore/StructureDefinition/qicore-organization" ]
      },
      "identifier": [ {
        "use": "temp",
        "system": "urn:oid:2.16.840.1.113883.4.4",
        "value": "21-3259825"
      } ],
      "active": true,
      "type": [ {
        "coding": [ {
          "system": "http://terminology.hl7.org/CodeSystem/organization-type",
          "code": "pay",
          "display": "Payer"
        } ]
      } ],
      "name": "Blue Cross Blue Shield of Texas",
      "telecom": [ {
        "system": "phone",
        "value": "(+1) 972-766-6900"
      } ],
      "address": [ {
        "use": "billing",
        "type": "postal",
        "line": [ "P.O. Box 660044" ],
        "city": "Dallas",
        "state": "TX",
        "postalCode": "75266-0044",
        "country": "USA"
      } ]
    },
    "request": {
      "method": "PUT",
      "url": "Organization/823f5766-b275-4bdc-b2f4-f31c5e11d5dd"
    }
  }, {
    "fullUrl": "https://madie.cms.gov/Practitioner/5c006bfb-d7f6-40c3-b27a-1103a4fabc09",
    "resource": {
      "resourceType": "Practitioner",
      "id": "5c006bfb-d7f6-40c3-b27a-1103a4fabc09",
      "meta": {
        "profile": [ "http://hl7.org/fhir/us/qicore/StructureDefinition/qicore-practitioner" ]
      },
      "identifier": [ {
        "system": "http://hl7.org/fhir/sid/us-npi",
        "value": "123456"
      } ],
      "name": [ {
        "family": "Evil",
        "prefix": [ "Dr" ]
      } ]
    },
    "request": {
      "method": "PUT",
      "url": "Practitioner/5c006bfb-d7f6-40c3-b27a-1103a4fabc09"
    }
  }, {
    "fullUrl": "https://madie.cms.gov/MeasureReport/49e3c951-dfb6-47b7-88dc-37492bc2214a",
    "resource": {
      "resourceType": "MeasureReport",
      "id": "49e3c951-dfb6-47b7-88dc-37492bc2214a",
      "meta": {
        "profile": [ "http://hl7.org/fhir/us/cqfmeasures/StructureDefinition/test-case-cqfm" ]
      },
      "contained": [ {
        "resourceType": "Parameters",
        "id": "0ebd72fd-e29c-4356-a732-9821c4445b16-parameters",
        "parameter": [ {
          "name": "subject",
          "valueString": "c84bf29f-80ac-4bf0-beeb-404ba96a3fa8"
        } ]
      } ],
      "extension": [ {
        "url": "http://hl7.org/fhir/StructureDefinition/cqf-inputParameters",
        "valueReference": {
          "reference": "#0ebd72fd-e29c-4356-a732-9821c4445b16-parameters"
        }
      }, {
        "url": "http://hl7.org/fhir/us/cqfmeasures/StructureDefinition/cqfm-testCaseDescription",
        "valueMarkdown": "Amb enc 1st day of MP, BMI high 25, Inpt enc starts last day of MP and ends 1st day of new yr., DC to home for hospice that started during MP but ends after MP. Passes NUMER as all criteria is met except the exclusion "
      } ],
      "modifierExtension": [ {
        "url": "http://hl7.org/fhir/us/cqfmeasures/StructureDefinition/cqfm-isTestCase",
        "valueBoolean": true
      } ],
      "status": "complete",
      "type": "individual",
      "measure": "https://madie.cms.gov/Measure/CMS69FHIRPCSBMIScreenAndFollowUp",
      "period": {
        "start": "2026-01-01",
        "end": "2026-12-31"
      },
      "group": [ {
        "id": "Group_1",
        "population": [ {
          "id": "InitialPopulation_1",
          "code": {
            "coding": [ {
              "system": "http://terminology.hl7.org/CodeSystem/measure-population",
              "code": "initial-population",
              "display": "Initial Population"
            } ]
          },
          "count": 1
        }, {
          "id": "Denominator_1",
          "code": {
            "coding": [ {
              "system": "http://terminology.hl7.org/CodeSystem/measure-population",
              "code": "denominator",
              "display": "Denominator"
            } ]
          },
          "count": 1
        }, {
          "id": "DenominatorExclusion_1",
          "code": {
            "coding": [ {
              "system": "http://terminology.hl7.org/CodeSystem/measure-population",
              "code": "denominator-exclusion",
              "display": "Denominator Exclusion"
            } ]
          },
          "count": 0
        }, {
          "id": "Numerator_1",
          "code": {
            "coding": [ {
              "system": "http://terminology.hl7.org/CodeSystem/measure-population",
              "code": "numerator",
              "display": "Numerator"
            } ]
          },
          "count": 1
        }, {
          "id": "DenominatorException_1",
          "code": {
            "coding": [ {
              "system": "http://terminology.hl7.org/CodeSystem/measure-population",
              "code": "denominator-exception",
              "display": "Denominator Exception"
            } ]
          },
          "count": 0
        } ],
        "measureScore": {
          "value": 1.0
        }
      } ],
      "evaluatedResource": [ {
        "reference": "Patient/c84bf29f-80ac-4bf0-beeb-404ba96a3fa8"
      }, {
        "reference": "Encounter/9ad64ec6-f096-40fb-b127-50b23dba96cb"
      }, {
        "reference": "Observation/d49498be-f7a1-44f3-981f-a7805a736e8b"
      }, {
        "reference": "Procedure/34b4fea1-053c-412d-8250-6886c89f67b7"
      }, {
        "reference": "Encounter/2466e1c9-7c3f-4426-9b40-237aa4e07d55"
      }, {
        "reference": "Coverage/9ddf1cf9-7c6b-4e3c-91d4-e7089edbc4a6"
      }, {
        "reference": "Organization/823f5766-b275-4bdc-b2f4-f31c5e11d5dd"
      }, {
        "reference": "Practitioner/5c006bfb-d7f6-40c3-b27a-1103a4fabc09"
      } ]
    },
    "request": {
      "method": "PUT",
      "url": "MeasureReport/49e3c951-dfb6-47b7-88dc-37492bc2214a"
    }
  } ]
}