{
  "resourceType": "Bundle",
  "id": "numerpass-twoscans",
  "type": "transaction",
  "entry": [ {
    "fullUrl": "https://madie.cms.gov/Patient/a9545a75-1461-4bf0-a105-d60ba84772a5",
    "resource": {
      "resourceType": "Patient",
      "id": "a9545a75-1461-4bf0-a105-d60ba84772a5",
      "meta": {
        "profile": [ "http://hl7.org/fhir/us/core/StructureDefinition/us-core-patient", "http://hl7.org/fhir/us/qicore/StructureDefinition/qicore-patient" ]
      },
      "extension": [ {
        "url": "http://hl7.org/fhir/us/core/StructureDefinition/us-core-race",
        "extension": [ {
          "url": "ombCategory",
          "valueCoding": {
            "system": "urn:oid:2.16.840.1.113883.6.238",
            "code": "2028-9",
            "display": "Asian"
          }
        }, {
          "url": "text",
          "valueString": "Asian"
        } ]
      }, {
        "url": "http://hl7.org/fhir/us/core/StructureDefinition/us-core-ethnicity",
        "extension": [ {
          "url": "ombCategory",
          "valueCoding": {
            "system": "urn:oid:2.16.840.1.113883.6.238",
            "code": "2135-2",
            "display": "Hispanic or Latino"
          }
        }, {
          "url": "text",
          "valueString": "Hispanic or Latino"
        } ]
      } ],
      "identifier": [ {
        "system": "http://hospital.smarthealthit.org",
        "value": "999999995"
      } ],
      "name": [ {
        "family": "TwoScans",
        "given": [ "NUMERPass" ]
      } ],
      "birthDate": "1987-06-12"
    },
    "request": {
      "method": "PUT",
      "url": "Patient/a9545a75-1461-4bf0-a105-d60ba84772a5"
    }
  }, {
    "fullUrl": "https://madie.cms.gov/Observation/7afdba67-0138-4007-a792-00ca5a7801e8",
    "resource": {
      "resourceType": "Observation",
      "id": "7afdba67-0138-4007-a792-00ca5a7801e8",
      "meta": {
        "profile": [ "http://hl7.org/fhir/us/qicore/StructureDefinition/qicore-observation-lab" ]
      },
      "status": "final",
      "category": [ {
        "coding": [ {
          "system": "http://terminology.hl7.org/CodeSystem/observation-category",
          "code": "imaging",
          "display": "Imaging"
        } ]
      } ],
      "code": {
        "coding": [ {
          "system": "http://loinc.org",
          "code": "96914-7",
          "display": "CT dose and image quality category"
        } ],
        "text": "CT dose and image quality category"
      },
      "subject": {
        "reference": "Patient/a9545a75-1461-4bf0-a105-d60ba84772a5"
      },
      "effectiveDateTime": "2026-01-02T00:00:00+00:00",
      "valueCodeableConcept": {
        "coding": [ {
          "system": "http://loinc.org",
          "code": "LA31752-1",
          "display": "Abdomen and Pelvis Low Dose"
        } ]
      },
      "component": [ {
        "code": {
          "coding": [ {
            "system": "http://loinc.org",
            "code": "96912-1",
            "display": "Calculated CT global noise"
          } ]
        },
        "valueQuantity": {
          "value": 65,
          "unit": "[hnsf'U]",
          "system": "http://unitsofmeasure.org",
          "code": "[hnsf'U]"
        }
      }, {
        "code": {
          "coding": [ {
            "system": "http://loinc.org",
            "code": "96913-9",
            "display": "Calculated CT size-adjusted dose"
          } ]
        },
        "valueQuantity": {
          "value": 585,
          "unit": "mGy.cm",
          "system": "http://unitsofmeasure.org",
          "code": "mGy.cm"
        }
      } ]
    },
    "request": {
      "method": "PUT",
      "url": "Observation/7afdba67-0138-4007-a792-00ca5a7801e8"
    }
  }, {
    "fullUrl": "https://madie.cms.gov/Observation/c0fb6289-7c0e-4285-baef-dfa7dc87e26e",
    "resource": {
      "resourceType": "Observation",
      "id": "c0fb6289-7c0e-4285-baef-dfa7dc87e26e",
      "meta": {
        "profile": [ "http://hl7.org/fhir/us/qicore/StructureDefinition/qicore-observation" ]
      },
      "status": "final",
      "category": [ {
        "coding": [ {
          "system": "http://terminology.hl7.org/CodeSystem/observation-category",
          "code": "imaging",
          "display": "Imaging"
        } ]
      } ],
      "code": {
        "coding": [ {
          "system": "http://loinc.org",
          "code": "96914-7",
          "display": "CT dose and image quality category"
        } ],
        "text": "CT dose and image quality category"
      },
      "subject": {
        "reference": "Patient/a9545a75-1461-4bf0-a105-d60ba84772a5"
      },
      "effectiveDateTime": "2026-01-02T00:00:00+00:00",
      "valueCodeableConcept": {
        "coding": [ {
          "system": "http://loinc.org",
          "code": "LA31752-1",
          "display": "Abdomen and Pelvis Low Dose"
        } ]
      },
      "component": [ {
        "code": {
          "coding": [ {
            "system": "http://loinc.org",
            "code": "96912-1",
            "display": "Calculated CT global noise"
          } ]
        },
        "valueQuantity": {
          "value": 63,
          "unit": "[hnsf'U]",
          "system": "http://unitsofmeasure.org",
          "code": "[hnsf'U]"
        }
      }, {
        "code": {
          "coding": [ {
            "system": "http://loinc.org",
            "code": "96913-9",
            "display": "Calculated CT size-adjusted dose"
          } ]
        },
        "valueQuantity": {
          "value": 585,
          "unit": "mGy.cm",
          "system": "http://unitsofmeasure.org",
          "code": "mGy.cm"
        }
      } ]
    },
    "request": {
      "method": "PUT",
      "url": "Observation/c0fb6289-7c0e-4285-baef-dfa7dc87e26e"
    }
  }, {
    "fullUrl": "https://madie.cms.gov/MeasureReport/8d0877fd-b562-4d1e-ae7c-7ca7d5af9773",
    "resource": {
      "resourceType": "MeasureReport",
      "id": "8d0877fd-b562-4d1e-ae7c-7ca7d5af9773",
      "meta": {
        "profile": [ "http://hl7.org/fhir/us/cqfmeasures/StructureDefinition/test-case-cqfm" ]
      },
      "contained": [ {
        "resourceType": "Parameters",
        "id": "8fc4a4bc-c11d-4e58-8a8b-33c603917b7d-parameters",
        "parameter": [ {
          "name": "subject",
          "valueString": "a9545a75-1461-4bf0-a105-d60ba84772a5"
        } ]
      } ],
      "extension": [ {
        "url": "http://hl7.org/fhir/StructureDefinition/cqf-inputParameters",
        "valueReference": {
          "reference": "#8fc4a4bc-c11d-4e58-8a8b-33c603917b7d-parameters"
        }
      }, {
        "url": "http://hl7.org/fhir/us/cqfmeasures/StructureDefinition/cqfm-testCaseDescription",
        "valueMarkdown": "Patient has 2 valid scans, 1 has good results and the other has high noise"
      } ],
      "modifierExtension": [ {
        "url": "http://hl7.org/fhir/us/cqfmeasures/StructureDefinition/cqfm-isTestCase",
        "valueBoolean": true
      } ],
      "status": "complete",
      "type": "individual",
      "measure": "https://madie.cms.gov/Measure/CMS1056CTClinicalFHIR",
      "period": {
        "start": "2026-01-01",
        "end": "2026-12-31"
      },
      "group": [ {
        "id": "Group_1",
        "population": [ {
          "id": "InitialPopulation_1",
          "code": {
            "coding": [ {
              "system": "http://terminology.hl7.org/CodeSystem/measure-population",
              "code": "initial-population",
              "display": "Initial Population"
            } ]
          },
          "count": 1
        }, {
          "id": "Denominator_1",
          "code": {
            "coding": [ {
              "system": "http://terminology.hl7.org/CodeSystem/measure-population",
              "code": "denominator",
              "display": "Denominator"
            } ]
          },
          "count": 1
        }, {
          "id": "DenominatorExclusion_1",
          "code": {
            "coding": [ {
              "system": "http://terminology.hl7.org/CodeSystem/measure-population",
              "code": "denominator-exclusion",
              "display": "Denominator Exclusion"
            } ]
          },
          "count": 0
        }, {
          "id": "Numerator_1",
          "code": {
            "coding": [ {
              "system": "http://terminology.hl7.org/CodeSystem/measure-population",
              "code": "numerator",
              "display": "Numerator"
            } ]
          },
          "count": 1
        } ],
        "measureScore": {
          "value": 1.0
        }
      } ],
      "evaluatedResource": [ {
        "reference": "Patient/a9545a75-1461-4bf0-a105-d60ba84772a5"
      }, {
        "reference": "Observation/7afdba67-0138-4007-a792-00ca5a7801e8"
      }, {
        "reference": "Observation/c0fb6289-7c0e-4285-baef-dfa7dc87e26e"
      } ]
    },
    "request": {
      "method": "PUT",
      "url": "MeasureReport/8d0877fd-b562-4d1e-ae7c-7ca7d5af9773"
    }
  } ]
}