{
  "resourceType": "Bundle",
  "id": "4964641346461351313",
  "type": "transaction",
  "entry": [ {
    "fullUrl": "https://madie.cms.gov/Patient/13ce1b7d-3af6-4ef3-a4ae-6cd7c3075be8",
    "resource": {
      "resourceType": "Patient",
      "id": "13ce1b7d-3af6-4ef3-a4ae-6cd7c3075be8",
      "meta": {
        "profile": [ "http://hl7.org/fhir/us/qicore/StructureDefinition/qicore-patient" ]
      },
      "extension": [ {
        "url": "http://hl7.org/fhir/us/core/StructureDefinition/us-core-race",
        "extension": [ {
          "url": "ombCategory",
          "valueCoding": {
            "system": "urn:oid:2.16.840.1.113883.6.238",
            "code": "1002-5",
            "display": "American Indian or Alaska Native"
          }
        }, {
          "url": "text",
          "valueString": "American Indian or Alaska Native"
        } ]
      }, {
        "url": "http://hl7.org/fhir/us/core/StructureDefinition/us-core-ethnicity",
        "extension": [ {
          "url": "ombCategory",
          "valueCoding": {
            "system": "urn:oid:2.16.840.1.113883.6.238",
            "code": "2186-5",
            "display": "Not Hispanic or Latino"
          }
        }, {
          "url": "text",
          "valueString": "Not Hispanic or Latino"
        } ]
      } ],
      "identifier": [ {
        "type": {
          "coding": [ {
            "system": "http://terminology.hl7.org/CodeSystem/v2-0203",
            "code": "MR"
          } ]
        },
        "system": "https://bonnie-fhir.healthit.gov/",
        "value": "68465413513131313"
      } ],
      "active": true,
      "name": [ {
        "use": "usual",
        "family": "DENEXCEPPop1Fail",
        "given": [ "HypotensionAfterEncounter" ]
      } ],
      "gender": "female",
      "birthDate": "1947-03-24"
    },
    "request": {
      "method": "PUT",
      "url": "Patient/13ce1b7d-3af6-4ef3-a4ae-6cd7c3075be8"
    }
  }, {
    "fullUrl": "https://madie.cms.gov/Encounter/70c18933-dd24-4d74-b9cb-afe07714b42e",
    "resource": {
      "resourceType": "Encounter",
      "id": "70c18933-dd24-4d74-b9cb-afe07714b42e",
      "meta": {
        "profile": [ "http://hl7.org/fhir/us/qicore/StructureDefinition/qicore-encounter" ]
      },
      "status": "finished",
      "class": {
        "system": "http://terminology.hl7.org/CodeSystem/v3-ActCode",
        "code": "AMB",
        "display": "ambulatory encounter"
      },
      "type": [ {
        "coding": [ {
          "system": "http://www.ama-assn.org/go/cpt",
          "version": "2024",
          "code": "99205"
        } ]
      } ],
      "subject": {
        "reference": "Patient/13ce1b7d-3af6-4ef3-a4ae-6cd7c3075be8"
      },
      "period": {
        "start": "2026-04-05T06:00:00.000+00:00",
        "end": "2026-04-05T07:00:00.000+00:00"
      }
    },
    "request": {
      "method": "PUT",
      "url": "Encounter/70c18933-dd24-4d74-b9cb-afe07714b42e"
    }
  }, {
    "fullUrl": "https://madie.cms.gov/Encounter/ee78f348-42d5-4e12-ba15-c4205444a58e",
    "resource": {
      "resourceType": "Encounter",
      "id": "ee78f348-42d5-4e12-ba15-c4205444a58e",
      "meta": {
        "profile": [ "http://hl7.org/fhir/us/qicore/StructureDefinition/qicore-encounter" ]
      },
      "status": "finished",
      "class": {
        "system": "http://terminology.hl7.org/CodeSystem/v3-ActCode",
        "code": "AMB",
        "display": "ambulatory encounter"
      },
      "type": [ {
        "coding": [ {
          "system": "http://www.ama-assn.org/go/cpt",
          "version": "2024",
          "code": "99205"
        } ]
      } ],
      "subject": {
        "reference": "Patient/13ce1b7d-3af6-4ef3-a4ae-6cd7c3075be8"
      },
      "period": {
        "start": "2026-07-08T09:00:00.000+00:00",
        "end": "2026-07-08T09:00:00.000+00:00"
      }
    },
    "request": {
      "method": "PUT",
      "url": "Encounter/ee78f348-42d5-4e12-ba15-c4205444a58e"
    }
  }, {
    "fullUrl": "https://madie.cms.gov/Condition/4ee1a39d-c7b0-4f5d-b9c5-67f3bca14822",
    "resource": {
      "resourceType": "Condition",
      "id": "4ee1a39d-c7b0-4f5d-b9c5-67f3bca14822",
      "meta": {
        "profile": [ "http://hl7.org/fhir/us/qicore/StructureDefinition/qicore-condition-problems-health-concerns" ]
      },
      "clinicalStatus": {
        "coding": [ {
          "system": "http://terminology.hl7.org/CodeSystem/condition-clinical",
          "code": "active",
          "display": "Active"
        } ]
      },
      "verificationStatus": {
        "coding": [ {
          "system": "http://terminology.hl7.org/CodeSystem/condition-ver-status",
          "code": "confirmed",
          "display": "Confirmed"
        } ]
      },
      "category": [ {
        "coding": [ {
          "system": "http://terminology.hl7.org/CodeSystem/condition-category",
          "code": "problem-list-item",
          "display": "Problem List Item"
        } ]
      } ],
      "code": {
        "coding": [ {
          "system": "http://snomed.info/sct",
          "version": "http://snomed.info/sct/731000124108/version/20240301",
          "code": "981000124106",
          "display": "Moderate left ventricular systolic dysfunction (disorder)"
        } ]
      },
      "subject": {
        "reference": "Patient/13ce1b7d-3af6-4ef3-a4ae-6cd7c3075be8"
      },
      "onsetPeriod": {
        "start": "2026-04-05T06:00:00.000+00:00"
      }
    },
    "request": {
      "method": "PUT",
      "url": "Condition/4ee1a39d-c7b0-4f5d-b9c5-67f3bca14822"
    }
  }, {
    "fullUrl": "https://madie.cms.gov/Condition/ecef62a7-b114-454a-91be-a770cb9dbe45",
    "resource": {
      "resourceType": "Condition",
      "id": "ecef62a7-b114-454a-91be-a770cb9dbe45",
      "meta": {
        "profile": [ "http://hl7.org/fhir/us/qicore/StructureDefinition/qicore-condition-problems-health-concerns" ]
      },
      "clinicalStatus": {
        "coding": [ {
          "system": "http://terminology.hl7.org/CodeSystem/condition-clinical",
          "code": "active",
          "display": "Active"
        } ]
      },
      "verificationStatus": {
        "coding": [ {
          "system": "http://terminology.hl7.org/CodeSystem/condition-ver-status",
          "code": "confirmed",
          "display": "Confirmed"
        } ]
      },
      "category": [ {
        "coding": [ {
          "system": "http://terminology.hl7.org/CodeSystem/condition-category",
          "code": "problem-list-item",
          "display": "Problem List Item"
        } ]
      } ],
      "code": {
        "coding": [ {
          "system": "http://snomed.info/sct",
          "version": "http://snomed.info/sct/731000124108/version/20240301",
          "code": "10365005",
          "display": "Right main coronary artery thrombosis (disorder)"
        } ]
      },
      "subject": {
        "reference": "Patient/13ce1b7d-3af6-4ef3-a4ae-6cd7c3075be8"
      },
      "onsetPeriod": {
        "start": "2026-04-05T06:00:00.000+00:00"
      }
    },
    "request": {
      "method": "PUT",
      "url": "Condition/ecef62a7-b114-454a-91be-a770cb9dbe45"
    }
  }, {
    "fullUrl": "https://madie.cms.gov/Condition/1807d115-ddae-41e6-887b-53f16d7a3ecd",
    "resource": {
      "resourceType": "Condition",
      "id": "1807d115-ddae-41e6-887b-53f16d7a3ecd",
      "meta": {
        "profile": [ "http://hl7.org/fhir/us/qicore/StructureDefinition/qicore-condition-problems-health-concerns" ]
      },
      "clinicalStatus": {
        "coding": [ {
          "system": "http://terminology.hl7.org/CodeSystem/condition-clinical",
          "code": "active",
          "display": "Active"
        } ]
      },
      "verificationStatus": {
        "coding": [ {
          "system": "http://terminology.hl7.org/CodeSystem/condition-ver-status",
          "code": "confirmed",
          "display": "Confirmed"
        } ]
      },
      "category": [ {
        "coding": [ {
          "system": "http://terminology.hl7.org/CodeSystem/condition-category",
          "code": "problem-list-item",
          "display": "Problem List Item"
        } ]
      } ],
      "code": {
        "coding": [ {
          "system": "http://snomed.info/sct",
          "version": "http://snomed.info/sct/731000124108/version/20240301",
          "code": "195506001",
          "display": "Idiopathic hypotension (disorder)"
        } ]
      },
      "subject": {
        "reference": "Patient/13ce1b7d-3af6-4ef3-a4ae-6cd7c3075be8"
      },
      "onsetPeriod": {
        "start": "2026-12-05T06:00:00.000+00:00"
      }
    },
    "request": {
      "method": "PUT",
      "url": "Condition/1807d115-ddae-41e6-887b-53f16d7a3ecd"
    }
  }, {
    "fullUrl": "https://madie.cms.gov/MeasureReport/1ba0fcf6-c9e4-4349-996a-84c7322031d7",
    "resource": {
      "resourceType": "MeasureReport",
      "id": "1ba0fcf6-c9e4-4349-996a-84c7322031d7",
      "meta": {
        "profile": [ "http://hl7.org/fhir/us/cqfmeasures/StructureDefinition/test-case-cqfm" ]
      },
      "contained": [ {
        "resourceType": "Parameters",
        "id": "846893f1-9134-4ff8-a145-752ee898cafa-parameters",
        "parameter": [ {
          "name": "subject",
          "valueString": "13ce1b7d-3af6-4ef3-a4ae-6cd7c3075be8"
        } ]
      } ],
      "extension": [ {
        "url": "http://hl7.org/fhir/StructureDefinition/cqf-inputParameters",
        "valueReference": {
          "reference": "#846893f1-9134-4ff8-a145-752ee898cafa-parameters"
        }
      }, {
        "url": "http://hl7.org/fhir/us/cqfmeasures/StructureDefinition/cqfm-testCaseDescription",
        "valueMarkdown": "Pt > 18, 2 visits during MP, Moderate LVSD and CAD (both with onset during 1st visit), and Hypotension after 2nd visit"
      } ],
      "modifierExtension": [ {
        "url": "http://hl7.org/fhir/us/cqfmeasures/StructureDefinition/cqfm-isTestCase",
        "valueBoolean": true
      } ],
      "status": "complete",
      "type": "individual",
      "measure": "https://madie.cms.gov/Measure/CMS145FHIRCADBetaBlockerTherapyPriorMIorLVSD",
      "period": {
        "start": "2026-01-01",
        "end": "2026-12-31"
      },
      "group": [ {
        "id": "Group_1",
        "population": [ {
          "id": "InitialPopulation_1",
          "code": {
            "coding": [ {
              "system": "http://terminology.hl7.org/CodeSystem/measure-population",
              "code": "initial-population",
              "display": "Initial Population"
            } ]
          },
          "count": 1
        }, {
          "id": "Denominator_1",
          "code": {
            "coding": [ {
              "system": "http://terminology.hl7.org/CodeSystem/measure-population",
              "code": "denominator",
              "display": "Denominator"
            } ]
          },
          "count": 1
        }, {
          "id": "Numerator_1",
          "code": {
            "coding": [ {
              "system": "http://terminology.hl7.org/CodeSystem/measure-population",
              "code": "numerator",
              "display": "Numerator"
            } ]
          },
          "count": 0
        }, {
          "id": "DenominatorException_1",
          "code": {
            "coding": [ {
              "system": "http://terminology.hl7.org/CodeSystem/measure-population",
              "code": "denominator-exception",
              "display": "Denominator Exception"
            } ]
          },
          "count": 0
        } ],
        "measureScore": {
          "value": 1.0
        }
      }, {
        "id": "Group_2",
        "population": [ {
          "id": "InitialPopulation_2",
          "code": {
            "coding": [ {
              "system": "http://terminology.hl7.org/CodeSystem/measure-population",
              "code": "initial-population",
              "display": "Initial Population"
            } ]
          },
          "count": 1
        }, {
          "id": "Denominator_2",
          "code": {
            "coding": [ {
              "system": "http://terminology.hl7.org/CodeSystem/measure-population",
              "code": "denominator",
              "display": "Denominator"
            } ]
          },
          "count": 0
        }, {
          "id": "Numerator_2",
          "code": {
            "coding": [ {
              "system": "http://terminology.hl7.org/CodeSystem/measure-population",
              "code": "numerator",
              "display": "Numerator"
            } ]
          },
          "count": 0
        }, {
          "id": "DenominatorException_2",
          "code": {
            "coding": [ {
              "system": "http://terminology.hl7.org/CodeSystem/measure-population",
              "code": "denominator-exception",
              "display": "Denominator Exception"
            } ]
          },
          "count": 0
        } ],
        "measureScore": {
          "value": 1.0
        }
      } ],
      "evaluatedResource": [ {
        "reference": "Patient/13ce1b7d-3af6-4ef3-a4ae-6cd7c3075be8"
      }, {
        "reference": "Encounter/70c18933-dd24-4d74-b9cb-afe07714b42e"
      }, {
        "reference": "Encounter/ee78f348-42d5-4e12-ba15-c4205444a58e"
      }, {
        "reference": "Condition/4ee1a39d-c7b0-4f5d-b9c5-67f3bca14822"
      }, {
        "reference": "Condition/ecef62a7-b114-454a-91be-a770cb9dbe45"
      }, {
        "reference": "Condition/1807d115-ddae-41e6-887b-53f16d7a3ecd"
      } ]
    },
    "request": {
      "method": "PUT",
      "url": "MeasureReport/1ba0fcf6-c9e4-4349-996a-84c7322031d7"
    }
  } ]
}