{
  "resourceType": "Bundle",
  "id": "62fd4b6a0968f8012246b2b5",
  "type": "transaction",
  "entry": [ {
    "fullUrl": "https://madie.cms.gov/Patient/445106a4-1531-4830-8726-4ea6c1d27484",
    "resource": {
      "resourceType": "Patient",
      "id": "445106a4-1531-4830-8726-4ea6c1d27484",
      "meta": {
        "profile": [ "http://hl7.org/fhir/us/qicore/StructureDefinition/qicore-patient" ]
      },
      "extension": [ {
        "url": "http://hl7.org/fhir/us/core/StructureDefinition/us-core-race",
        "extension": [ {
          "url": "ombCategory",
          "valueCoding": {
            "system": "urn:oid:2.16.840.1.113883.6.238",
            "code": "1002-5",
            "display": "American Indian or Alaska Native",
            "userSelected": true
          }
        }, {
          "url": "text",
          "valueString": "American Indian or Alaska Native"
        } ]
      }, {
        "url": "http://hl7.org/fhir/us/core/StructureDefinition/us-core-ethnicity",
        "extension": [ {
          "url": "ombCategory",
          "valueCoding": {
            "system": "urn:oid:2.16.840.1.113883.6.238",
            "code": "2135-2",
            "display": "Hispanic or Latino",
            "userSelected": true
          }
        }, {
          "url": "text",
          "valueString": "Hispanic or Latino"
        } ]
      } ],
      "identifier": [ {
        "type": {
          "coding": [ {
            "system": "http://terminology.hl7.org/CodeSystem/v2-0203",
            "code": "MR"
          } ]
        },
        "system": "https://bonnie-fhir.healthit.gov/",
        "value": "62fd4b6a0968f8012246b2b5"
      } ],
      "name": [ {
        "family": "NUMERFail",
        "given": [ "Cons1MinBeforeReferral" ]
      } ],
      "gender": "female",
      "birthDate": "1990-12-31"
    },
    "request": {
      "method": "PUT",
      "url": "Patient/445106a4-1531-4830-8726-4ea6c1d27484"
    }
  }, {
    "fullUrl": "https://madie.cms.gov/Task/343871e1-20c9-4d20-8678-b7b512e1decd",
    "resource": {
      "resourceType": "Task",
      "id": "343871e1-20c9-4d20-8678-b7b512e1decd",
      "meta": {
        "profile": [ "http://hl7.org/fhir/us/qicore/StructureDefinition/qicore-task" ]
      },
      "identifier": [ {
        "use": "official",
        "system": "http:/goodhealth.org/identifiers",
        "value": "20170201-002"
      } ],
      "basedOn": [ {
        "reference": "ServiceRequest/2b005327-7c0a-4d5d-9e73-17e062f6c895"
      } ],
      "status": "completed",
      "intent": "order",
      "priority": "routine",
      "code": {
        "coding": [ {
          "system": "http://loinc.org",
          "version": "2.72",
          "code": "11488-4",
          "display": "Consult note",
          "userSelected": true
        } ]
      },
      "for": {
        "reference": "Patient/445106a4-1531-4830-8726-4ea6c1d27484"
      },
      "executionPeriod": {
        "start": "2026-10-31T23:50:00.000+00:00",
        "end": "2026-10-31T23:58:00.000+00:00"
      }
    },
    "request": {
      "method": "PUT",
      "url": "Task/343871e1-20c9-4d20-8678-b7b512e1decd"
    }
  }, {
    "fullUrl": "https://madie.cms.gov/ServiceRequest/2b005327-7c0a-4d5d-9e73-17e062f6c895",
    "resource": {
      "resourceType": "ServiceRequest",
      "id": "2b005327-7c0a-4d5d-9e73-17e062f6c895",
      "meta": {
        "profile": [ "http://hl7.org/fhir/us/qicore/StructureDefinition/qicore-servicerequest" ]
      },
      "status": "active",
      "intent": "order",
      "code": {
        "coding": [ {
          "system": "http://snomed.info/sct",
          "version": "2022-03",
          "code": "103696004",
          "display": "Patient referral to specialist (procedure)",
          "userSelected": true
        } ]
      },
      "subject": {
        "reference": "Patient/445106a4-1531-4830-8726-4ea6c1d27484"
      },
      "authoredOn": "2026-10-31T23:59:00.000+00:00"
    },
    "request": {
      "method": "PUT",
      "url": "ServiceRequest/2b005327-7c0a-4d5d-9e73-17e062f6c895"
    }
  }, {
    "fullUrl": "https://madie.cms.gov/Encounter/1232d8bf-74e1-4b72-8779-ecd1d7920937",
    "resource": {
      "resourceType": "Encounter",
      "id": "1232d8bf-74e1-4b72-8779-ecd1d7920937",
      "meta": {
        "profile": [ "http://hl7.org/fhir/us/qicore/StructureDefinition/qicore-encounter" ]
      },
      "status": "finished",
      "class": {
        "system": "http://terminology.hl7.org/CodeSystem/v3-ActCode",
        "code": "AMB",
        "display": "ambulatory"
      },
      "type": [ {
        "coding": [ {
          "system": "http://snomed.info/sct",
          "version": "2022-03",
          "code": "359960003",
          "display": "Ophthalmologic examination and evaluation under general anesthesia, limited (procedure)",
          "userSelected": true
        } ]
      } ],
      "subject": {
        "reference": "Patient/445106a4-1531-4830-8726-4ea6c1d27484"
      },
      "period": {
        "start": "2026-05-27T08:00:00.000+00:00",
        "end": "2026-05-27T09:15:00.000+00:00"
      }
    },
    "request": {
      "method": "PUT",
      "url": "Encounter/1232d8bf-74e1-4b72-8779-ecd1d7920937"
    }
  }, {
    "fullUrl": "https://madie.cms.gov/Coverage/b5317cf0-c511-487f-bb96-ae8a913764ab",
    "resource": {
      "resourceType": "Coverage",
      "id": "b5317cf0-c511-487f-bb96-ae8a913764ab",
      "meta": {
        "profile": [ "http://hl7.org/fhir/us/qicore/StructureDefinition/qicore-coverage" ]
      },
      "status": "active",
      "beneficiary": {
        "reference": "Patient/445106a4-1531-4830-8726-4ea6c1d27484"
      },
      "payor": [ {
        "reference": "Organization/c6677644-2d12-4180-942b-5a0a559c9764"
      } ]
    },
    "request": {
      "method": "PUT",
      "url": "Coverage/b5317cf0-c511-487f-bb96-ae8a913764ab"
    }
  }, {
    "fullUrl": "https://madie.cms.gov/Organization/c6677644-2d12-4180-942b-5a0a559c9764",
    "resource": {
      "resourceType": "Organization",
      "id": "c6677644-2d12-4180-942b-5a0a559c9764",
      "meta": {
        "profile": [ "http://hl7.org/fhir/us/qicore/StructureDefinition/qicore-organization" ]
      },
      "identifier": [ {
        "use": "temp",
        "system": "urn:oid:2.16.840.1.113883.4.4",
        "value": "21-3259825"
      } ],
      "active": true,
      "type": [ {
        "coding": [ {
          "system": "http://terminology.hl7.org/CodeSystem/organization-type",
          "code": "pay",
          "display": "Payer"
        } ]
      } ],
      "name": "Blue Cross Blue Shield of Texas",
      "telecom": [ {
        "system": "phone",
        "value": "(+1) 972-766-6900"
      } ],
      "address": [ {
        "use": "billing",
        "type": "postal",
        "line": [ "P.O. Box 660044" ],
        "city": "Dallas",
        "state": "TX",
        "postalCode": "75266-0044",
        "country": "USA"
      } ]
    },
    "request": {
      "method": "PUT",
      "url": "Organization/c6677644-2d12-4180-942b-5a0a559c9764"
    }
  }, {
    "fullUrl": "https://madie.cms.gov/Practitioner/5cd17f77-a5be-47a6-8aaa-e2631a93d712",
    "resource": {
      "resourceType": "Practitioner",
      "id": "5cd17f77-a5be-47a6-8aaa-e2631a93d712",
      "meta": {
        "profile": [ "http://hl7.org/fhir/us/qicore/StructureDefinition/qicore-practitioner" ]
      },
      "identifier": [ {
        "system": "http://hl7.org/fhir/sid/us-npi",
        "value": "123456"
      } ],
      "name": [ {
        "family": "Evil",
        "prefix": [ "Dr" ]
      } ]
    },
    "request": {
      "method": "PUT",
      "url": "Practitioner/5cd17f77-a5be-47a6-8aaa-e2631a93d712"
    }
  }, {
    "fullUrl": "https://madie.cms.gov/MeasureReport/4a7ac432-bc57-425a-a082-252e446e5fd4",
    "resource": {
      "resourceType": "MeasureReport",
      "id": "4a7ac432-bc57-425a-a082-252e446e5fd4",
      "meta": {
        "profile": [ "http://hl7.org/fhir/us/cqfmeasures/StructureDefinition/test-case-cqfm" ]
      },
      "contained": [ {
        "resourceType": "Parameters",
        "id": "56d481b0-d2bd-4a47-b95f-5aa44cd42711-parameters",
        "parameter": [ {
          "name": "subject",
          "valueString": "445106a4-1531-4830-8726-4ea6c1d27484"
        } ]
      } ],
      "extension": [ {
        "url": "http://hl7.org/fhir/StructureDefinition/cqf-inputParameters",
        "valueReference": {
          "reference": "#56d481b0-d2bd-4a47-b95f-5aa44cd42711-parameters"
        }
      }, {
        "url": "http://hl7.org/fhir/us/cqfmeasures/StructureDefinition/cqfm-testCaseDescription",
        "valueMarkdown": "Encounter during MP status finished Referral Status Active Intent Order during Referral period.  Consult report obtained before referral date. status accepted\n"
      } ],
      "modifierExtension": [ {
        "url": "http://hl7.org/fhir/us/cqfmeasures/StructureDefinition/cqfm-isTestCase",
        "valueBoolean": true
      } ],
      "status": "complete",
      "type": "individual",
      "measure": "https://madie.cms.gov/Measure/CMS50FHIRCRLReceiptofSpecialistReport",
      "period": {
        "start": "2026-01-01",
        "end": "2026-12-31"
      },
      "group": [ {
        "id": "Group_1",
        "population": [ {
          "id": "InitialPopulation_1",
          "code": {
            "coding": [ {
              "system": "http://terminology.hl7.org/CodeSystem/measure-population",
              "code": "initial-population",
              "display": "Initial Population"
            } ]
          },
          "count": 1
        }, {
          "id": "Denominator_1",
          "code": {
            "coding": [ {
              "system": "http://terminology.hl7.org/CodeSystem/measure-population",
              "code": "denominator",
              "display": "Denominator"
            } ]
          },
          "count": 1
        }, {
          "id": "Numerator_1",
          "code": {
            "coding": [ {
              "system": "http://terminology.hl7.org/CodeSystem/measure-population",
              "code": "numerator",
              "display": "Numerator"
            } ]
          },
          "count": 0
        } ],
        "measureScore": {
          "value": 1.0
        }
      } ],
      "evaluatedResource": [ {
        "reference": "Patient/445106a4-1531-4830-8726-4ea6c1d27484"
      }, {
        "reference": "Task/343871e1-20c9-4d20-8678-b7b512e1decd"
      }, {
        "reference": "ServiceRequest/2b005327-7c0a-4d5d-9e73-17e062f6c895"
      }, {
        "reference": "Encounter/1232d8bf-74e1-4b72-8779-ecd1d7920937"
      }, {
        "reference": "Coverage/b5317cf0-c511-487f-bb96-ae8a913764ab"
      }, {
        "reference": "Organization/c6677644-2d12-4180-942b-5a0a559c9764"
      }, {
        "reference": "Practitioner/5cd17f77-a5be-47a6-8aaa-e2631a93d712"
      } ]
    },
    "request": {
      "method": "PUT",
      "url": "MeasureReport/4a7ac432-bc57-425a-a082-252e446e5fd4"
    }
  } ]
}