{
  "resourceType": "Bundle",
  "id": "NUMFail-InitHOOS90DaysB4THAFUHOOS426DaysAfterTHA",
  "type": "transaction",
  "entry": [ {
    "fullUrl": "https://madie.cms.gov/Patient/05236d2f-aa55-4478-b2b0-815b513d3655",
    "resource": {
      "resourceType": "Patient",
      "id": "05236d2f-aa55-4478-b2b0-815b513d3655",
      "meta": {
        "profile": [ "http://hl7.org/fhir/us/qicore/StructureDefinition/qicore-patient" ]
      },
      "extension": [ {
        "url": "http://hl7.org/fhir/us/core/StructureDefinition/us-core-race",
        "extension": [ {
          "url": "ombCategory",
          "valueCoding": {
            "system": "urn:oid:2.16.840.1.113883.6.238",
            "code": "2028-9",
            "display": "Asian"
          }
        }, {
          "url": "text",
          "valueString": "Asian"
        } ]
      }, {
        "url": "http://hl7.org/fhir/us/core/StructureDefinition/us-core-ethnicity",
        "extension": [ {
          "url": "ombCategory",
          "valueCoding": {
            "system": "urn:oid:2.16.840.1.113883.6.238",
            "code": "2135-2",
            "display": "Hispanic or Latino"
          }
        }, {
          "url": "text",
          "valueString": "Hispanic or Latino"
        } ]
      } ],
      "identifier": [ {
        "system": "http://hospital.smarthealthit.org",
        "value": "999999995"
      } ],
      "name": [ {
        "family": "Bertha",
        "given": [ "Betty" ]
      } ],
      "gender": "female",
      "birthDate": "2007-01-01"
    },
    "request": {
      "method": "PUT",
      "url": "Patient/05236d2f-aa55-4478-b2b0-815b513d3655"
    }
  }, {
    "fullUrl": "https://madie.cms.gov/Procedure/92f921df-d00b-490c-b116-ed9dab4b6ceb",
    "resource": {
      "resourceType": "Procedure",
      "id": "92f921df-d00b-490c-b116-ed9dab4b6ceb",
      "meta": {
        "profile": [ "http://hl7.org/fhir/us/qicore/StructureDefinition/qicore-procedure" ]
      },
      "extension": [ {
        "url": "http://hl7.org/fhir/us/qicore/StructureDefinition/qicore-recorded",
        "valueDateTime": "2024-11-01T00:00:00.000Z"
      } ],
      "status": "completed",
      "code": {
        "coding": [ {
          "system": "http://www.cms.gov/Medicare/Coding/ICD10",
          "code": "0SR9019",
          "display": "Replacement of Right Hip Joint with Metal Synthetic Substitute, Cemented, Open Approach"
        } ]
      },
      "subject": {
        "reference": "Patient/05236d2f-aa55-4478-b2b0-815b513d3655"
      },
      "performedPeriod": {
        "start": "2024-11-01T00:00:00.000Z",
        "end": "2024-11-01T01:00:00.000Z"
      }
    },
    "request": {
      "method": "PUT",
      "url": "Procedure/92f921df-d00b-490c-b116-ed9dab4b6ceb"
    }
  }, {
    "fullUrl": "https://madie.cms.gov/Encounter/0b5ec933-62db-4755-99b4-f0530c612c08",
    "resource": {
      "resourceType": "Encounter",
      "id": "0b5ec933-62db-4755-99b4-f0530c612c08",
      "meta": {
        "profile": [ "http://hl7.org/fhir/us/qicore/StructureDefinition/qicore-encounter" ]
      },
      "status": "finished",
      "class": {
        "system": "http://terminology.hl7.org/CodeSystem/v3-ActCode",
        "code": "AMB",
        "display": "ambulatory"
      },
      "type": [ {
        "coding": [ {
          "system": "http://snomed.info/sct",
          "code": "281036007",
          "display": "Follow-up consultation (procedure)"
        } ]
      } ],
      "subject": {
        "reference": "Patient/05236d2f-aa55-4478-b2b0-815b513d3655"
      },
      "period": {
        "start": "2025-11-01T00:00:00.000Z",
        "end": "2025-11-01T01:15:00.000Z"
      }
    },
    "request": {
      "method": "PUT",
      "url": "Encounter/0b5ec933-62db-4755-99b4-f0530c612c08"
    }
  }, {
    "fullUrl": "https://madie.cms.gov/Observation/c1d906e6-02be-4984-825a-dd7297361bc7",
    "resource": {
      "resourceType": "Observation",
      "id": "c1d906e6-02be-4984-825a-dd7297361bc7",
      "meta": {
        "profile": [ "http://hl7.org/fhir/us/qicore/StructureDefinition/qicore-observation-screening-assessment" ]
      },
      "status": "final",
      "category": [ {
        "coding": [ {
          "system": "http://terminology.hl7.org/CodeSystem/observation-category",
          "code": "survey"
        } ]
      } ],
      "code": {
        "coding": [ {
          "system": "http://loinc.org",
          "code": "72093-8",
          "display": "Quality of life score [HOOS]"
        } ]
      },
      "subject": {
        "reference": "Patient/05236d2f-aa55-4478-b2b0-815b513d3655"
      },
      "effectivePeriod": {
        "start": "2024-08-02T00:00:00.000Z",
        "end": "2024-08-02T01:00:00.000Z"
      },
      "valueInteger": 60
    },
    "request": {
      "method": "PUT",
      "url": "Observation/c1d906e6-02be-4984-825a-dd7297361bc7"
    }
  }, {
    "fullUrl": "https://madie.cms.gov/Observation/e85b02b6-d7fc-4cf3-846b-99f5989fabe7",
    "resource": {
      "resourceType": "Observation",
      "id": "e85b02b6-d7fc-4cf3-846b-99f5989fabe7",
      "meta": {
        "profile": [ "http://hl7.org/fhir/us/qicore/StructureDefinition/qicore-observation-screening-assessment" ]
      },
      "status": "final",
      "category": [ {
        "coding": [ {
          "system": "http://terminology.hl7.org/CodeSystem/observation-category",
          "code": "survey"
        } ]
      } ],
      "code": {
        "coding": [ {
          "system": "http://loinc.org",
          "code": "72094-6",
          "display": "Sport-recreation score [HOOS]"
        } ]
      },
      "subject": {
        "reference": "Patient/05236d2f-aa55-4478-b2b0-815b513d3655"
      },
      "effectivePeriod": {
        "start": "2024-08-02T00:00:00.000Z",
        "end": "2024-08-02T01:00:00.000Z"
      },
      "valueInteger": 60
    },
    "request": {
      "method": "PUT",
      "url": "Observation/e85b02b6-d7fc-4cf3-846b-99f5989fabe7"
    }
  }, {
    "fullUrl": "https://madie.cms.gov/Observation/f6802a2a-510c-40c7-9da7-3f4e58c6dee9",
    "resource": {
      "resourceType": "Observation",
      "id": "f6802a2a-510c-40c7-9da7-3f4e58c6dee9",
      "meta": {
        "profile": [ "http://hl7.org/fhir/us/qicore/StructureDefinition/qicore-observation-screening-assessment" ]
      },
      "status": "final",
      "category": [ {
        "coding": [ {
          "system": "http://terminology.hl7.org/CodeSystem/observation-category",
          "code": "survey"
        } ]
      } ],
      "code": {
        "coding": [ {
          "system": "http://loinc.org",
          "code": "72095-3",
          "display": "Activities of daily living score [HOOS]"
        } ]
      },
      "subject": {
        "reference": "Patient/05236d2f-aa55-4478-b2b0-815b513d3655"
      },
      "effectivePeriod": {
        "start": "2024-08-02T00:00:00.000Z",
        "end": "2024-08-02T01:00:00.000Z"
      },
      "valueInteger": 60
    },
    "request": {
      "method": "PUT",
      "url": "Observation/f6802a2a-510c-40c7-9da7-3f4e58c6dee9"
    }
  }, {
    "fullUrl": "https://madie.cms.gov/Observation/23a5ec50-de30-45ef-9ac1-364ecd0a7e46",
    "resource": {
      "resourceType": "Observation",
      "id": "23a5ec50-de30-45ef-9ac1-364ecd0a7e46",
      "meta": {
        "profile": [ "http://hl7.org/fhir/us/qicore/StructureDefinition/qicore-observation-screening-assessment" ]
      },
      "status": "final",
      "category": [ {
        "coding": [ {
          "system": "http://terminology.hl7.org/CodeSystem/observation-category",
          "code": "survey"
        } ]
      } ],
      "code": {
        "coding": [ {
          "system": "http://loinc.org",
          "code": "72096-1",
          "display": "Symptoms score [HOOS]"
        } ]
      },
      "subject": {
        "reference": "Patient/05236d2f-aa55-4478-b2b0-815b513d3655"
      },
      "effectivePeriod": {
        "start": "2024-08-02T00:00:00.000Z",
        "end": "2024-08-02T01:00:00.000Z"
      },
      "valueInteger": 60
    },
    "request": {
      "method": "PUT",
      "url": "Observation/23a5ec50-de30-45ef-9ac1-364ecd0a7e46"
    }
  }, {
    "fullUrl": "https://madie.cms.gov/Observation/b5dacb2f-fcc9-4396-916f-d3604ac8a32d",
    "resource": {
      "resourceType": "Observation",
      "id": "b5dacb2f-fcc9-4396-916f-d3604ac8a32d",
      "meta": {
        "profile": [ "http://hl7.org/fhir/us/qicore/StructureDefinition/qicore-observation-screening-assessment" ]
      },
      "status": "final",
      "category": [ {
        "coding": [ {
          "system": "http://terminology.hl7.org/CodeSystem/observation-category",
          "code": "survey"
        } ]
      } ],
      "code": {
        "coding": [ {
          "system": "http://loinc.org",
          "code": "72097-9",
          "display": "Pain score [HOOS]"
        } ]
      },
      "subject": {
        "reference": "Patient/05236d2f-aa55-4478-b2b0-815b513d3655"
      },
      "effectivePeriod": {
        "start": "2024-08-02T00:00:00.000Z",
        "end": "2024-08-02T01:00:00.000Z"
      },
      "valueInteger": 60
    },
    "request": {
      "method": "PUT",
      "url": "Observation/b5dacb2f-fcc9-4396-916f-d3604ac8a32d"
    }
  }, {
    "fullUrl": "https://madie.cms.gov/Observation/ae417fe2-3f7f-4bda-bb7f-30e42c715e8e",
    "resource": {
      "resourceType": "Observation",
      "id": "ae417fe2-3f7f-4bda-bb7f-30e42c715e8e",
      "meta": {
        "profile": [ "http://hl7.org/fhir/us/qicore/StructureDefinition/qicore-observation-screening-assessment" ]
      },
      "status": "final",
      "category": [ {
        "coding": [ {
          "system": "http://terminology.hl7.org/CodeSystem/observation-category",
          "code": "survey"
        } ]
      } ],
      "code": {
        "coding": [ {
          "system": "http://loinc.org",
          "code": "72093-8",
          "display": "Quality of life score [HOOS]"
        } ]
      },
      "subject": {
        "reference": "Patient/05236d2f-aa55-4478-b2b0-815b513d3655"
      },
      "effectivePeriod": {
        "start": "2025-12-31T00:00:00.000Z",
        "end": "2025-12-31T01:00:00.000Z"
      },
      "valueInteger": 60
    },
    "request": {
      "method": "PUT",
      "url": "Observation/ae417fe2-3f7f-4bda-bb7f-30e42c715e8e"
    }
  }, {
    "fullUrl": "https://madie.cms.gov/Observation/f2956b90-582a-43ff-88b0-210b81cf4414",
    "resource": {
      "resourceType": "Observation",
      "id": "f2956b90-582a-43ff-88b0-210b81cf4414",
      "meta": {
        "profile": [ "http://hl7.org/fhir/us/qicore/StructureDefinition/qicore-observation-screening-assessment" ]
      },
      "status": "final",
      "category": [ {
        "coding": [ {
          "system": "http://terminology.hl7.org/CodeSystem/observation-category",
          "code": "survey"
        } ]
      } ],
      "code": {
        "coding": [ {
          "system": "http://loinc.org",
          "code": "72094-6",
          "display": "Sport-recreation score [HOOS]"
        } ]
      },
      "subject": {
        "reference": "Patient/05236d2f-aa55-4478-b2b0-815b513d3655"
      },
      "effectivePeriod": {
        "start": "2025-12-31T00:00:00.000Z",
        "end": "2025-12-31T01:00:00.000Z"
      },
      "valueInteger": 60
    },
    "request": {
      "method": "PUT",
      "url": "Observation/f2956b90-582a-43ff-88b0-210b81cf4414"
    }
  }, {
    "fullUrl": "https://madie.cms.gov/Observation/8968a074-0f02-4d58-a285-19764227595a",
    "resource": {
      "resourceType": "Observation",
      "id": "8968a074-0f02-4d58-a285-19764227595a",
      "meta": {
        "profile": [ "http://hl7.org/fhir/us/qicore/StructureDefinition/qicore-observation-screening-assessment" ]
      },
      "status": "final",
      "category": [ {
        "coding": [ {
          "system": "http://terminology.hl7.org/CodeSystem/observation-category",
          "code": "survey"
        } ]
      } ],
      "code": {
        "coding": [ {
          "system": "http://loinc.org",
          "code": "72095-3",
          "display": "Activities of daily living score [HOOS]"
        } ]
      },
      "subject": {
        "reference": "Patient/05236d2f-aa55-4478-b2b0-815b513d3655"
      },
      "effectivePeriod": {
        "start": "2025-12-31T00:00:00.000Z",
        "end": "2025-12-31T01:00:00.000Z"
      },
      "valueInteger": 60
    },
    "request": {
      "method": "PUT",
      "url": "Observation/8968a074-0f02-4d58-a285-19764227595a"
    }
  }, {
    "fullUrl": "https://madie.cms.gov/Observation/42b47d3d-3477-4943-b980-77e874433e39",
    "resource": {
      "resourceType": "Observation",
      "id": "42b47d3d-3477-4943-b980-77e874433e39",
      "meta": {
        "profile": [ "http://hl7.org/fhir/us/qicore/StructureDefinition/qicore-observation-screening-assessment" ]
      },
      "status": "final",
      "category": [ {
        "coding": [ {
          "system": "http://terminology.hl7.org/CodeSystem/observation-category",
          "code": "survey"
        } ]
      } ],
      "code": {
        "coding": [ {
          "system": "http://loinc.org",
          "code": "72096-1",
          "display": "Symptoms score [HOOS]"
        } ]
      },
      "subject": {
        "reference": "Patient/05236d2f-aa55-4478-b2b0-815b513d3655"
      },
      "effectivePeriod": {
        "start": "2025-12-31T00:00:00.000Z",
        "end": "2025-12-31T01:00:00.000Z"
      },
      "valueInteger": 60
    },
    "request": {
      "method": "PUT",
      "url": "Observation/42b47d3d-3477-4943-b980-77e874433e39"
    }
  }, {
    "fullUrl": "https://madie.cms.gov/Observation/ea7b0f6f-6625-437c-96ab-14ab34327663",
    "resource": {
      "resourceType": "Observation",
      "id": "ea7b0f6f-6625-437c-96ab-14ab34327663",
      "meta": {
        "profile": [ "http://hl7.org/fhir/us/qicore/StructureDefinition/qicore-observation-screening-assessment" ]
      },
      "status": "final",
      "category": [ {
        "coding": [ {
          "system": "http://terminology.hl7.org/CodeSystem/observation-category",
          "code": "survey"
        } ]
      } ],
      "code": {
        "coding": [ {
          "system": "http://loinc.org",
          "code": "72097-9",
          "display": "Pain score [HOOS]"
        } ]
      },
      "subject": {
        "reference": "Patient/05236d2f-aa55-4478-b2b0-815b513d3655"
      },
      "effectivePeriod": {
        "start": "2025-12-31T00:00:00.000Z",
        "end": "2025-12-31T01:00:00.000Z"
      },
      "valueInteger": 60
    },
    "request": {
      "method": "PUT",
      "url": "Observation/ea7b0f6f-6625-437c-96ab-14ab34327663"
    }
  }, {
    "fullUrl": "https://madie.cms.gov/MeasureReport/7810222f-00a0-4e8d-8df3-ce5af8136c47",
    "resource": {
      "resourceType": "MeasureReport",
      "id": "7810222f-00a0-4e8d-8df3-ce5af8136c47",
      "meta": {
        "profile": [ "http://hl7.org/fhir/us/cqfmeasures/StructureDefinition/test-case-cqfm" ]
      },
      "contained": [ {
        "resourceType": "Parameters",
        "id": "f6fc132e-c5e8-425c-af6b-9ea7e142ffc5-parameters",
        "parameter": [ {
          "name": "subject",
          "valueString": "05236d2f-aa55-4478-b2b0-815b513d3655"
        } ]
      } ],
      "extension": [ {
        "url": "http://hl7.org/fhir/StructureDefinition/cqf-inputParameters",
        "valueReference": {
          "reference": "#f6fc132e-c5e8-425c-af6b-9ea7e142ffc5-parameters"
        }
      }, {
        "url": "http://hl7.org/fhir/us/cqfmeasures/StructureDefinition/cqfm-testCaseDescription",
        "valueMarkdown": "Patient w/ a THA Procedure 11/1, Initial Hip Assessment 91 days before THA Procedure(8/2), and FollowUp Hip Assessment HOOS 425 days after THA Procedure (12/30)"
      } ],
      "modifierExtension": [ {
        "url": "http://hl7.org/fhir/us/cqfmeasures/StructureDefinition/cqfm-isTestCase",
        "valueBoolean": true
      } ],
      "status": "complete",
      "type": "individual",
      "measure": "https://madie.cms.gov/Measure/CMS56FHIRFunctionalStatusAssessmentforTotalHipReplacement",
      "period": {
        "start": "2026-01-01",
        "end": "2026-12-31"
      },
      "group": [ {
        "id": "Group_1",
        "population": [ {
          "id": "InitialPopulation_1",
          "code": {
            "coding": [ {
              "system": "http://terminology.hl7.org/CodeSystem/measure-population",
              "code": "initial-population",
              "display": "Initial Population"
            } ]
          },
          "count": 1
        }, {
          "id": "Denominator_1",
          "code": {
            "coding": [ {
              "system": "http://terminology.hl7.org/CodeSystem/measure-population",
              "code": "denominator",
              "display": "Denominator"
            } ]
          },
          "count": 1
        }, {
          "id": "DenominatorExclusion_1",
          "code": {
            "coding": [ {
              "system": "http://terminology.hl7.org/CodeSystem/measure-population",
              "code": "denominator-exclusion",
              "display": "Denominator Exclusion"
            } ]
          },
          "count": 0
        }, {
          "id": "Numerator_1",
          "code": {
            "coding": [ {
              "system": "http://terminology.hl7.org/CodeSystem/measure-population",
              "code": "numerator",
              "display": "Numerator"
            } ]
          },
          "count": 0
        } ],
        "measureScore": {
          "value": 1.0
        }
      } ],
      "evaluatedResource": [ {
        "reference": "Patient/05236d2f-aa55-4478-b2b0-815b513d3655"
      }, {
        "reference": "Procedure/92f921df-d00b-490c-b116-ed9dab4b6ceb"
      }, {
        "reference": "Encounter/0b5ec933-62db-4755-99b4-f0530c612c08"
      }, {
        "reference": "Observation/c1d906e6-02be-4984-825a-dd7297361bc7"
      }, {
        "reference": "Observation/e85b02b6-d7fc-4cf3-846b-99f5989fabe7"
      }, {
        "reference": "Observation/f6802a2a-510c-40c7-9da7-3f4e58c6dee9"
      }, {
        "reference": "Observation/23a5ec50-de30-45ef-9ac1-364ecd0a7e46"
      }, {
        "reference": "Observation/b5dacb2f-fcc9-4396-916f-d3604ac8a32d"
      }, {
        "reference": "Observation/ae417fe2-3f7f-4bda-bb7f-30e42c715e8e"
      }, {
        "reference": "Observation/f2956b90-582a-43ff-88b0-210b81cf4414"
      }, {
        "reference": "Observation/8968a074-0f02-4d58-a285-19764227595a"
      }, {
        "reference": "Observation/42b47d3d-3477-4943-b980-77e874433e39"
      }, {
        "reference": "Observation/ea7b0f6f-6625-437c-96ab-14ab34327663"
      } ]
    },
    "request": {
      "method": "PUT",
      "url": "MeasureReport/7810222f-00a0-4e8d-8df3-ce5af8136c47"
    }
  } ]
}