{
  "resourceType": "Bundle",
  "id": "60abda28bf0a01003e3f76bd",
  "type": "transaction",
  "entry": [ {
    "fullUrl": "https://madie.cms.gov/Patient/959743cc-af58-48ff-afa3-68428e69f0f5",
    "resource": {
      "resourceType": "Patient",
      "id": "959743cc-af58-48ff-afa3-68428e69f0f5",
      "meta": {
        "profile": [ "http://hl7.org/fhir/us/qicore/StructureDefinition/qicore-patient" ]
      },
      "extension": [ {
        "url": "http://hl7.org/fhir/us/core/StructureDefinition/us-core-race",
        "extension": [ {
          "url": "ombCategory",
          "valueCoding": {
            "system": "urn:oid:2.16.840.1.113883.6.238",
            "code": "2054-5",
            "display": "Black or African American"
          }
        }, {
          "url": "text",
          "valueString": "Black or African American"
        } ]
      }, {
        "url": "http://hl7.org/fhir/us/core/StructureDefinition/us-core-ethnicity",
        "extension": [ {
          "url": "ombCategory",
          "valueCoding": {
            "system": "urn:oid:2.16.840.1.113883.6.238",
            "code": "2186-5",
            "display": "Not Hispanic or Latino"
          }
        }, {
          "url": "text",
          "valueString": "Not Hispanic or Latino"
        } ]
      } ],
      "identifier": [ {
        "type": {
          "coding": [ {
            "system": "http://terminology.hl7.org/CodeSystem/v2-0203",
            "code": "MR"
          } ]
        },
        "system": "https://bonnie-fhir.healthit.gov/",
        "value": "4616351646135312"
      } ],
      "name": [ {
        "family": "NUMERFail",
        "given": [ "DexaDoNotPerformTrue" ]
      } ],
      "gender": "male",
      "birthDate": "1954-06-15"
    },
    "request": {
      "method": "PUT",
      "url": "Patient/959743cc-af58-48ff-afa3-68428e69f0f5"
    }
  }, {
    "fullUrl": "https://madie.cms.gov/Encounter/9af22035-4bb9-45ec-bf73-46f2b96a64e2",
    "resource": {
      "resourceType": "Encounter",
      "id": "9af22035-4bb9-45ec-bf73-46f2b96a64e2",
      "meta": {
        "profile": [ "http://hl7.org/fhir/us/qicore/StructureDefinition/qicore-encounter" ]
      },
      "status": "finished",
      "class": {
        "system": "http://terminology.hl7.org/CodeSystem/v3-ActCode",
        "code": "AMB",
        "display": "ambulatory"
      },
      "type": [ {
        "coding": [ {
          "system": "http://snomed.info/sct",
          "version": "http://snomed.info/sct/731000124108/version/20240301",
          "code": "185463005",
          "display": "Visit out of hours (procedure)"
        } ]
      } ],
      "subject": {
        "reference": "Patient/959743cc-af58-48ff-afa3-68428e69f0f5"
      },
      "period": {
        "start": "2026-02-04T08:00:00.000+00:00",
        "end": "2026-02-04T08:15:00.000+00:00"
      }
    },
    "request": {
      "method": "PUT",
      "url": "Encounter/9af22035-4bb9-45ec-bf73-46f2b96a64e2"
    }
  }, {
    "fullUrl": "https://madie.cms.gov/Condition/fbf3ef47-35f9-42db-9d68-1ca62135ab13",
    "resource": {
      "resourceType": "Condition",
      "id": "fbf3ef47-35f9-42db-9d68-1ca62135ab13",
      "meta": {
        "profile": [ "http://hl7.org/fhir/us/qicore/StructureDefinition/qicore-condition-problems-health-concerns" ]
      },
      "clinicalStatus": {
        "coding": [ {
          "system": "http://terminology.hl7.org/CodeSystem/condition-clinical",
          "code": "active",
          "display": "Active"
        } ]
      },
      "verificationStatus": {
        "coding": [ {
          "system": "http://terminology.hl7.org/CodeSystem/condition-ver-status",
          "code": "confirmed"
        } ]
      },
      "category": [ {
        "coding": [ {
          "system": "http://terminology.hl7.org/CodeSystem/condition-category",
          "code": "problem-list-item",
          "display": "Problem List Item"
        } ]
      } ],
      "code": {
        "coding": [ {
          "system": "http://snomed.info/sct",
          "version": "http://snomed.info/sct/731000124108/version/20240301",
          "code": "254900004",
          "display": "Carcinoma of prostate (disorder)"
        } ]
      },
      "subject": {
        "reference": "Patient/959743cc-af58-48ff-afa3-68428e69f0f5"
      },
      "onsetPeriod": {
        "start": "2025-10-04T08:00:00.000+00:00"
      }
    },
    "request": {
      "method": "PUT",
      "url": "Condition/fbf3ef47-35f9-42db-9d68-1ca62135ab13"
    }
  }, {
    "fullUrl": "https://madie.cms.gov/ServiceRequest/8d247726-0a0a-4fcc-b83d-746b6e822534",
    "resource": {
      "resourceType": "ServiceRequest",
      "id": "8d247726-0a0a-4fcc-b83d-746b6e822534",
      "meta": {
        "profile": [ "http://hl7.org/fhir/us/qicore/StructureDefinition/qicore-servicerequest" ]
      },
      "status": "completed",
      "intent": "order",
      "doNotPerform": true,
      "code": {
        "coding": [ {
          "system": "http://loinc.org",
          "version": "2.76",
          "code": "38265-5",
          "display": "DXA Radius and Ulna [T-score] Bone density"
        } ]
      },
      "subject": {
        "reference": "Patient/959743cc-af58-48ff-afa3-68428e69f0f5"
      },
      "authoredOn": "2025-05-04T10:00:00.000+00:00"
    },
    "request": {
      "method": "PUT",
      "url": "ServiceRequest/8d247726-0a0a-4fcc-b83d-746b6e822534"
    }
  }, {
    "fullUrl": "https://madie.cms.gov/Practitioner/eedec3cf-02e3-4419-b906-8e2c0989ed76",
    "resource": {
      "resourceType": "Practitioner",
      "id": "eedec3cf-02e3-4419-b906-8e2c0989ed76",
      "meta": {
        "profile": [ "http://hl7.org/fhir/us/qicore/StructureDefinition/qicore-practitioner" ]
      },
      "identifier": [ {
        "use": "temp",
        "system": "urn:oid:2.16.840.1.113883.4.336",
        "value": "Practitioner-23"
      } ],
      "active": true,
      "name": [ {
        "family": "Careful",
        "given": [ "Adam" ],
        "prefix": [ "Dr" ]
      } ],
      "address": [ {
        "use": "home",
        "line": [ "534 Erewhon St" ],
        "city": "PleasantVille",
        "state": "UT",
        "postalCode": "84414"
      } ],
      "qualification": [ {
        "identifier": [ {
          "system": "http://example.org/UniversityIdentifier",
          "value": "12345"
        } ],
        "code": {
          "coding": [ {
            "system": "http://terminology.hl7.org/CodeSystem/v2-0360|2.7",
            "code": "BS",
            "display": "Bachelor of Science"
          } ],
          "text": "Bachelor of Science"
        },
        "period": {
          "start": "1996"
        },
        "issuer": {
          "display": "Example University"
        }
      } ]
    },
    "request": {
      "method": "PUT",
      "url": "Practitioner/eedec3cf-02e3-4419-b906-8e2c0989ed76"
    }
  }, {
    "fullUrl": "https://madie.cms.gov/MedicationRequest/a2384299-0dbb-4488-a536-5574135b9916",
    "resource": {
      "resourceType": "MedicationRequest",
      "id": "a2384299-0dbb-4488-a536-5574135b9916",
      "meta": {
        "profile": [ "http://hl7.org/fhir/us/qicore/StructureDefinition/qicore-medicationrequest" ]
      },
      "status": "active",
      "intent": "order",
      "medicationCodeableConcept": {
        "coding": [ {
          "system": "http://www.nlm.nih.gov/research/umls/rxnorm",
          "version": "04012024",
          "code": "1115257",
          "display": "1.5 ML leuprolide acetate 30 MG/ML Prefilled Syringe"
        } ]
      },
      "subject": {
        "reference": "Patient/959743cc-af58-48ff-afa3-68428e69f0f5"
      },
      "authoredOn": "2025-12-03T08:00:00.000+00:00",
      "requester": {
        "reference": "http://myGoodHealthcare.com/fhir/Practitioner/eedec3cf-02e3-4419-b906-8e2c0989ed76"
      },
      "dosageInstruction": [ {
        "timing": {
          "repeat": {
            "boundsPeriod": {
              "start": "2025-12-03T08:00:00.000+00:00",
              "end": "2026-03-04T08:00:00.000+00:00"
            }
          }
        }
      } ]
    },
    "request": {
      "method": "PUT",
      "url": "MedicationRequest/a2384299-0dbb-4488-a536-5574135b9916"
    }
  }, {
    "fullUrl": "https://madie.cms.gov/ServiceRequest/593f56ad-f019-43ba-a1fa-ddbb44406502",
    "resource": {
      "resourceType": "ServiceRequest",
      "id": "593f56ad-f019-43ba-a1fa-ddbb44406502",
      "meta": {
        "profile": [ "http://hl7.org/fhir/us/qicore/StructureDefinition/qicore-servicerequest" ]
      },
      "status": "active",
      "intent": "order",
      "code": {
        "coding": [ {
          "system": "http://snomed.info/sct",
          "version": "http://snomed.info/sct/731000124108/version/20240301",
          "code": "456381000124102",
          "display": "Injection of leuprolide acetate for twelve month period (regime/therapy)"
        } ]
      },
      "subject": {
        "reference": "Patient/959743cc-af58-48ff-afa3-68428e69f0f5"
      },
      "authoredOn": "2025-12-04T08:00:00.000+00:00"
    },
    "request": {
      "method": "PUT",
      "url": "ServiceRequest/593f56ad-f019-43ba-a1fa-ddbb44406502"
    }
  }, {
    "fullUrl": "https://madie.cms.gov/MeasureReport/a912058e-a0db-4903-b9f7-053d4e853248",
    "resource": {
      "resourceType": "MeasureReport",
      "id": "a912058e-a0db-4903-b9f7-053d4e853248",
      "meta": {
        "profile": [ "http://hl7.org/fhir/us/cqfmeasures/StructureDefinition/test-case-cqfm" ]
      },
      "contained": [ {
        "resourceType": "Parameters",
        "id": "c1802428-df6e-465a-8d1a-2b3dfcb80a4c-parameters",
        "parameter": [ {
          "name": "subject",
          "valueString": "959743cc-af58-48ff-afa3-68428e69f0f5"
        } ]
      } ],
      "extension": [ {
        "url": "http://hl7.org/fhir/StructureDefinition/cqf-inputParameters",
        "valueReference": {
          "reference": "#c1802428-df6e-465a-8d1a-2b3dfcb80a4c-parameters"
        }
      }, {
        "url": "http://hl7.org/fhir/us/cqfmeasures/StructureDefinition/cqfm-testCaseDescription",
        "valueMarkdown": "Case to cover QI-Core issue with doNotPerform for DEXA Service Request"
      } ],
      "modifierExtension": [ {
        "url": "http://hl7.org/fhir/us/cqfmeasures/StructureDefinition/cqfm-isTestCase",
        "valueBoolean": true
      } ],
      "status": "complete",
      "type": "individual",
      "measure": "https://madie.cms.gov/Measure/CMS645FHIRBoneDensityProstateCancerAndrogenDeprivationTherapy",
      "period": {
        "start": "2026-01-01",
        "end": "2026-12-31"
      },
      "group": [ {
        "id": "Group_1",
        "population": [ {
          "id": "InitialPopulation_1",
          "code": {
            "coding": [ {
              "system": "http://terminology.hl7.org/CodeSystem/measure-population",
              "code": "initial-population",
              "display": "Initial Population"
            } ]
          },
          "count": 1
        }, {
          "id": "Denominator_1",
          "code": {
            "coding": [ {
              "system": "http://terminology.hl7.org/CodeSystem/measure-population",
              "code": "denominator",
              "display": "Denominator"
            } ]
          },
          "count": 1
        }, {
          "id": "Numerator_1",
          "code": {
            "coding": [ {
              "system": "http://terminology.hl7.org/CodeSystem/measure-population",
              "code": "numerator",
              "display": "Numerator"
            } ]
          },
          "count": 0
        }, {
          "id": "DenominatorException_1",
          "code": {
            "coding": [ {
              "system": "http://terminology.hl7.org/CodeSystem/measure-population",
              "code": "denominator-exception",
              "display": "Denominator Exception"
            } ]
          },
          "count": 0
        } ],
        "measureScore": {
          "value": 1.0
        }
      } ],
      "evaluatedResource": [ {
        "reference": "Patient/959743cc-af58-48ff-afa3-68428e69f0f5"
      }, {
        "reference": "Encounter/9af22035-4bb9-45ec-bf73-46f2b96a64e2"
      }, {
        "reference": "Condition/fbf3ef47-35f9-42db-9d68-1ca62135ab13"
      }, {
        "reference": "ServiceRequest/8d247726-0a0a-4fcc-b83d-746b6e822534"
      }, {
        "reference": "Practitioner/eedec3cf-02e3-4419-b906-8e2c0989ed76"
      }, {
        "reference": "MedicationRequest/a2384299-0dbb-4488-a536-5574135b9916"
      }, {
        "reference": "ServiceRequest/593f56ad-f019-43ba-a1fa-ddbb44406502"
      } ]
    },
    "request": {
      "method": "PUT",
      "url": "MeasureReport/a912058e-a0db-4903-b9f7-053d4e853248"
    }
  } ]
}