{
  "resourceType": "Bundle",
  "id": "IPPass-TelephoneVisit",
  "type": "transaction",
  "entry": [ {
    "fullUrl": "https://madie.cms.gov/Patient/dc4c8b59-2a44-4a74-9983-48baabe5679f",
    "resource": {
      "resourceType": "Patient",
      "id": "dc4c8b59-2a44-4a74-9983-48baabe5679f",
      "meta": {
        "profile": [ "http://hl7.org/fhir/us/qicore/StructureDefinition/qicore-patient" ]
      },
      "extension": [ {
        "url": "http://hl7.org/fhir/us/core/StructureDefinition/us-core-race",
        "extension": [ {
          "url": "ombCategory",
          "valueCoding": {
            "system": "urn:oid:2.16.840.1.113883.6.238",
            "code": "2028-9",
            "display": "Asian",
            "userSelected": true
          }
        }, {
          "url": "text",
          "valueString": "Asian"
        } ]
      }, {
        "url": "http://hl7.org/fhir/us/core/StructureDefinition/us-core-ethnicity",
        "extension": [ {
          "url": "ombCategory",
          "valueCoding": {
            "system": "urn:oid:2.16.840.1.113883.6.238",
            "code": "2135-2",
            "display": "Hispanic or Latino",
            "userSelected": true
          }
        }, {
          "url": "text",
          "valueString": "Hispanic or Latino"
        } ]
      } ],
      "identifier": [ {
        "type": {
          "coding": [ {
            "system": "http://terminology.hl7.org/CodeSystem/v2-0203",
            "code": "MR"
          } ]
        },
        "system": "http://hospital.smarthealthit.org",
        "value": "999999995"
      } ],
      "name": [ {
        "family": "Bertha",
        "given": [ "Betty" ]
      } ],
      "gender": "male",
      "birthDate": "2007-01-01"
    },
    "request": {
      "method": "PUT",
      "url": "Patient/dc4c8b59-2a44-4a74-9983-48baabe5679f"
    }
  }, {
    "fullUrl": "https://madie.cms.gov/Encounter/db1c9ef4-30a8-450d-99d2-7affa51cc3f6",
    "resource": {
      "resourceType": "Encounter",
      "id": "db1c9ef4-30a8-450d-99d2-7affa51cc3f6",
      "meta": {
        "profile": [ "http://hl7.org/fhir/us/qicore/StructureDefinition/qicore-encounter" ]
      },
      "status": "finished",
      "class": {
        "system": "http://terminology.hl7.org/CodeSystem/v3-ActCode",
        "code": "AMB",
        "display": "ambulatory"
      },
      "type": [ {
        "coding": [ {
          "system": "http://snomed.info/sct",
          "code": "401267002",
          "display": "Telephone triage encounter (procedure)"
        } ]
      } ],
      "subject": {
        "reference": "Patient/dc4c8b59-2a44-4a74-9983-48baabe5679f"
      },
      "period": {
        "start": "2026-01-01T00:00:00.000Z",
        "end": "2026-01-01T01:00:00.000Z"
      }
    },
    "request": {
      "method": "PUT",
      "url": "Encounter/db1c9ef4-30a8-450d-99d2-7affa51cc3f6"
    }
  }, {
    "fullUrl": "https://madie.cms.gov/MedicationDispense/5d868052-7ad7-49c3-9221-d078fe83d766",
    "resource": {
      "resourceType": "MedicationDispense",
      "id": "5d868052-7ad7-49c3-9221-d078fe83d766",
      "meta": {
        "profile": [ "http://hl7.org/fhir/us/qicore/StructureDefinition/qicore-medicationdispense" ]
      },
      "status": "completed",
      "medicationCodeableConcept": {
        "coding": [ {
          "system": "http://www.nlm.nih.gov/research/umls/rxnorm",
          "code": "1099316",
          "display": "desipramine hydrochloride 75 MG Oral Tablet"
        } ]
      },
      "subject": {
        "reference": "Patient/dc4c8b59-2a44-4a74-9983-48baabe5679f"
      },
      "daysSupply": {
        "value": 10,
        "system": "http://unitsofmeasure.org",
        "code": "days"
      },
      "whenHandedOver": "2026-01-01T01:00:00.000Z"
    },
    "request": {
      "method": "PUT",
      "url": "MedicationDispense/5d868052-7ad7-49c3-9221-d078fe83d766"
    }
  }, {
    "fullUrl": "https://madie.cms.gov/MedicationDispense/f357ff59-1ecd-457d-8c93-071b5abf27de",
    "resource": {
      "resourceType": "MedicationDispense",
      "id": "f357ff59-1ecd-457d-8c93-071b5abf27de",
      "meta": {
        "profile": [ "http://hl7.org/fhir/us/qicore/StructureDefinition/qicore-medicationdispense" ]
      },
      "status": "completed",
      "medicationCodeableConcept": {
        "coding": [ {
          "system": "http://www.nlm.nih.gov/research/umls/rxnorm",
          "code": "1099316",
          "display": "desipramine hydrochloride 75 MG Oral Tablet"
        } ]
      },
      "subject": {
        "reference": "Patient/dc4c8b59-2a44-4a74-9983-48baabe5679f"
      },
      "daysSupply": {
        "value": 10,
        "system": "http://unitsofmeasure.org",
        "code": "days"
      },
      "whenHandedOver": "2026-03-01T01:00:00.000Z"
    },
    "request": {
      "method": "PUT",
      "url": "MedicationDispense/f357ff59-1ecd-457d-8c93-071b5abf27de"
    }
  }, {
    "fullUrl": "https://madie.cms.gov/Condition/7a78cbd4-61e3-405d-a79a-0aa87eb3f42d",
    "resource": {
      "resourceType": "Condition",
      "id": "7a78cbd4-61e3-405d-a79a-0aa87eb3f42d",
      "meta": {
        "profile": [ "http://hl7.org/fhir/us/qicore/StructureDefinition/qicore-condition-encounter-diagnosis" ]
      },
      "clinicalStatus": {
        "coding": [ {
          "system": "http://terminology.hl7.org/CodeSystem/condition-clinical",
          "code": "active"
        } ]
      },
      "category": [ {
        "coding": [ {
          "system": "http://terminology.hl7.org/CodeSystem/condition-category",
          "code": "problem-list-item",
          "display": "Problem List Item"
        } ]
      } ],
      "code": {
        "coding": [ {
          "system": "http://snomed.info/sct",
          "code": "15193003",
          "display": "Severe recurrent major depression with psychotic features, mood-incongruent (disorder)"
        } ]
      },
      "subject": {
        "reference": "Patient/dc4c8b59-2a44-4a74-9983-48baabe5679f"
      },
      "onsetDateTime": "2026-01-01T01:00:00.000Z"
    },
    "request": {
      "method": "PUT",
      "url": "Condition/7a78cbd4-61e3-405d-a79a-0aa87eb3f42d"
    }
  }, {
    "fullUrl": "https://madie.cms.gov/MeasureReport/404f5262-3a81-4a07-8ec2-04636d48b7d4",
    "resource": {
      "resourceType": "MeasureReport",
      "id": "404f5262-3a81-4a07-8ec2-04636d48b7d4",
      "meta": {
        "profile": [ "http://hl7.org/fhir/us/cqfmeasures/StructureDefinition/test-case-cqfm" ]
      },
      "contained": [ {
        "resourceType": "Parameters",
        "id": "7ed69a70-4983-487d-8dcf-354ee2e69518-parameters",
        "parameter": [ {
          "name": "subject",
          "valueString": "dc4c8b59-2a44-4a74-9983-48baabe5679f"
        } ]
      } ],
      "extension": [ {
        "url": "http://hl7.org/fhir/StructureDefinition/cqf-inputParameters",
        "valueReference": {
          "reference": "#7ed69a70-4983-487d-8dcf-354ee2e69518-parameters"
        }
      }, {
        "url": "http://hl7.org/fhir/us/cqfmeasures/StructureDefinition/cqfm-testCaseDescription",
        "valueMarkdown": "Qualifying encounter is Telephone Visit"
      } ],
      "modifierExtension": [ {
        "url": "http://hl7.org/fhir/us/cqfmeasures/StructureDefinition/cqfm-isTestCase",
        "valueBoolean": true
      } ],
      "status": "complete",
      "type": "individual",
      "measure": "https://madie.cms.gov/Measure/CMS128FHIRAntidepressantMedManagement",
      "period": {
        "start": "2026-01-01",
        "end": "2026-12-31"
      },
      "group": [ {
        "id": "Group_1",
        "population": [ {
          "id": "InitialPopulation_1",
          "code": {
            "coding": [ {
              "system": "http://terminology.hl7.org/CodeSystem/measure-population",
              "code": "initial-population",
              "display": "Initial Population"
            } ]
          },
          "count": 1
        }, {
          "id": "Denominator_1",
          "code": {
            "coding": [ {
              "system": "http://terminology.hl7.org/CodeSystem/measure-population",
              "code": "denominator",
              "display": "Denominator"
            } ]
          },
          "count": 1
        }, {
          "id": "DenominatorExclusion_1",
          "code": {
            "coding": [ {
              "system": "http://terminology.hl7.org/CodeSystem/measure-population",
              "code": "denominator-exclusion",
              "display": "Denominator Exclusion"
            } ]
          },
          "count": 0
        }, {
          "id": "Numerator_1",
          "code": {
            "coding": [ {
              "system": "http://terminology.hl7.org/CodeSystem/measure-population",
              "code": "numerator",
              "display": "Numerator"
            } ]
          },
          "count": 0
        } ],
        "measureScore": {
          "value": 1.0
        }
      }, {
        "id": "Group_2",
        "population": [ {
          "id": "InitialPopulation_2",
          "code": {
            "coding": [ {
              "system": "http://terminology.hl7.org/CodeSystem/measure-population",
              "code": "initial-population",
              "display": "Initial Population"
            } ]
          },
          "count": 1
        }, {
          "id": "Denominator_2",
          "code": {
            "coding": [ {
              "system": "http://terminology.hl7.org/CodeSystem/measure-population",
              "code": "denominator",
              "display": "Denominator"
            } ]
          },
          "count": 1
        }, {
          "id": "DenominatorExclusion_2",
          "code": {
            "coding": [ {
              "system": "http://terminology.hl7.org/CodeSystem/measure-population",
              "code": "denominator-exclusion",
              "display": "Denominator Exclusion"
            } ]
          },
          "count": 0
        }, {
          "id": "Numerator_2",
          "code": {
            "coding": [ {
              "system": "http://terminology.hl7.org/CodeSystem/measure-population",
              "code": "numerator",
              "display": "Numerator"
            } ]
          },
          "count": 0
        } ],
        "measureScore": {
          "value": 1.0
        }
      } ],
      "evaluatedResource": [ {
        "reference": "Patient/dc4c8b59-2a44-4a74-9983-48baabe5679f"
      }, {
        "reference": "Encounter/db1c9ef4-30a8-450d-99d2-7affa51cc3f6"
      }, {
        "reference": "MedicationDispense/5d868052-7ad7-49c3-9221-d078fe83d766"
      }, {
        "reference": "MedicationDispense/f357ff59-1ecd-457d-8c93-071b5abf27de"
      }, {
        "reference": "Condition/7a78cbd4-61e3-405d-a79a-0aa87eb3f42d"
      } ]
    },
    "request": {
      "method": "PUT",
      "url": "MeasureReport/404f5262-3a81-4a07-8ec2-04636d48b7d4"
    }
  } ]
}