{
  "resourceType": "Bundle",
  "id": "61095b0998086b53805591a5",
  "type": "transaction",
  "entry": [ {
    "fullUrl": "https://madie.cms.gov/Patient/5486a02e-4f72-4515-b483-bf28611b885f",
    "resource": {
      "resourceType": "Patient",
      "id": "5486a02e-4f72-4515-b483-bf28611b885f",
      "meta": {
        "profile": [ "http://hl7.org/fhir/us/qicore/StructureDefinition/qicore-patient" ]
      },
      "text": {
        "status": "generated",
        "div": "<div xmlns=\"http://www.w3.org/1999/xhtml\"><div class=\"hapiHeaderText\">Age@18 <b>DENOMPASS </b></div><table class=\"hapiPropertyTable\"><tbody><tr><td>Identifier</td><td>67f3e33acf17bcb386e754d726ed064ccd48ba21ff0ffb2eb678740a684398be</td></tr><tr><td>Date of birth</td><td><span>01 January 1994</span></td></tr></tbody></table></div>"
      },
      "extension": [ {
        "url": "http://hl7.org/fhir/us/core/StructureDefinition/us-core-race",
        "extension": [ {
          "url": "ombCategory",
          "valueCoding": {
            "system": "urn:oid:2.16.840.1.113883.6.238",
            "code": "1002-5",
            "display": "American Indian or Alaska Native",
            "userSelected": true
          }
        }, {
          "url": "text",
          "valueString": "American Indian or Alaska Native"
        } ]
      }, {
        "url": "http://hl7.org/fhir/us/core/StructureDefinition/us-core-ethnicity",
        "extension": [ {
          "url": "ombCategory",
          "valueCoding": {
            "system": "urn:oid:2.16.840.1.113883.6.238",
            "code": "2135-2",
            "display": "Hispanic or Latino",
            "userSelected": true
          }
        }, {
          "url": "text",
          "valueString": "Hispanic or Latino"
        } ]
      } ],
      "identifier": [ {
        "type": {
          "coding": [ {
            "system": "http://terminology.hl7.org/CodeSystem/v2-0203",
            "code": "MR"
          } ]
        },
        "system": "https://bonnie-fhir.healthit.gov/",
        "value": "61095b0998086b53805591a5"
      } ],
      "active": true,
      "name": [ {
        "use": "usual",
        "family": "DENEXPASS",
        "given": [ "MorgagnianCataractWithCatSurg" ]
      } ],
      "gender": "female",
      "birthDate": "1996-01-01"
    },
    "request": {
      "method": "PUT",
      "url": "Patient/5486a02e-4f72-4515-b483-bf28611b885f"
    }
  }, {
    "fullUrl": "https://madie.cms.gov/Observation/1a629744-8471-4c46-8e38-5946ee05bf9f",
    "resource": {
      "resourceType": "Observation",
      "id": "1a629744-8471-4c46-8e38-5946ee05bf9f",
      "meta": {
        "profile": [ "http://hl7.org/fhir/us/qicore/StructureDefinition/qicore-observation-clinical-result" ]
      },
      "status": "final",
      "category": [ {
        "coding": [ {
          "system": "http://terminology.hl7.org/CodeSystem/observation-category",
          "code": "exam",
          "display": "exam"
        } ]
      } ],
      "code": {
        "coding": [ {
          "system": "http://snomed.info/sct",
          "code": "419775003"
        } ]
      },
      "subject": {
        "reference": "Patient/5486a02e-4f72-4515-b483-bf28611b885f"
      },
      "effectivePeriod": {
        "start": "2026-03-13T09:00:00+00:00",
        "end": "2026-03-13T09:30:00+00:00"
      }
    },
    "request": {
      "method": "PUT",
      "url": "Observation/1a629744-8471-4c46-8e38-5946ee05bf9f"
    }
  }, {
    "fullUrl": "https://madie.cms.gov/Procedure/e2228118-1e88-4c25-acd9-9afce81521b6",
    "resource": {
      "resourceType": "Procedure",
      "id": "e2228118-1e88-4c25-acd9-9afce81521b6",
      "meta": {
        "profile": [ "http://hl7.org/fhir/us/qicore/StructureDefinition/qicore-procedure" ]
      },
      "extension": [ {
        "url": "http://hl7.org/fhir/us/qicore/StructureDefinition/qicore-recorded",
        "valueDateTime": "2026-03-05T09:35:00-04:00"
      } ],
      "status": "completed",
      "code": {
        "coding": [ {
          "system": "http://snomed.info/sct",
          "code": "84149000"
        } ]
      },
      "subject": {
        "reference": "Patient/5486a02e-4f72-4515-b483-bf28611b885f"
      },
      "performedPeriod": {
        "start": "2026-03-05T09:20:00-04:00",
        "end": "2026-04-05T10:30:00-04:00"
      }
    },
    "request": {
      "method": "PUT",
      "url": "Procedure/e2228118-1e88-4c25-acd9-9afce81521b6"
    }
  }, {
    "fullUrl": "https://madie.cms.gov/Condition/402bf741-7e6a-4edb-9d12-af9f32b26095",
    "resource": {
      "resourceType": "Condition",
      "id": "402bf741-7e6a-4edb-9d12-af9f32b26095",
      "meta": {
        "profile": [ "http://hl7.org/fhir/us/qicore/StructureDefinition/qicore-condition-encounter-diagnosis" ]
      },
      "clinicalStatus": {
        "coding": [ {
          "system": "http://terminology.hl7.org/CodeSystem/condition-clinical",
          "code": "active",
          "display": "active",
          "userSelected": true
        } ]
      },
      "category": [ {
        "coding": [ {
          "system": "http://terminology.hl7.org/CodeSystem/condition-clinical",
          "code": "active",
          "display": "active",
          "userSelected": true
        } ]
      } ],
      "code": {
        "coding": [ {
          "system": "http://hl7.org/fhir/sid/icd-10-cm",
          "code": "H25.22",
          "userSelected": true
        }, {
          "system": "http://snomed.info/sct",
          "code": "264443002",
          "userSelected": true
        } ]
      },
      "subject": {
        "reference": "Patient/5486a02e-4f72-4515-b483-bf28611b885f"
      },
      "onsetDateTime": "2024-11-01T08:00:00.000+00:00"
    },
    "request": {
      "method": "PUT",
      "url": "Condition/402bf741-7e6a-4edb-9d12-af9f32b26095"
    }
  }, {
    "fullUrl": "https://madie.cms.gov/Coverage/53bc5bb8-9a6e-44e6-bdf8-9dc41599261d",
    "resource": {
      "resourceType": "Coverage",
      "id": "53bc5bb8-9a6e-44e6-bdf8-9dc41599261d",
      "meta": {
        "profile": [ "http://hl7.org/fhir/us/qicore/StructureDefinition/qicore-coverage" ]
      },
      "status": "active",
      "beneficiary": {
        "reference": "Patient/5486a02e-4f72-4515-b483-bf28611b885f"
      },
      "payor": [ {
        "reference": "Organization/f443ec58-3858-477a-8938-64ed8e89845e"
      } ]
    },
    "request": {
      "method": "PUT",
      "url": "Coverage/53bc5bb8-9a6e-44e6-bdf8-9dc41599261d"
    }
  }, {
    "fullUrl": "https://madie.cms.gov/Organization/f443ec58-3858-477a-8938-64ed8e89845e",
    "resource": {
      "resourceType": "Organization",
      "id": "f443ec58-3858-477a-8938-64ed8e89845e",
      "meta": {
        "profile": [ "http://hl7.org/fhir/us/qicore/StructureDefinition/qicore-organization" ]
      },
      "identifier": [ {
        "use": "temp",
        "system": "urn:oid:2.16.840.1.113883.4.4",
        "value": "21-3259825"
      } ],
      "active": true,
      "type": [ {
        "coding": [ {
          "system": "http://terminology.hl7.org/CodeSystem/organization-type",
          "code": "pay",
          "display": "Payer"
        } ]
      } ],
      "name": "Blue Cross Blue Shield of Texas",
      "telecom": [ {
        "system": "phone",
        "value": "(+1) 972-766-6900"
      } ],
      "address": [ {
        "use": "billing",
        "type": "postal",
        "line": [ "P.O. Box 660044" ],
        "city": "Dallas",
        "state": "TX",
        "postalCode": "75266-0044",
        "country": "USA"
      } ]
    },
    "request": {
      "method": "PUT",
      "url": "Organization/f443ec58-3858-477a-8938-64ed8e89845e"
    }
  }, {
    "fullUrl": "https://madie.cms.gov/Practitioner/6763e083-2fcd-4f05-a8f9-3809f59532d1",
    "resource": {
      "resourceType": "Practitioner",
      "id": "6763e083-2fcd-4f05-a8f9-3809f59532d1",
      "meta": {
        "profile": [ "http://hl7.org/fhir/us/qicore/StructureDefinition/qicore-practitioner" ]
      },
      "identifier": [ {
        "system": "http://hl7.org/fhir/sid/us-npi",
        "value": "123456"
      } ],
      "name": [ {
        "family": "Evil",
        "prefix": [ "Dr" ]
      } ]
    },
    "request": {
      "method": "PUT",
      "url": "Practitioner/6763e083-2fcd-4f05-a8f9-3809f59532d1"
    }
  }, {
    "fullUrl": "https://madie.cms.gov/MeasureReport/7ece7962-bfe6-43e8-8494-94b52d9fa91f",
    "resource": {
      "resourceType": "MeasureReport",
      "id": "7ece7962-bfe6-43e8-8494-94b52d9fa91f",
      "meta": {
        "profile": [ "http://hl7.org/fhir/us/cqfmeasures/StructureDefinition/test-case-cqfm" ]
      },
      "contained": [ {
        "resourceType": "Parameters",
        "id": "241bb89a-1678-4965-b9a6-d99aaeb2839f-parameters",
        "parameter": [ {
          "name": "subject",
          "valueString": "5486a02e-4f72-4515-b483-bf28611b885f"
        } ]
      } ],
      "extension": [ {
        "url": "http://hl7.org/fhir/StructureDefinition/cqf-inputParameters",
        "valueReference": {
          "reference": "#241bb89a-1678-4965-b9a6-d99aaeb2839f-parameters"
        }
      }, {
        "url": "http://hl7.org/fhir/us/cqfmeasures/StructureDefinition/cqfm-testCaseDescription",
        "valueMarkdown": "Patient with Morgagnian cataract with cataract surgery. "
      } ],
      "modifierExtension": [ {
        "url": "http://hl7.org/fhir/us/cqfmeasures/StructureDefinition/cqfm-isTestCase",
        "valueBoolean": true
      } ],
      "status": "complete",
      "type": "individual",
      "measure": "https://madie.cms.gov/Measure/CMS133FHIRCataracts2040BCVAwithin90Days",
      "period": {
        "start": "2026-01-01",
        "end": "2026-12-31"
      },
      "group": [ {
        "id": "Group_1",
        "population": [ {
          "id": "InitialPopulation_1",
          "code": {
            "coding": [ {
              "system": "http://terminology.hl7.org/CodeSystem/measure-population",
              "code": "initial-population",
              "display": "Initial Population"
            } ]
          },
          "count": 1
        }, {
          "id": "Denominator_1",
          "code": {
            "coding": [ {
              "system": "http://terminology.hl7.org/CodeSystem/measure-population",
              "code": "denominator",
              "display": "Denominator"
            } ]
          },
          "count": 1
        }, {
          "id": "DenominatorExclusion_1",
          "code": {
            "coding": [ {
              "system": "http://terminology.hl7.org/CodeSystem/measure-population",
              "code": "denominator-exclusion",
              "display": "Denominator Exclusion"
            } ]
          },
          "count": 1
        }, {
          "id": "Numerator_1",
          "code": {
            "coding": [ {
              "system": "http://terminology.hl7.org/CodeSystem/measure-population",
              "code": "numerator",
              "display": "Numerator"
            } ]
          },
          "count": 0
        } ],
        "measureScore": {
          "value": 0.0
        }
      } ],
      "evaluatedResource": [ {
        "reference": "Patient/5486a02e-4f72-4515-b483-bf28611b885f"
      }, {
        "reference": "Observation/1a629744-8471-4c46-8e38-5946ee05bf9f"
      }, {
        "reference": "Procedure/e2228118-1e88-4c25-acd9-9afce81521b6"
      }, {
        "reference": "Condition/402bf741-7e6a-4edb-9d12-af9f32b26095"
      }, {
        "reference": "Coverage/53bc5bb8-9a6e-44e6-bdf8-9dc41599261d"
      }, {
        "reference": "Organization/f443ec58-3858-477a-8938-64ed8e89845e"
      }, {
        "reference": "Practitioner/6763e083-2fcd-4f05-a8f9-3809f59532d1"
      } ]
    },
    "request": {
      "method": "PUT",
      "url": "MeasureReport/7ece7962-bfe6-43e8-8494-94b52d9fa91f"
    }
  } ]
}