{
  "resourceType": "Bundle",
  "id": "61095b0998086b53805591a5",
  "type": "transaction",
  "entry": [ {
    "fullUrl": "https://madie.cms.gov/Patient/58ffc94d-dd15-4bf4-899e-5574b47f4615",
    "resource": {
      "resourceType": "Patient",
      "id": "58ffc94d-dd15-4bf4-899e-5574b47f4615",
      "meta": {
        "profile": [ "http://hl7.org/fhir/us/qicore/StructureDefinition/qicore-patient" ]
      },
      "text": {
        "status": "generated",
        "div": "<div xmlns=\"http://www.w3.org/1999/xhtml\"><div class=\"hapiHeaderText\">Age@18 <b>DENOMPASS </b></div><table class=\"hapiPropertyTable\"><tbody><tr><td>Identifier</td><td>67f3e33acf17bcb386e754d726ed064ccd48ba21ff0ffb2eb678740a684398be</td></tr><tr><td>Date of birth</td><td><span>01 January 1994</span></td></tr></tbody></table></div>"
      },
      "extension": [ {
        "url": "http://hl7.org/fhir/us/core/StructureDefinition/us-core-race",
        "extension": [ {
          "url": "ombCategory",
          "valueCoding": {
            "system": "urn:oid:2.16.840.1.113883.6.238",
            "code": "1002-5",
            "display": "American Indian or Alaska Native",
            "userSelected": true
          }
        }, {
          "url": "detailed",
          "valueCoding": {
            "system": "urn:oid:2.16.840.1.113883.6.238",
            "code": "1586-7",
            "display": "Shoshone"
          }
        }, {
          "url": "detailed",
          "valueCoding": {
            "system": "urn:oid:2.16.840.1.113883.6.238",
            "code": "2036-2",
            "display": "Filipino"
          }
        }, {
          "url": "text",
          "valueString": "American Indian or Alaska Native"
        } ]
      }, {
        "url": "http://hl7.org/fhir/us/core/StructureDefinition/us-core-ethnicity",
        "extension": [ {
          "url": "ombCategory",
          "valueCoding": {
            "system": "urn:oid:2.16.840.1.113883.6.238",
            "code": "2135-2",
            "display": "Hispanic or Latino",
            "userSelected": true
          }
        }, {
          "url": "detailed",
          "valueCoding": {
            "system": "urn:oid:2.16.840.1.113883.6.238",
            "code": "2184-0",
            "display": "Dominican"
          }
        }, {
          "url": "detailed",
          "valueCoding": {
            "system": "urn:oid:2.16.840.1.113883.6.238",
            "code": "2148-5",
            "display": "Mexican"
          }
        }, {
          "url": "text",
          "valueString": "Hispanic or Latino"
        } ]
      } ],
      "identifier": [ {
        "type": {
          "coding": [ {
            "system": "http://terminology.hl7.org/CodeSystem/v2-0203",
            "code": "MR"
          } ]
        },
        "system": "https://bonnie-fhir.healthit.gov/",
        "value": "61095b0998086b53805591a5"
      } ],
      "active": true,
      "name": [ {
        "use": "usual",
        "family": "NUMPASS",
        "given": [ "VisAcuity20/40=90DaysAfterEdge" ]
      } ],
      "gender": "female",
      "birthDate": "1996-01-01"
    },
    "request": {
      "method": "PUT",
      "url": "Patient/58ffc94d-dd15-4bf4-899e-5574b47f4615"
    }
  }, {
    "fullUrl": "https://madie.cms.gov/Observation/8ab2cf5c-f14b-4cb0-8b27-350d1142d3fb",
    "resource": {
      "resourceType": "Observation",
      "id": "8ab2cf5c-f14b-4cb0-8b27-350d1142d3fb",
      "meta": {
        "profile": [ "http://hl7.org/fhir/us/qicore/StructureDefinition/qicore-observation-clinical-result" ]
      },
      "status": "final",
      "category": [ {
        "coding": [ {
          "system": "http://terminology.hl7.org/CodeSystem/observation-category",
          "code": "exam",
          "display": "exam"
        } ]
      } ],
      "code": {
        "coding": [ {
          "system": "http://snomed.info/sct",
          "code": "419775003"
        } ]
      },
      "subject": {
        "reference": "Patient/58ffc94d-dd15-4bf4-899e-5574b47f4615"
      },
      "effectivePeriod": {
        "start": "2026-03-13T09:00:00+00:00",
        "end": "2026-03-13T09:30:00+00:00"
      }
    },
    "request": {
      "method": "PUT",
      "url": "Observation/8ab2cf5c-f14b-4cb0-8b27-350d1142d3fb"
    }
  }, {
    "fullUrl": "https://madie.cms.gov/Observation/95230763-612c-4474-b7c1-14d6850297a5",
    "resource": {
      "resourceType": "Observation",
      "id": "95230763-612c-4474-b7c1-14d6850297a5",
      "meta": {
        "profile": [ "http://hl7.org/fhir/us/qicore/StructureDefinition/qicore-observation-clinical-result" ]
      },
      "status": "final",
      "category": [ {
        "coding": [ {
          "system": "http://terminology.hl7.org/CodeSystem/observation-category",
          "code": "exam",
          "display": "Exam",
          "userSelected": true
        } ]
      } ],
      "code": {
        "coding": [ {
          "system": "http://snomed.info/sct",
          "code": "419775003",
          "display": "Best corrected visual acuity (observable entity)",
          "userSelected": true
        } ]
      },
      "subject": {
        "reference": "Patient/58ffc94d-dd15-4bf4-899e-5574b47f4615"
      },
      "effectiveDateTime": "2026-03-31T08:00:00.000Z",
      "valueCodeableConcept": {
        "coding": [ {
          "system": "http://snomed.info/sct",
          "version": "2021-09",
          "code": "424703005",
          "display": "Distance vision 20/40 (finding)",
          "userSelected": true
        } ]
      }
    },
    "request": {
      "method": "PUT",
      "url": "Observation/95230763-612c-4474-b7c1-14d6850297a5"
    }
  }, {
    "fullUrl": "https://madie.cms.gov/Procedure/adb61c79-dbcd-47ce-a17d-aa51afca55fa",
    "resource": {
      "resourceType": "Procedure",
      "id": "adb61c79-dbcd-47ce-a17d-aa51afca55fa",
      "meta": {
        "profile": [ "http://hl7.org/fhir/us/qicore/StructureDefinition/qicore-procedure" ]
      },
      "extension": [ {
        "url": "http://hl7.org/fhir/us/qicore/StructureDefinition/qicore-recorded",
        "valueDateTime": "2026-01-01T09:35:00-08:00"
      } ],
      "status": "completed",
      "code": {
        "coding": [ {
          "system": "http://snomed.info/sct",
          "code": "84149000"
        } ]
      },
      "subject": {
        "reference": "Patient/58ffc94d-dd15-4bf4-899e-5574b47f4615"
      },
      "performedPeriod": {
        "start": "2026-01-01T09:20:00-08:00",
        "end": "2026-01-05T10:30:00-08:00"
      }
    },
    "request": {
      "method": "PUT",
      "url": "Procedure/adb61c79-dbcd-47ce-a17d-aa51afca55fa"
    }
  }, {
    "fullUrl": "https://madie.cms.gov/Coverage/efaf142b-f1f9-4786-8677-d68b7ab1b1c7",
    "resource": {
      "resourceType": "Coverage",
      "id": "efaf142b-f1f9-4786-8677-d68b7ab1b1c7",
      "meta": {
        "profile": [ "http://hl7.org/fhir/us/qicore/StructureDefinition/qicore-coverage" ]
      },
      "status": "active",
      "beneficiary": {
        "reference": "Patient/58ffc94d-dd15-4bf4-899e-5574b47f4615"
      },
      "payor": [ {
        "reference": "Organization/7cce2e50-3b43-45a5-9634-33e0a0b9f065"
      } ]
    },
    "request": {
      "method": "PUT",
      "url": "Coverage/efaf142b-f1f9-4786-8677-d68b7ab1b1c7"
    }
  }, {
    "fullUrl": "https://madie.cms.gov/Organization/7cce2e50-3b43-45a5-9634-33e0a0b9f065",
    "resource": {
      "resourceType": "Organization",
      "id": "7cce2e50-3b43-45a5-9634-33e0a0b9f065",
      "meta": {
        "profile": [ "http://hl7.org/fhir/us/qicore/StructureDefinition/qicore-organization" ]
      },
      "identifier": [ {
        "use": "temp",
        "system": "urn:oid:2.16.840.1.113883.4.4",
        "value": "21-3259825"
      } ],
      "active": true,
      "type": [ {
        "coding": [ {
          "system": "http://terminology.hl7.org/CodeSystem/organization-type",
          "code": "pay",
          "display": "Payer"
        } ]
      } ],
      "name": "Blue Cross Blue Shield of Texas",
      "telecom": [ {
        "system": "phone",
        "value": "(+1) 972-766-6900"
      } ],
      "address": [ {
        "use": "billing",
        "type": "postal",
        "line": [ "P.O. Box 660044" ],
        "city": "Dallas",
        "state": "TX",
        "postalCode": "75266-0044",
        "country": "USA"
      } ]
    },
    "request": {
      "method": "PUT",
      "url": "Organization/7cce2e50-3b43-45a5-9634-33e0a0b9f065"
    }
  }, {
    "fullUrl": "https://madie.cms.gov/Practitioner/1788791c-3a46-49f6-8cce-0c1816006585",
    "resource": {
      "resourceType": "Practitioner",
      "id": "1788791c-3a46-49f6-8cce-0c1816006585",
      "meta": {
        "profile": [ "http://hl7.org/fhir/us/qicore/StructureDefinition/qicore-practitioner" ]
      },
      "identifier": [ {
        "system": "http://hl7.org/fhir/sid/us-npi",
        "value": "123456"
      } ],
      "name": [ {
        "family": "Evil",
        "prefix": [ "Dr" ]
      } ]
    },
    "request": {
      "method": "PUT",
      "url": "Practitioner/1788791c-3a46-49f6-8cce-0c1816006585"
    }
  }, {
    "fullUrl": "https://madie.cms.gov/MeasureReport/0a724fa5-35e5-44c8-a903-9984bbcc1d51",
    "resource": {
      "resourceType": "MeasureReport",
      "id": "0a724fa5-35e5-44c8-a903-9984bbcc1d51",
      "meta": {
        "profile": [ "http://hl7.org/fhir/us/cqfmeasures/StructureDefinition/test-case-cqfm" ]
      },
      "contained": [ {
        "resourceType": "Parameters",
        "id": "29c10bbf-e689-4745-8e1d-896d53e6c809-parameters",
        "parameter": [ {
          "name": "subject",
          "valueString": "58ffc94d-dd15-4bf4-899e-5574b47f4615"
        } ]
      } ],
      "extension": [ {
        "url": "http://hl7.org/fhir/StructureDefinition/cqf-inputParameters",
        "valueReference": {
          "reference": "#29c10bbf-e689-4745-8e1d-896d53e6c809-parameters"
        }
      }, {
        "url": "http://hl7.org/fhir/us/cqfmeasures/StructureDefinition/cqfm-testCaseDescription",
        "valueMarkdown": "Patient with cataract surgery 1/1 and visual acuity 20/40 or better at 90 days after cataract surgery. "
      } ],
      "modifierExtension": [ {
        "url": "http://hl7.org/fhir/us/cqfmeasures/StructureDefinition/cqfm-isTestCase",
        "valueBoolean": true
      } ],
      "status": "complete",
      "type": "individual",
      "measure": "https://madie.cms.gov/Measure/CMS133FHIRCataracts2040BCVAwithin90Days",
      "period": {
        "start": "2026-01-01",
        "end": "2026-12-31"
      },
      "group": [ {
        "id": "Group_1",
        "population": [ {
          "id": "InitialPopulation_1",
          "code": {
            "coding": [ {
              "system": "http://terminology.hl7.org/CodeSystem/measure-population",
              "code": "initial-population",
              "display": "Initial Population"
            } ]
          },
          "count": 1
        }, {
          "id": "Denominator_1",
          "code": {
            "coding": [ {
              "system": "http://terminology.hl7.org/CodeSystem/measure-population",
              "code": "denominator",
              "display": "Denominator"
            } ]
          },
          "count": 1
        }, {
          "id": "DenominatorExclusion_1",
          "code": {
            "coding": [ {
              "system": "http://terminology.hl7.org/CodeSystem/measure-population",
              "code": "denominator-exclusion",
              "display": "Denominator Exclusion"
            } ]
          },
          "count": 0
        }, {
          "id": "Numerator_1",
          "code": {
            "coding": [ {
              "system": "http://terminology.hl7.org/CodeSystem/measure-population",
              "code": "numerator",
              "display": "Numerator"
            } ]
          },
          "count": 1
        } ],
        "measureScore": {
          "value": 0.0
        }
      } ],
      "evaluatedResource": [ {
        "reference": "Patient/58ffc94d-dd15-4bf4-899e-5574b47f4615"
      }, {
        "reference": "Observation/8ab2cf5c-f14b-4cb0-8b27-350d1142d3fb"
      }, {
        "reference": "Observation/95230763-612c-4474-b7c1-14d6850297a5"
      }, {
        "reference": "Procedure/adb61c79-dbcd-47ce-a17d-aa51afca55fa"
      }, {
        "reference": "Coverage/efaf142b-f1f9-4786-8677-d68b7ab1b1c7"
      }, {
        "reference": "Organization/7cce2e50-3b43-45a5-9634-33e0a0b9f065"
      }, {
        "reference": "Practitioner/1788791c-3a46-49f6-8cce-0c1816006585"
      } ]
    },
    "request": {
      "method": "PUT",
      "url": "MeasureReport/0a724fa5-35e5-44c8-a903-9984bbcc1d51"
    }
  } ]
}