{
  "resourceType": "Bundle",
  "id": "610d3a53be3d5dcbc43d6777",
  "type": "transaction",
  "entry": [ {
    "fullUrl": "https://madie.cms.gov/Patient/a7318ea6-4b51-4c32-aeb5-60668c1b1114",
    "resource": {
      "resourceType": "Patient",
      "id": "a7318ea6-4b51-4c32-aeb5-60668c1b1114",
      "meta": {
        "profile": [ "http://hl7.org/fhir/us/qicore/StructureDefinition/qicore-patient" ]
      },
      "extension": [ {
        "url": "http://hl7.org/fhir/us/core/StructureDefinition/us-core-race",
        "extension": [ {
          "url": "ombCategory",
          "valueCoding": {
            "system": "urn:oid:2.16.840.1.113883.6.238",
            "code": "2028-9",
            "display": "Asian",
            "userSelected": true
          }
        }, {
          "url": "text",
          "valueString": "Asian"
        } ]
      }, {
        "url": "http://hl7.org/fhir/us/core/StructureDefinition/us-core-ethnicity",
        "extension": [ {
          "url": "ombCategory",
          "valueCoding": {
            "system": "urn:oid:2.16.840.1.113883.6.238",
            "code": "2186-5",
            "display": "Not Hispanic or Latino",
            "userSelected": true
          }
        }, {
          "url": "text",
          "valueString": "Not Hispanic or Latino"
        } ]
      } ],
      "identifier": [ {
        "type": {
          "coding": [ {
            "system": "http://terminology.hl7.org/CodeSystem/v2-0203",
            "code": "MR"
          } ]
        },
        "system": "https://bonnie-fhir.healthit.gov/",
        "value": "610d3a53be3d5dcbc43d6777"
      } ],
      "name": [ {
        "family": "IPPass",
        "given": [ "DementiaDxStartsFirstDayofMPEdge" ]
      } ],
      "gender": "female",
      "birthDate": "1969-03-02"
    },
    "request": {
      "method": "PUT",
      "url": "Patient/a7318ea6-4b51-4c32-aeb5-60668c1b1114"
    }
  }, {
    "fullUrl": "https://madie.cms.gov/Encounter/e9de0f73-acde-48c7-9f8c-1fb638aeee4a",
    "resource": {
      "resourceType": "Encounter",
      "id": "e9de0f73-acde-48c7-9f8c-1fb638aeee4a",
      "meta": {
        "profile": [ "http://hl7.org/fhir/us/qicore/StructureDefinition/qicore-encounter" ]
      },
      "status": "finished",
      "class": {
        "system": "http://terminology.hl7.org/CodeSystem/v3-ActCode",
        "code": "AMB",
        "display": "ambulatory",
        "userSelected": true
      },
      "type": [ {
        "coding": [ {
          "system": "http://snomed.info/sct",
          "version": "http://snomed.info/sct/731000124108/version/202303",
          "code": "185460008",
          "display": "Home visit request by patient (procedure)",
          "userSelected": true
        } ]
      } ],
      "subject": {
        "reference": "Patient/a7318ea6-4b51-4c32-aeb5-60668c1b1114"
      },
      "period": {
        "start": "2026-08-06T08:00:00.000+00:00",
        "end": "2026-08-10T08:15:00.000+00:00"
      }
    },
    "request": {
      "method": "PUT",
      "url": "Encounter/e9de0f73-acde-48c7-9f8c-1fb638aeee4a"
    }
  }, {
    "fullUrl": "https://madie.cms.gov/Condition/a8ccb9ae-a9b7-4bee-a957-c8f87748b941",
    "resource": {
      "resourceType": "Condition",
      "id": "a8ccb9ae-a9b7-4bee-a957-c8f87748b941",
      "meta": {
        "profile": [ "http://hl7.org/fhir/us/qicore/StructureDefinition/qicore-condition-problems-health-concerns" ]
      },
      "clinicalStatus": {
        "coding": [ {
          "system": "http://terminology.hl7.org/CodeSystem/condition-clinical",
          "code": "active",
          "display": "active",
          "userSelected": true
        } ]
      },
      "category": [ {
        "coding": [ {
          "system": "http://terminology.hl7.org/CodeSystem/condition-category",
          "code": "problem-list-item",
          "display": "Problem List Item"
        } ]
      } ],
      "code": {
        "coding": [ {
          "system": "http://snomed.info/sct",
          "version": "http://snomed.info/sct/731000124108/version/202303",
          "code": "10349009",
          "display": "Multi-infarct dementia with delirium (disorder)",
          "userSelected": true
        } ]
      },
      "subject": {
        "reference": "Patient/a7318ea6-4b51-4c32-aeb5-60668c1b1114"
      },
      "onsetDateTime": "2026-01-01T00:00:00.000+00:00"
    },
    "request": {
      "method": "PUT",
      "url": "Condition/a8ccb9ae-a9b7-4bee-a957-c8f87748b941"
    }
  }, {
    "fullUrl": "https://madie.cms.gov/Encounter/e370bbf3-32d2-4f62-8515-9789d8f7276d",
    "resource": {
      "resourceType": "Encounter",
      "id": "e370bbf3-32d2-4f62-8515-9789d8f7276d",
      "meta": {
        "profile": [ "http://hl7.org/fhir/us/qicore/StructureDefinition/qicore-encounter" ]
      },
      "status": "finished",
      "class": {
        "system": "http://terminology.hl7.org/CodeSystem/v3-ActCode",
        "code": "AMB",
        "display": "ambulatory",
        "userSelected": true
      },
      "type": [ {
        "coding": [ {
          "system": "http://snomed.info/sct",
          "version": "http://snomed.info/sct/731000124108/version/202303",
          "code": "185316007",
          "display": "Indirect encounter (procedure)",
          "userSelected": true
        } ]
      } ],
      "subject": {
        "reference": "Patient/a7318ea6-4b51-4c32-aeb5-60668c1b1114"
      },
      "period": {
        "start": "2026-08-06T08:00:00.000+00:00",
        "end": "2026-08-10T08:15:00.000+00:00"
      },
      "diagnosis": [ {
        "condition": {
          "reference": "Condition/dementia-mental-degenerations-5d61"
        }
      } ]
    },
    "request": {
      "method": "PUT",
      "url": "Encounter/e370bbf3-32d2-4f62-8515-9789d8f7276d"
    }
  }, {
    "fullUrl": "https://madie.cms.gov/Condition/15d41248-097f-4233-bc28-4745768d804c",
    "resource": {
      "resourceType": "Condition",
      "id": "15d41248-097f-4233-bc28-4745768d804c",
      "category": [ {
        "coding": [ {
          "system": "http://terminology.hl7.org/CodeSystem/condition-category",
          "code": "encounter-diagnosis",
          "display": "Encounter Diagnosis"
        } ]
      } ],
      "code": {
        "coding": [ {
          "system": "http://snomed.info/sct",
          "version": "http://snomed.info/sct/731000124108/version/202303",
          "code": "10349009",
          "display": "Multi-infarct dementia with delirium (disorder)",
          "userSelected": true
        } ]
      },
      "subject": {
        "reference": "Patient/a7318ea6-4b51-4c32-aeb5-60668c1b1114"
      },
      "onsetPeriod": {
        "start": "2025-08-05T08:00:00.000+00:00",
        "end": "2025-08-11T08:15:00.000+00:00"
      }
    },
    "request": {
      "method": "PUT",
      "url": "Condition/15d41248-097f-4233-bc28-4745768d804c"
    }
  }, {
    "fullUrl": "https://madie.cms.gov/Coverage/27109cdf-ffdc-4db7-b585-e9fb282e1ac3",
    "resource": {
      "resourceType": "Coverage",
      "id": "27109cdf-ffdc-4db7-b585-e9fb282e1ac3",
      "meta": {
        "profile": [ "http://hl7.org/fhir/us/qicore/StructureDefinition/qicore-coverage" ]
      },
      "status": "active",
      "beneficiary": {
        "reference": "Patient/a7318ea6-4b51-4c32-aeb5-60668c1b1114"
      },
      "relationship": {
        "coding": [ {
          "system": "http://terminology.hl7.org/CodeSystem/subscriber-relationship",
          "code": "self"
        } ]
      },
      "period": {
        "start": "2016-05-23",
        "end": "2027-05-23"
      },
      "payor": [ {
        "reference": "Organization/471fbf95-4bda-40bf-88e8-c521596664f2"
      } ]
    },
    "request": {
      "method": "PUT",
      "url": "Coverage/27109cdf-ffdc-4db7-b585-e9fb282e1ac3"
    }
  }, {
    "fullUrl": "https://madie.cms.gov/Organization/471fbf95-4bda-40bf-88e8-c521596664f2",
    "resource": {
      "resourceType": "Organization",
      "id": "471fbf95-4bda-40bf-88e8-c521596664f2",
      "meta": {
        "profile": [ "http://hl7.org/fhir/us/qicore/StructureDefinition/qicore-organization" ]
      },
      "identifier": [ {
        "use": "temp",
        "system": "urn:oid:2.16.840.1.113883.4.4",
        "value": "21-3259825"
      } ],
      "active": true,
      "type": [ {
        "coding": [ {
          "system": "http://terminology.hl7.org/CodeSystem/organization-type",
          "code": "pay",
          "display": "Payer"
        } ]
      } ],
      "name": "Blue Cross Blue Shield of Texas",
      "telecom": [ {
        "system": "phone",
        "value": "(+1) 972-766-6900"
      } ],
      "address": [ {
        "use": "billing",
        "type": "postal",
        "line": [ "P.O. Box 660044" ],
        "city": "Dallas",
        "state": "TX",
        "postalCode": "75266-0044",
        "country": "USA"
      } ]
    },
    "request": {
      "method": "PUT",
      "url": "Organization/471fbf95-4bda-40bf-88e8-c521596664f2"
    }
  }, {
    "fullUrl": "https://madie.cms.gov/Practitioner/8534cdbd-3557-41a0-a62c-0221ddfd79ab",
    "resource": {
      "resourceType": "Practitioner",
      "id": "8534cdbd-3557-41a0-a62c-0221ddfd79ab",
      "identifier": [ {
        "system": "http://hl7.org/fhir/sid/us-npi",
        "value": "123456"
      } ],
      "name": [ {
        "family": "Evil",
        "prefix": [ "Dr" ]
      } ]
    },
    "request": {
      "method": "PUT",
      "url": "Practitioner/8534cdbd-3557-41a0-a62c-0221ddfd79ab"
    }
  }, {
    "fullUrl": "https://madie.cms.gov/MeasureReport/cd7045c8-63e4-460d-9437-820f1e113ec8",
    "resource": {
      "resourceType": "MeasureReport",
      "id": "cd7045c8-63e4-460d-9437-820f1e113ec8",
      "meta": {
        "profile": [ "http://hl7.org/fhir/us/cqfmeasures/StructureDefinition/test-case-cqfm" ]
      },
      "contained": [ {
        "resourceType": "Parameters",
        "id": "f47be175-2a2e-4703-9079-c1f7a971e79f-parameters",
        "parameter": [ {
          "name": "subject",
          "valueString": "a7318ea6-4b51-4c32-aeb5-60668c1b1114"
        } ]
      } ],
      "extension": [ {
        "url": "http://hl7.org/fhir/StructureDefinition/cqf-inputParameters",
        "valueReference": {
          "reference": "#f47be175-2a2e-4703-9079-c1f7a971e79f-parameters"
        }
      }, {
        "url": "http://hl7.org/fhir/us/cqfmeasures/StructureDefinition/cqfm-testCaseDescription",
        "valueMarkdown": "Dementia Diagnosis begins exactly at start of MP with Home Visit and Patient Provider Interaction"
      } ],
      "modifierExtension": [ {
        "url": "http://hl7.org/fhir/us/cqfmeasures/StructureDefinition/cqfm-isTestCase",
        "valueBoolean": true
      } ],
      "status": "complete",
      "type": "individual",
      "measure": "https://madie.cms.gov/Measure/CMS149FHIRDementiaCognitiveAssessment",
      "period": {
        "start": "2026-01-01",
        "end": "2026-12-31"
      },
      "group": [ {
        "id": "Group_1",
        "population": [ {
          "id": "InitialPopulation_1",
          "code": {
            "coding": [ {
              "system": "http://terminology.hl7.org/CodeSystem/measure-population",
              "code": "initial-population",
              "display": "Initial Population"
            } ]
          },
          "count": 1
        }, {
          "id": "Denominator_1",
          "code": {
            "coding": [ {
              "system": "http://terminology.hl7.org/CodeSystem/measure-population",
              "code": "denominator",
              "display": "Denominator"
            } ]
          },
          "count": 1
        }, {
          "id": "Numerator_1",
          "code": {
            "coding": [ {
              "system": "http://terminology.hl7.org/CodeSystem/measure-population",
              "code": "numerator",
              "display": "Numerator"
            } ]
          },
          "count": 0
        }, {
          "id": "DenominatorException_1",
          "code": {
            "coding": [ {
              "system": "http://terminology.hl7.org/CodeSystem/measure-population",
              "code": "denominator-exception",
              "display": "Denominator Exception"
            } ]
          },
          "count": 0
        } ],
        "measureScore": {
          "value": 1.0
        }
      } ],
      "evaluatedResource": [ {
        "reference": "Patient/a7318ea6-4b51-4c32-aeb5-60668c1b1114"
      }, {
        "reference": "Encounter/e9de0f73-acde-48c7-9f8c-1fb638aeee4a"
      }, {
        "reference": "Condition/a8ccb9ae-a9b7-4bee-a957-c8f87748b941"
      }, {
        "reference": "Encounter/e370bbf3-32d2-4f62-8515-9789d8f7276d"
      }, {
        "reference": "Condition/15d41248-097f-4233-bc28-4745768d804c"
      }, {
        "reference": "Coverage/27109cdf-ffdc-4db7-b585-e9fb282e1ac3"
      }, {
        "reference": "Organization/471fbf95-4bda-40bf-88e8-c521596664f2"
      }, {
        "reference": "Practitioner/8534cdbd-3557-41a0-a62c-0221ddfd79ab"
      } ]
    },
    "request": {
      "method": "PUT",
      "url": "MeasureReport/cd7045c8-63e4-460d-9437-820f1e113ec8"
    }
  } ]
}