{
  "resourceType": "Bundle",
  "id": "62aa660cc4be4c506d4a5351",
  "type": "transaction",
  "entry": [ {
    "fullUrl": "https://madie.cms.gov/Patient/260e1fc8-227f-4c16-bfc6-22625380a12c",
    "resource": {
      "resourceType": "Patient",
      "id": "260e1fc8-227f-4c16-bfc6-22625380a12c",
      "meta": {
        "profile": [ "http://hl7.org/fhir/us/qicore/StructureDefinition/qicore-patient" ]
      },
      "extension": [ {
        "url": "http://hl7.org/fhir/us/core/StructureDefinition/us-core-race",
        "extension": [ {
          "url": "ombCategory",
          "valueCoding": {
            "system": "urn:oid:2.16.840.1.113883.6.238",
            "code": "2106-3",
            "display": "White",
            "userSelected": true
          }
        }, {
          "url": "text",
          "valueString": "White"
        } ]
      }, {
        "url": "http://hl7.org/fhir/us/core/StructureDefinition/us-core-ethnicity",
        "extension": [ {
          "url": "ombCategory",
          "valueCoding": {
            "system": "urn:oid:2.16.840.1.113883.6.238",
            "code": "2186-5",
            "display": "Not Hispanic or Latino",
            "userSelected": true
          }
        }, {
          "url": "text",
          "valueString": "Not Hispanic or Latino"
        } ]
      } ],
      "identifier": [ {
        "type": {
          "coding": [ {
            "system": "http://terminology.hl7.org/CodeSystem/v2-0203",
            "code": "MR"
          } ]
        },
        "system": "https://bonnie-fhir.healthit.gov/",
        "value": "62aa660cc4be4c506d4a5351"
      } ],
      "name": [ {
        "family": "DENEXCEPPass",
        "given": [ "MedicalReasonNoFollowupPlanHighBMI" ]
      } ],
      "gender": "unknown",
      "birthDate": "1957-11-07"
    },
    "request": {
      "method": "PUT",
      "url": "Patient/260e1fc8-227f-4c16-bfc6-22625380a12c"
    }
  }, {
    "fullUrl": "https://madie.cms.gov/Encounter/d5a5e9c1-f48d-4502-93e8-765bb2964d45",
    "resource": {
      "resourceType": "Encounter",
      "id": "d5a5e9c1-f48d-4502-93e8-765bb2964d45",
      "meta": {
        "profile": [ "http://hl7.org/fhir/us/qicore/StructureDefinition/qicore-encounter" ]
      },
      "status": "finished",
      "class": {
        "system": "http://terminology.hl7.org/CodeSystem/v3-ActCode",
        "code": "AMB",
        "display": "ambulatory"
      },
      "type": [ {
        "coding": [ {
          "system": "http://snomed.info/sct",
          "version": "2022-03",
          "code": "10197000",
          "display": "Psychiatric interview and evaluation (procedure)",
          "userSelected": true
        } ]
      } ],
      "subject": {
        "reference": "Patient/260e1fc8-227f-4c16-bfc6-22625380a12c"
      },
      "period": {
        "start": "2026-01-01T00:00:00.000+00:00",
        "end": "2026-01-01T00:30:00.000+00:00"
      }
    },
    "request": {
      "method": "PUT",
      "url": "Encounter/d5a5e9c1-f48d-4502-93e8-765bb2964d45"
    }
  }, {
    "fullUrl": "https://madie.cms.gov/Observation/9e432cb4-444c-4ed4-b4a7-0e678c3ad505",
    "resource": {
      "resourceType": "Observation",
      "id": "9e432cb4-444c-4ed4-b4a7-0e678c3ad505",
      "meta": {
        "profile": [ "http://hl7.org/fhir/us/qicore/StructureDefinition/qicore-simple-observation" ]
      },
      "status": "final",
      "category": [ {
        "coding": [ {
          "system": "http://terminology.hl7.org/CodeSystem/observation-category",
          "code": "procedure",
          "display": "Procedure"
        } ]
      } ],
      "code": {
        "coding": [ {
          "system": "http://loinc.org",
          "code": "39156-5",
          "display": "Body mass index (BMI) [Ratio]",
          "userSelected": true
        } ]
      },
      "subject": {
        "reference": "Patient/260e1fc8-227f-4c16-bfc6-22625380a12c"
      },
      "effectiveDateTime": "2026-01-01T00:05:00.000+00:00",
      "valueQuantity": {
        "value": 30,
        "unit": "kg/m2"
      }
    },
    "request": {
      "method": "PUT",
      "url": "Observation/9e432cb4-444c-4ed4-b4a7-0e678c3ad505"
    }
  }, {
    "fullUrl": "https://madie.cms.gov/ServiceRequest/b0b04429-ab61-47df-88e8-aeb208da2c8e",
    "resource": {
      "resourceType": "ServiceRequest",
      "id": "b0b04429-ab61-47df-88e8-aeb208da2c8e",
      "meta": {
        "profile": [ "http://hl7.org/fhir/us/qicore/StructureDefinition/qicore-servicenotrequested" ]
      },
      "extension": [ {
        "url": "http://hl7.org/fhir/us/qicore/StructureDefinition/qicore-doNotPerformReason",
        "valueCodeableConcept": {
          "coding": [ {
            "system": "http://snomed.info/sct",
            "code": "183932001",
            "display": "Procedure contraindicated (situation)",
            "userSelected": true
          } ]
        }
      }, {
        "url": "http://hl7.org/fhir/us/qicore/StructureDefinition/qicore-reasonRefused",
        "valueCodeableConcept": {
          "coding": [ {
            "system": "http://snomed.info/sct",
            "code": "183932001",
            "display": "Procedure contraindicated (situation)",
            "userSelected": true
          } ]
        }
      } ],
      "status": "completed",
      "intent": "order",
      "doNotPerform": true,
      "code": {
        "coding": [ {
          "system": "http://snomed.info/sct",
          "version": "2022-03",
          "code": "182922004",
          "display": "Dietary regime (regime/therapy)",
          "userSelected": true
        } ]
      },
      "subject": {
        "reference": "Patient/260e1fc8-227f-4c16-bfc6-22625380a12c"
      },
      "authoredOn": "2026-01-01T00:15:00.000+00:00",
      "reasonCode": [ {
        "coding": [ {
          "system": "http://snomed.info/sct",
          "code": "183932001",
          "display": "Procedure contraindicated (situation)",
          "userSelected": true
        } ]
      } ]
    },
    "request": {
      "method": "PUT",
      "url": "ServiceRequest/b0b04429-ab61-47df-88e8-aeb208da2c8e"
    }
  }, {
    "fullUrl": "https://madie.cms.gov/Coverage/c03454af-20ef-43d9-8f56-ed8d935db0bd",
    "resource": {
      "resourceType": "Coverage",
      "id": "c03454af-20ef-43d9-8f56-ed8d935db0bd",
      "meta": {
        "profile": [ "http://hl7.org/fhir/us/qicore/StructureDefinition/qicore-coverage" ]
      },
      "status": "active",
      "beneficiary": {
        "reference": "Patient/260e1fc8-227f-4c16-bfc6-22625380a12c"
      },
      "payor": [ {
        "reference": "Organization/92a12674-5bb8-4d5f-b58f-e0308f608075"
      } ]
    },
    "request": {
      "method": "PUT",
      "url": "Coverage/c03454af-20ef-43d9-8f56-ed8d935db0bd"
    }
  }, {
    "fullUrl": "https://madie.cms.gov/Organization/92a12674-5bb8-4d5f-b58f-e0308f608075",
    "resource": {
      "resourceType": "Organization",
      "id": "92a12674-5bb8-4d5f-b58f-e0308f608075",
      "meta": {
        "profile": [ "http://hl7.org/fhir/us/qicore/StructureDefinition/qicore-organization" ]
      },
      "identifier": [ {
        "use": "temp",
        "system": "urn:oid:2.16.840.1.113883.4.4",
        "value": "21-3259825"
      } ],
      "active": true,
      "type": [ {
        "coding": [ {
          "system": "http://terminology.hl7.org/CodeSystem/organization-type",
          "code": "pay",
          "display": "Payer"
        } ]
      } ],
      "name": "Blue Cross Blue Shield of Texas",
      "telecom": [ {
        "system": "phone",
        "value": "(+1) 972-766-6900"
      } ],
      "address": [ {
        "use": "billing",
        "type": "postal",
        "line": [ "P.O. Box 660044" ],
        "city": "Dallas",
        "state": "TX",
        "postalCode": "75266-0044",
        "country": "USA"
      } ]
    },
    "request": {
      "method": "PUT",
      "url": "Organization/92a12674-5bb8-4d5f-b58f-e0308f608075"
    }
  }, {
    "fullUrl": "https://madie.cms.gov/Practitioner/b35b713d-7e1c-4dec-af2d-d1ee797cb3f0",
    "resource": {
      "resourceType": "Practitioner",
      "id": "b35b713d-7e1c-4dec-af2d-d1ee797cb3f0",
      "meta": {
        "profile": [ "http://hl7.org/fhir/us/qicore/StructureDefinition/qicore-practitioner" ]
      },
      "identifier": [ {
        "system": "http://hl7.org/fhir/sid/us-npi",
        "value": "123456"
      } ],
      "name": [ {
        "family": "Evil",
        "prefix": [ "Dr" ]
      } ]
    },
    "request": {
      "method": "PUT",
      "url": "Practitioner/b35b713d-7e1c-4dec-af2d-d1ee797cb3f0"
    }
  }, {
    "fullUrl": "https://madie.cms.gov/MeasureReport/40f81cad-1a10-4c6e-a460-b3d258234376",
    "resource": {
      "resourceType": "MeasureReport",
      "id": "40f81cad-1a10-4c6e-a460-b3d258234376",
      "meta": {
        "profile": [ "http://hl7.org/fhir/us/cqfmeasures/StructureDefinition/test-case-cqfm" ]
      },
      "contained": [ {
        "resourceType": "Parameters",
        "id": "b404bfa0-d937-49f0-a082-94ecad44f97f-parameters",
        "parameter": [ {
          "name": "subject",
          "valueString": "260e1fc8-227f-4c16-bfc6-22625380a12c"
        } ]
      } ],
      "extension": [ {
        "url": "http://hl7.org/fhir/StructureDefinition/cqf-inputParameters",
        "valueReference": {
          "reference": "#b404bfa0-d937-49f0-a082-94ecad44f97f-parameters"
        }
      }, {
        "url": "http://hl7.org/fhir/us/cqfmeasures/StructureDefinition/cqfm-testCaseDescription",
        "valueMarkdown": "Gender unknown, Amb encounter first day, first 30 minutes of day during MP, BMI 30 kg/m2, with medical reason for not providing followup "
      } ],
      "modifierExtension": [ {
        "url": "http://hl7.org/fhir/us/cqfmeasures/StructureDefinition/cqfm-isTestCase",
        "valueBoolean": true
      } ],
      "status": "complete",
      "type": "individual",
      "measure": "https://madie.cms.gov/Measure/CMS69FHIRPCSBMIScreenAndFollowUp",
      "period": {
        "start": "2026-01-01",
        "end": "2026-12-31"
      },
      "group": [ {
        "id": "Group_1",
        "population": [ {
          "id": "InitialPopulation_1",
          "code": {
            "coding": [ {
              "system": "http://terminology.hl7.org/CodeSystem/measure-population",
              "code": "initial-population",
              "display": "Initial Population"
            } ]
          },
          "count": 1
        }, {
          "id": "Denominator_1",
          "code": {
            "coding": [ {
              "system": "http://terminology.hl7.org/CodeSystem/measure-population",
              "code": "denominator",
              "display": "Denominator"
            } ]
          },
          "count": 1
        }, {
          "id": "DenominatorExclusion_1",
          "code": {
            "coding": [ {
              "system": "http://terminology.hl7.org/CodeSystem/measure-population",
              "code": "denominator-exclusion",
              "display": "Denominator Exclusion"
            } ]
          },
          "count": 0
        }, {
          "id": "Numerator_1",
          "code": {
            "coding": [ {
              "system": "http://terminology.hl7.org/CodeSystem/measure-population",
              "code": "numerator",
              "display": "Numerator"
            } ]
          },
          "count": 0
        }, {
          "id": "DenominatorException_1",
          "code": {
            "coding": [ {
              "system": "http://terminology.hl7.org/CodeSystem/measure-population",
              "code": "denominator-exception",
              "display": "Denominator Exception"
            } ]
          },
          "count": 1
        } ],
        "measureScore": {
          "value": 1.0
        }
      } ],
      "evaluatedResource": [ {
        "reference": "Patient/260e1fc8-227f-4c16-bfc6-22625380a12c"
      }, {
        "reference": "Encounter/d5a5e9c1-f48d-4502-93e8-765bb2964d45"
      }, {
        "reference": "Observation/9e432cb4-444c-4ed4-b4a7-0e678c3ad505"
      }, {
        "reference": "ServiceRequest/b0b04429-ab61-47df-88e8-aeb208da2c8e"
      }, {
        "reference": "Coverage/c03454af-20ef-43d9-8f56-ed8d935db0bd"
      }, {
        "reference": "Organization/92a12674-5bb8-4d5f-b58f-e0308f608075"
      }, {
        "reference": "Practitioner/b35b713d-7e1c-4dec-af2d-d1ee797cb3f0"
      } ]
    },
    "request": {
      "method": "PUT",
      "url": "MeasureReport/40f81cad-1a10-4c6e-a460-b3d258234376"
    }
  } ]
}