{
  "resourceType": "Bundle",
  "id": "DENEXPass-HospiceObsValueIsYes",
  "type": "transaction",
  "entry": [ {
    "fullUrl": "https://madie.cms.gov/Patient/4a9211fc-d757-47ae-8bc0-0803c43a6728",
    "resource": {
      "resourceType": "Patient",
      "id": "4a9211fc-d757-47ae-8bc0-0803c43a6728",
      "meta": {
        "profile": [ "http://hl7.org/fhir/us/qicore/StructureDefinition/qicore-patient" ]
      },
      "extension": [ {
        "url": "http://hl7.org/fhir/us/core/StructureDefinition/us-core-race",
        "extension": [ {
          "url": "ombCategory",
          "valueCoding": {
            "system": "urn:oid:2.16.840.1.113883.6.238",
            "code": "2028-9",
            "display": "Asian",
            "userSelected": true
          }
        }, {
          "url": "text",
          "valueString": "Asian"
        } ]
      }, {
        "url": "http://hl7.org/fhir/us/core/StructureDefinition/us-core-ethnicity",
        "extension": [ {
          "url": "ombCategory",
          "valueCoding": {
            "system": "urn:oid:2.16.840.1.113883.6.238",
            "code": "2135-2",
            "display": "Hispanic or Latino",
            "userSelected": true
          }
        }, {
          "url": "text",
          "valueString": "Hispanic or Latino"
        } ]
      } ],
      "identifier": [ {
        "type": {
          "coding": [ {
            "system": "http://terminology.hl7.org/CodeSystem/v2-0203",
            "code": "MR"
          } ]
        },
        "system": "http://hospital.smarthealthit.org",
        "value": "999999995"
      } ],
      "name": [ {
        "family": "Bertha",
        "given": [ "Betty" ]
      } ],
      "gender": "female",
      "birthDate": "2021-01-01"
    },
    "request": {
      "method": "PUT",
      "url": "Patient/4a9211fc-d757-47ae-8bc0-0803c43a6728"
    }
  }, {
    "fullUrl": "https://madie.cms.gov/Encounter/94eda9b9-f13b-484e-add3-4d635ac5238a",
    "resource": {
      "resourceType": "Encounter",
      "id": "94eda9b9-f13b-484e-add3-4d635ac5238a",
      "meta": {
        "profile": [ "http://hl7.org/fhir/us/qicore/StructureDefinition/qicore-encounter" ]
      },
      "status": "finished",
      "class": {
        "system": "http://terminology.hl7.org/CodeSystem/v3-ActCode",
        "code": "AMB",
        "display": "ambulatory"
      },
      "type": [ {
        "coding": [ {
          "system": "http://snomed.info/sct",
          "code": "185463005",
          "display": "Visit out of hours (procedure)"
        } ]
      } ],
      "subject": {
        "reference": "Patient/4a9211fc-d757-47ae-8bc0-0803c43a6728"
      },
      "period": {
        "start": "2026-01-01T00:00:00.000Z",
        "end": "2026-01-01T00:00:00.000Z"
      }
    },
    "request": {
      "method": "PUT",
      "url": "Encounter/94eda9b9-f13b-484e-add3-4d635ac5238a"
    }
  }, {
    "fullUrl": "https://madie.cms.gov/Observation/323b2b6e-a71e-403a-b022-5f5a32ca20a9",
    "resource": {
      "resourceType": "Observation",
      "id": "323b2b6e-a71e-403a-b022-5f5a32ca20a9",
      "meta": {
        "profile": [ "http://hl7.org/fhir/us/qicore/StructureDefinition/qicore-observation-screening-assessment" ]
      },
      "status": "final",
      "category": [ {
        "coding": [ {
          "system": "http://terminology.hl7.org/CodeSystem/observation-category",
          "code": "survey"
        } ]
      } ],
      "code": {
        "coding": [ {
          "system": "http://loinc.org",
          "code": "45755-6",
          "display": "Hospice care [Minimum Data Set]"
        } ]
      },
      "subject": {
        "reference": "Patient/4a9211fc-d757-47ae-8bc0-0803c43a6728"
      },
      "effectivePeriod": {
        "start": "2025-12-31T00:00:00.000Z",
        "end": "2026-01-01T00:00:00.000Z"
      },
      "valueCodeableConcept": {
        "coding": [ {
          "system": "http://snomed.info/sct",
          "code": "373066001",
          "display": "Yes (qualifier value)"
        } ]
      }
    },
    "request": {
      "method": "PUT",
      "url": "Observation/323b2b6e-a71e-403a-b022-5f5a32ca20a9"
    }
  }, {
    "fullUrl": "https://madie.cms.gov/MeasureReport/b50d10b2-561d-43cf-a348-33fae1d23379",
    "resource": {
      "resourceType": "MeasureReport",
      "id": "b50d10b2-561d-43cf-a348-33fae1d23379",
      "meta": {
        "profile": [ "http://hl7.org/fhir/us/cqfmeasures/StructureDefinition/test-case-cqfm" ]
      },
      "contained": [ {
        "resourceType": "Parameters",
        "id": "3ca002f3-938d-4b7f-85f0-918b45e37e60-parameters",
        "parameter": [ {
          "name": "subject",
          "valueString": "4a9211fc-d757-47ae-8bc0-0803c43a6728"
        } ]
      } ],
      "extension": [ {
        "url": "http://hl7.org/fhir/StructureDefinition/cqf-inputParameters",
        "valueReference": {
          "reference": "#3ca002f3-938d-4b7f-85f0-918b45e37e60-parameters"
        }
      }, {
        "url": "http://hl7.org/fhir/us/cqfmeasures/StructureDefinition/cqfm-testCaseDescription",
        "valueMarkdown": "Hospice observation value is yes"
      } ],
      "modifierExtension": [ {
        "url": "http://hl7.org/fhir/us/cqfmeasures/StructureDefinition/cqfm-isTestCase",
        "valueBoolean": true
      } ],
      "status": "complete",
      "type": "individual",
      "measure": "https://madie.cms.gov/Measure/CMS155FHIRWeightAssessandCounselforKids",
      "period": {
        "start": "2026-01-01",
        "end": "2026-12-31"
      },
      "group": [ {
        "id": "Group_1",
        "population": [ {
          "id": "InitialPopulation_1",
          "code": {
            "coding": [ {
              "system": "http://terminology.hl7.org/CodeSystem/measure-population",
              "code": "initial-population",
              "display": "Initial Population"
            } ]
          },
          "count": 1
        }, {
          "id": "Denominator_1",
          "code": {
            "coding": [ {
              "system": "http://terminology.hl7.org/CodeSystem/measure-population",
              "code": "denominator",
              "display": "Denominator"
            } ]
          },
          "count": 1
        }, {
          "id": "DenominatorExclusion_1",
          "code": {
            "coding": [ {
              "system": "http://terminology.hl7.org/CodeSystem/measure-population",
              "code": "denominator-exclusion",
              "display": "Denominator Exclusion"
            } ]
          },
          "count": 1
        }, {
          "id": "Numerator_1",
          "code": {
            "coding": [ {
              "system": "http://terminology.hl7.org/CodeSystem/measure-population",
              "code": "numerator",
              "display": "Numerator"
            } ]
          },
          "count": 0
        } ],
        "measureScore": {
          "value": 1.0
        },
        "stratifier": [ {
          "id": "Stratification_1_1",
          "code": [ {
            "text": "Stratification 1"
          } ],
          "stratum": [ {
            "value": {
              "text": "true"
            },
            "population": [ {
              "id": "InitialPopulation_1",
              "code": {
                "coding": [ {
                  "system": "http://terminology.hl7.org/CodeSystem/measure-population",
                  "code": "initial-population",
                  "display": "Initial Population"
                } ]
              },
              "count": 1
            }, {
              "id": "Denominator_1",
              "code": {
                "coding": [ {
                  "system": "http://terminology.hl7.org/CodeSystem/measure-population",
                  "code": "denominator",
                  "display": "Denominator"
                } ]
              },
              "count": 1
            }, {
              "id": "DenominatorExclusion_1",
              "code": {
                "coding": [ {
                  "system": "http://terminology.hl7.org/CodeSystem/measure-population",
                  "code": "denominator-exclusion",
                  "display": "Denominator Exclusion"
                } ]
              },
              "count": 1
            }, {
              "id": "Numerator_1",
              "code": {
                "coding": [ {
                  "system": "http://terminology.hl7.org/CodeSystem/measure-population",
                  "code": "numerator",
                  "display": "Numerator"
                } ]
              },
              "count": 0
            } ]
          }, {
            "value": {
              "text": "false"
            },
            "population": [ {
              "id": "InitialPopulation_1",
              "code": {
                "coding": [ {
                  "system": "http://terminology.hl7.org/CodeSystem/measure-population",
                  "code": "initial-population",
                  "display": "Initial Population"
                } ]
              },
              "count": 0
            }, {
              "id": "Denominator_1",
              "code": {
                "coding": [ {
                  "system": "http://terminology.hl7.org/CodeSystem/measure-population",
                  "code": "denominator",
                  "display": "Denominator"
                } ]
              },
              "count": 0
            }, {
              "id": "DenominatorExclusion_1",
              "code": {
                "coding": [ {
                  "system": "http://terminology.hl7.org/CodeSystem/measure-population",
                  "code": "denominator-exclusion",
                  "display": "Denominator Exclusion"
                } ]
              },
              "count": 0
            }, {
              "id": "Numerator_1",
              "code": {
                "coding": [ {
                  "system": "http://terminology.hl7.org/CodeSystem/measure-population",
                  "code": "numerator",
                  "display": "Numerator"
                } ]
              },
              "count": 1
            } ]
          } ]
        }, {
          "id": "Stratification_1_2",
          "code": [ {
            "text": "Stratification 2"
          } ],
          "stratum": [ {
            "value": {
              "text": "true"
            },
            "population": [ {
              "id": "InitialPopulation_1",
              "code": {
                "coding": [ {
                  "system": "http://terminology.hl7.org/CodeSystem/measure-population",
                  "code": "initial-population",
                  "display": "Initial Population"
                } ]
              },
              "count": 0
            }, {
              "id": "Denominator_1",
              "code": {
                "coding": [ {
                  "system": "http://terminology.hl7.org/CodeSystem/measure-population",
                  "code": "denominator",
                  "display": "Denominator"
                } ]
              },
              "count": 0
            }, {
              "id": "DenominatorExclusion_1",
              "code": {
                "coding": [ {
                  "system": "http://terminology.hl7.org/CodeSystem/measure-population",
                  "code": "denominator-exclusion",
                  "display": "Denominator Exclusion"
                } ]
              },
              "count": 0
            }, {
              "id": "Numerator_1",
              "code": {
                "coding": [ {
                  "system": "http://terminology.hl7.org/CodeSystem/measure-population",
                  "code": "numerator",
                  "display": "Numerator"
                } ]
              },
              "count": 0
            } ]
          }, {
            "value": {
              "text": "false"
            },
            "population": [ {
              "id": "InitialPopulation_1",
              "code": {
                "coding": [ {
                  "system": "http://terminology.hl7.org/CodeSystem/measure-population",
                  "code": "initial-population",
                  "display": "Initial Population"
                } ]
              },
              "count": 1
            }, {
              "id": "Denominator_1",
              "code": {
                "coding": [ {
                  "system": "http://terminology.hl7.org/CodeSystem/measure-population",
                  "code": "denominator",
                  "display": "Denominator"
                } ]
              },
              "count": 1
            }, {
              "id": "DenominatorExclusion_1",
              "code": {
                "coding": [ {
                  "system": "http://terminology.hl7.org/CodeSystem/measure-population",
                  "code": "denominator-exclusion",
                  "display": "Denominator Exclusion"
                } ]
              },
              "count": 1
            }, {
              "id": "Numerator_1",
              "code": {
                "coding": [ {
                  "system": "http://terminology.hl7.org/CodeSystem/measure-population",
                  "code": "numerator",
                  "display": "Numerator"
                } ]
              },
              "count": 1
            } ]
          } ]
        } ]
      }, {
        "id": "Group_2",
        "population": [ {
          "id": "InitialPopulation_2",
          "code": {
            "coding": [ {
              "system": "http://terminology.hl7.org/CodeSystem/measure-population",
              "code": "initial-population",
              "display": "Initial Population"
            } ]
          },
          "count": 1
        }, {
          "id": "Denominator_2",
          "code": {
            "coding": [ {
              "system": "http://terminology.hl7.org/CodeSystem/measure-population",
              "code": "denominator",
              "display": "Denominator"
            } ]
          },
          "count": 1
        }, {
          "id": "DenominatorExclusion_2",
          "code": {
            "coding": [ {
              "system": "http://terminology.hl7.org/CodeSystem/measure-population",
              "code": "denominator-exclusion",
              "display": "Denominator Exclusion"
            } ]
          },
          "count": 1
        }, {
          "id": "Numerator_2",
          "code": {
            "coding": [ {
              "system": "http://terminology.hl7.org/CodeSystem/measure-population",
              "code": "numerator",
              "display": "Numerator"
            } ]
          },
          "count": 0
        } ],
        "measureScore": {
          "value": 1.0
        },
        "stratifier": [ {
          "id": "Stratification_2_1",
          "code": [ {
            "text": "Stratification 1"
          } ],
          "stratum": [ {
            "value": {
              "text": "true"
            },
            "population": [ {
              "id": "InitialPopulation_2",
              "code": {
                "coding": [ {
                  "system": "http://terminology.hl7.org/CodeSystem/measure-population",
                  "code": "initial-population",
                  "display": "Initial Population"
                } ]
              },
              "count": 1
            }, {
              "id": "Denominator_2",
              "code": {
                "coding": [ {
                  "system": "http://terminology.hl7.org/CodeSystem/measure-population",
                  "code": "denominator",
                  "display": "Denominator"
                } ]
              },
              "count": 1
            }, {
              "id": "DenominatorExclusion_2",
              "code": {
                "coding": [ {
                  "system": "http://terminology.hl7.org/CodeSystem/measure-population",
                  "code": "denominator-exclusion",
                  "display": "Denominator Exclusion"
                } ]
              },
              "count": 1
            }, {
              "id": "Numerator_2",
              "code": {
                "coding": [ {
                  "system": "http://terminology.hl7.org/CodeSystem/measure-population",
                  "code": "numerator",
                  "display": "Numerator"
                } ]
              },
              "count": 0
            } ]
          }, {
            "value": {
              "text": "false"
            },
            "population": [ {
              "id": "InitialPopulation_2",
              "code": {
                "coding": [ {
                  "system": "http://terminology.hl7.org/CodeSystem/measure-population",
                  "code": "initial-population",
                  "display": "Initial Population"
                } ]
              },
              "count": 0
            }, {
              "id": "Denominator_2",
              "code": {
                "coding": [ {
                  "system": "http://terminology.hl7.org/CodeSystem/measure-population",
                  "code": "denominator",
                  "display": "Denominator"
                } ]
              },
              "count": 0
            }, {
              "id": "DenominatorExclusion_2",
              "code": {
                "coding": [ {
                  "system": "http://terminology.hl7.org/CodeSystem/measure-population",
                  "code": "denominator-exclusion",
                  "display": "Denominator Exclusion"
                } ]
              },
              "count": 0
            }, {
              "id": "Numerator_2",
              "code": {
                "coding": [ {
                  "system": "http://terminology.hl7.org/CodeSystem/measure-population",
                  "code": "numerator",
                  "display": "Numerator"
                } ]
              },
              "count": 1
            } ]
          } ]
        }, {
          "id": "Stratification_2_2",
          "code": [ {
            "text": "Stratification 2"
          } ],
          "stratum": [ {
            "value": {
              "text": "true"
            },
            "population": [ {
              "id": "InitialPopulation_2",
              "code": {
                "coding": [ {
                  "system": "http://terminology.hl7.org/CodeSystem/measure-population",
                  "code": "initial-population",
                  "display": "Initial Population"
                } ]
              },
              "count": 0
            }, {
              "id": "Denominator_2",
              "code": {
                "coding": [ {
                  "system": "http://terminology.hl7.org/CodeSystem/measure-population",
                  "code": "denominator",
                  "display": "Denominator"
                } ]
              },
              "count": 0
            }, {
              "id": "DenominatorExclusion_2",
              "code": {
                "coding": [ {
                  "system": "http://terminology.hl7.org/CodeSystem/measure-population",
                  "code": "denominator-exclusion",
                  "display": "Denominator Exclusion"
                } ]
              },
              "count": 0
            }, {
              "id": "Numerator_2",
              "code": {
                "coding": [ {
                  "system": "http://terminology.hl7.org/CodeSystem/measure-population",
                  "code": "numerator",
                  "display": "Numerator"
                } ]
              },
              "count": 0
            } ]
          }, {
            "value": {
              "text": "false"
            },
            "population": [ {
              "id": "InitialPopulation_2",
              "code": {
                "coding": [ {
                  "system": "http://terminology.hl7.org/CodeSystem/measure-population",
                  "code": "initial-population",
                  "display": "Initial Population"
                } ]
              },
              "count": 1
            }, {
              "id": "Denominator_2",
              "code": {
                "coding": [ {
                  "system": "http://terminology.hl7.org/CodeSystem/measure-population",
                  "code": "denominator",
                  "display": "Denominator"
                } ]
              },
              "count": 1
            }, {
              "id": "DenominatorExclusion_2",
              "code": {
                "coding": [ {
                  "system": "http://terminology.hl7.org/CodeSystem/measure-population",
                  "code": "denominator-exclusion",
                  "display": "Denominator Exclusion"
                } ]
              },
              "count": 1
            }, {
              "id": "Numerator_2",
              "code": {
                "coding": [ {
                  "system": "http://terminology.hl7.org/CodeSystem/measure-population",
                  "code": "numerator",
                  "display": "Numerator"
                } ]
              },
              "count": 1
            } ]
          } ]
        } ]
      }, {
        "id": "Group_3",
        "population": [ {
          "id": "InitialPopulation_3",
          "code": {
            "coding": [ {
              "system": "http://terminology.hl7.org/CodeSystem/measure-population",
              "code": "initial-population",
              "display": "Initial Population"
            } ]
          },
          "count": 1
        }, {
          "id": "Denominator_3",
          "code": {
            "coding": [ {
              "system": "http://terminology.hl7.org/CodeSystem/measure-population",
              "code": "denominator",
              "display": "Denominator"
            } ]
          },
          "count": 1
        }, {
          "id": "DenominatorExclusion_3",
          "code": {
            "coding": [ {
              "system": "http://terminology.hl7.org/CodeSystem/measure-population",
              "code": "denominator-exclusion",
              "display": "Denominator Exclusion"
            } ]
          },
          "count": 1
        }, {
          "id": "Numerator_3",
          "code": {
            "coding": [ {
              "system": "http://terminology.hl7.org/CodeSystem/measure-population",
              "code": "numerator",
              "display": "Numerator"
            } ]
          },
          "count": 0
        } ],
        "measureScore": {
          "value": 1.0
        },
        "stratifier": [ {
          "id": "Stratification_3_1",
          "code": [ {
            "text": "Stratification 1"
          } ],
          "stratum": [ {
            "value": {
              "text": "true"
            },
            "population": [ {
              "id": "InitialPopulation_3",
              "code": {
                "coding": [ {
                  "system": "http://terminology.hl7.org/CodeSystem/measure-population",
                  "code": "initial-population",
                  "display": "Initial Population"
                } ]
              },
              "count": 1
            }, {
              "id": "Denominator_3",
              "code": {
                "coding": [ {
                  "system": "http://terminology.hl7.org/CodeSystem/measure-population",
                  "code": "denominator",
                  "display": "Denominator"
                } ]
              },
              "count": 1
            }, {
              "id": "DenominatorExclusion_3",
              "code": {
                "coding": [ {
                  "system": "http://terminology.hl7.org/CodeSystem/measure-population",
                  "code": "denominator-exclusion",
                  "display": "Denominator Exclusion"
                } ]
              },
              "count": 1
            }, {
              "id": "Numerator_3",
              "code": {
                "coding": [ {
                  "system": "http://terminology.hl7.org/CodeSystem/measure-population",
                  "code": "numerator",
                  "display": "Numerator"
                } ]
              },
              "count": 0
            } ]
          }, {
            "value": {
              "text": "false"
            },
            "population": [ {
              "id": "InitialPopulation_3",
              "code": {
                "coding": [ {
                  "system": "http://terminology.hl7.org/CodeSystem/measure-population",
                  "code": "initial-population",
                  "display": "Initial Population"
                } ]
              },
              "count": 0
            }, {
              "id": "Denominator_3",
              "code": {
                "coding": [ {
                  "system": "http://terminology.hl7.org/CodeSystem/measure-population",
                  "code": "denominator",
                  "display": "Denominator"
                } ]
              },
              "count": 0
            }, {
              "id": "DenominatorExclusion_3",
              "code": {
                "coding": [ {
                  "system": "http://terminology.hl7.org/CodeSystem/measure-population",
                  "code": "denominator-exclusion",
                  "display": "Denominator Exclusion"
                } ]
              },
              "count": 0
            }, {
              "id": "Numerator_3",
              "code": {
                "coding": [ {
                  "system": "http://terminology.hl7.org/CodeSystem/measure-population",
                  "code": "numerator",
                  "display": "Numerator"
                } ]
              },
              "count": 1
            } ]
          } ]
        }, {
          "id": "Stratification_3_2",
          "code": [ {
            "text": "Stratification 2"
          } ],
          "stratum": [ {
            "value": {
              "text": "true"
            },
            "population": [ {
              "id": "InitialPopulation_3",
              "code": {
                "coding": [ {
                  "system": "http://terminology.hl7.org/CodeSystem/measure-population",
                  "code": "initial-population",
                  "display": "Initial Population"
                } ]
              },
              "count": 0
            }, {
              "id": "Denominator_3",
              "code": {
                "coding": [ {
                  "system": "http://terminology.hl7.org/CodeSystem/measure-population",
                  "code": "denominator",
                  "display": "Denominator"
                } ]
              },
              "count": 0
            }, {
              "id": "DenominatorExclusion_3",
              "code": {
                "coding": [ {
                  "system": "http://terminology.hl7.org/CodeSystem/measure-population",
                  "code": "denominator-exclusion",
                  "display": "Denominator Exclusion"
                } ]
              },
              "count": 0
            }, {
              "id": "Numerator_3",
              "code": {
                "coding": [ {
                  "system": "http://terminology.hl7.org/CodeSystem/measure-population",
                  "code": "numerator",
                  "display": "Numerator"
                } ]
              },
              "count": 0
            } ]
          }, {
            "value": {
              "text": "false"
            },
            "population": [ {
              "id": "InitialPopulation_3",
              "code": {
                "coding": [ {
                  "system": "http://terminology.hl7.org/CodeSystem/measure-population",
                  "code": "initial-population",
                  "display": "Initial Population"
                } ]
              },
              "count": 1
            }, {
              "id": "Denominator_3",
              "code": {
                "coding": [ {
                  "system": "http://terminology.hl7.org/CodeSystem/measure-population",
                  "code": "denominator",
                  "display": "Denominator"
                } ]
              },
              "count": 1
            }, {
              "id": "DenominatorExclusion_3",
              "code": {
                "coding": [ {
                  "system": "http://terminology.hl7.org/CodeSystem/measure-population",
                  "code": "denominator-exclusion",
                  "display": "Denominator Exclusion"
                } ]
              },
              "count": 1
            }, {
              "id": "Numerator_3",
              "code": {
                "coding": [ {
                  "system": "http://terminology.hl7.org/CodeSystem/measure-population",
                  "code": "numerator",
                  "display": "Numerator"
                } ]
              },
              "count": 1
            } ]
          } ]
        } ]
      } ],
      "evaluatedResource": [ {
        "reference": "Patient/4a9211fc-d757-47ae-8bc0-0803c43a6728"
      }, {
        "reference": "Encounter/94eda9b9-f13b-484e-add3-4d635ac5238a"
      }, {
        "reference": "Observation/323b2b6e-a71e-403a-b022-5f5a32ca20a9"
      } ]
    },
    "request": {
      "method": "PUT",
      "url": "MeasureReport/b50d10b2-561d-43cf-a348-33fae1d23379"
    }
  } ]
}