{
  "resourceType": "Bundle",
  "id": "IPPass-19wTHAProcOct31PostOpVisDec31",
  "type": "transaction",
  "entry": [ {
    "fullUrl": "https://madie.cms.gov/Patient/5a42ef94-63aa-4990-9327-03a8d8ac53a0",
    "resource": {
      "resourceType": "Patient",
      "id": "5a42ef94-63aa-4990-9327-03a8d8ac53a0",
      "meta": {
        "profile": [ "http://hl7.org/fhir/us/qicore/StructureDefinition/qicore-patient" ]
      },
      "extension": [ {
        "url": "http://hl7.org/fhir/us/core/StructureDefinition/us-core-race",
        "extension": [ {
          "url": "ombCategory",
          "valueCoding": {
            "system": "urn:oid:2.16.840.1.113883.6.238",
            "code": "2028-9",
            "display": "Asian"
          }
        }, {
          "url": "text",
          "valueString": "Asian"
        } ]
      }, {
        "url": "http://hl7.org/fhir/us/core/StructureDefinition/us-core-ethnicity",
        "extension": [ {
          "url": "ombCategory",
          "valueCoding": {
            "system": "urn:oid:2.16.840.1.113883.6.238",
            "code": "2135-2",
            "display": "Hispanic or Latino"
          }
        }, {
          "url": "text",
          "valueString": "Hispanic or Latino"
        } ]
      } ],
      "identifier": [ {
        "system": "http://hospital.smarthealthit.org",
        "value": "999999995"
      } ],
      "name": [ {
        "family": "Bertha",
        "given": [ "Betty" ]
      } ],
      "gender": "female",
      "birthDate": "2007-01-01"
    },
    "request": {
      "method": "PUT",
      "url": "Patient/5a42ef94-63aa-4990-9327-03a8d8ac53a0"
    }
  }, {
    "fullUrl": "https://madie.cms.gov/Procedure/5fec57c9-da3c-433a-b785-c20d953e3bfb",
    "resource": {
      "resourceType": "Procedure",
      "id": "5fec57c9-da3c-433a-b785-c20d953e3bfb",
      "meta": {
        "profile": [ "http://hl7.org/fhir/us/qicore/StructureDefinition/qicore-procedure" ]
      },
      "extension": [ {
        "url": "http://hl7.org/fhir/us/qicore/StructureDefinition/qicore-recorded",
        "valueDateTime": "2025-10-31T00:00:00.000Z"
      } ],
      "status": "completed",
      "code": {
        "coding": [ {
          "system": "http://www.cms.gov/Medicare/Coding/ICD10",
          "code": "0SR9019",
          "display": "Replacement of Right Hip Joint with Metal Synthetic Substitute, Cemented, Open Approach"
        } ]
      },
      "subject": {
        "reference": "Patient/5a42ef94-63aa-4990-9327-03a8d8ac53a0"
      },
      "performedPeriod": {
        "start": "2025-10-31T00:00:00.000Z",
        "end": "2025-10-31T01:00:00.000Z"
      }
    },
    "request": {
      "method": "PUT",
      "url": "Procedure/5fec57c9-da3c-433a-b785-c20d953e3bfb"
    }
  }, {
    "fullUrl": "https://madie.cms.gov/Encounter/fccb5090-128c-41fc-8948-18b3c1fdc116",
    "resource": {
      "resourceType": "Encounter",
      "id": "fccb5090-128c-41fc-8948-18b3c1fdc116",
      "meta": {
        "profile": [ "http://hl7.org/fhir/us/qicore/StructureDefinition/qicore-encounter" ]
      },
      "status": "finished",
      "class": {
        "system": "http://terminology.hl7.org/CodeSystem/v3-ActCode",
        "code": "AMB",
        "display": "ambulatory"
      },
      "type": [ {
        "coding": [ {
          "system": "http://www.ama-assn.org/go/cpt",
          "code": "99024",
          "display": "Postoperative follow-up visit, normally included in the surgical package, to indicate that an evaluation and management service was performed during a postoperative period for a reason(s) related to the original procedure"
        } ]
      } ],
      "subject": {
        "reference": "Patient/5a42ef94-63aa-4990-9327-03a8d8ac53a0"
      },
      "period": {
        "start": "2026-12-31T00:00:00.000Z",
        "end": "2026-12-31T01:15:00.000Z"
      }
    },
    "request": {
      "method": "PUT",
      "url": "Encounter/fccb5090-128c-41fc-8948-18b3c1fdc116"
    }
  }, {
    "fullUrl": "https://madie.cms.gov/MeasureReport/a236d948-a40a-4b08-aa97-1a234edc6e40",
    "resource": {
      "resourceType": "MeasureReport",
      "id": "a236d948-a40a-4b08-aa97-1a234edc6e40",
      "meta": {
        "profile": [ "http://hl7.org/fhir/us/cqfmeasures/StructureDefinition/test-case-cqfm" ]
      },
      "contained": [ {
        "resourceType": "Parameters",
        "id": "e2d58098-6981-4b69-9d1d-75e3b19ada4b-parameters",
        "parameter": [ {
          "name": "subject",
          "valueString": "5a42ef94-63aa-4990-9327-03a8d8ac53a0"
        } ]
      } ],
      "extension": [ {
        "url": "http://hl7.org/fhir/StructureDefinition/cqf-inputParameters",
        "valueReference": {
          "reference": "#e2d58098-6981-4b69-9d1d-75e3b19ada4b-parameters"
        }
      }, {
        "url": "http://hl7.org/fhir/us/cqfmeasures/StructureDefinition/cqfm-testCaseDescription",
        "valueMarkdown": "Patient 19yo w/ a THA Procedure 10/31 during THAProcedure Interval and Post Op Visit Outpatient Encounter 12/31 during Qualifying Encounter Interval."
      } ],
      "modifierExtension": [ {
        "url": "http://hl7.org/fhir/us/cqfmeasures/StructureDefinition/cqfm-isTestCase",
        "valueBoolean": true
      } ],
      "status": "complete",
      "type": "individual",
      "measure": "https://madie.cms.gov/Measure/CMS56FHIRFunctionalStatusAssessmentforTotalHipReplacement",
      "period": {
        "start": "2026-01-01",
        "end": "2026-12-31"
      },
      "group": [ {
        "id": "Group_1",
        "population": [ {
          "id": "InitialPopulation_1",
          "code": {
            "coding": [ {
              "system": "http://terminology.hl7.org/CodeSystem/measure-population",
              "code": "initial-population",
              "display": "Initial Population"
            } ]
          },
          "count": 1
        }, {
          "id": "Denominator_1",
          "code": {
            "coding": [ {
              "system": "http://terminology.hl7.org/CodeSystem/measure-population",
              "code": "denominator",
              "display": "Denominator"
            } ]
          },
          "count": 1
        }, {
          "id": "DenominatorExclusion_1",
          "code": {
            "coding": [ {
              "system": "http://terminology.hl7.org/CodeSystem/measure-population",
              "code": "denominator-exclusion",
              "display": "Denominator Exclusion"
            } ]
          },
          "count": 0
        }, {
          "id": "Numerator_1",
          "code": {
            "coding": [ {
              "system": "http://terminology.hl7.org/CodeSystem/measure-population",
              "code": "numerator",
              "display": "Numerator"
            } ]
          },
          "count": 0
        } ],
        "measureScore": {
          "value": 1.0
        }
      } ],
      "evaluatedResource": [ {
        "reference": "Patient/5a42ef94-63aa-4990-9327-03a8d8ac53a0"
      }, {
        "reference": "Procedure/5fec57c9-da3c-433a-b785-c20d953e3bfb"
      }, {
        "reference": "Encounter/fccb5090-128c-41fc-8948-18b3c1fdc116"
      } ]
    },
    "request": {
      "method": "PUT",
      "url": "MeasureReport/a236d948-a40a-4b08-aa97-1a234edc6e40"
    }
  } ]
}