{
  "resourceType": "Bundle",
  "id": "630307ce0968f80122478820",
  "type": "transaction",
  "entry": [ {
    "fullUrl": "https://madie.cms.gov/Patient/74f77040-7994-4888-9b59-d7bcac07673f",
    "resource": {
      "resourceType": "Patient",
      "id": "74f77040-7994-4888-9b59-d7bcac07673f",
      "meta": {
        "profile": [ "http://hl7.org/fhir/us/qicore/StructureDefinition/qicore-patient" ]
      },
      "extension": [ {
        "url": "http://hl7.org/fhir/us/core/StructureDefinition/us-core-race",
        "extension": [ {
          "url": "ombCategory",
          "valueCoding": {
            "system": "urn:oid:2.16.840.1.113883.6.238",
            "code": "2106-3",
            "display": "White"
          }
        }, {
          "url": "text",
          "valueString": "White"
        } ]
      }, {
        "url": "http://hl7.org/fhir/us/core/StructureDefinition/us-core-ethnicity",
        "extension": [ {
          "url": "ombCategory",
          "valueCoding": {
            "system": "urn:oid:2.16.840.1.113883.6.238",
            "code": "2186-5",
            "display": "Not Hispanic or Latino"
          }
        }, {
          "url": "text",
          "valueString": "Not Hispanic or Latino"
        } ]
      } ],
      "identifier": [ {
        "type": {
          "coding": [ {
            "system": "http://terminology.hl7.org/CodeSystem/v2-0203",
            "code": "MR"
          } ]
        },
        "system": "https://bonnie-fhir.healthit.gov/",
        "value": "630307ce0968f80122478820"
      } ],
      "name": [ {
        "family": "NUMERPopStrat2Fail",
        "given": [ "FUAssessmentResultGreaterThan5" ]
      } ],
      "gender": "female",
      "birthDate": "2000-01-01"
    },
    "request": {
      "method": "PUT",
      "url": "Patient/74f77040-7994-4888-9b59-d7bcac07673f"
    }
  }, {
    "fullUrl": "https://madie.cms.gov/Encounter/a911727e-83a2-4a4d-b053-9c098a229c2f",
    "resource": {
      "resourceType": "Encounter",
      "id": "a911727e-83a2-4a4d-b053-9c098a229c2f",
      "meta": {
        "profile": [ "http://hl7.org/fhir/us/qicore/StructureDefinition/qicore-encounter" ]
      },
      "status": "finished",
      "class": {
        "system": "http://terminology.hl7.org/CodeSystem/v3-ActCode",
        "code": "AMB",
        "display": "ambulatory"
      },
      "type": [ {
        "coding": [ {
          "system": "http://www.ama-assn.org/go/cpt",
          "version": "2024",
          "code": "90791"
        } ]
      } ],
      "subject": {
        "reference": "Patient/74f77040-7994-4888-9b59-d7bcac07673f"
      },
      "period": {
        "start": "2025-02-25T14:30:00+00:00",
        "end": "2025-02-25T14:50:00+00:00"
      },
      "length": {
        "value": 0,
        "unit": "days"
      }
    },
    "request": {
      "method": "PUT",
      "url": "Encounter/a911727e-83a2-4a4d-b053-9c098a229c2f"
    }
  }, {
    "fullUrl": "https://madie.cms.gov/Observation/ea92ce64-4a5a-4daa-9dd2-cdeca2e6784a",
    "resource": {
      "resourceType": "Observation",
      "id": "ea92ce64-4a5a-4daa-9dd2-cdeca2e6784a",
      "meta": {
        "profile": [ "http://hl7.org/fhir/us/qicore/StructureDefinition/qicore-observation-screening-assessment" ]
      },
      "status": "final",
      "category": [ {
        "coding": [ {
          "system": "http://terminology.hl7.org/CodeSystem/observation-category",
          "code": "survey",
          "display": "Survey"
        } ]
      } ],
      "code": {
        "coding": [ {
          "system": "http://loinc.org",
          "version": "2.76",
          "code": "44261-6"
        } ]
      },
      "subject": {
        "reference": "Patient/74f77040-7994-4888-9b59-d7bcac07673f"
      },
      "effectiveDateTime": "2025-02-25T14:35:00+00:00",
      "valueInteger": 20
    },
    "request": {
      "method": "PUT",
      "url": "Observation/ea92ce64-4a5a-4daa-9dd2-cdeca2e6784a"
    }
  }, {
    "fullUrl": "https://madie.cms.gov/Observation/1545f5b6-eb2a-4353-979e-ddb7fe05ce9a",
    "resource": {
      "resourceType": "Observation",
      "id": "1545f5b6-eb2a-4353-979e-ddb7fe05ce9a",
      "meta": {
        "profile": [ "http://hl7.org/fhir/us/qicore/StructureDefinition/qicore-observation-screening-assessment" ]
      },
      "status": "final",
      "category": [ {
        "coding": [ {
          "system": "http://terminology.hl7.org/CodeSystem/observation-category",
          "code": "survey",
          "display": "Survey"
        } ]
      } ],
      "code": {
        "coding": [ {
          "system": "http://loinc.org",
          "version": "2.76",
          "code": "44261-6"
        } ]
      },
      "subject": {
        "reference": "Patient/74f77040-7994-4888-9b59-d7bcac07673f"
      },
      "effectiveDateTime": "2026-02-19T14:30:00+00:00",
      "valueInteger": 7
    },
    "request": {
      "method": "PUT",
      "url": "Observation/1545f5b6-eb2a-4353-979e-ddb7fe05ce9a"
    }
  }, {
    "fullUrl": "https://madie.cms.gov/Condition/de4560eb-a099-4dda-aa89-e35297c78675",
    "resource": {
      "resourceType": "Condition",
      "id": "de4560eb-a099-4dda-aa89-e35297c78675",
      "meta": {
        "profile": [ "http://hl7.org/fhir/us/qicore/StructureDefinition/qicore-condition-problems-health-concerns" ]
      },
      "clinicalStatus": {
        "coding": [ {
          "system": "http://terminology.hl7.org/CodeSystem/condition-clinical",
          "code": "active",
          "display": "active"
        } ]
      },
      "verificationStatus": {
        "coding": [ {
          "system": "http://terminology.hl7.org/CodeSystem/condition-ver-status",
          "code": "confirmed"
        } ]
      },
      "category": [ {
        "coding": [ {
          "system": "http://terminology.hl7.org/CodeSystem/condition-category",
          "code": "problem-list-item",
          "display": "Problem List Item"
        } ]
      } ],
      "code": {
        "coding": [ {
          "system": "http://hl7.org/fhir/sid/icd-10-cm",
          "version": "2024",
          "code": "F32.9"
        } ]
      },
      "subject": {
        "reference": "Patient/74f77040-7994-4888-9b59-d7bcac07673f"
      },
      "onsetDateTime": "2025-02-25T14:35:00+00:00"
    },
    "request": {
      "method": "PUT",
      "url": "Condition/de4560eb-a099-4dda-aa89-e35297c78675"
    }
  }, {
    "fullUrl": "https://madie.cms.gov/MeasureReport/15d9e88c-0d96-42a8-aec7-99d7e431e47d",
    "resource": {
      "resourceType": "MeasureReport",
      "id": "15d9e88c-0d96-42a8-aec7-99d7e431e47d",
      "meta": {
        "profile": [ "http://hl7.org/fhir/us/cqfmeasures/StructureDefinition/test-case-cqfm" ]
      },
      "contained": [ {
        "resourceType": "Parameters",
        "id": "695f1abc-b99a-471e-a8d6-887e815ec1e3-parameters",
        "parameter": [ {
          "name": "subject",
          "valueString": "74f77040-7994-4888-9b59-d7bcac07673f"
        } ]
      } ],
      "extension": [ {
        "url": "http://hl7.org/fhir/StructureDefinition/cqf-inputParameters",
        "valueReference": {
          "reference": "#695f1abc-b99a-471e-a8d6-887e815ec1e3-parameters"
        }
      }, {
        "url": "http://hl7.org/fhir/us/cqfmeasures/StructureDefinition/cqfm-testCaseDescription",
        "valueMarkdown": "Patient is 65 years old and has a Major Depression Dx, an encounter with PHQ-9>9 during Denom ID period and a PHQ-9>5 during MAP. Patient is in denom for strat 2. "
      } ],
      "modifierExtension": [ {
        "url": "http://hl7.org/fhir/us/cqfmeasures/StructureDefinition/cqfm-isTestCase",
        "valueBoolean": true
      } ],
      "status": "complete",
      "type": "individual",
      "measure": "https://madie.cms.gov/Measure/CMS159FHIRDepressionRemissionatTwelveMonths",
      "period": {
        "start": "2026-01-01",
        "end": "2026-12-31"
      },
      "group": [ {
        "id": "Group_1",
        "population": [ {
          "id": "InitialPopulation_1",
          "code": {
            "coding": [ {
              "system": "http://terminology.hl7.org/CodeSystem/measure-population",
              "code": "initial-population",
              "display": "Initial Population"
            } ]
          },
          "count": 1
        }, {
          "id": "Denominator_1",
          "code": {
            "coding": [ {
              "system": "http://terminology.hl7.org/CodeSystem/measure-population",
              "code": "denominator",
              "display": "Denominator"
            } ]
          },
          "count": 1
        }, {
          "id": "DenominatorExclusion_1",
          "code": {
            "coding": [ {
              "system": "http://terminology.hl7.org/CodeSystem/measure-population",
              "code": "denominator-exclusion",
              "display": "Denominator Exclusion"
            } ]
          },
          "count": 0
        }, {
          "id": "Numerator_1",
          "code": {
            "coding": [ {
              "system": "http://terminology.hl7.org/CodeSystem/measure-population",
              "code": "numerator",
              "display": "Numerator"
            } ]
          },
          "count": 0
        } ],
        "measureScore": {
          "value": 1.0
        }
      } ],
      "evaluatedResource": [ {
        "reference": "Patient/74f77040-7994-4888-9b59-d7bcac07673f"
      }, {
        "reference": "Encounter/a911727e-83a2-4a4d-b053-9c098a229c2f"
      }, {
        "reference": "Observation/ea92ce64-4a5a-4daa-9dd2-cdeca2e6784a"
      }, {
        "reference": "Observation/1545f5b6-eb2a-4353-979e-ddb7fe05ce9a"
      }, {
        "reference": "Condition/de4560eb-a099-4dda-aa89-e35297c78675"
      } ]
    },
    "request": {
      "method": "PUT",
      "url": "MeasureReport/15d9e88c-0d96-42a8-aec7-99d7e431e47d"
    }
  } ]
}