{
  "resourceType": "Bundle",
  "id": "61095b0998086b53805591a5",
  "type": "transaction",
  "entry": [ {
    "fullUrl": "https://madie.cms.gov/Patient/d3b7d697-069b-47d2-82d3-ed3e375c9aff",
    "resource": {
      "resourceType": "Patient",
      "id": "d3b7d697-069b-47d2-82d3-ed3e375c9aff",
      "meta": {
        "profile": [ "http://hl7.org/fhir/us/qicore/StructureDefinition/qicore-patient" ]
      },
      "extension": [ {
        "url": "http://hl7.org/fhir/us/core/StructureDefinition/us-core-race",
        "extension": [ {
          "url": "ombCategory",
          "valueCoding": {
            "system": "urn:oid:2.16.840.1.113883.6.238",
            "code": "1002-5",
            "display": "American Indian or Alaska Native",
            "userSelected": true
          }
        }, {
          "url": "text",
          "valueString": "American Indian or Alaska Native"
        } ]
      }, {
        "url": "http://hl7.org/fhir/us/core/StructureDefinition/us-core-ethnicity",
        "extension": [ {
          "url": "ombCategory",
          "valueCoding": {
            "system": "urn:oid:2.16.840.1.113883.6.238",
            "code": "2135-2",
            "display": "Hispanic or Latino",
            "userSelected": true
          }
        }, {
          "url": "text",
          "valueString": "Hispanic or Latino"
        } ]
      } ],
      "identifier": [ {
        "type": {
          "coding": [ {
            "system": "http://terminology.hl7.org/CodeSystem/v2-0203",
            "code": "MR"
          } ]
        },
        "system": "https://bonnie-fhir.healthit.gov/",
        "value": "61095b0998086b53805591a5"
      } ],
      "active": true,
      "name": [ {
        "use": "usual",
        "family": "DENEXPASS",
        "given": [ "AclridocyclitisOverlapsCatSurg" ]
      } ],
      "gender": "female",
      "birthDate": "1996-01-01"
    },
    "request": {
      "method": "PUT",
      "url": "Patient/d3b7d697-069b-47d2-82d3-ed3e375c9aff"
    }
  }, {
    "fullUrl": "https://madie.cms.gov/Observation/b6a9ca9d-2994-44dc-acee-c992c0b215b9",
    "resource": {
      "resourceType": "Observation",
      "id": "b6a9ca9d-2994-44dc-acee-c992c0b215b9",
      "meta": {
        "profile": [ "http://hl7.org/fhir/us/qicore/StructureDefinition/qicore-observation-clinical-result" ]
      },
      "status": "final",
      "category": [ {
        "coding": [ {
          "system": "http://terminology.hl7.org/CodeSystem/observation-category",
          "code": "exam",
          "display": "Exam"
        } ]
      } ],
      "code": {
        "coding": [ {
          "system": "http://snomed.info/sct",
          "code": "419775003"
        } ]
      },
      "subject": {
        "reference": "Patient/d3b7d697-069b-47d2-82d3-ed3e375c9aff"
      },
      "effectivePeriod": {
        "start": "2026-03-13T09:00:00+00:00",
        "end": "2026-03-13T09:30:00+00:00"
      }
    },
    "request": {
      "method": "PUT",
      "url": "Observation/b6a9ca9d-2994-44dc-acee-c992c0b215b9"
    }
  }, {
    "fullUrl": "https://madie.cms.gov/Procedure/1ac70e44-1e18-4e7d-b5dd-4b6395e1b8d7",
    "resource": {
      "resourceType": "Procedure",
      "id": "1ac70e44-1e18-4e7d-b5dd-4b6395e1b8d7",
      "meta": {
        "profile": [ "http://hl7.org/fhir/us/qicore/StructureDefinition/qicore-procedure" ]
      },
      "extension": [ {
        "url": "http://hl7.org/fhir/us/qicore/StructureDefinition/qicore-recorded",
        "valueDateTime": "2026-03-05T09:35:00-04:00"
      } ],
      "status": "completed",
      "code": {
        "coding": [ {
          "system": "http://snomed.info/sct",
          "code": "84149000"
        } ]
      },
      "subject": {
        "reference": "Patient/d3b7d697-069b-47d2-82d3-ed3e375c9aff"
      },
      "performedPeriod": {
        "start": "2026-03-05T09:20:00-04:00",
        "end": "2026-04-05T10:30:00-04:00"
      }
    },
    "request": {
      "method": "PUT",
      "url": "Procedure/1ac70e44-1e18-4e7d-b5dd-4b6395e1b8d7"
    }
  }, {
    "fullUrl": "https://madie.cms.gov/Condition/d14b1015-6fba-4228-8e08-2c7cd171eb58",
    "resource": {
      "resourceType": "Condition",
      "id": "d14b1015-6fba-4228-8e08-2c7cd171eb58",
      "meta": {
        "profile": [ "http://hl7.org/fhir/us/qicore/StructureDefinition/qicore-condition-problems-health-concerns" ]
      },
      "clinicalStatus": {
        "coding": [ {
          "system": "http://terminology.hl7.org/CodeSystem/condition-clinical",
          "code": "active",
          "display": "active",
          "userSelected": true
        } ]
      },
      "category": [ {
        "coding": [ {
          "system": "http://terminology.hl7.org/CodeSystem/condition-clinical",
          "code": "active",
          "display": "active",
          "userSelected": true
        } ]
      } ],
      "code": {
        "coding": [ {
          "system": "http://hl7.org/fhir/sid/icd-10-cm",
          "code": "H20.013",
          "userSelected": true
        }, {
          "system": "http://snomed.info/sct",
          "code": "29050005",
          "userSelected": true
        } ]
      },
      "subject": {
        "reference": "Patient/d3b7d697-069b-47d2-82d3-ed3e375c9aff"
      },
      "onsetDateTime": "2024-11-01T08:00:00.000+00:00"
    },
    "request": {
      "method": "PUT",
      "url": "Condition/d14b1015-6fba-4228-8e08-2c7cd171eb58"
    }
  }, {
    "fullUrl": "https://madie.cms.gov/Condition/d14b1015-6fba-4228-8e08-2c7cd171eb58",
    "resource": {
      "resourceType": "Condition",
      "id": "d14b1015-6fba-4228-8e08-2c7cd171eb58",
      "meta": {
        "profile": [ "http://hl7.org/fhir/us/qicore/StructureDefinition/qicore-condition-encounter-diagnosis" ]
      },
      "clinicalStatus": {
        "coding": [ {
          "system": "http://terminology.hl7.org/CodeSystem/condition-clinical",
          "code": "active",
          "display": "active",
          "userSelected": true
        } ]
      },
      "category": [ {
        "coding": [ {
          "system": "http://terminology.hl7.org/CodeSystem/condition-clinical",
          "code": "active",
          "display": "active",
          "userSelected": true
        } ]
      } ],
      "code": {
        "coding": [ {
          "system": "http://hl7.org/fhir/sid/icd-10-cm",
          "code": "H20.013",
          "userSelected": true
        }, {
          "system": "http://snomed.info/sct",
          "code": "29050005",
          "userSelected": true
        } ]
      },
      "subject": {
        "reference": "Patient/d3b7d697-069b-47d2-82d3-ed3e375c9aff"
      },
      "onsetDateTime": "2024-11-01T08:00:00.000+00:00"
    },
    "request": {
      "method": "PUT",
      "url": "Condition/d14b1015-6fba-4228-8e08-2c7cd171eb58"
    }
  }, {
    "fullUrl": "https://madie.cms.gov/Coverage/a385be3a-d6f7-4b6d-8fc0-a24c67d1391a",
    "resource": {
      "resourceType": "Coverage",
      "id": "a385be3a-d6f7-4b6d-8fc0-a24c67d1391a",
      "meta": {
        "profile": [ "http://hl7.org/fhir/us/qicore/StructureDefinition/qicore-coverage" ]
      },
      "status": "active",
      "beneficiary": {
        "reference": "Patient/d3b7d697-069b-47d2-82d3-ed3e375c9aff"
      },
      "payor": [ {
        "reference": "Organization/29e2ef5f-e730-4863-b6e7-288114043f91"
      } ]
    },
    "request": {
      "method": "PUT",
      "url": "Coverage/a385be3a-d6f7-4b6d-8fc0-a24c67d1391a"
    }
  }, {
    "fullUrl": "https://madie.cms.gov/Organization/29e2ef5f-e730-4863-b6e7-288114043f91",
    "resource": {
      "resourceType": "Organization",
      "id": "29e2ef5f-e730-4863-b6e7-288114043f91",
      "meta": {
        "profile": [ "http://hl7.org/fhir/us/qicore/StructureDefinition/qicore-organization" ]
      },
      "identifier": [ {
        "use": "temp",
        "system": "urn:oid:2.16.840.1.113883.4.4",
        "value": "21-3259825"
      } ],
      "active": true,
      "type": [ {
        "coding": [ {
          "system": "http://terminology.hl7.org/CodeSystem/organization-type",
          "code": "pay",
          "display": "Payer"
        } ]
      } ],
      "name": "Blue Cross Blue Shield of Texas",
      "telecom": [ {
        "system": "phone",
        "value": "(+1) 972-766-6900"
      } ],
      "address": [ {
        "use": "billing",
        "type": "postal",
        "line": [ "P.O. Box 660044" ],
        "city": "Dallas",
        "state": "TX",
        "postalCode": "75266-0044",
        "country": "USA"
      } ]
    },
    "request": {
      "method": "PUT",
      "url": "Organization/29e2ef5f-e730-4863-b6e7-288114043f91"
    }
  }, {
    "fullUrl": "https://madie.cms.gov/Practitioner/93e7ddab-ea7b-4c81-9e4e-4e4f021c7e3f",
    "resource": {
      "resourceType": "Practitioner",
      "id": "93e7ddab-ea7b-4c81-9e4e-4e4f021c7e3f",
      "meta": {
        "profile": [ "http://hl7.org/fhir/us/qicore/StructureDefinition/qicore-practitioner" ]
      },
      "identifier": [ {
        "system": "http://hl7.org/fhir/sid/us-npi",
        "value": "123456"
      } ],
      "name": [ {
        "family": "Evil",
        "prefix": [ "Dr" ]
      } ]
    },
    "request": {
      "method": "PUT",
      "url": "Practitioner/93e7ddab-ea7b-4c81-9e4e-4e4f021c7e3f"
    }
  }, {
    "fullUrl": "https://madie.cms.gov/MeasureReport/2aa9fe40-eabb-406c-a0ef-b3a8f70d2ed5",
    "resource": {
      "resourceType": "MeasureReport",
      "id": "2aa9fe40-eabb-406c-a0ef-b3a8f70d2ed5",
      "meta": {
        "profile": [ "http://hl7.org/fhir/us/cqfmeasures/StructureDefinition/test-case-cqfm" ]
      },
      "contained": [ {
        "resourceType": "Parameters",
        "id": "a13a5783-59a9-46eb-a1ef-1e304100ca21-parameters",
        "parameter": [ {
          "name": "subject",
          "valueString": "d3b7d697-069b-47d2-82d3-ed3e375c9aff"
        } ]
      } ],
      "extension": [ {
        "url": "http://hl7.org/fhir/StructureDefinition/cqf-inputParameters",
        "valueReference": {
          "reference": "#a13a5783-59a9-46eb-a1ef-1e304100ca21-parameters"
        }
      }, {
        "url": "http://hl7.org/fhir/us/cqfmeasures/StructureDefinition/cqfm-testCaseDescription",
        "valueMarkdown": "Patient with acute iridocyclitis overlapping cataract surgery"
      } ],
      "modifierExtension": [ {
        "url": "http://hl7.org/fhir/us/cqfmeasures/StructureDefinition/cqfm-isTestCase",
        "valueBoolean": true
      } ],
      "status": "complete",
      "type": "individual",
      "measure": "https://madie.cms.gov/Measure/CMS133FHIRCataracts2040BCVAwithin90Days",
      "period": {
        "start": "2026-01-01",
        "end": "2026-12-31"
      },
      "group": [ {
        "id": "Group_1",
        "population": [ {
          "id": "InitialPopulation_1",
          "code": {
            "coding": [ {
              "system": "http://terminology.hl7.org/CodeSystem/measure-population",
              "code": "initial-population",
              "display": "Initial Population"
            } ]
          },
          "count": 1
        }, {
          "id": "Denominator_1",
          "code": {
            "coding": [ {
              "system": "http://terminology.hl7.org/CodeSystem/measure-population",
              "code": "denominator",
              "display": "Denominator"
            } ]
          },
          "count": 1
        }, {
          "id": "DenominatorExclusion_1",
          "code": {
            "coding": [ {
              "system": "http://terminology.hl7.org/CodeSystem/measure-population",
              "code": "denominator-exclusion",
              "display": "Denominator Exclusion"
            } ]
          },
          "count": 1
        }, {
          "id": "Numerator_1",
          "code": {
            "coding": [ {
              "system": "http://terminology.hl7.org/CodeSystem/measure-population",
              "code": "numerator",
              "display": "Numerator"
            } ]
          },
          "count": 0
        } ],
        "measureScore": {
          "value": 0.0
        }
      } ],
      "evaluatedResource": [ {
        "reference": "Patient/d3b7d697-069b-47d2-82d3-ed3e375c9aff"
      }, {
        "reference": "Observation/b6a9ca9d-2994-44dc-acee-c992c0b215b9"
      }, {
        "reference": "Procedure/1ac70e44-1e18-4e7d-b5dd-4b6395e1b8d7"
      }, {
        "reference": "Condition/d14b1015-6fba-4228-8e08-2c7cd171eb58"
      }, {
        "reference": "Condition/d14b1015-6fba-4228-8e08-2c7cd171eb58"
      }, {
        "reference": "Coverage/a385be3a-d6f7-4b6d-8fc0-a24c67d1391a"
      }, {
        "reference": "Organization/29e2ef5f-e730-4863-b6e7-288114043f91"
      }, {
        "reference": "Practitioner/93e7ddab-ea7b-4c81-9e4e-4e4f021c7e3f"
      } ]
    },
    "request": {
      "method": "PUT",
      "url": "MeasureReport/2aa9fe40-eabb-406c-a0ef-b3a8f70d2ed5"
    }
  } ]
}