{
  "resourceType": "Bundle",
  "id": "62fd4b6a0968f8012246b26e",
  "type": "transaction",
  "entry": [ {
    "fullUrl": "https://madie.cms.gov/Patient/b1788e29-83a4-4a89-a488-6d0a861f13cd",
    "resource": {
      "resourceType": "Patient",
      "id": "b1788e29-83a4-4a89-a488-6d0a861f13cd",
      "meta": {
        "profile": [ "http://hl7.org/fhir/us/qicore/StructureDefinition/qicore-patient" ]
      },
      "extension": [ {
        "url": "http://hl7.org/fhir/us/core/StructureDefinition/us-core-race",
        "extension": [ {
          "url": "ombCategory",
          "valueCoding": {
            "system": "urn:oid:2.16.840.1.113883.6.238",
            "code": "1002-5",
            "display": "American Indian or Alaska Native",
            "userSelected": true
          }
        }, {
          "url": "text",
          "valueString": "American Indian or Alaska Native"
        } ]
      }, {
        "url": "http://hl7.org/fhir/us/core/StructureDefinition/us-core-ethnicity",
        "extension": [ {
          "url": "ombCategory",
          "valueCoding": {
            "system": "urn:oid:2.16.840.1.113883.6.238",
            "code": "2135-2",
            "display": "Hispanic or Latino",
            "userSelected": true
          }
        }, {
          "url": "text",
          "valueString": "Hispanic or Latino"
        } ]
      } ],
      "identifier": [ {
        "type": {
          "coding": [ {
            "system": "http://terminology.hl7.org/CodeSystem/v2-0203",
            "code": "MR"
          } ]
        },
        "system": "https://bonnie-fhir.healthit.gov/",
        "value": "62fd4b6a0968f8012246b26e"
      } ],
      "name": [ {
        "family": "NUMERFail",
        "given": [ "ConsNotLinkedToReferral" ]
      } ],
      "gender": "female",
      "birthDate": "1990-12-31"
    },
    "request": {
      "method": "PUT",
      "url": "Patient/b1788e29-83a4-4a89-a488-6d0a861f13cd"
    }
  }, {
    "fullUrl": "https://madie.cms.gov/ServiceRequest/404c8417-4c7b-4d5c-b99b-2993964647ec",
    "resource": {
      "resourceType": "ServiceRequest",
      "id": "404c8417-4c7b-4d5c-b99b-2993964647ec",
      "meta": {
        "profile": [ "http://hl7.org/fhir/us/qicore/StructureDefinition/qicore-servicerequest" ]
      },
      "status": "active",
      "intent": "order",
      "code": {
        "coding": [ {
          "system": "http://snomed.info/sct",
          "version": "2022-03",
          "code": "103696004",
          "display": "Patient referral to specialist (procedure)",
          "userSelected": true
        } ]
      },
      "subject": {
        "reference": "Patient/b1788e29-83a4-4a89-a488-6d0a861f13cd"
      },
      "authoredOn": "2026-06-06T08:00:00.000+00:00"
    },
    "request": {
      "method": "PUT",
      "url": "ServiceRequest/404c8417-4c7b-4d5c-b99b-2993964647ec"
    }
  }, {
    "fullUrl": "https://madie.cms.gov/Encounter/270cde1e-7589-44d1-beaf-41989c1822b6",
    "resource": {
      "resourceType": "Encounter",
      "id": "270cde1e-7589-44d1-beaf-41989c1822b6",
      "meta": {
        "profile": [ "http://hl7.org/fhir/us/qicore/StructureDefinition/qicore-encounter" ]
      },
      "status": "finished",
      "class": {
        "system": "http://terminology.hl7.org/CodeSystem/v3-ActCode",
        "code": "AMB",
        "display": "ambulatory"
      },
      "type": [ {
        "coding": [ {
          "system": "http://snomed.info/sct",
          "version": "2022-03",
          "code": "359960003",
          "display": "Ophthalmologic examination and evaluation under general anesthesia, limited (procedure)",
          "userSelected": true
        } ]
      } ],
      "subject": {
        "reference": "Patient/b1788e29-83a4-4a89-a488-6d0a861f13cd"
      },
      "period": {
        "start": "2026-05-27T08:00:00.000+00:00",
        "end": "2026-05-27T09:15:00.000+00:00"
      }
    },
    "request": {
      "method": "PUT",
      "url": "Encounter/270cde1e-7589-44d1-beaf-41989c1822b6"
    }
  }, {
    "fullUrl": "https://madie.cms.gov/Task/a93be882-2dfa-4f9e-868a-13d931fe44c0",
    "resource": {
      "resourceType": "Task",
      "id": "a93be882-2dfa-4f9e-868a-13d931fe44c0",
      "meta": {
        "profile": [ "http://hl7.org/fhir/us/qicore/StructureDefinition/qicore-task" ]
      },
      "identifier": [ {
        "use": "official",
        "system": "http:/goodhealth.org/identifiers",
        "value": "20170201-002"
      } ],
      "status": "completed",
      "intent": "order",
      "priority": "routine",
      "code": {
        "coding": [ {
          "system": "http://loinc.org",
          "version": "2.72",
          "code": "11488-4",
          "display": "Consult note",
          "userSelected": true
        } ]
      },
      "for": {
        "reference": "Patient/b1788e29-83a4-4a89-a488-6d0a861f13cd"
      },
      "executionPeriod": {
        "start": "2026-08-09T08:00:00.000+00:00",
        "end": "2026-08-09T08:15:00.000+00:00"
      }
    },
    "request": {
      "method": "PUT",
      "url": "Task/a93be882-2dfa-4f9e-868a-13d931fe44c0"
    }
  }, {
    "fullUrl": "https://madie.cms.gov/Coverage/01252ff5-0f00-4b70-805a-29656a29b25b",
    "resource": {
      "resourceType": "Coverage",
      "id": "01252ff5-0f00-4b70-805a-29656a29b25b",
      "meta": {
        "profile": [ "http://hl7.org/fhir/us/qicore/StructureDefinition/qicore-coverage" ]
      },
      "status": "active",
      "beneficiary": {
        "reference": "Patient/b1788e29-83a4-4a89-a488-6d0a861f13cd"
      },
      "payor": [ {
        "reference": "Organization/e31ace85-f07d-4537-ad29-3f01b08c5dd1"
      } ]
    },
    "request": {
      "method": "PUT",
      "url": "Coverage/01252ff5-0f00-4b70-805a-29656a29b25b"
    }
  }, {
    "fullUrl": "https://madie.cms.gov/Organization/e31ace85-f07d-4537-ad29-3f01b08c5dd1",
    "resource": {
      "resourceType": "Organization",
      "id": "e31ace85-f07d-4537-ad29-3f01b08c5dd1",
      "meta": {
        "profile": [ "http://hl7.org/fhir/us/qicore/StructureDefinition/qicore-organization" ]
      },
      "identifier": [ {
        "use": "temp",
        "system": "urn:oid:2.16.840.1.113883.4.4",
        "value": "21-3259825"
      } ],
      "active": true,
      "type": [ {
        "coding": [ {
          "system": "http://terminology.hl7.org/CodeSystem/organization-type",
          "code": "pay",
          "display": "Payer"
        } ]
      } ],
      "name": "Blue Cross Blue Shield of Texas",
      "telecom": [ {
        "system": "phone",
        "value": "(+1) 972-766-6900"
      } ],
      "address": [ {
        "use": "billing",
        "type": "postal",
        "line": [ "P.O. Box 660044" ],
        "city": "Dallas",
        "state": "TX",
        "postalCode": "75266-0044",
        "country": "USA"
      } ]
    },
    "request": {
      "method": "PUT",
      "url": "Organization/e31ace85-f07d-4537-ad29-3f01b08c5dd1"
    }
  }, {
    "fullUrl": "https://madie.cms.gov/Practitioner/1d4e81ec-0d01-4093-b03e-ad8eddb015c9",
    "resource": {
      "resourceType": "Practitioner",
      "id": "1d4e81ec-0d01-4093-b03e-ad8eddb015c9",
      "meta": {
        "profile": [ "http://hl7.org/fhir/us/qicore/StructureDefinition/qicore-practitioner" ]
      },
      "identifier": [ {
        "system": "http://hl7.org/fhir/sid/us-npi",
        "value": "123456"
      } ],
      "name": [ {
        "family": "Evil",
        "prefix": [ "Dr" ]
      } ]
    },
    "request": {
      "method": "PUT",
      "url": "Practitioner/1d4e81ec-0d01-4093-b03e-ad8eddb015c9"
    }
  }, {
    "fullUrl": "https://madie.cms.gov/MeasureReport/6af84a87-131d-434f-8cb9-46fb08bbb9d2",
    "resource": {
      "resourceType": "MeasureReport",
      "id": "6af84a87-131d-434f-8cb9-46fb08bbb9d2",
      "meta": {
        "profile": [ "http://hl7.org/fhir/us/cqfmeasures/StructureDefinition/test-case-cqfm" ]
      },
      "contained": [ {
        "resourceType": "Parameters",
        "id": "c4f7e332-515f-4bf3-acf7-d63b9becba4a-parameters",
        "parameter": [ {
          "name": "subject",
          "valueString": "b1788e29-83a4-4a89-a488-6d0a861f13cd"
        } ]
      } ],
      "extension": [ {
        "url": "http://hl7.org/fhir/StructureDefinition/cqf-inputParameters",
        "valueReference": {
          "reference": "#c4f7e332-515f-4bf3-acf7-d63b9becba4a-parameters"
        }
      }, {
        "url": "http://hl7.org/fhir/us/cqfmeasures/StructureDefinition/cqfm-testCaseDescription",
        "valueMarkdown": "Encounter during MP status finished, Referral Status Active, Intent Order during Referral period.  Consultant Report not linked to Referral.\n"
      } ],
      "modifierExtension": [ {
        "url": "http://hl7.org/fhir/us/cqfmeasures/StructureDefinition/cqfm-isTestCase",
        "valueBoolean": true
      } ],
      "status": "complete",
      "type": "individual",
      "measure": "https://madie.cms.gov/Measure/CMS50FHIRCRLReceiptofSpecialistReport",
      "period": {
        "start": "2026-01-01",
        "end": "2026-12-31"
      },
      "group": [ {
        "id": "Group_1",
        "population": [ {
          "id": "InitialPopulation_1",
          "code": {
            "coding": [ {
              "system": "http://terminology.hl7.org/CodeSystem/measure-population",
              "code": "initial-population",
              "display": "Initial Population"
            } ]
          },
          "count": 1
        }, {
          "id": "Denominator_1",
          "code": {
            "coding": [ {
              "system": "http://terminology.hl7.org/CodeSystem/measure-population",
              "code": "denominator",
              "display": "Denominator"
            } ]
          },
          "count": 1
        }, {
          "id": "Numerator_1",
          "code": {
            "coding": [ {
              "system": "http://terminology.hl7.org/CodeSystem/measure-population",
              "code": "numerator",
              "display": "Numerator"
            } ]
          },
          "count": 0
        } ],
        "measureScore": {
          "value": 1.0
        }
      } ],
      "evaluatedResource": [ {
        "reference": "Patient/b1788e29-83a4-4a89-a488-6d0a861f13cd"
      }, {
        "reference": "ServiceRequest/404c8417-4c7b-4d5c-b99b-2993964647ec"
      }, {
        "reference": "Encounter/270cde1e-7589-44d1-beaf-41989c1822b6"
      }, {
        "reference": "Task/a93be882-2dfa-4f9e-868a-13d931fe44c0"
      }, {
        "reference": "Coverage/01252ff5-0f00-4b70-805a-29656a29b25b"
      }, {
        "reference": "Organization/e31ace85-f07d-4537-ad29-3f01b08c5dd1"
      }, {
        "reference": "Practitioner/1d4e81ec-0d01-4093-b03e-ad8eddb015c9"
      } ]
    },
    "request": {
      "method": "PUT",
      "url": "MeasureReport/6af84a87-131d-434f-8cb9-46fb08bbb9d2"
    }
  } ]
}