{
  "resourceType": "Bundle",
  "id": "564134616513516133",
  "type": "transaction",
  "entry": [ {
    "fullUrl": "https://madie.cms.gov/Patient/4f4a65f4-a4c6-47e7-b37e-3ad9a9c9342e",
    "resource": {
      "resourceType": "Patient",
      "id": "4f4a65f4-a4c6-47e7-b37e-3ad9a9c9342e",
      "meta": {
        "profile": [ "http://hl7.org/fhir/us/qicore/StructureDefinition/qicore-patient" ]
      },
      "extension": [ {
        "url": "http://hl7.org/fhir/us/core/StructureDefinition/us-core-race",
        "extension": [ {
          "url": "ombCategory",
          "valueCoding": {
            "system": "urn:oid:2.16.840.1.113883.6.238",
            "code": "1002-5",
            "display": "American Indian or Alaska Native"
          }
        }, {
          "url": "text",
          "valueString": "American Indian or Alaska Native"
        } ]
      }, {
        "url": "http://hl7.org/fhir/us/core/StructureDefinition/us-core-ethnicity",
        "extension": [ {
          "url": "ombCategory",
          "valueCoding": {
            "system": "urn:oid:2.16.840.1.113883.6.238",
            "code": "2186-5",
            "display": "Not Hispanic or Latino"
          }
        }, {
          "url": "text",
          "valueString": "Not Hispanic or Latino"
        } ]
      } ],
      "identifier": [ {
        "type": {
          "coding": [ {
            "system": "http://terminology.hl7.org/CodeSystem/v2-0203",
            "code": "MR"
          } ]
        },
        "system": "https://bonnie-fhir.healthit.gov/",
        "value": "4987465161613131321"
      } ],
      "active": true,
      "name": [ {
        "use": "usual",
        "family": "DENEXCEPPop2Pass",
        "given": [ "BetaBlockerIntolerance" ]
      } ],
      "gender": "female",
      "birthDate": "1923-03-24"
    },
    "request": {
      "method": "PUT",
      "url": "Patient/4f4a65f4-a4c6-47e7-b37e-3ad9a9c9342e"
    }
  }, {
    "fullUrl": "https://madie.cms.gov/Encounter/14db515b-62d0-4fff-87fb-17b20e289b7f",
    "resource": {
      "resourceType": "Encounter",
      "id": "14db515b-62d0-4fff-87fb-17b20e289b7f",
      "meta": {
        "profile": [ "http://hl7.org/fhir/us/qicore/StructureDefinition/qicore-encounter" ]
      },
      "status": "finished",
      "class": {
        "system": "http://terminology.hl7.org/CodeSystem/v3-ActCode",
        "code": "AMB",
        "display": "ambulatory encounter"
      },
      "type": [ {
        "coding": [ {
          "system": "http://www.ama-assn.org/go/cpt",
          "version": "2024",
          "code": "99205"
        } ]
      } ],
      "subject": {
        "reference": "Patient/4f4a65f4-a4c6-47e7-b37e-3ad9a9c9342e"
      },
      "period": {
        "start": "2026-04-05T06:00:00.000+00:00",
        "end": "2026-04-05T07:00:00.000+00:00"
      }
    },
    "request": {
      "method": "PUT",
      "url": "Encounter/14db515b-62d0-4fff-87fb-17b20e289b7f"
    }
  }, {
    "fullUrl": "https://madie.cms.gov/Encounter/6fed6707-9e1a-4137-b3b4-731607e07032",
    "resource": {
      "resourceType": "Encounter",
      "id": "6fed6707-9e1a-4137-b3b4-731607e07032",
      "meta": {
        "profile": [ "http://hl7.org/fhir/us/qicore/StructureDefinition/qicore-encounter" ]
      },
      "status": "finished",
      "class": {
        "system": "http://terminology.hl7.org/CodeSystem/v3-ActCode",
        "code": "AMB",
        "display": "ambulatory encounter"
      },
      "type": [ {
        "coding": [ {
          "system": "http://www.ama-assn.org/go/cpt",
          "version": "2024",
          "code": "99205"
        } ]
      } ],
      "subject": {
        "reference": "Patient/4f4a65f4-a4c6-47e7-b37e-3ad9a9c9342e"
      },
      "period": {
        "start": "2026-07-08T09:00:00.000+00:00",
        "end": "2026-07-08T09:00:00.000+00:00"
      }
    },
    "request": {
      "method": "PUT",
      "url": "Encounter/6fed6707-9e1a-4137-b3b4-731607e07032"
    }
  }, {
    "fullUrl": "https://madie.cms.gov/Condition/ad7b2676-da41-436e-b32b-7645707337fb",
    "resource": {
      "resourceType": "Condition",
      "id": "ad7b2676-da41-436e-b32b-7645707337fb",
      "meta": {
        "profile": [ "http://hl7.org/fhir/us/qicore/StructureDefinition/qicore-condition-problems-health-concerns" ]
      },
      "clinicalStatus": {
        "coding": [ {
          "system": "http://terminology.hl7.org/CodeSystem/condition-clinical",
          "code": "active",
          "display": "Active"
        } ]
      },
      "verificationStatus": {
        "coding": [ {
          "system": "http://terminology.hl7.org/CodeSystem/condition-ver-status",
          "code": "confirmed",
          "display": "Confirmed"
        } ]
      },
      "category": [ {
        "coding": [ {
          "system": "http://terminology.hl7.org/CodeSystem/condition-category",
          "code": "problem-list-item",
          "display": "Problem List Item"
        } ]
      } ],
      "code": {
        "coding": [ {
          "system": "http://hl7.org/fhir/sid/icd-10-cm",
          "version": "2024",
          "code": "I21.01"
        } ]
      },
      "subject": {
        "reference": "Patient/4f4a65f4-a4c6-47e7-b37e-3ad9a9c9342e"
      },
      "onsetPeriod": {
        "start": "2023-11-22T07:30:00.000+00:00",
        "end": "2023-11-22T08:30:00.000+00:00"
      }
    },
    "request": {
      "method": "PUT",
      "url": "Condition/ad7b2676-da41-436e-b32b-7645707337fb"
    }
  }, {
    "fullUrl": "https://madie.cms.gov/Condition/bcf9a3fa-6089-4f99-99bd-7c50ca25f5ba",
    "resource": {
      "resourceType": "Condition",
      "id": "bcf9a3fa-6089-4f99-99bd-7c50ca25f5ba",
      "meta": {
        "profile": [ "http://hl7.org/fhir/us/qicore/StructureDefinition/qicore-condition-problems-health-concerns" ]
      },
      "clinicalStatus": {
        "coding": [ {
          "system": "http://terminology.hl7.org/CodeSystem/condition-clinical",
          "code": "active",
          "display": "Active"
        } ]
      },
      "verificationStatus": {
        "coding": [ {
          "system": "http://terminology.hl7.org/CodeSystem/condition-ver-status",
          "code": "confirmed"
        } ]
      },
      "category": [ {
        "coding": [ {
          "system": "http://terminology.hl7.org/CodeSystem/condition-category",
          "code": "problem-list-item",
          "display": "Problem List Item"
        } ]
      } ],
      "code": {
        "coding": [ {
          "system": "http://snomed.info/sct",
          "version": "http://snomed.info/sct/731000124108/version/20240301",
          "code": "10365005",
          "display": "Right main coronary artery thrombosis (disorder)"
        } ]
      },
      "subject": {
        "reference": "Patient/4f4a65f4-a4c6-47e7-b37e-3ad9a9c9342e"
      },
      "onsetPeriod": {
        "start": "2026-01-21T07:00:00.000+00:00"
      }
    },
    "request": {
      "method": "PUT",
      "url": "Condition/bcf9a3fa-6089-4f99-99bd-7c50ca25f5ba"
    }
  }, {
    "fullUrl": "https://madie.cms.gov/Condition/cd548ae4-c1fe-467e-9f75-a65503a0de53",
    "resource": {
      "resourceType": "Condition",
      "id": "cd548ae4-c1fe-467e-9f75-a65503a0de53",
      "meta": {
        "profile": [ "http://hl7.org/fhir/us/qicore/StructureDefinition/qicore-condition-problems-health-concerns" ]
      },
      "clinicalStatus": {
        "coding": [ {
          "system": "http://terminology.hl7.org/CodeSystem/condition-clinical",
          "code": "active",
          "display": "Active"
        } ]
      },
      "verificationStatus": {
        "coding": [ {
          "system": "http://terminology.hl7.org/CodeSystem/condition-ver-status",
          "code": "confirmed",
          "display": "Confirmed"
        } ]
      },
      "category": [ {
        "coding": [ {
          "system": "http://terminology.hl7.org/CodeSystem/condition-category",
          "code": "problem-list-item",
          "display": "Problem List Item"
        } ]
      } ],
      "code": {
        "coding": [ {
          "system": "http://snomed.info/sct",
          "version": "http://snomed.info/sct/731000124108/version/20230901",
          "code": "292419005",
          "display": "Beta-adrenoceptor blocking drug adverse reaction (disorder)"
        } ]
      },
      "subject": {
        "reference": "Patient/4f4a65f4-a4c6-47e7-b37e-3ad9a9c9342e"
      },
      "onsetPeriod": {
        "start": "2026-07-06T00:00:00.000+00:00"
      }
    },
    "request": {
      "method": "PUT",
      "url": "Condition/cd548ae4-c1fe-467e-9f75-a65503a0de53"
    }
  }, {
    "fullUrl": "https://madie.cms.gov/MeasureReport/d8f42088-b5be-4d85-a1d3-7af3f2ea0610",
    "resource": {
      "resourceType": "MeasureReport",
      "id": "d8f42088-b5be-4d85-a1d3-7af3f2ea0610",
      "meta": {
        "profile": [ "http://hl7.org/fhir/us/cqfmeasures/StructureDefinition/test-case-cqfm" ]
      },
      "contained": [ {
        "resourceType": "Parameters",
        "id": "b92136c5-b351-42b9-91db-272456967635-parameters",
        "parameter": [ {
          "name": "subject",
          "valueString": "4f4a65f4-a4c6-47e7-b37e-3ad9a9c9342e"
        } ]
      } ],
      "extension": [ {
        "url": "http://hl7.org/fhir/StructureDefinition/cqf-inputParameters",
        "valueReference": {
          "reference": "#b92136c5-b351-42b9-91db-272456967635-parameters"
        }
      }, {
        "url": "http://hl7.org/fhir/us/cqfmeasures/StructureDefinition/cqfm-testCaseDescription",
        "valueMarkdown": "Pt > 18, 2 amb. visits during MP, a MI Dx with onset > 2 yrs before MP, a CAD Dx with onset during MP but before 1st visit, and an intolerance to beta blocker"
      } ],
      "modifierExtension": [ {
        "url": "http://hl7.org/fhir/us/cqfmeasures/StructureDefinition/cqfm-isTestCase",
        "valueBoolean": true
      } ],
      "status": "complete",
      "type": "individual",
      "measure": "https://madie.cms.gov/Measure/CMS145FHIRCADBetaBlockerTherapyPriorMIorLVSD",
      "period": {
        "start": "2026-01-01",
        "end": "2026-12-31"
      },
      "group": [ {
        "id": "Group_1",
        "population": [ {
          "id": "InitialPopulation_1",
          "code": {
            "coding": [ {
              "system": "http://terminology.hl7.org/CodeSystem/measure-population",
              "code": "initial-population",
              "display": "Initial Population"
            } ]
          },
          "count": 1
        }, {
          "id": "Denominator_1",
          "code": {
            "coding": [ {
              "system": "http://terminology.hl7.org/CodeSystem/measure-population",
              "code": "denominator",
              "display": "Denominator"
            } ]
          },
          "count": 0
        }, {
          "id": "Numerator_1",
          "code": {
            "coding": [ {
              "system": "http://terminology.hl7.org/CodeSystem/measure-population",
              "code": "numerator",
              "display": "Numerator"
            } ]
          },
          "count": 0
        }, {
          "id": "DenominatorException_1",
          "code": {
            "coding": [ {
              "system": "http://terminology.hl7.org/CodeSystem/measure-population",
              "code": "denominator-exception",
              "display": "Denominator Exception"
            } ]
          },
          "count": 0
        } ],
        "measureScore": {
          "value": 1.0
        }
      }, {
        "id": "Group_2",
        "population": [ {
          "id": "InitialPopulation_2",
          "code": {
            "coding": [ {
              "system": "http://terminology.hl7.org/CodeSystem/measure-population",
              "code": "initial-population",
              "display": "Initial Population"
            } ]
          },
          "count": 1
        }, {
          "id": "Denominator_2",
          "code": {
            "coding": [ {
              "system": "http://terminology.hl7.org/CodeSystem/measure-population",
              "code": "denominator",
              "display": "Denominator"
            } ]
          },
          "count": 1
        }, {
          "id": "Numerator_2",
          "code": {
            "coding": [ {
              "system": "http://terminology.hl7.org/CodeSystem/measure-population",
              "code": "numerator",
              "display": "Numerator"
            } ]
          },
          "count": 0
        }, {
          "id": "DenominatorException_2",
          "code": {
            "coding": [ {
              "system": "http://terminology.hl7.org/CodeSystem/measure-population",
              "code": "denominator-exception",
              "display": "Denominator Exception"
            } ]
          },
          "count": 1
        } ],
        "measureScore": {
          "value": 1.0
        }
      } ],
      "evaluatedResource": [ {
        "reference": "Patient/4f4a65f4-a4c6-47e7-b37e-3ad9a9c9342e"
      }, {
        "reference": "Encounter/14db515b-62d0-4fff-87fb-17b20e289b7f"
      }, {
        "reference": "Encounter/6fed6707-9e1a-4137-b3b4-731607e07032"
      }, {
        "reference": "Condition/ad7b2676-da41-436e-b32b-7645707337fb"
      }, {
        "reference": "Condition/bcf9a3fa-6089-4f99-99bd-7c50ca25f5ba"
      }, {
        "reference": "Condition/cd548ae4-c1fe-467e-9f75-a65503a0de53"
      } ]
    },
    "request": {
      "method": "PUT",
      "url": "MeasureReport/d8f42088-b5be-4d85-a1d3-7af3f2ea0610"
    }
  } ]
}