{
  "resourceType": "Bundle",
  "id": "NUMFail-InitHOOSSameDayAsTHAFUHOOS299DaysAfterTHA",
  "type": "transaction",
  "entry": [ {
    "fullUrl": "https://madie.cms.gov/Patient/d34f0b5f-0646-4b5c-b9dc-7bb84205daa3",
    "resource": {
      "resourceType": "Patient",
      "id": "d34f0b5f-0646-4b5c-b9dc-7bb84205daa3",
      "meta": {
        "profile": [ "http://hl7.org/fhir/us/qicore/StructureDefinition/qicore-patient" ]
      },
      "extension": [ {
        "url": "http://hl7.org/fhir/us/core/StructureDefinition/us-core-race",
        "extension": [ {
          "url": "ombCategory",
          "valueCoding": {
            "system": "urn:oid:2.16.840.1.113883.6.238",
            "code": "2028-9",
            "display": "Asian"
          }
        }, {
          "url": "text",
          "valueString": "Asian"
        } ]
      }, {
        "url": "http://hl7.org/fhir/us/core/StructureDefinition/us-core-ethnicity",
        "extension": [ {
          "url": "ombCategory",
          "valueCoding": {
            "system": "urn:oid:2.16.840.1.113883.6.238",
            "code": "2135-2",
            "display": "Hispanic or Latino"
          }
        }, {
          "url": "text",
          "valueString": "Hispanic or Latino"
        } ]
      } ],
      "identifier": [ {
        "system": "http://hospital.smarthealthit.org",
        "value": "999999995"
      } ],
      "name": [ {
        "family": "Bertha",
        "given": [ "Betty" ]
      } ],
      "gender": "female",
      "birthDate": "2007-01-01"
    },
    "request": {
      "method": "PUT",
      "url": "Patient/d34f0b5f-0646-4b5c-b9dc-7bb84205daa3"
    }
  }, {
    "fullUrl": "https://madie.cms.gov/Procedure/af6d89a6-fb81-4c33-b951-c55392939fe9",
    "resource": {
      "resourceType": "Procedure",
      "id": "af6d89a6-fb81-4c33-b951-c55392939fe9",
      "meta": {
        "profile": [ "http://hl7.org/fhir/us/qicore/StructureDefinition/qicore-procedure" ]
      },
      "extension": [ {
        "url": "http://hl7.org/fhir/us/qicore/StructureDefinition/qicore-recorded",
        "valueDateTime": "2024-11-01T00:00:00.000Z"
      } ],
      "status": "completed",
      "code": {
        "coding": [ {
          "system": "http://www.cms.gov/Medicare/Coding/ICD10",
          "code": "0SR9019",
          "display": "Replacement of Right Hip Joint with Metal Synthetic Substitute, Cemented, Open Approach"
        } ]
      },
      "subject": {
        "reference": "Patient/d34f0b5f-0646-4b5c-b9dc-7bb84205daa3"
      },
      "performedPeriod": {
        "start": "2024-11-01T00:00:00.000Z",
        "end": "2024-11-01T01:00:00.000Z"
      }
    },
    "request": {
      "method": "PUT",
      "url": "Procedure/af6d89a6-fb81-4c33-b951-c55392939fe9"
    }
  }, {
    "fullUrl": "https://madie.cms.gov/Encounter/f62a6eca-fc11-4794-a50c-a541c2fde522",
    "resource": {
      "resourceType": "Encounter",
      "id": "f62a6eca-fc11-4794-a50c-a541c2fde522",
      "meta": {
        "profile": [ "http://hl7.org/fhir/us/qicore/StructureDefinition/qicore-encounter" ]
      },
      "status": "finished",
      "class": {
        "system": "http://terminology.hl7.org/CodeSystem/v3-ActCode",
        "code": "AMB",
        "display": "ambulatory"
      },
      "type": [ {
        "coding": [ {
          "system": "http://snomed.info/sct",
          "code": "281036007",
          "display": "Follow-up consultation (procedure)"
        } ]
      } ],
      "subject": {
        "reference": "Patient/d34f0b5f-0646-4b5c-b9dc-7bb84205daa3"
      },
      "period": {
        "start": "2025-11-01T00:00:00.000Z",
        "end": "2025-11-01T01:15:00.000Z"
      }
    },
    "request": {
      "method": "PUT",
      "url": "Encounter/f62a6eca-fc11-4794-a50c-a541c2fde522"
    }
  }, {
    "fullUrl": "https://madie.cms.gov/Observation/21d46586-7d21-4a58-ac76-271b886e0125",
    "resource": {
      "resourceType": "Observation",
      "id": "21d46586-7d21-4a58-ac76-271b886e0125",
      "meta": {
        "profile": [ "http://hl7.org/fhir/us/qicore/StructureDefinition/qicore-observation-screening-assessment" ]
      },
      "status": "final",
      "category": [ {
        "coding": [ {
          "system": "http://terminology.hl7.org/CodeSystem/observation-category",
          "code": "survey"
        } ]
      } ],
      "code": {
        "coding": [ {
          "system": "http://loinc.org",
          "code": "72093-8",
          "display": "Quality of life score [HOOS]"
        } ]
      },
      "subject": {
        "reference": "Patient/d34f0b5f-0646-4b5c-b9dc-7bb84205daa3"
      },
      "effectivePeriod": {
        "start": "2024-11-01T00:00:00.000Z",
        "end": "2024-11-01T01:00:00.000Z"
      },
      "valueInteger": 60
    },
    "request": {
      "method": "PUT",
      "url": "Observation/21d46586-7d21-4a58-ac76-271b886e0125"
    }
  }, {
    "fullUrl": "https://madie.cms.gov/Observation/a2599206-b103-4f0d-bf84-c57779bd1056",
    "resource": {
      "resourceType": "Observation",
      "id": "a2599206-b103-4f0d-bf84-c57779bd1056",
      "meta": {
        "profile": [ "http://hl7.org/fhir/us/qicore/StructureDefinition/qicore-observation-screening-assessment" ]
      },
      "status": "final",
      "category": [ {
        "coding": [ {
          "system": "http://terminology.hl7.org/CodeSystem/observation-category",
          "code": "survey"
        } ]
      } ],
      "code": {
        "coding": [ {
          "system": "http://loinc.org",
          "code": "72094-6",
          "display": "Sport-recreation score [HOOS]"
        } ]
      },
      "subject": {
        "reference": "Patient/d34f0b5f-0646-4b5c-b9dc-7bb84205daa3"
      },
      "effectivePeriod": {
        "start": "2024-11-01T00:00:00.000Z",
        "end": "2024-11-01T01:00:00.000Z"
      },
      "valueInteger": 60
    },
    "request": {
      "method": "PUT",
      "url": "Observation/a2599206-b103-4f0d-bf84-c57779bd1056"
    }
  }, {
    "fullUrl": "https://madie.cms.gov/Observation/5f9a7cad-1825-4f80-ada1-5000c21e58b3",
    "resource": {
      "resourceType": "Observation",
      "id": "5f9a7cad-1825-4f80-ada1-5000c21e58b3",
      "meta": {
        "profile": [ "http://hl7.org/fhir/us/qicore/StructureDefinition/qicore-observation-screening-assessment" ]
      },
      "status": "final",
      "category": [ {
        "coding": [ {
          "system": "http://terminology.hl7.org/CodeSystem/observation-category",
          "code": "survey"
        } ]
      } ],
      "code": {
        "coding": [ {
          "system": "http://loinc.org",
          "code": "72095-3",
          "display": "Activities of daily living score [HOOS]"
        } ]
      },
      "subject": {
        "reference": "Patient/d34f0b5f-0646-4b5c-b9dc-7bb84205daa3"
      },
      "effectivePeriod": {
        "start": "2024-11-01T00:00:00.000Z",
        "end": "2024-11-01T01:00:00.000Z"
      },
      "valueInteger": 60
    },
    "request": {
      "method": "PUT",
      "url": "Observation/5f9a7cad-1825-4f80-ada1-5000c21e58b3"
    }
  }, {
    "fullUrl": "https://madie.cms.gov/Observation/3c75e491-0fcb-4346-ad2b-4c05aabde3cb",
    "resource": {
      "resourceType": "Observation",
      "id": "3c75e491-0fcb-4346-ad2b-4c05aabde3cb",
      "meta": {
        "profile": [ "http://hl7.org/fhir/us/qicore/StructureDefinition/qicore-observation-screening-assessment" ]
      },
      "status": "final",
      "category": [ {
        "coding": [ {
          "system": "http://terminology.hl7.org/CodeSystem/observation-category",
          "code": "survey"
        } ]
      } ],
      "code": {
        "coding": [ {
          "system": "http://loinc.org",
          "code": "72096-1",
          "display": "Symptoms score [HOOS]"
        } ]
      },
      "subject": {
        "reference": "Patient/d34f0b5f-0646-4b5c-b9dc-7bb84205daa3"
      },
      "effectivePeriod": {
        "start": "2024-11-01T00:00:00.000Z",
        "end": "2024-11-01T01:00:00.000Z"
      },
      "valueInteger": 60
    },
    "request": {
      "method": "PUT",
      "url": "Observation/3c75e491-0fcb-4346-ad2b-4c05aabde3cb"
    }
  }, {
    "fullUrl": "https://madie.cms.gov/Observation/694bd109-a8d2-41af-91cc-619a2bdfccd2",
    "resource": {
      "resourceType": "Observation",
      "id": "694bd109-a8d2-41af-91cc-619a2bdfccd2",
      "meta": {
        "profile": [ "http://hl7.org/fhir/us/qicore/StructureDefinition/qicore-observation-screening-assessment" ]
      },
      "status": "final",
      "category": [ {
        "coding": [ {
          "system": "http://terminology.hl7.org/CodeSystem/observation-category",
          "code": "survey"
        } ]
      } ],
      "code": {
        "coding": [ {
          "system": "http://loinc.org",
          "code": "72097-9",
          "display": "Pain score [HOOS]"
        } ]
      },
      "subject": {
        "reference": "Patient/d34f0b5f-0646-4b5c-b9dc-7bb84205daa3"
      },
      "effectivePeriod": {
        "start": "2024-11-01T00:00:00.000Z",
        "end": "2024-11-01T01:00:00.000Z"
      },
      "valueInteger": 60
    },
    "request": {
      "method": "PUT",
      "url": "Observation/694bd109-a8d2-41af-91cc-619a2bdfccd2"
    }
  }, {
    "fullUrl": "https://madie.cms.gov/Observation/d2da52c8-c9b7-45f4-b0f8-21a497c8cd74",
    "resource": {
      "resourceType": "Observation",
      "id": "d2da52c8-c9b7-45f4-b0f8-21a497c8cd74",
      "meta": {
        "profile": [ "http://hl7.org/fhir/us/qicore/StructureDefinition/qicore-observation-screening-assessment" ]
      },
      "status": "final",
      "category": [ {
        "coding": [ {
          "system": "http://terminology.hl7.org/CodeSystem/observation-category",
          "code": "survey"
        } ]
      } ],
      "code": {
        "coding": [ {
          "system": "http://loinc.org",
          "code": "72093-8",
          "display": "Quality of life score [HOOS]"
        } ]
      },
      "subject": {
        "reference": "Patient/d34f0b5f-0646-4b5c-b9dc-7bb84205daa3"
      },
      "effectivePeriod": {
        "start": "2025-08-26T00:00:00.000Z",
        "end": "2025-08-26T01:00:00.000Z"
      },
      "valueInteger": 60
    },
    "request": {
      "method": "PUT",
      "url": "Observation/d2da52c8-c9b7-45f4-b0f8-21a497c8cd74"
    }
  }, {
    "fullUrl": "https://madie.cms.gov/Observation/dceadd81-f75c-4ae8-94ec-c5e177390a6e",
    "resource": {
      "resourceType": "Observation",
      "id": "dceadd81-f75c-4ae8-94ec-c5e177390a6e",
      "meta": {
        "profile": [ "http://hl7.org/fhir/us/qicore/StructureDefinition/qicore-observation-screening-assessment" ]
      },
      "status": "final",
      "category": [ {
        "coding": [ {
          "system": "http://terminology.hl7.org/CodeSystem/observation-category",
          "code": "survey"
        } ]
      } ],
      "code": {
        "coding": [ {
          "system": "http://loinc.org",
          "code": "72094-6",
          "display": "Sport-recreation score [HOOS]"
        } ]
      },
      "subject": {
        "reference": "Patient/d34f0b5f-0646-4b5c-b9dc-7bb84205daa3"
      },
      "effectivePeriod": {
        "start": "2025-08-26T00:00:00.000Z",
        "end": "2025-08-26T01:00:00.000Z"
      },
      "valueInteger": 60
    },
    "request": {
      "method": "PUT",
      "url": "Observation/dceadd81-f75c-4ae8-94ec-c5e177390a6e"
    }
  }, {
    "fullUrl": "https://madie.cms.gov/Observation/26c12263-d50e-4fd6-b9ed-3b7183922afe",
    "resource": {
      "resourceType": "Observation",
      "id": "26c12263-d50e-4fd6-b9ed-3b7183922afe",
      "meta": {
        "profile": [ "http://hl7.org/fhir/us/qicore/StructureDefinition/qicore-observation-screening-assessment" ]
      },
      "status": "final",
      "category": [ {
        "coding": [ {
          "system": "http://terminology.hl7.org/CodeSystem/observation-category",
          "code": "survey"
        } ]
      } ],
      "code": {
        "coding": [ {
          "system": "http://loinc.org",
          "code": "72095-3",
          "display": "Activities of daily living score [HOOS]"
        } ]
      },
      "subject": {
        "reference": "Patient/d34f0b5f-0646-4b5c-b9dc-7bb84205daa3"
      },
      "effectivePeriod": {
        "start": "2025-08-26T00:00:00.000Z",
        "end": "2025-08-26T01:00:00.000Z"
      },
      "valueInteger": 60
    },
    "request": {
      "method": "PUT",
      "url": "Observation/26c12263-d50e-4fd6-b9ed-3b7183922afe"
    }
  }, {
    "fullUrl": "https://madie.cms.gov/Observation/382dd2f6-8b65-4580-854d-5aad3759bf1f",
    "resource": {
      "resourceType": "Observation",
      "id": "382dd2f6-8b65-4580-854d-5aad3759bf1f",
      "meta": {
        "profile": [ "http://hl7.org/fhir/us/qicore/StructureDefinition/qicore-observation-screening-assessment" ]
      },
      "status": "final",
      "category": [ {
        "coding": [ {
          "system": "http://terminology.hl7.org/CodeSystem/observation-category",
          "code": "survey"
        } ]
      } ],
      "code": {
        "coding": [ {
          "system": "http://loinc.org",
          "code": "72096-1",
          "display": "Symptoms score [HOOS]"
        } ]
      },
      "subject": {
        "reference": "Patient/d34f0b5f-0646-4b5c-b9dc-7bb84205daa3"
      },
      "effectivePeriod": {
        "start": "2025-08-26T00:00:00.000Z",
        "end": "2025-08-26T01:00:00.000Z"
      },
      "valueInteger": 60
    },
    "request": {
      "method": "PUT",
      "url": "Observation/382dd2f6-8b65-4580-854d-5aad3759bf1f"
    }
  }, {
    "fullUrl": "https://madie.cms.gov/Observation/d12b4955-40f9-4431-a519-a5e37f833694",
    "resource": {
      "resourceType": "Observation",
      "id": "d12b4955-40f9-4431-a519-a5e37f833694",
      "meta": {
        "profile": [ "http://hl7.org/fhir/us/qicore/StructureDefinition/qicore-observation-screening-assessment" ]
      },
      "status": "final",
      "category": [ {
        "coding": [ {
          "system": "http://terminology.hl7.org/CodeSystem/observation-category",
          "code": "survey"
        } ]
      } ],
      "code": {
        "coding": [ {
          "system": "http://loinc.org",
          "code": "72097-9",
          "display": "Pain score [HOOS]"
        } ]
      },
      "subject": {
        "reference": "Patient/d34f0b5f-0646-4b5c-b9dc-7bb84205daa3"
      },
      "effectivePeriod": {
        "start": "2025-08-26T00:00:00.000Z",
        "end": "2025-08-26T01:00:00.000Z"
      },
      "valueInteger": 60
    },
    "request": {
      "method": "PUT",
      "url": "Observation/d12b4955-40f9-4431-a519-a5e37f833694"
    }
  }, {
    "fullUrl": "https://madie.cms.gov/MeasureReport/5e180ec2-ecdb-4f33-af37-a77e0db19111",
    "resource": {
      "resourceType": "MeasureReport",
      "id": "5e180ec2-ecdb-4f33-af37-a77e0db19111",
      "meta": {
        "profile": [ "http://hl7.org/fhir/us/cqfmeasures/StructureDefinition/test-case-cqfm" ]
      },
      "contained": [ {
        "resourceType": "Parameters",
        "id": "a23c4287-d1fa-4514-9271-f52016023f1d-parameters",
        "parameter": [ {
          "name": "subject",
          "valueString": "d34f0b5f-0646-4b5c-b9dc-7bb84205daa3"
        } ]
      } ],
      "extension": [ {
        "url": "http://hl7.org/fhir/StructureDefinition/cqf-inputParameters",
        "valueReference": {
          "reference": "#a23c4287-d1fa-4514-9271-f52016023f1d-parameters"
        }
      }, {
        "url": "http://hl7.org/fhir/us/cqfmeasures/StructureDefinition/cqfm-testCaseDescription",
        "valueMarkdown": "Patient w/ a THA Procedure 11/1, Initial Hip Assessment HOOS Same day as THA Procedure(11/1), and FollowUp Hip Assessment HOOS 299 days after THA Procedure (8/26)"
      } ],
      "modifierExtension": [ {
        "url": "http://hl7.org/fhir/us/cqfmeasures/StructureDefinition/cqfm-isTestCase",
        "valueBoolean": true
      } ],
      "status": "complete",
      "type": "individual",
      "measure": "https://madie.cms.gov/Measure/CMS56FHIRFunctionalStatusAssessmentforTotalHipReplacement",
      "period": {
        "start": "2026-01-01",
        "end": "2026-12-31"
      },
      "group": [ {
        "id": "Group_1",
        "population": [ {
          "id": "InitialPopulation_1",
          "code": {
            "coding": [ {
              "system": "http://terminology.hl7.org/CodeSystem/measure-population",
              "code": "initial-population",
              "display": "Initial Population"
            } ]
          },
          "count": 1
        }, {
          "id": "Denominator_1",
          "code": {
            "coding": [ {
              "system": "http://terminology.hl7.org/CodeSystem/measure-population",
              "code": "denominator",
              "display": "Denominator"
            } ]
          },
          "count": 1
        }, {
          "id": "DenominatorExclusion_1",
          "code": {
            "coding": [ {
              "system": "http://terminology.hl7.org/CodeSystem/measure-population",
              "code": "denominator-exclusion",
              "display": "Denominator Exclusion"
            } ]
          },
          "count": 0
        }, {
          "id": "Numerator_1",
          "code": {
            "coding": [ {
              "system": "http://terminology.hl7.org/CodeSystem/measure-population",
              "code": "numerator",
              "display": "Numerator"
            } ]
          },
          "count": 0
        } ],
        "measureScore": {
          "value": 1.0
        }
      } ],
      "evaluatedResource": [ {
        "reference": "Patient/d34f0b5f-0646-4b5c-b9dc-7bb84205daa3"
      }, {
        "reference": "Procedure/af6d89a6-fb81-4c33-b951-c55392939fe9"
      }, {
        "reference": "Encounter/f62a6eca-fc11-4794-a50c-a541c2fde522"
      }, {
        "reference": "Observation/21d46586-7d21-4a58-ac76-271b886e0125"
      }, {
        "reference": "Observation/a2599206-b103-4f0d-bf84-c57779bd1056"
      }, {
        "reference": "Observation/5f9a7cad-1825-4f80-ada1-5000c21e58b3"
      }, {
        "reference": "Observation/3c75e491-0fcb-4346-ad2b-4c05aabde3cb"
      }, {
        "reference": "Observation/694bd109-a8d2-41af-91cc-619a2bdfccd2"
      }, {
        "reference": "Observation/d2da52c8-c9b7-45f4-b0f8-21a497c8cd74"
      }, {
        "reference": "Observation/dceadd81-f75c-4ae8-94ec-c5e177390a6e"
      }, {
        "reference": "Observation/26c12263-d50e-4fd6-b9ed-3b7183922afe"
      }, {
        "reference": "Observation/382dd2f6-8b65-4580-854d-5aad3759bf1f"
      }, {
        "reference": "Observation/d12b4955-40f9-4431-a519-a5e37f833694"
      } ]
    },
    "request": {
      "method": "PUT",
      "url": "MeasureReport/5e180ec2-ecdb-4f33-af37-a77e0db19111"
    }
  } ]
}