{
  "resourceType": "Bundle",
  "id": "62a89f7131a203bdc723752b",
  "type": "transaction",
  "entry": [ {
    "fullUrl": "https://madie.cms.gov/Patient/cb9497a6-968f-4034-b85c-d254c07e34e5",
    "resource": {
      "resourceType": "Patient",
      "id": "cb9497a6-968f-4034-b85c-d254c07e34e5",
      "meta": {
        "profile": [ "http://hl7.org/fhir/us/qicore/StructureDefinition/qicore-patient" ]
      },
      "extension": [ {
        "url": "http://hl7.org/fhir/us/core/StructureDefinition/us-core-race",
        "extension": [ {
          "url": "ombCategory",
          "valueCoding": {
            "system": "urn:oid:2.16.840.1.113883.6.238",
            "code": "2106-3",
            "display": "White"
          }
        }, {
          "url": "text",
          "valueString": "White"
        } ]
      }, {
        "url": "http://hl7.org/fhir/us/core/StructureDefinition/us-core-ethnicity",
        "extension": [ {
          "url": "ombCategory",
          "valueCoding": {
            "system": "urn:oid:2.16.840.1.113883.6.238",
            "code": "2186-5",
            "display": "Non Hispanic or Latino"
          }
        }, {
          "url": "text",
          "valueString": "Non Hispanic or Latino"
        } ]
      } ],
      "identifier": [ {
        "type": {
          "coding": [ {
            "system": "http://terminology.hl7.org/CodeSystem/v2-0203",
            "code": "MR"
          } ]
        },
        "system": "https://GoodHealthcare.com/",
        "value": "41654161684974312"
      } ],
      "name": [ {
        "family": "IPPass",
        "given": [ "OV1MinAfterMPStart" ]
      } ],
      "gender": "male",
      "birthDate": "1961-05-01"
    },
    "request": {
      "method": "PUT",
      "url": "Patient/cb9497a6-968f-4034-b85c-d254c07e34e5"
    }
  }, {
    "fullUrl": "https://madie.cms.gov/Encounter/bac03211-3dc5-42d3-b3c2-156156a0549a",
    "resource": {
      "resourceType": "Encounter",
      "id": "bac03211-3dc5-42d3-b3c2-156156a0549a",
      "meta": {
        "profile": [ "http://hl7.org/fhir/us/qicore/StructureDefinition/qicore-encounter" ]
      },
      "status": "finished",
      "class": {
        "system": "http://terminology.hl7.org/CodeSystem/v3-ActCode",
        "code": "AMB",
        "display": "ambulatory"
      },
      "type": [ {
        "coding": [ {
          "system": "http://snomed.info/sct",
          "version": "http://snomed.info/sct/731000124108/version/20240301",
          "code": "185464004",
          "display": "Out of hours visit - not night visit (procedure)"
        } ]
      } ],
      "subject": {
        "reference": "Patient/cb9497a6-968f-4034-b85c-d254c07e34e5"
      },
      "period": {
        "start": "2026-01-01T00:01:00.000+00:00",
        "end": "2026-01-01T00:45:00.000+00:00"
      }
    },
    "request": {
      "method": "PUT",
      "url": "Encounter/bac03211-3dc5-42d3-b3c2-156156a0549a"
    }
  }, {
    "fullUrl": "https://madie.cms.gov/Condition/5abad7c1-1258-4d28-8906-8cbc6bc6c9ee",
    "resource": {
      "resourceType": "Condition",
      "id": "5abad7c1-1258-4d28-8906-8cbc6bc6c9ee",
      "meta": {
        "profile": [ "http://hl7.org/fhir/us/qicore/StructureDefinition/qicore-condition-problems-health-concerns" ]
      },
      "clinicalStatus": {
        "coding": [ {
          "system": "http://terminology.hl7.org/CodeSystem/condition-clinical",
          "code": "active",
          "display": "active"
        } ]
      },
      "verificationStatus": {
        "coding": [ {
          "system": "http://terminology.hl7.org/CodeSystem/condition-ver-status",
          "code": "confirmed",
          "display": "Confirmed"
        } ]
      },
      "category": [ {
        "coding": [ {
          "system": "http://terminology.hl7.org/CodeSystem/condition-category",
          "code": "problem-list-item",
          "display": "Problem List Item"
        } ]
      } ],
      "code": {
        "coding": [ {
          "system": "http://hl7.org/fhir/sid/icd-10-cm",
          "version": "2024",
          "code": "N40.1",
          "display": "Benign prostatic hyperplasia with lower urinary tract symptoms"
        } ]
      },
      "subject": {
        "reference": "Patient/cb9497a6-968f-4034-b85c-d254c07e34e5"
      },
      "onsetPeriod": {
        "start": "2025-07-01T08:00:00.000+00:00"
      }
    },
    "request": {
      "method": "PUT",
      "url": "Condition/5abad7c1-1258-4d28-8906-8cbc6bc6c9ee"
    }
  }, {
    "fullUrl": "https://madie.cms.gov/Observation/c763712b-397c-43d8-ac1b-f29cdd012a4f",
    "resource": {
      "resourceType": "Observation",
      "id": "c763712b-397c-43d8-ac1b-f29cdd012a4f",
      "meta": {
        "profile": [ "http://hl7.org/fhir/us/qicore/StructureDefinition/qicore-observation-screening-assessment" ]
      },
      "status": "final",
      "category": [ {
        "coding": [ {
          "system": "http://terminology.hl7.org/CodeSystem/observation-category",
          "code": "survey",
          "display": "Survey"
        } ]
      } ],
      "code": {
        "coding": [ {
          "system": "http://loinc.org",
          "version": "2.76",
          "code": "80976-4",
          "display": "International Prostate Symptom Score [IPSS]"
        } ]
      },
      "subject": {
        "reference": "Patient/cb9497a6-968f-4034-b85c-d254c07e34e5"
      },
      "effectiveDateTime": "2025-08-01T08:00:00.000+00:00",
      "valueInteger": 2
    },
    "request": {
      "method": "PUT",
      "url": "Observation/c763712b-397c-43d8-ac1b-f29cdd012a4f"
    }
  }, {
    "fullUrl": "https://madie.cms.gov/Observation/8acd1a64-2fab-4c51-b347-d18724fde09c",
    "resource": {
      "resourceType": "Observation",
      "id": "8acd1a64-2fab-4c51-b347-d18724fde09c",
      "meta": {
        "profile": [ "http://hl7.org/fhir/us/qicore/StructureDefinition/qicore-observation-screening-assessment" ]
      },
      "status": "final",
      "category": [ {
        "coding": [ {
          "system": "http://terminology.hl7.org/CodeSystem/observation-category",
          "code": "survey",
          "display": "Survey"
        } ]
      } ],
      "code": {
        "coding": [ {
          "system": "http://loinc.org",
          "version": "2.76",
          "code": "80976-4",
          "display": "International Prostate Symptom Score [IPSS]"
        } ]
      },
      "subject": {
        "reference": "Patient/cb9497a6-968f-4034-b85c-d254c07e34e5"
      },
      "effectiveDateTime": "2026-07-01T08:00:00.000+00:00",
      "valueInteger": 2
    },
    "request": {
      "method": "PUT",
      "url": "Observation/8acd1a64-2fab-4c51-b347-d18724fde09c"
    }
  }, {
    "fullUrl": "https://madie.cms.gov/MeasureReport/6d864d8a-2e9b-45bb-b322-3712b2a6c914",
    "resource": {
      "resourceType": "MeasureReport",
      "id": "6d864d8a-2e9b-45bb-b322-3712b2a6c914",
      "meta": {
        "profile": [ "http://hl7.org/fhir/us/cqfmeasures/StructureDefinition/test-case-cqfm" ]
      },
      "contained": [ {
        "resourceType": "Parameters",
        "id": "84c5daf4-91e3-423a-976b-4dfbf12452ce-parameters",
        "parameter": [ {
          "name": "subject",
          "valueString": "cb9497a6-968f-4034-b85c-d254c07e34e5"
        } ]
      } ],
      "extension": [ {
        "url": "http://hl7.org/fhir/StructureDefinition/cqf-inputParameters",
        "valueReference": {
          "reference": "#84c5daf4-91e3-423a-976b-4dfbf12452ce-parameters"
        }
      }, {
        "url": "http://hl7.org/fhir/us/cqfmeasures/StructureDefinition/cqfm-testCaseDescription",
        "valueMarkdown": "Required  Office Visit  starts 1 minute after start of Measurement Period"
      } ],
      "modifierExtension": [ {
        "url": "http://hl7.org/fhir/us/cqfmeasures/StructureDefinition/cqfm-isTestCase",
        "valueBoolean": true
      } ],
      "status": "complete",
      "type": "individual",
      "measure": "https://madie.cms.gov/Measure/CMS771FHIRUrinarySymptomScoreChangeBenignProstaticHyperplasia",
      "period": {
        "start": "2026-01-01",
        "end": "2026-12-31"
      },
      "group": [ {
        "id": "Group_1",
        "population": [ {
          "id": "InitialPopulation_1",
          "code": {
            "coding": [ {
              "system": "http://terminology.hl7.org/CodeSystem/measure-population",
              "code": "initial-population",
              "display": "Initial Population"
            } ]
          },
          "count": 1
        }, {
          "id": "Denominator_1",
          "code": {
            "coding": [ {
              "system": "http://terminology.hl7.org/CodeSystem/measure-population",
              "code": "denominator",
              "display": "Denominator"
            } ]
          },
          "count": 1
        }, {
          "id": "DenominatorExclusion_1",
          "code": {
            "coding": [ {
              "system": "http://terminology.hl7.org/CodeSystem/measure-population",
              "code": "denominator-exclusion",
              "display": "Denominator Exclusion"
            } ]
          },
          "count": 0
        }, {
          "id": "Numerator_1",
          "code": {
            "coding": [ {
              "system": "http://terminology.hl7.org/CodeSystem/measure-population",
              "code": "numerator",
              "display": "Numerator"
            } ]
          },
          "count": 0
        } ],
        "measureScore": {
          "value": 1.0
        }
      } ],
      "evaluatedResource": [ {
        "reference": "Patient/cb9497a6-968f-4034-b85c-d254c07e34e5"
      }, {
        "reference": "Encounter/bac03211-3dc5-42d3-b3c2-156156a0549a"
      }, {
        "reference": "Condition/5abad7c1-1258-4d28-8906-8cbc6bc6c9ee"
      }, {
        "reference": "Observation/c763712b-397c-43d8-ac1b-f29cdd012a4f"
      }, {
        "reference": "Observation/8acd1a64-2fab-4c51-b347-d18724fde09c"
      } ]
    },
    "request": {
      "method": "PUT",
      "url": "MeasureReport/6d864d8a-2e9b-45bb-b322-3712b2a6c914"
    }
  } ]
}