{
  "resourceType": "Bundle",
  "id": "62fd4b710968f82603aac854",
  "type": "transaction",
  "entry": [ {
    "fullUrl": "https://madie.cms.gov/Patient/849d31ab-b698-4cb4-99eb-fc3ad8aceda9",
    "resource": {
      "resourceType": "Patient",
      "id": "849d31ab-b698-4cb4-99eb-fc3ad8aceda9",
      "meta": {
        "profile": [ "http://hl7.org/fhir/us/qicore/StructureDefinition/qicore-patient" ]
      },
      "extension": [ {
        "url": "http://hl7.org/fhir/us/core/StructureDefinition/us-core-race",
        "extension": [ {
          "url": "ombCategory",
          "valueCoding": {
            "system": "urn:oid:2.16.840.1.113883.6.238",
            "code": "2054-5",
            "display": "Black or African American",
            "userSelected": true
          }
        }, {
          "url": "text",
          "valueString": "Black or African American"
        } ]
      }, {
        "url": "http://hl7.org/fhir/us/core/StructureDefinition/us-core-ethnicity",
        "extension": [ {
          "url": "ombCategory",
          "valueCoding": {
            "system": "urn:oid:2.16.840.1.113883.6.238",
            "code": "2186-5",
            "display": "Not Hispanic or Latino",
            "userSelected": true
          }
        }, {
          "url": "text",
          "valueString": "Not Hispanic or Latino"
        } ]
      } ],
      "identifier": [ {
        "type": {
          "coding": [ {
            "system": "http://terminology.hl7.org/CodeSystem/v2-0203",
            "code": "MR"
          } ]
        },
        "system": "https://bonnie-fhir.healthit.gov/",
        "value": "62fd4b710968f82603aac854"
      } ],
      "name": [ {
        "family": "IPFail",
        "given": [ "EncAfterMP" ]
      } ],
      "gender": "female",
      "birthDate": "2001-12-31"
    },
    "request": {
      "method": "PUT",
      "url": "Patient/849d31ab-b698-4cb4-99eb-fc3ad8aceda9"
    }
  }, {
    "fullUrl": "https://madie.cms.gov/Encounter/f2c39512-2ab6-448a-85da-27bbbd611326",
    "resource": {
      "resourceType": "Encounter",
      "id": "f2c39512-2ab6-448a-85da-27bbbd611326",
      "meta": {
        "profile": [ "http://hl7.org/fhir/us/qicore/StructureDefinition/qicore-encounter" ]
      },
      "status": "finished",
      "class": {
        "system": "http://terminology.hl7.org/CodeSystem/v3-ActCode",
        "code": "AMB",
        "display": "ambulatory"
      },
      "type": [ {
        "coding": [ {
          "system": "http://www.ama-assn.org/go/cpt",
          "version": "2021",
          "code": "99385",
          "display": "Initial comprehensive preventive medicine evaluation and management of an individual including an age and gender appropriate history, examination, counseling/anticipatory guidance/risk factor reduction interventions, and the ordering of laboratory/diagnostic procedures, new patient; 18-39 years",
          "userSelected": true
        } ]
      } ],
      "subject": {
        "reference": "Patient/849d31ab-b698-4cb4-99eb-fc3ad8aceda9"
      },
      "period": {
        "start": "2027-01-01T00:00:00.000+00:00",
        "end": "2027-01-01T00:15:00.000+00:00"
      }
    },
    "request": {
      "method": "PUT",
      "url": "Encounter/f2c39512-2ab6-448a-85da-27bbbd611326"
    }
  }, {
    "fullUrl": "https://madie.cms.gov/ServiceRequest/33cedb81-8617-4035-b6fb-c561e199649f",
    "resource": {
      "resourceType": "ServiceRequest",
      "id": "33cedb81-8617-4035-b6fb-c561e199649f",
      "meta": {
        "profile": [ "http://hl7.org/fhir/us/qicore/StructureDefinition/qicore-servicerequest" ]
      },
      "status": "active",
      "intent": "order",
      "code": {
        "coding": [ {
          "system": "http://snomed.info/sct",
          "version": "2022-03",
          "code": "103696004",
          "display": "Patient referral to specialist (procedure)",
          "userSelected": true
        } ]
      },
      "subject": {
        "reference": "Patient/849d31ab-b698-4cb4-99eb-fc3ad8aceda9"
      },
      "authoredOn": "2026-08-08T08:00:00.000+00:00"
    },
    "request": {
      "method": "PUT",
      "url": "ServiceRequest/33cedb81-8617-4035-b6fb-c561e199649f"
    }
  }, {
    "fullUrl": "https://madie.cms.gov/Coverage/15568e7b-7445-4697-b9dc-e94f4123fb61",
    "resource": {
      "resourceType": "Coverage",
      "id": "15568e7b-7445-4697-b9dc-e94f4123fb61",
      "meta": {
        "profile": [ "http://hl7.org/fhir/us/qicore/StructureDefinition/qicore-coverage" ]
      },
      "status": "active",
      "beneficiary": {
        "reference": "Patient/849d31ab-b698-4cb4-99eb-fc3ad8aceda9"
      },
      "payor": [ {
        "reference": "Organization/655a9e90-c2d8-4f96-9452-0b9341c0a454"
      } ]
    },
    "request": {
      "method": "PUT",
      "url": "Coverage/15568e7b-7445-4697-b9dc-e94f4123fb61"
    }
  }, {
    "fullUrl": "https://madie.cms.gov/Organization/655a9e90-c2d8-4f96-9452-0b9341c0a454",
    "resource": {
      "resourceType": "Organization",
      "id": "655a9e90-c2d8-4f96-9452-0b9341c0a454",
      "meta": {
        "profile": [ "http://hl7.org/fhir/us/qicore/StructureDefinition/qicore-organization" ]
      },
      "identifier": [ {
        "use": "temp",
        "system": "urn:oid:2.16.840.1.113883.4.4",
        "value": "21-3259825"
      } ],
      "active": true,
      "type": [ {
        "coding": [ {
          "system": "http://terminology.hl7.org/CodeSystem/organization-type",
          "code": "pay",
          "display": "Payer"
        } ]
      } ],
      "name": "Blue Cross Blue Shield of Texas",
      "telecom": [ {
        "system": "phone",
        "value": "(+1) 972-766-6900"
      } ],
      "address": [ {
        "use": "billing",
        "type": "postal",
        "line": [ "P.O. Box 660044" ],
        "city": "Dallas",
        "state": "TX",
        "postalCode": "75266-0044",
        "country": "USA"
      } ]
    },
    "request": {
      "method": "PUT",
      "url": "Organization/655a9e90-c2d8-4f96-9452-0b9341c0a454"
    }
  }, {
    "fullUrl": "https://madie.cms.gov/Practitioner/2736837f-9583-4432-a314-cb14ca3e8173",
    "resource": {
      "resourceType": "Practitioner",
      "id": "2736837f-9583-4432-a314-cb14ca3e8173",
      "meta": {
        "profile": [ "http://hl7.org/fhir/us/qicore/StructureDefinition/qicore-practitioner" ]
      },
      "identifier": [ {
        "system": "http://hl7.org/fhir/sid/us-npi",
        "value": "123456"
      } ],
      "name": [ {
        "family": "Evil",
        "prefix": [ "Dr" ]
      } ]
    },
    "request": {
      "method": "PUT",
      "url": "Practitioner/2736837f-9583-4432-a314-cb14ca3e8173"
    }
  }, {
    "fullUrl": "https://madie.cms.gov/MeasureReport/de22024c-5ad8-444a-9df1-7a78f000cb5b",
    "resource": {
      "resourceType": "MeasureReport",
      "id": "de22024c-5ad8-444a-9df1-7a78f000cb5b",
      "meta": {
        "profile": [ "http://hl7.org/fhir/us/cqfmeasures/StructureDefinition/test-case-cqfm" ]
      },
      "contained": [ {
        "resourceType": "Parameters",
        "id": "e7c8b138-8e31-4657-b6ea-086e55ddb0d0-parameters",
        "parameter": [ {
          "name": "subject",
          "valueString": "849d31ab-b698-4cb4-99eb-fc3ad8aceda9"
        } ]
      } ],
      "extension": [ {
        "url": "http://hl7.org/fhir/StructureDefinition/cqf-inputParameters",
        "valueReference": {
          "reference": "#e7c8b138-8e31-4657-b6ea-086e55ddb0d0-parameters"
        }
      }, {
        "url": "http://hl7.org/fhir/us/cqfmeasures/StructureDefinition/cqfm-testCaseDescription",
        "valueMarkdown": "Encounter after MP ( \"start\" : \"202x-01-01T00:00:00.000+00:00\", \"end\" : \"202x-01-01T00:15:00.000+00:00\") status finished with valid Referral Status Active Intent Order\n\n\n"
      } ],
      "modifierExtension": [ {
        "url": "http://hl7.org/fhir/us/cqfmeasures/StructureDefinition/cqfm-isTestCase",
        "valueBoolean": true
      } ],
      "status": "complete",
      "type": "individual",
      "measure": "https://madie.cms.gov/Measure/CMS50FHIRCRLReceiptofSpecialistReport",
      "period": {
        "start": "2026-01-01",
        "end": "2026-12-31"
      },
      "group": [ {
        "id": "Group_1",
        "population": [ {
          "id": "InitialPopulation_1",
          "code": {
            "coding": [ {
              "system": "http://terminology.hl7.org/CodeSystem/measure-population",
              "code": "initial-population",
              "display": "Initial Population"
            } ]
          },
          "count": 0
        }, {
          "id": "Denominator_1",
          "code": {
            "coding": [ {
              "system": "http://terminology.hl7.org/CodeSystem/measure-population",
              "code": "denominator",
              "display": "Denominator"
            } ]
          },
          "count": 0
        }, {
          "id": "Numerator_1",
          "code": {
            "coding": [ {
              "system": "http://terminology.hl7.org/CodeSystem/measure-population",
              "code": "numerator",
              "display": "Numerator"
            } ]
          },
          "count": 0
        } ],
        "measureScore": {
          "value": 1.0
        }
      } ],
      "evaluatedResource": [ {
        "reference": "Patient/849d31ab-b698-4cb4-99eb-fc3ad8aceda9"
      }, {
        "reference": "Encounter/f2c39512-2ab6-448a-85da-27bbbd611326"
      }, {
        "reference": "ServiceRequest/33cedb81-8617-4035-b6fb-c561e199649f"
      }, {
        "reference": "Coverage/15568e7b-7445-4697-b9dc-e94f4123fb61"
      }, {
        "reference": "Organization/655a9e90-c2d8-4f96-9452-0b9341c0a454"
      }, {
        "reference": "Practitioner/2736837f-9583-4432-a314-cb14ca3e8173"
      } ]
    },
    "request": {
      "method": "PUT",
      "url": "MeasureReport/de22024c-5ad8-444a-9df1-7a78f000cb5b"
    }
  } ]
}