{
  "resourceType": "Bundle",
  "id": "34649746346467834164132126",
  "type": "transaction",
  "entry": [ {
    "fullUrl": "https://madie.cms.gov/Patient/fdbc9919-4ab0-446a-8c0b-29ac687d8d3b",
    "resource": {
      "resourceType": "Patient",
      "id": "fdbc9919-4ab0-446a-8c0b-29ac687d8d3b",
      "meta": {
        "profile": [ "http://hl7.org/fhir/us/qicore/StructureDefinition/qicore-patient" ]
      },
      "extension": [ {
        "url": "http://hl7.org/fhir/us/core/StructureDefinition/us-core-race",
        "extension": [ {
          "url": "ombCategory",
          "valueCoding": {
            "system": "urn:oid:2.16.840.1.113883.6.238",
            "code": "1002-5",
            "display": "American Indian or Alaska Native"
          }
        }, {
          "url": "text",
          "valueString": "American Indian or Alaska Native"
        } ]
      }, {
        "url": "http://hl7.org/fhir/us/core/StructureDefinition/us-core-ethnicity",
        "extension": [ {
          "url": "ombCategory",
          "valueCoding": {
            "system": "urn:oid:2.16.840.1.113883.6.238",
            "code": "2186-5",
            "display": "Not Hispanic or Latino"
          }
        }, {
          "url": "text",
          "valueString": "Not Hispanic or Latino"
        } ]
      } ],
      "identifier": [ {
        "type": {
          "coding": [ {
            "system": "http://terminology.hl7.org/CodeSystem/v2-0203",
            "code": "MR"
          } ]
        },
        "system": "https://bonnie-fhir.healthit.gov/",
        "value": "6549456436453423"
      } ],
      "active": true,
      "name": [ {
        "use": "usual",
        "family": "DENEXCEPPop1Pass",
        "given": [ "ConsecHeartRatesLT50" ]
      } ],
      "gender": "male",
      "birthDate": "1947-03-24"
    },
    "request": {
      "method": "PUT",
      "url": "Patient/fdbc9919-4ab0-446a-8c0b-29ac687d8d3b"
    }
  }, {
    "fullUrl": "https://madie.cms.gov/Encounter/3ed9e049-468a-46e9-91b8-272e86823912",
    "resource": {
      "resourceType": "Encounter",
      "id": "3ed9e049-468a-46e9-91b8-272e86823912",
      "meta": {
        "profile": [ "http://hl7.org/fhir/us/qicore/StructureDefinition/qicore-encounter" ]
      },
      "status": "finished",
      "class": {
        "system": "http://terminology.hl7.org/CodeSystem/v3-ActCode",
        "code": "AMB",
        "display": "ambulatory encounter"
      },
      "type": [ {
        "coding": [ {
          "system": "http://www.ama-assn.org/go/cpt",
          "version": "2024",
          "code": "99205"
        } ]
      } ],
      "subject": {
        "reference": "Patient/fdbc9919-4ab0-446a-8c0b-29ac687d8d3b"
      },
      "period": {
        "start": "2026-04-05T06:00:00.000+00:00",
        "end": "2026-04-05T07:00:00.000+00:00"
      }
    },
    "request": {
      "method": "PUT",
      "url": "Encounter/3ed9e049-468a-46e9-91b8-272e86823912"
    }
  }, {
    "fullUrl": "https://madie.cms.gov/Encounter/b65bb9f6-b7a9-4db6-ab38-8d32ac8d2515",
    "resource": {
      "resourceType": "Encounter",
      "id": "b65bb9f6-b7a9-4db6-ab38-8d32ac8d2515",
      "meta": {
        "profile": [ "http://hl7.org/fhir/us/qicore/StructureDefinition/qicore-encounter" ]
      },
      "status": "finished",
      "class": {
        "system": "http://terminology.hl7.org/CodeSystem/v3-ActCode",
        "code": "AMB",
        "display": "ambulatory encounter"
      },
      "type": [ {
        "coding": [ {
          "system": "http://www.ama-assn.org/go/cpt",
          "version": "2024",
          "code": "99205"
        } ]
      } ],
      "subject": {
        "reference": "Patient/fdbc9919-4ab0-446a-8c0b-29ac687d8d3b"
      },
      "period": {
        "start": "2026-07-08T08:00:00.000+00:00",
        "end": "2026-07-08T09:00:00.000+00:00"
      }
    },
    "request": {
      "method": "PUT",
      "url": "Encounter/b65bb9f6-b7a9-4db6-ab38-8d32ac8d2515"
    }
  }, {
    "fullUrl": "https://madie.cms.gov/Condition/443e406f-901e-4c82-b8f7-3df0f9cd297d",
    "resource": {
      "resourceType": "Condition",
      "id": "443e406f-901e-4c82-b8f7-3df0f9cd297d",
      "meta": {
        "profile": [ "http://hl7.org/fhir/us/qicore/StructureDefinition/qicore-condition-problems-health-concerns" ]
      },
      "clinicalStatus": {
        "coding": [ {
          "system": "http://terminology.hl7.org/CodeSystem/condition-clinical",
          "code": "active",
          "display": "Active"
        } ]
      },
      "verificationStatus": {
        "coding": [ {
          "system": "http://terminology.hl7.org/CodeSystem/condition-ver-status",
          "code": "confirmed",
          "display": "Confirmed"
        } ]
      },
      "category": [ {
        "coding": [ {
          "system": "http://terminology.hl7.org/CodeSystem/condition-category",
          "code": "problem-list-item",
          "display": "Problem List Item"
        } ]
      } ],
      "code": {
        "coding": [ {
          "system": "http://snomed.info/sct",
          "version": "http://snomed.info/sct/731000124108/version/20240301",
          "code": "981000124106",
          "display": "Moderate left ventricular systolic dysfunction (disorder)"
        } ]
      },
      "subject": {
        "reference": "Patient/fdbc9919-4ab0-446a-8c0b-29ac687d8d3b"
      },
      "onsetPeriod": {
        "start": "2026-04-05T06:00:00.000+00:00"
      }
    },
    "request": {
      "method": "PUT",
      "url": "Condition/443e406f-901e-4c82-b8f7-3df0f9cd297d"
    }
  }, {
    "fullUrl": "https://madie.cms.gov/Condition/85676777-5e0e-489b-9553-9b9712b48e44",
    "resource": {
      "resourceType": "Condition",
      "id": "85676777-5e0e-489b-9553-9b9712b48e44",
      "meta": {
        "profile": [ "http://hl7.org/fhir/us/qicore/StructureDefinition/qicore-condition-problems-health-concerns" ]
      },
      "clinicalStatus": {
        "coding": [ {
          "system": "http://terminology.hl7.org/CodeSystem/condition-clinical",
          "code": "active",
          "display": "Active"
        } ]
      },
      "verificationStatus": {
        "coding": [ {
          "system": "http://terminology.hl7.org/CodeSystem/condition-ver-status",
          "code": "confirmed",
          "display": "Confirmed"
        } ]
      },
      "category": [ {
        "coding": [ {
          "system": "http://terminology.hl7.org/CodeSystem/condition-category",
          "code": "problem-list-item",
          "display": "Problem List Item"
        } ]
      } ],
      "code": {
        "coding": [ {
          "system": "http://snomed.info/sct",
          "version": "http://snomed.info/sct/731000124108/version/20240301",
          "code": "10365005",
          "display": "Right main coronary artery thrombosis (disorder)"
        } ]
      },
      "subject": {
        "reference": "Patient/fdbc9919-4ab0-446a-8c0b-29ac687d8d3b"
      },
      "onsetPeriod": {
        "start": "2026-04-05T06:00:00.000+00:00"
      }
    },
    "request": {
      "method": "PUT",
      "url": "Condition/85676777-5e0e-489b-9553-9b9712b48e44"
    }
  }, {
    "fullUrl": "https://madie.cms.gov/Observation/1051c40f-bc78-43d6-8d73-e2cefcc2e625",
    "resource": {
      "resourceType": "Observation",
      "id": "1051c40f-bc78-43d6-8d73-e2cefcc2e625",
      "meta": {
        "profile": [ "http://hl7.org/fhir/us/core/StructureDefinition/us-core-heart-rate" ]
      },
      "status": "final",
      "category": [ {
        "coding": [ {
          "system": "http://terminology.hl7.org/CodeSystem/observation-category",
          "code": "vital-signs",
          "display": "Vital Signs"
        } ]
      } ],
      "code": {
        "coding": [ {
          "system": "http://loinc.org",
          "version": "2.76",
          "code": "8867-4"
        } ]
      },
      "subject": {
        "reference": "Patient/fdbc9919-4ab0-446a-8c0b-29ac687d8d3b"
      },
      "effectiveDateTime": "2026-07-08T08:15:00.000+00:00",
      "valueQuantity": {
        "value": 40,
        "unit": "/min",
        "system": "http://unitsofmeasure.org",
        "code": "/min"
      }
    },
    "request": {
      "method": "PUT",
      "url": "Observation/1051c40f-bc78-43d6-8d73-e2cefcc2e625"
    }
  }, {
    "fullUrl": "https://madie.cms.gov/Observation/0eadb1bb-e4c1-4dac-8d86-a8aaaa5157fe",
    "resource": {
      "resourceType": "Observation",
      "id": "0eadb1bb-e4c1-4dac-8d86-a8aaaa5157fe",
      "meta": {
        "profile": [ "http://hl7.org/fhir/us/core/StructureDefinition/us-core-heart-rate" ]
      },
      "status": "final",
      "category": [ {
        "coding": [ {
          "system": "http://terminology.hl7.org/CodeSystem/observation-category",
          "code": "vital-signs",
          "display": "Vital Signs"
        } ]
      } ],
      "code": {
        "coding": [ {
          "system": "http://loinc.org",
          "version": "2.76",
          "code": "8867-4"
        } ]
      },
      "subject": {
        "reference": "Patient/fdbc9919-4ab0-446a-8c0b-29ac687d8d3b"
      },
      "effectiveDateTime": "2026-07-08T08:30:00.000+00:00",
      "valueQuantity": {
        "value": 45,
        "unit": "/min",
        "system": "http://unitsofmeasure.org",
        "code": "/min"
      }
    },
    "request": {
      "method": "PUT",
      "url": "Observation/0eadb1bb-e4c1-4dac-8d86-a8aaaa5157fe"
    }
  }, {
    "fullUrl": "https://madie.cms.gov/MeasureReport/8634b5f7-2cc5-4681-85b1-7b21667a42e1",
    "resource": {
      "resourceType": "MeasureReport",
      "id": "8634b5f7-2cc5-4681-85b1-7b21667a42e1",
      "meta": {
        "profile": [ "http://hl7.org/fhir/us/cqfmeasures/StructureDefinition/test-case-cqfm" ]
      },
      "contained": [ {
        "resourceType": "Parameters",
        "id": "426aaf6e-3c81-432f-b9f5-77b5b5027833-parameters",
        "parameter": [ {
          "name": "subject",
          "valueString": "fdbc9919-4ab0-446a-8c0b-29ac687d8d3b"
        } ]
      } ],
      "extension": [ {
        "url": "http://hl7.org/fhir/StructureDefinition/cqf-inputParameters",
        "valueReference": {
          "reference": "#426aaf6e-3c81-432f-b9f5-77b5b5027833-parameters"
        }
      }, {
        "url": "http://hl7.org/fhir/us/cqfmeasures/StructureDefinition/cqfm-testCaseDescription",
        "valueMarkdown": "Pt > 18, 2 visits during MP, Moderate LVSD and CAD (both with onset during 1st visit), and consecutive Heart Rates < 50 on day of 2nd visit"
      } ],
      "modifierExtension": [ {
        "url": "http://hl7.org/fhir/us/cqfmeasures/StructureDefinition/cqfm-isTestCase",
        "valueBoolean": true
      } ],
      "status": "complete",
      "type": "individual",
      "measure": "https://madie.cms.gov/Measure/CMS145FHIRCADBetaBlockerTherapyPriorMIorLVSD",
      "period": {
        "start": "2026-01-01",
        "end": "2026-12-31"
      },
      "group": [ {
        "id": "Group_1",
        "population": [ {
          "id": "InitialPopulation_1",
          "code": {
            "coding": [ {
              "system": "http://terminology.hl7.org/CodeSystem/measure-population",
              "code": "initial-population",
              "display": "Initial Population"
            } ]
          },
          "count": 1
        }, {
          "id": "Denominator_1",
          "code": {
            "coding": [ {
              "system": "http://terminology.hl7.org/CodeSystem/measure-population",
              "code": "denominator",
              "display": "Denominator"
            } ]
          },
          "count": 1
        }, {
          "id": "Numerator_1",
          "code": {
            "coding": [ {
              "system": "http://terminology.hl7.org/CodeSystem/measure-population",
              "code": "numerator",
              "display": "Numerator"
            } ]
          },
          "count": 0
        }, {
          "id": "DenominatorException_1",
          "code": {
            "coding": [ {
              "system": "http://terminology.hl7.org/CodeSystem/measure-population",
              "code": "denominator-exception",
              "display": "Denominator Exception"
            } ]
          },
          "count": 1
        } ],
        "measureScore": {
          "value": 1.0
        }
      }, {
        "id": "Group_2",
        "population": [ {
          "id": "InitialPopulation_2",
          "code": {
            "coding": [ {
              "system": "http://terminology.hl7.org/CodeSystem/measure-population",
              "code": "initial-population",
              "display": "Initial Population"
            } ]
          },
          "count": 1
        }, {
          "id": "Denominator_2",
          "code": {
            "coding": [ {
              "system": "http://terminology.hl7.org/CodeSystem/measure-population",
              "code": "denominator",
              "display": "Denominator"
            } ]
          },
          "count": 0
        }, {
          "id": "Numerator_2",
          "code": {
            "coding": [ {
              "system": "http://terminology.hl7.org/CodeSystem/measure-population",
              "code": "numerator",
              "display": "Numerator"
            } ]
          },
          "count": 0
        }, {
          "id": "DenominatorException_2",
          "code": {
            "coding": [ {
              "system": "http://terminology.hl7.org/CodeSystem/measure-population",
              "code": "denominator-exception",
              "display": "Denominator Exception"
            } ]
          },
          "count": 0
        } ],
        "measureScore": {
          "value": 1.0
        }
      } ],
      "evaluatedResource": [ {
        "reference": "Patient/fdbc9919-4ab0-446a-8c0b-29ac687d8d3b"
      }, {
        "reference": "Encounter/3ed9e049-468a-46e9-91b8-272e86823912"
      }, {
        "reference": "Encounter/b65bb9f6-b7a9-4db6-ab38-8d32ac8d2515"
      }, {
        "reference": "Condition/443e406f-901e-4c82-b8f7-3df0f9cd297d"
      }, {
        "reference": "Condition/85676777-5e0e-489b-9553-9b9712b48e44"
      }, {
        "reference": "Observation/1051c40f-bc78-43d6-8d73-e2cefcc2e625"
      }, {
        "reference": "Observation/0eadb1bb-e4c1-4dac-8d86-a8aaaa5157fe"
      } ]
    },
    "request": {
      "method": "PUT",
      "url": "MeasureReport/8634b5f7-2cc5-4681-85b1-7b21667a42e1"
    }
  } ]
}