{
  "resourceType": "Bundle",
  "id": "61168b8798086b77ef9c5ec1",
  "type": "transaction",
  "entry": [ {
    "fullUrl": "https://madie.cms.gov/Patient/ccee7cc2-a83f-4b0b-8cda-43099234b75d",
    "resource": {
      "resourceType": "Patient",
      "id": "ccee7cc2-a83f-4b0b-8cda-43099234b75d",
      "meta": {
        "profile": [ "http://hl7.org/fhir/us/qicore/StructureDefinition/qicore-patient" ]
      },
      "extension": [ {
        "url": "http://hl7.org/fhir/us/core/StructureDefinition/us-core-race",
        "extension": [ {
          "url": "ombCategory",
          "valueCoding": {
            "system": "urn:oid:2.16.840.1.113883.6.238",
            "code": "2106-3",
            "display": "White",
            "userSelected": true
          }
        }, {
          "url": "text",
          "valueString": "White"
        } ]
      }, {
        "url": "http://hl7.org/fhir/us/core/StructureDefinition/us-core-ethnicity",
        "extension": [ {
          "url": "ombCategory",
          "valueCoding": {
            "system": "urn:oid:2.16.840.1.113883.6.238",
            "code": "2186-5",
            "display": "Non Hispanic or Latino",
            "userSelected": true
          }
        }, {
          "url": "text",
          "valueString": "Non Hispanic or Latino"
        } ]
      } ],
      "identifier": [ {
        "type": {
          "coding": [ {
            "system": "http://terminology.hl7.org/CodeSystem/v2-0203",
            "code": "MR"
          } ]
        },
        "system": "https://myGoodHealthCare.com/",
        "value": "61168b8798086b77ef9c5ec1"
      } ],
      "active": true,
      "name": [ {
        "use": "usual",
        "family": "IPFail",
        "given": [ "DiabeticRetinopathyDxInactive" ]
      } ],
      "gender": "male",
      "birthDate": "1990-04-02"
    },
    "request": {
      "method": "PUT",
      "url": "Patient/ccee7cc2-a83f-4b0b-8cda-43099234b75d"
    }
  }, {
    "fullUrl": "https://madie.cms.gov/Condition/0a56bfd3-d87a-4569-b310-32ec1b953657",
    "resource": {
      "resourceType": "Condition",
      "id": "0a56bfd3-d87a-4569-b310-32ec1b953657",
      "meta": {
        "profile": [ "http://hl7.org/fhir/us/qicore/StructureDefinition/qicore-condition-problems-health-concerns" ]
      },
      "clinicalStatus": {
        "coding": [ {
          "system": "http://terminology.hl7.org/CodeSystem/condition-clinical",
          "code": "inactive",
          "display": "Inactive",
          "userSelected": true
        } ]
      },
      "category": [ {
        "coding": [ {
          "system": "http://terminology.hl7.org/CodeSystem/condition-category",
          "code": "problem-list-item",
          "display": "Problem List Item"
        } ]
      } ],
      "code": {
        "coding": [ {
          "system": "http://snomed.info/sct",
          "version": "http://snomed.info/sct/731000124108/version/202303",
          "code": "314014002"
        } ]
      },
      "subject": {
        "reference": "Patient/ccee7cc2-a83f-4b0b-8cda-43099234b75d"
      },
      "onsetDateTime": "2026-09-10T10:45:00.000+00:00"
    },
    "request": {
      "method": "PUT",
      "url": "Condition/0a56bfd3-d87a-4569-b310-32ec1b953657"
    }
  }, {
    "fullUrl": "https://madie.cms.gov/Encounter/4b5029c2-7535-478e-b3ed-4f1a29f058de",
    "resource": {
      "resourceType": "Encounter",
      "id": "4b5029c2-7535-478e-b3ed-4f1a29f058de",
      "meta": {
        "profile": [ "http://hl7.org/fhir/us/qicore/StructureDefinition/qicore-encounter" ]
      },
      "status": "finished",
      "class": {
        "system": "http://terminology.hl7.org/CodeSystem/v3-ActCode",
        "code": "AMB"
      },
      "type": [ {
        "coding": [ {
          "system": "http://www.ama-assn.org/go/cpt",
          "version": "2023",
          "code": "99205"
        } ]
      } ],
      "subject": {
        "reference": "Patient/ccee7cc2-a83f-4b0b-8cda-43099234b75d"
      },
      "period": {
        "start": "2026-09-11T10:00:00.000+00:00",
        "end": "2026-09-11T11:00:00.000+00:00"
      }
    },
    "request": {
      "method": "PUT",
      "url": "Encounter/4b5029c2-7535-478e-b3ed-4f1a29f058de"
    }
  }, {
    "fullUrl": "https://madie.cms.gov/Coverage/04238e60-1753-4b46-833a-7d29cb9c6c03",
    "resource": {
      "resourceType": "Coverage",
      "id": "04238e60-1753-4b46-833a-7d29cb9c6c03",
      "meta": {
        "profile": [ "http://hl7.org/fhir/us/qicore/StructureDefinition/qicore-coverage" ]
      },
      "status": "active",
      "beneficiary": {
        "reference": "Patient/ccee7cc2-a83f-4b0b-8cda-43099234b75d"
      },
      "payor": [ {
        "reference": "Organization/550f5cec-aff2-437b-9a27-d936d9b7e2ee"
      } ]
    },
    "request": {
      "method": "PUT",
      "url": "Coverage/04238e60-1753-4b46-833a-7d29cb9c6c03"
    }
  }, {
    "fullUrl": "https://madie.cms.gov/Organization/550f5cec-aff2-437b-9a27-d936d9b7e2ee",
    "resource": {
      "resourceType": "Organization",
      "id": "550f5cec-aff2-437b-9a27-d936d9b7e2ee",
      "meta": {
        "profile": [ "http://hl7.org/fhir/us/qicore/StructureDefinition/qicore-organization" ]
      },
      "identifier": [ {
        "use": "temp",
        "system": "urn:oid:2.16.840.1.113883.4.4",
        "value": "21-3259825"
      } ],
      "active": true,
      "type": [ {
        "coding": [ {
          "system": "http://terminology.hl7.org/CodeSystem/organization-type",
          "code": "pay",
          "display": "Payer"
        } ]
      } ],
      "name": "Blue Cross Blue Shield of Texas",
      "telecom": [ {
        "system": "phone",
        "value": "(+1) 972-766-6900"
      } ],
      "address": [ {
        "use": "billing",
        "type": "postal",
        "line": [ "P.O. Box 660044" ],
        "city": "Dallas",
        "state": "TX",
        "postalCode": "75266-0044",
        "country": "USA"
      } ]
    },
    "request": {
      "method": "PUT",
      "url": "Organization/550f5cec-aff2-437b-9a27-d936d9b7e2ee"
    }
  }, {
    "fullUrl": "https://madie.cms.gov/MeasureReport/1ab65858-9d4e-453b-93c9-f3b43ba6e6b0",
    "resource": {
      "resourceType": "MeasureReport",
      "id": "1ab65858-9d4e-453b-93c9-f3b43ba6e6b0",
      "meta": {
        "profile": [ "http://hl7.org/fhir/us/cqfmeasures/StructureDefinition/test-case-cqfm" ]
      },
      "contained": [ {
        "resourceType": "Parameters",
        "id": "4113a061-ace5-4be1-af9c-91d9851677c7-parameters",
        "parameter": [ {
          "name": "subject",
          "valueString": "ccee7cc2-a83f-4b0b-8cda-43099234b75d"
        } ]
      } ],
      "extension": [ {
        "url": "http://hl7.org/fhir/StructureDefinition/cqf-inputParameters",
        "valueReference": {
          "reference": "#4113a061-ace5-4be1-af9c-91d9851677c7-parameters"
        }
      }, {
        "url": "http://hl7.org/fhir/us/cqfmeasures/StructureDefinition/cqfm-testCaseDescription",
        "valueMarkdown": "Patient with Qualifying Encounter during MP and overlapped diabetic retinopathy diagnosis does not meet population criteria due to inactive clinical status"
      } ],
      "modifierExtension": [ {
        "url": "http://hl7.org/fhir/us/cqfmeasures/StructureDefinition/cqfm-isTestCase",
        "valueBoolean": true
      } ],
      "status": "complete",
      "type": "individual",
      "measure": "https://madie.cms.gov/Measure/CMS142FHIRDRCommunicationWithPhysicianManagingDiabetes",
      "period": {
        "start": "2026-01-01",
        "end": "2026-12-31"
      },
      "group": [ {
        "id": "Group_1",
        "population": [ {
          "id": "InitialPopulation_1",
          "code": {
            "coding": [ {
              "system": "http://terminology.hl7.org/CodeSystem/measure-population",
              "code": "initial-population",
              "display": "Initial Population"
            } ]
          },
          "count": 0
        }, {
          "id": "Denominator_1",
          "code": {
            "coding": [ {
              "system": "http://terminology.hl7.org/CodeSystem/measure-population",
              "code": "denominator",
              "display": "Denominator"
            } ]
          },
          "count": 0
        }, {
          "id": "Numerator_1",
          "code": {
            "coding": [ {
              "system": "http://terminology.hl7.org/CodeSystem/measure-population",
              "code": "numerator",
              "display": "Numerator"
            } ]
          },
          "count": 0
        }, {
          "id": "DenominatorException_1",
          "code": {
            "coding": [ {
              "system": "http://terminology.hl7.org/CodeSystem/measure-population",
              "code": "denominator-exception",
              "display": "Denominator Exception"
            } ]
          },
          "count": 0
        } ],
        "measureScore": {
          "value": 1.0
        }
      } ],
      "evaluatedResource": [ {
        "reference": "Patient/ccee7cc2-a83f-4b0b-8cda-43099234b75d"
      }, {
        "reference": "Condition/0a56bfd3-d87a-4569-b310-32ec1b953657"
      }, {
        "reference": "Encounter/4b5029c2-7535-478e-b3ed-4f1a29f058de"
      }, {
        "reference": "Coverage/04238e60-1753-4b46-833a-7d29cb9c6c03"
      }, {
        "reference": "Organization/550f5cec-aff2-437b-9a27-d936d9b7e2ee"
      } ]
    },
    "request": {
      "method": "PUT",
      "url": "MeasureReport/1ab65858-9d4e-453b-93c9-f3b43ba6e6b0"
    }
  } ]
}