{
  "resourceType": "Bundle",
  "id": "46313213416131",
  "type": "transaction",
  "entry": [ {
    "fullUrl": "https://madie.cms.gov/Patient/b7060d53-0742-484c-a9b9-3ff63fbb8d5c",
    "resource": {
      "resourceType": "Patient",
      "id": "b7060d53-0742-484c-a9b9-3ff63fbb8d5c",
      "meta": {
        "profile": [ "http://hl7.org/fhir/us/qicore/StructureDefinition/qicore-patient" ]
      },
      "extension": [ {
        "url": "http://hl7.org/fhir/us/core/StructureDefinition/us-core-race",
        "extension": [ {
          "url": "ombCategory",
          "valueCoding": {
            "system": "urn:oid:2.16.840.1.113883.6.238",
            "code": "2076-8",
            "display": "Native Hawaiian or Other Pacific Islander"
          }
        }, {
          "url": "text",
          "valueString": "Native Hawaiian or Other Pacific Islander"
        } ]
      }, {
        "url": "http://hl7.org/fhir/us/core/StructureDefinition/us-core-ethnicity",
        "extension": [ {
          "url": "ombCategory",
          "valueCoding": {
            "system": "urn:oid:2.16.840.1.113883.6.238",
            "code": "2186-5",
            "display": "Not Hispanic or Latino"
          }
        }, {
          "url": "text",
          "valueString": "Not Hispanic or Latino"
        } ]
      } ],
      "identifier": [ {
        "type": {
          "coding": [ {
            "system": "http://terminology.hl7.org/CodeSystem/v2-0203",
            "code": "MR"
          } ]
        },
        "system": "https://bonnie-fhir.healthit.gov/",
        "value": "46431231346541"
      } ],
      "active": true,
      "name": [ {
        "use": "usual",
        "family": "DENOMEXCEPPass",
        "given": [ "HypotensionDxBeforeLastEnc" ]
      } ],
      "gender": "male",
      "birthDate": "1972-12-30"
    },
    "request": {
      "method": "PUT",
      "url": "Patient/b7060d53-0742-484c-a9b9-3ff63fbb8d5c"
    }
  }, {
    "fullUrl": "https://madie.cms.gov/Encounter/a83b6744-1856-4dd7-bda7-e44b00d6a95d",
    "resource": {
      "resourceType": "Encounter",
      "id": "a83b6744-1856-4dd7-bda7-e44b00d6a95d",
      "meta": {
        "profile": [ "http://hl7.org/fhir/us/qicore/StructureDefinition/qicore-encounter" ]
      },
      "status": "finished",
      "class": {
        "system": "http://terminology.hl7.org/CodeSystem/v3-ActCode",
        "code": "AMB",
        "display": "ambulatory"
      },
      "type": [ {
        "coding": [ {
          "system": "http://snomed.info/sct",
          "version": "http://snomed.info/sct/731000124108/version/20230301",
          "code": "210098006",
          "display": "Domiciliary or rest home patient evaluation and management (procedure)"
        } ]
      } ],
      "subject": {
        "reference": "Patient/b7060d53-0742-484c-a9b9-3ff63fbb8d5c"
      },
      "period": {
        "start": "2026-04-14T14:40:00.000+00:00",
        "end": "2026-04-14T14:50:00.000+00:00"
      },
      "length": {
        "value": 0,
        "unit": "days"
      }
    },
    "request": {
      "method": "PUT",
      "url": "Encounter/a83b6744-1856-4dd7-bda7-e44b00d6a95d"
    }
  }, {
    "fullUrl": "https://madie.cms.gov/Encounter/5bb327a2-d859-4921-8b84-e4c51a8fe2d2",
    "resource": {
      "resourceType": "Encounter",
      "id": "5bb327a2-d859-4921-8b84-e4c51a8fe2d2",
      "meta": {
        "profile": [ "http://hl7.org/fhir/us/qicore/StructureDefinition/qicore-encounter" ]
      },
      "status": "finished",
      "class": {
        "system": "http://terminology.hl7.org/CodeSystem/v3-ActCode",
        "code": "AMB",
        "display": "ambulatory"
      },
      "type": [ {
        "coding": [ {
          "system": "http://www.ama-assn.org/go/cpt",
          "version": "2024",
          "code": "99212"
        } ]
      } ],
      "subject": {
        "reference": "Patient/b7060d53-0742-484c-a9b9-3ff63fbb8d5c"
      },
      "period": {
        "start": "2026-07-20T11:50:00.000+00:00",
        "end": "2026-07-20T11:50:00.000+00:00"
      },
      "length": {
        "value": 0,
        "unit": "days"
      }
    },
    "request": {
      "method": "PUT",
      "url": "Encounter/5bb327a2-d859-4921-8b84-e4c51a8fe2d2"
    }
  }, {
    "fullUrl": "https://madie.cms.gov/Condition/60e4175f-9761-4def-a5ea-b2ea64983e1d",
    "resource": {
      "resourceType": "Condition",
      "id": "60e4175f-9761-4def-a5ea-b2ea64983e1d",
      "meta": {
        "profile": [ "http://hl7.org/fhir/us/qicore/StructureDefinition/qicore-condition-problems-health-concerns" ]
      },
      "clinicalStatus": {
        "coding": [ {
          "system": "http://terminology.hl7.org/CodeSystem/condition-clinical",
          "code": "active",
          "display": "Active"
        } ]
      },
      "verificationStatus": {
        "coding": [ {
          "system": "http://terminology.hl7.org/CodeSystem/condition-ver-status",
          "code": "confirmed",
          "display": "Confirmed"
        } ]
      },
      "category": [ {
        "coding": [ {
          "system": "http://terminology.hl7.org/CodeSystem/condition-category",
          "code": "problem-list-item",
          "display": "Problem List Item"
        } ]
      } ],
      "code": {
        "coding": [ {
          "system": "http://hl7.org/fhir/sid/icd-10-cm",
          "version": "2024",
          "code": "I11.0"
        } ]
      },
      "subject": {
        "reference": "Patient/b7060d53-0742-484c-a9b9-3ff63fbb8d5c"
      },
      "onsetPeriod": {
        "start": "2026-04-11T10:00:00.000+00:00"
      }
    },
    "request": {
      "method": "PUT",
      "url": "Condition/60e4175f-9761-4def-a5ea-b2ea64983e1d"
    }
  }, {
    "fullUrl": "https://madie.cms.gov/Condition/0af662fd-13ff-4479-bf34-9d6fd7efa967",
    "resource": {
      "resourceType": "Condition",
      "id": "0af662fd-13ff-4479-bf34-9d6fd7efa967",
      "meta": {
        "profile": [ "http://hl7.org/fhir/us/qicore/StructureDefinition/qicore-condition-problems-health-concerns" ]
      },
      "clinicalStatus": {
        "coding": [ {
          "system": "http://terminology.hl7.org/CodeSystem/condition-clinical",
          "code": "active",
          "display": "Active"
        } ]
      },
      "verificationStatus": {
        "coding": [ {
          "system": "http://terminology.hl7.org/CodeSystem/condition-ver-status",
          "code": "confirmed",
          "display": "Confirmed"
        } ]
      },
      "category": [ {
        "coding": [ {
          "system": "http://terminology.hl7.org/CodeSystem/condition-category",
          "code": "problem-list-item",
          "display": "Problem List Item"
        } ]
      } ],
      "severity": {
        "coding": [ {
          "system": "http://snomed.info/sct",
          "version": "http://snomed.info/sct/731000124108/version/20240301",
          "code": "24484000",
          "display": "Severe (severity modifier) (qualifier value)"
        } ]
      },
      "code": {
        "coding": [ {
          "system": "http://snomed.info/sct",
          "version": "http://snomed.info/sct/731000124108/version/20240301",
          "code": "134401001",
          "display": "Left ventricular systolic dysfunction (disorder)"
        } ]
      },
      "subject": {
        "reference": "Patient/b7060d53-0742-484c-a9b9-3ff63fbb8d5c"
      },
      "onsetPeriod": {
        "start": "2026-04-14T14:41:00.000+00:00"
      }
    },
    "request": {
      "method": "PUT",
      "url": "Condition/0af662fd-13ff-4479-bf34-9d6fd7efa967"
    }
  }, {
    "fullUrl": "https://madie.cms.gov/Condition/de134b94-06c2-4ed5-889c-746647d7d00a",
    "resource": {
      "resourceType": "Condition",
      "id": "de134b94-06c2-4ed5-889c-746647d7d00a",
      "meta": {
        "profile": [ "http://hl7.org/fhir/us/qicore/StructureDefinition/qicore-condition-problems-health-concerns" ]
      },
      "clinicalStatus": {
        "coding": [ {
          "system": "http://terminology.hl7.org/CodeSystem/condition-clinical",
          "code": "active",
          "display": "Active"
        } ]
      },
      "verificationStatus": {
        "coding": [ {
          "system": "http://terminology.hl7.org/CodeSystem/condition-ver-status",
          "code": "confirmed",
          "display": "Confirmed"
        } ]
      },
      "category": [ {
        "coding": [ {
          "system": "http://terminology.hl7.org/CodeSystem/condition-category",
          "code": "problem-list-item",
          "display": "Problem List Item"
        } ]
      } ],
      "code": {
        "coding": [ {
          "system": "http://snomed.info/sct",
          "version": "http://snomed.info/sct/731000124108/version/20240301",
          "code": "45007003",
          "display": "Loq blood pressure (disorder)"
        } ]
      },
      "subject": {
        "reference": "Patient/b7060d53-0742-484c-a9b9-3ff63fbb8d5c"
      },
      "onsetPeriod": {
        "start": "2026-01-01T14:41:00.000+00:00"
      }
    },
    "request": {
      "method": "PUT",
      "url": "Condition/de134b94-06c2-4ed5-889c-746647d7d00a"
    }
  }, {
    "fullUrl": "https://madie.cms.gov/MeasureReport/00837ddc-ab11-446b-9b16-30099283ae7b",
    "resource": {
      "resourceType": "MeasureReport",
      "id": "00837ddc-ab11-446b-9b16-30099283ae7b",
      "meta": {
        "profile": [ "http://hl7.org/fhir/us/cqfmeasures/StructureDefinition/test-case-cqfm" ]
      },
      "contained": [ {
        "resourceType": "Parameters",
        "id": "77e65657-8a25-4034-9bc1-3382e64b1043-parameters",
        "parameter": [ {
          "name": "subject",
          "valueString": "b7060d53-0742-484c-a9b9-3ff63fbb8d5c"
        } ]
      } ],
      "extension": [ {
        "url": "http://hl7.org/fhir/StructureDefinition/cqf-inputParameters",
        "valueReference": {
          "reference": "#77e65657-8a25-4034-9bc1-3382e64b1043-parameters"
        }
      }, {
        "url": "http://hl7.org/fhir/us/cqfmeasures/StructureDefinition/cqfm-testCaseDescription",
        "valueMarkdown": "Patient has confirmed diagnosis of hypotension before last encounter placing in denominator exception popullation."
      } ],
      "modifierExtension": [ {
        "url": "http://hl7.org/fhir/us/cqfmeasures/StructureDefinition/cqfm-isTestCase",
        "valueBoolean": true
      } ],
      "status": "complete",
      "type": "individual",
      "measure": "https://madie.cms.gov/Measure/CMS144FHIRHFBetaBlockerTherapyforLVSD",
      "period": {
        "start": "2026-01-01",
        "end": "2026-12-31"
      },
      "group": [ {
        "id": "Group_1",
        "population": [ {
          "id": "InitialPopulation_1",
          "code": {
            "coding": [ {
              "system": "http://terminology.hl7.org/CodeSystem/measure-population",
              "code": "initial-population",
              "display": "Initial Population"
            } ]
          },
          "count": 1
        }, {
          "id": "Denominator_1",
          "code": {
            "coding": [ {
              "system": "http://terminology.hl7.org/CodeSystem/measure-population",
              "code": "denominator",
              "display": "Denominator"
            } ]
          },
          "count": 1
        }, {
          "id": "DenominatorExclusion_1",
          "code": {
            "coding": [ {
              "system": "http://terminology.hl7.org/CodeSystem/measure-population",
              "code": "denominator-exclusion",
              "display": "Denominator Exclusion"
            } ]
          },
          "count": 0
        }, {
          "id": "Numerator_1",
          "code": {
            "coding": [ {
              "system": "http://terminology.hl7.org/CodeSystem/measure-population",
              "code": "numerator",
              "display": "Numerator"
            } ]
          },
          "count": 0
        }, {
          "id": "DenominatorException_1",
          "code": {
            "coding": [ {
              "system": "http://terminology.hl7.org/CodeSystem/measure-population",
              "code": "denominator-exception",
              "display": "Denominator Exception"
            } ]
          },
          "count": 1
        } ],
        "measureScore": {
          "value": 1.0
        }
      } ],
      "evaluatedResource": [ {
        "reference": "Patient/b7060d53-0742-484c-a9b9-3ff63fbb8d5c"
      }, {
        "reference": "Encounter/a83b6744-1856-4dd7-bda7-e44b00d6a95d"
      }, {
        "reference": "Encounter/5bb327a2-d859-4921-8b84-e4c51a8fe2d2"
      }, {
        "reference": "Condition/60e4175f-9761-4def-a5ea-b2ea64983e1d"
      }, {
        "reference": "Condition/0af662fd-13ff-4479-bf34-9d6fd7efa967"
      }, {
        "reference": "Condition/de134b94-06c2-4ed5-889c-746647d7d00a"
      } ]
    },
    "request": {
      "method": "PUT",
      "url": "MeasureReport/00837ddc-ab11-446b-9b16-30099283ae7b"
    }
  } ]
}