{
  "resourceType": "Bundle",
  "id": "IPFail-20yrsWithOralEvalEncJan1AfterMP",
  "type": "transaction",
  "entry": [ {
    "fullUrl": "https://madie.cms.gov/Patient/8ed53f97-fe74-47f6-bf94-d3e85e70e1dd",
    "resource": {
      "resourceType": "Patient",
      "id": "8ed53f97-fe74-47f6-bf94-d3e85e70e1dd",
      "meta": {
        "profile": [ "http://hl7.org/fhir/us/qicore/StructureDefinition/qicore-patient" ]
      },
      "extension": [ {
        "url": "http://hl7.org/fhir/us/core/StructureDefinition/us-core-race",
        "extension": [ {
          "url": "ombCategory",
          "valueCoding": {
            "system": "urn:oid:2.16.840.1.113883.6.238",
            "code": "2028-9",
            "display": "Asian"
          }
        }, {
          "url": "text",
          "valueString": "Asian"
        } ]
      }, {
        "url": "http://hl7.org/fhir/us/core/StructureDefinition/us-core-ethnicity",
        "extension": [ {
          "url": "ombCategory",
          "valueCoding": {
            "system": "urn:oid:2.16.840.1.113883.6.238",
            "code": "2135-2",
            "display": "Hispanic or Latino"
          }
        }, {
          "url": "text",
          "valueString": "Hispanic or Latino"
        } ]
      } ],
      "identifier": [ {
        "system": "http://hospital.smarthealthit.org",
        "value": "999999995"
      } ],
      "name": [ {
        "family": "Bertha",
        "given": [ "Betty" ]
      } ],
      "gender": "female",
      "birthDate": "2006-01-01"
    },
    "request": {
      "method": "PUT",
      "url": "Patient/8ed53f97-fe74-47f6-bf94-d3e85e70e1dd"
    }
  }, {
    "fullUrl": "https://madie.cms.gov/Encounter/8c4c7101-33a7-4e7e-b477-c00c52d0ff5e",
    "resource": {
      "resourceType": "Encounter",
      "id": "8c4c7101-33a7-4e7e-b477-c00c52d0ff5e",
      "meta": {
        "profile": [ "http://hl7.org/fhir/us/qicore/StructureDefinition/qicore-encounter" ]
      },
      "status": "finished",
      "class": {
        "system": "http://terminology.hl7.org/CodeSystem/v3-ActCode",
        "code": "AMB",
        "display": "ambulatory"
      },
      "type": [ {
        "coding": [ {
          "system": "http://www.ada.org/cdt",
          "code": "D0120",
          "display": "periodic oral evaluation - established patient"
        } ]
      } ],
      "subject": {
        "reference": "Patient/8ed53f97-fe74-47f6-bf94-d3e85e70e1dd"
      },
      "period": {
        "start": "2027-01-01T00:00:00.000Z",
        "end": "2027-01-01T01:15:00.000Z"
      }
    },
    "request": {
      "method": "PUT",
      "url": "Encounter/8c4c7101-33a7-4e7e-b477-c00c52d0ff5e"
    }
  }, {
    "fullUrl": "https://madie.cms.gov/MeasureReport/abd6deef-6879-4eab-a439-9956bfc51238",
    "resource": {
      "resourceType": "MeasureReport",
      "id": "abd6deef-6879-4eab-a439-9956bfc51238",
      "meta": {
        "profile": [ "http://hl7.org/fhir/us/cqfmeasures/StructureDefinition/test-case-cqfm" ]
      },
      "contained": [ {
        "resourceType": "Parameters",
        "id": "c727ec8d-45d4-4963-bac9-e361dbb48f81-parameters",
        "parameter": [ {
          "name": "subject",
          "valueString": "8ed53f97-fe74-47f6-bf94-d3e85e70e1dd"
        } ]
      } ],
      "extension": [ {
        "url": "http://hl7.org/fhir/StructureDefinition/cqf-inputParameters",
        "valueReference": {
          "reference": "#c727ec8d-45d4-4963-bac9-e361dbb48f81-parameters"
        }
      }, {
        "url": "http://hl7.org/fhir/us/cqfmeasures/StructureDefinition/cqfm-testCaseDescription",
        "valueMarkdown": "Patient 20yo w/ an Oral Evaluation Encounter 1/1 after the Measurement Period."
      } ],
      "modifierExtension": [ {
        "url": "http://hl7.org/fhir/us/cqfmeasures/StructureDefinition/cqfm-isTestCase",
        "valueBoolean": true
      } ],
      "status": "complete",
      "type": "individual",
      "measure": "https://madie.cms.gov/Measure/CMS75FHIRChildrenWhoHaveDentalDecayOrCavities",
      "period": {
        "start": "2026-01-01",
        "end": "2026-12-31"
      },
      "group": [ {
        "id": "Group_1",
        "population": [ {
          "id": "InitialPopulation_1",
          "code": {
            "coding": [ {
              "system": "http://terminology.hl7.org/CodeSystem/measure-population",
              "code": "initial-population",
              "display": "Initial Population"
            } ]
          },
          "count": 0
        }, {
          "id": "Denominator_1",
          "code": {
            "coding": [ {
              "system": "http://terminology.hl7.org/CodeSystem/measure-population",
              "code": "denominator",
              "display": "Denominator"
            } ]
          },
          "count": 0
        }, {
          "id": "DenominatorExclusion_1",
          "code": {
            "coding": [ {
              "system": "http://terminology.hl7.org/CodeSystem/measure-population",
              "code": "denominator-exclusion",
              "display": "Denominator Exclusion"
            } ]
          },
          "count": 0
        }, {
          "id": "Numerator_1",
          "code": {
            "coding": [ {
              "system": "http://terminology.hl7.org/CodeSystem/measure-population",
              "code": "numerator",
              "display": "Numerator"
            } ]
          },
          "count": 0
        } ],
        "measureScore": {
          "value": 1.0
        }
      } ],
      "evaluatedResource": [ {
        "reference": "Patient/8ed53f97-fe74-47f6-bf94-d3e85e70e1dd"
      }, {
        "reference": "Encounter/8c4c7101-33a7-4e7e-b477-c00c52d0ff5e"
      } ]
    },
    "request": {
      "method": "PUT",
      "url": "MeasureReport/abd6deef-6879-4eab-a439-9956bfc51238"
    }
  } ]
}