{
  "resourceType": "Bundle",
  "id": "61095b0998086b53805591a5",
  "type": "transaction",
  "entry": [ {
    "fullUrl": "https://madie.cms.gov/Patient/e02c58ed-14fe-4c27-9a02-d4816dd97e09",
    "resource": {
      "resourceType": "Patient",
      "id": "e02c58ed-14fe-4c27-9a02-d4816dd97e09",
      "meta": {
        "profile": [ "http://hl7.org/fhir/us/qicore/StructureDefinition/qicore-patient" ]
      },
      "text": {
        "status": "generated",
        "div": "<div xmlns=\"http://www.w3.org/1999/xhtml\"><div class=\"hapiHeaderText\">Age@18 <b>DENOMPASS </b></div><table class=\"hapiPropertyTable\"><tbody><tr><td>Identifier</td><td>67f3e33acf17bcb386e754d726ed064ccd48ba21ff0ffb2eb678740a684398be</td></tr><tr><td>Date of birth</td><td><span>01 January 1994</span></td></tr></tbody></table></div>"
      },
      "extension": [ {
        "url": "http://hl7.org/fhir/us/core/StructureDefinition/us-core-race",
        "extension": [ {
          "url": "ombCategory",
          "valueCoding": {
            "system": "urn:oid:2.16.840.1.113883.6.238",
            "code": "1002-5",
            "display": "American Indian or Alaska Native",
            "userSelected": true
          }
        }, {
          "url": "text",
          "valueString": "American Indian or Alaska Native"
        } ]
      }, {
        "url": "http://hl7.org/fhir/us/core/StructureDefinition/us-core-ethnicity",
        "extension": [ {
          "url": "ombCategory",
          "valueCoding": {
            "system": "urn:oid:2.16.840.1.113883.6.238",
            "code": "2135-2",
            "display": "Hispanic or Latino",
            "userSelected": true
          }
        }, {
          "url": "text",
          "valueString": "Hispanic or Latino"
        } ]
      } ],
      "identifier": [ {
        "type": {
          "coding": [ {
            "system": "http://terminology.hl7.org/CodeSystem/v2-0203",
            "code": "MR"
          } ]
        },
        "system": "https://bonnie-fhir.healthit.gov/",
        "value": "61095b0998086b53805591a5"
      } ],
      "active": true,
      "name": [ {
        "use": "usual",
        "family": "DENEXPASS",
        "given": [ "DiabeticMacularEdemaWithCatSurg" ]
      } ],
      "gender": "female",
      "birthDate": "1996-01-01"
    },
    "request": {
      "method": "PUT",
      "url": "Patient/e02c58ed-14fe-4c27-9a02-d4816dd97e09"
    }
  }, {
    "fullUrl": "https://madie.cms.gov/Observation/bf90835b-a9d3-4117-bcc7-bd25176598e1",
    "resource": {
      "resourceType": "Observation",
      "id": "bf90835b-a9d3-4117-bcc7-bd25176598e1",
      "meta": {
        "profile": [ "http://hl7.org/fhir/us/qicore/StructureDefinition/qicore-observation-clinical-result" ]
      },
      "status": "final",
      "category": [ {
        "coding": [ {
          "system": "http://terminology.hl7.org/CodeSystem/observation-category",
          "code": "exam",
          "display": "exam"
        } ]
      } ],
      "code": {
        "coding": [ {
          "system": "http://snomed.info/sct",
          "code": "419775003"
        } ]
      },
      "subject": {
        "reference": "Patient/e02c58ed-14fe-4c27-9a02-d4816dd97e09"
      },
      "effectivePeriod": {
        "start": "2026-03-13T09:00:00+00:00",
        "end": "2026-03-13T09:30:00+00:00"
      }
    },
    "request": {
      "method": "PUT",
      "url": "Observation/bf90835b-a9d3-4117-bcc7-bd25176598e1"
    }
  }, {
    "fullUrl": "https://madie.cms.gov/Procedure/17123aad-175f-4ef2-9a37-6dcf2b27e52c",
    "resource": {
      "resourceType": "Procedure",
      "id": "17123aad-175f-4ef2-9a37-6dcf2b27e52c",
      "meta": {
        "profile": [ "http://hl7.org/fhir/us/qicore/StructureDefinition/qicore-procedure" ]
      },
      "extension": [ {
        "url": "http://hl7.org/fhir/us/qicore/StructureDefinition/qicore-recorded",
        "valueDateTime": "2026-03-05T09:35:00-04:00"
      } ],
      "status": "completed",
      "code": {
        "coding": [ {
          "system": "http://snomed.info/sct",
          "code": "84149000"
        } ]
      },
      "subject": {
        "reference": "Patient/e02c58ed-14fe-4c27-9a02-d4816dd97e09"
      },
      "performedPeriod": {
        "start": "2026-03-05T09:20:00-04:00",
        "end": "2026-04-05T10:30:00-04:00"
      }
    },
    "request": {
      "method": "PUT",
      "url": "Procedure/17123aad-175f-4ef2-9a37-6dcf2b27e52c"
    }
  }, {
    "fullUrl": "https://madie.cms.gov/Condition/be436b27-5de0-4b11-bd32-1ab54d6a088a",
    "resource": {
      "resourceType": "Condition",
      "id": "be436b27-5de0-4b11-bd32-1ab54d6a088a",
      "meta": {
        "profile": [ "http://hl7.org/fhir/us/qicore/StructureDefinition/qicore-condition-encounter-diagnosis" ]
      },
      "clinicalStatus": {
        "coding": [ {
          "system": "http://terminology.hl7.org/CodeSystem/condition-clinical",
          "code": "active",
          "display": "active",
          "userSelected": true
        } ]
      },
      "category": [ {
        "coding": [ {
          "system": "http://terminology.hl7.org/CodeSystem/condition-clinical",
          "code": "active",
          "display": "active",
          "userSelected": true
        } ]
      } ],
      "code": {
        "coding": [ {
          "system": "http://hl7.org/fhir/sid/icd-10-cm",
          "code": "E08.311",
          "userSelected": true
        }, {
          "system": "http://snomed.info/sct",
          "code": "312912001",
          "userSelected": true
        } ]
      },
      "subject": {
        "reference": "Patient/e02c58ed-14fe-4c27-9a02-d4816dd97e09"
      },
      "onsetDateTime": "2024-11-01T08:00:00.000+00:00"
    },
    "request": {
      "method": "PUT",
      "url": "Condition/be436b27-5de0-4b11-bd32-1ab54d6a088a"
    }
  }, {
    "fullUrl": "https://madie.cms.gov/Coverage/0ebe6f4d-cebf-4fe8-9b67-0eda3c2d1a36",
    "resource": {
      "resourceType": "Coverage",
      "id": "0ebe6f4d-cebf-4fe8-9b67-0eda3c2d1a36",
      "meta": {
        "profile": [ "http://hl7.org/fhir/us/qicore/StructureDefinition/qicore-coverage" ]
      },
      "status": "active",
      "beneficiary": {
        "reference": "Patient/e02c58ed-14fe-4c27-9a02-d4816dd97e09"
      },
      "payor": [ {
        "reference": "Organization/3078651d-dc2f-4c3e-94c8-88d4cbedd620"
      } ]
    },
    "request": {
      "method": "PUT",
      "url": "Coverage/0ebe6f4d-cebf-4fe8-9b67-0eda3c2d1a36"
    }
  }, {
    "fullUrl": "https://madie.cms.gov/Organization/3078651d-dc2f-4c3e-94c8-88d4cbedd620",
    "resource": {
      "resourceType": "Organization",
      "id": "3078651d-dc2f-4c3e-94c8-88d4cbedd620",
      "meta": {
        "profile": [ "http://hl7.org/fhir/us/qicore/StructureDefinition/qicore-organization" ]
      },
      "identifier": [ {
        "use": "temp",
        "system": "urn:oid:2.16.840.1.113883.4.4",
        "value": "21-3259825"
      } ],
      "active": true,
      "type": [ {
        "coding": [ {
          "system": "http://terminology.hl7.org/CodeSystem/organization-type",
          "code": "pay",
          "display": "Payer"
        } ]
      } ],
      "name": "Blue Cross Blue Shield of Texas",
      "telecom": [ {
        "system": "phone",
        "value": "(+1) 972-766-6900"
      } ],
      "address": [ {
        "use": "billing",
        "type": "postal",
        "line": [ "P.O. Box 660044" ],
        "city": "Dallas",
        "state": "TX",
        "postalCode": "75266-0044",
        "country": "USA"
      } ]
    },
    "request": {
      "method": "PUT",
      "url": "Organization/3078651d-dc2f-4c3e-94c8-88d4cbedd620"
    }
  }, {
    "fullUrl": "https://madie.cms.gov/Practitioner/3e50a97c-bf95-4301-a01b-7174ae65b3d5",
    "resource": {
      "resourceType": "Practitioner",
      "id": "3e50a97c-bf95-4301-a01b-7174ae65b3d5",
      "meta": {
        "profile": [ "http://hl7.org/fhir/us/qicore/StructureDefinition/qicore-practitioner" ]
      },
      "identifier": [ {
        "system": "http://hl7.org/fhir/sid/us-npi",
        "value": "123456"
      } ],
      "name": [ {
        "family": "Evil",
        "prefix": [ "Dr" ]
      } ]
    },
    "request": {
      "method": "PUT",
      "url": "Practitioner/3e50a97c-bf95-4301-a01b-7174ae65b3d5"
    }
  }, {
    "fullUrl": "https://madie.cms.gov/MeasureReport/2962c1cb-53b6-4fad-beac-b1c72881350e",
    "resource": {
      "resourceType": "MeasureReport",
      "id": "2962c1cb-53b6-4fad-beac-b1c72881350e",
      "meta": {
        "profile": [ "http://hl7.org/fhir/us/cqfmeasures/StructureDefinition/test-case-cqfm" ]
      },
      "contained": [ {
        "resourceType": "Parameters",
        "id": "9bb9dcef-7873-4d78-b6b7-c7803a107804-parameters",
        "parameter": [ {
          "name": "subject",
          "valueString": "e02c58ed-14fe-4c27-9a02-d4816dd97e09"
        } ]
      } ],
      "extension": [ {
        "url": "http://hl7.org/fhir/StructureDefinition/cqf-inputParameters",
        "valueReference": {
          "reference": "#9bb9dcef-7873-4d78-b6b7-c7803a107804-parameters"
        }
      }, {
        "url": "http://hl7.org/fhir/us/cqfmeasures/StructureDefinition/cqfm-testCaseDescription",
        "valueMarkdown": "Patient with Diabetic Macular Edema with cataract surgery. "
      } ],
      "modifierExtension": [ {
        "url": "http://hl7.org/fhir/us/cqfmeasures/StructureDefinition/cqfm-isTestCase",
        "valueBoolean": true
      } ],
      "status": "complete",
      "type": "individual",
      "measure": "https://madie.cms.gov/Measure/CMS133FHIRCataracts2040BCVAwithin90Days",
      "period": {
        "start": "2026-01-01",
        "end": "2026-12-31"
      },
      "group": [ {
        "id": "Group_1",
        "population": [ {
          "id": "InitialPopulation_1",
          "code": {
            "coding": [ {
              "system": "http://terminology.hl7.org/CodeSystem/measure-population",
              "code": "initial-population",
              "display": "Initial Population"
            } ]
          },
          "count": 1
        }, {
          "id": "Denominator_1",
          "code": {
            "coding": [ {
              "system": "http://terminology.hl7.org/CodeSystem/measure-population",
              "code": "denominator",
              "display": "Denominator"
            } ]
          },
          "count": 1
        }, {
          "id": "DenominatorExclusion_1",
          "code": {
            "coding": [ {
              "system": "http://terminology.hl7.org/CodeSystem/measure-population",
              "code": "denominator-exclusion",
              "display": "Denominator Exclusion"
            } ]
          },
          "count": 1
        }, {
          "id": "Numerator_1",
          "code": {
            "coding": [ {
              "system": "http://terminology.hl7.org/CodeSystem/measure-population",
              "code": "numerator",
              "display": "Numerator"
            } ]
          },
          "count": 0
        } ],
        "measureScore": {
          "value": 0.0
        }
      } ],
      "evaluatedResource": [ {
        "reference": "Patient/e02c58ed-14fe-4c27-9a02-d4816dd97e09"
      }, {
        "reference": "Observation/bf90835b-a9d3-4117-bcc7-bd25176598e1"
      }, {
        "reference": "Procedure/17123aad-175f-4ef2-9a37-6dcf2b27e52c"
      }, {
        "reference": "Condition/be436b27-5de0-4b11-bd32-1ab54d6a088a"
      }, {
        "reference": "Coverage/0ebe6f4d-cebf-4fe8-9b67-0eda3c2d1a36"
      }, {
        "reference": "Organization/3078651d-dc2f-4c3e-94c8-88d4cbedd620"
      }, {
        "reference": "Practitioner/3e50a97c-bf95-4301-a01b-7174ae65b3d5"
      } ]
    },
    "request": {
      "method": "PUT",
      "url": "MeasureReport/2962c1cb-53b6-4fad-beac-b1c72881350e"
    }
  } ]
}