{
  "resourceType": "Bundle",
  "id": "4613103634163131",
  "type": "transaction",
  "entry": [ {
    "fullUrl": "https://madie.cms.gov/Patient/7488d3a7-f4e1-445f-8375-d3fff29f080d",
    "resource": {
      "resourceType": "Patient",
      "id": "7488d3a7-f4e1-445f-8375-d3fff29f080d",
      "meta": {
        "profile": [ "http://hl7.org/fhir/us/qicore/StructureDefinition/qicore-patient" ]
      },
      "extension": [ {
        "url": "http://hl7.org/fhir/us/core/StructureDefinition/us-core-race",
        "extension": [ {
          "url": "ombCategory",
          "valueCoding": {
            "system": "urn:oid:2.16.840.1.113883.6.238",
            "code": "2076-8",
            "display": "Native Hawaiian or Other Pacific Islander"
          }
        }, {
          "url": "text",
          "valueString": "Native Hawaiian or Other Pacific Islander"
        } ]
      }, {
        "url": "http://hl7.org/fhir/us/core/StructureDefinition/us-core-ethnicity",
        "extension": [ {
          "url": "ombCategory",
          "valueCoding": {
            "system": "urn:oid:2.16.840.1.113883.6.238",
            "code": "2186-5",
            "display": "Not Hispanic or Latino"
          }
        }, {
          "url": "text",
          "valueString": "Not Hispanic or Latino"
        } ]
      } ],
      "identifier": [ {
        "type": {
          "coding": [ {
            "system": "http://terminology.hl7.org/CodeSystem/v2-0203",
            "code": "MR"
          } ]
        },
        "system": "https://bonnie-fhir.healthit.gov/",
        "value": "7843135463165262"
      } ],
      "name": [ {
        "family": "DENEXPass",
        "given": [ "HIVDxBeforeStaging" ]
      } ],
      "gender": "female",
      "birthDate": "1947-11-03"
    },
    "request": {
      "method": "PUT",
      "url": "Patient/7488d3a7-f4e1-445f-8375-d3fff29f080d"
    }
  }, {
    "fullUrl": "https://madie.cms.gov/Encounter/f5e9d654-402b-4f17-9b63-dd892fad5496",
    "resource": {
      "resourceType": "Encounter",
      "id": "f5e9d654-402b-4f17-9b63-dd892fad5496",
      "meta": {
        "profile": [ "http://hl7.org/fhir/us/qicore/StructureDefinition/qicore-encounter" ]
      },
      "status": "finished",
      "class": {
        "system": "http://terminology.hl7.org/CodeSystem/v3-ActCode",
        "code": "AMB",
        "display": "ambulatory"
      },
      "type": [ {
        "coding": [ {
          "system": "http://snomed.info/sct",
          "version": "http://snomed.info/sct/731000124108/version/20240301",
          "code": "185463005",
          "display": "Visit out of hours (procedure)"
        } ]
      } ],
      "subject": {
        "reference": "Patient/7488d3a7-f4e1-445f-8375-d3fff29f080d"
      },
      "period": {
        "start": "2026-04-06T08:00:00.000+00:00",
        "end": "2026-04-06T09:15:00.000+00:00"
      }
    },
    "request": {
      "method": "PUT",
      "url": "Encounter/f5e9d654-402b-4f17-9b63-dd892fad5496"
    }
  }, {
    "fullUrl": "https://madie.cms.gov/Condition/e4c47939-a2c9-4698-a564-858eb14b41ac",
    "resource": {
      "resourceType": "Condition",
      "id": "e4c47939-a2c9-4698-a564-858eb14b41ac",
      "meta": {
        "profile": [ "http://hl7.org/fhir/us/qicore/StructureDefinition/qicore-condition-problems-health-concerns" ]
      },
      "clinicalStatus": {
        "coding": [ {
          "system": "http://terminology.hl7.org/CodeSystem/condition-clinical",
          "code": "active",
          "display": "Active"
        } ]
      },
      "verificationStatus": {
        "coding": [ {
          "system": "http://terminology.hl7.org/CodeSystem/condition-ver-status",
          "code": "confirmed",
          "display": "Confirmed"
        } ]
      },
      "category": [ {
        "coding": [ {
          "system": "http://terminology.hl7.org/CodeSystem/condition-category",
          "code": "problem-list-item",
          "display": "Problem List Item"
        } ]
      } ],
      "code": {
        "coding": [ {
          "system": "http://hl7.org/fhir/sid/icd-10-cm",
          "version": "2024",
          "code": "C67.1",
          "display": "Malignant neoplasm of dome of bladder"
        } ]
      },
      "subject": {
        "reference": "Patient/7488d3a7-f4e1-445f-8375-d3fff29f080d"
      },
      "onsetPeriod": {
        "start": "2026-04-06T08:00:00.000+00:00"
      }
    },
    "request": {
      "method": "PUT",
      "url": "Condition/e4c47939-a2c9-4698-a564-858eb14b41ac"
    }
  }, {
    "fullUrl": "https://madie.cms.gov/Condition/76d6f8eb-4fa8-481d-a15c-e066e9f6b411",
    "resource": {
      "resourceType": "Condition",
      "id": "76d6f8eb-4fa8-481d-a15c-e066e9f6b411",
      "meta": {
        "profile": [ "http://hl7.org/fhir/us/qicore/StructureDefinition/qicore-condition-problems-health-concerns" ]
      },
      "clinicalStatus": {
        "coding": [ {
          "system": "http://terminology.hl7.org/CodeSystem/condition-clinical",
          "code": "active",
          "display": "Active"
        } ]
      },
      "verificationStatus": {
        "coding": [ {
          "system": "http://terminology.hl7.org/CodeSystem/condition-ver-status",
          "code": "confirmed",
          "display": "Confirmed"
        } ]
      },
      "category": [ {
        "coding": [ {
          "system": "http://terminology.hl7.org/CodeSystem/condition-category",
          "code": "problem-list-item",
          "display": "Problem List Item"
        } ]
      } ],
      "code": {
        "coding": [ {
          "system": "http://snomed.info/sct",
          "version": "http://snomed.info/sct/731000124108/version/20240301",
          "code": "111880001",
          "display": "HIV"
        } ]
      },
      "subject": {
        "reference": "Patient/7488d3a7-f4e1-445f-8375-d3fff29f080d"
      },
      "onsetPeriod": {
        "start": "2026-02-06T08:00:00.000+00:00"
      }
    },
    "request": {
      "method": "PUT",
      "url": "Condition/76d6f8eb-4fa8-481d-a15c-e066e9f6b411"
    }
  }, {
    "fullUrl": "https://madie.cms.gov/Condition/76d6f8eb-4fa8-481d-a15c-e066e9f6b411",
    "resource": {
      "resourceType": "Condition",
      "id": "76d6f8eb-4fa8-481d-a15c-e066e9f6b411",
      "meta": {
        "profile": [ "http://hl7.org/fhir/us/qicore/StructureDefinition/qicore-condition-encounter-diagnosis" ]
      },
      "clinicalStatus": {
        "coding": [ {
          "system": "http://terminology.hl7.org/CodeSystem/condition-clinical",
          "code": "active",
          "display": "Active"
        } ]
      },
      "verificationStatus": {
        "coding": [ {
          "system": "http://terminology.hl7.org/CodeSystem/condition-ver-status",
          "code": "confirmed",
          "display": "Confirmed"
        } ]
      },
      "category": [ {
        "coding": [ {
          "system": "http://terminology.hl7.org/CodeSystem/condition-category",
          "code": "encounter-diagnosis",
          "display": "Encounter Diagnosis"
        } ]
      } ],
      "code": {
        "coding": [ {
          "system": "http://snomed.info/sct",
          "version": "http://snomed.info/sct/731000124108/version/20240301",
          "code": "111880001",
          "display": "HIV"
        } ]
      },
      "subject": {
        "reference": "Patient/7488d3a7-f4e1-445f-8375-d3fff29f080d"
      },
      "onsetPeriod": {
        "start": "2026-02-06T08:00:00.000+00:00"
      }
    },
    "request": {
      "method": "PUT",
      "url": "Condition/76d6f8eb-4fa8-481d-a15c-e066e9f6b411"
    }
  }, {
    "fullUrl": "https://madie.cms.gov/Procedure/a447a8ed-44cc-4ebe-9ee6-039d38db719d",
    "resource": {
      "resourceType": "Procedure",
      "id": "a447a8ed-44cc-4ebe-9ee6-039d38db719d",
      "meta": {
        "profile": [ "http://hl7.org/fhir/us/qicore/StructureDefinition/qicore-procedure" ]
      },
      "extension": [ {
        "url": "http://hl7.org/fhir/us/qicore/StructureDefinition/qicore-recorded",
        "valueDateTime": "2026-04-06T08:00:00.000+00:00"
      } ],
      "status": "completed",
      "code": {
        "coding": [ {
          "system": "http://snomed.info/sct",
          "version": "http://snomed.info/sct/731000124108/version/20240301",
          "code": "254292007",
          "display": "Tumor staging"
        } ]
      },
      "subject": {
        "reference": "Patient/7488d3a7-f4e1-445f-8375-d3fff29f080d"
      },
      "performedDateTime": "2026-04-06T08:00:00.000+00:00"
    },
    "request": {
      "method": "PUT",
      "url": "Procedure/a447a8ed-44cc-4ebe-9ee6-039d38db719d"
    }
  }, {
    "fullUrl": "https://madie.cms.gov/Observation/bafd7e6f-e43f-46fc-b7ec-95a658ced8bc",
    "resource": {
      "resourceType": "Observation",
      "id": "bafd7e6f-e43f-46fc-b7ec-95a658ced8bc",
      "meta": {
        "profile": [ "http://hl7.org/fhir/us/qicore/StructureDefinition/qicore-observation-lab" ]
      },
      "partOf": [ {
        "reference": "Procedure/a447a8ed-44cc-4ebe-9ee6-039d38db719d"
      } ],
      "status": "final",
      "category": [ {
        "coding": [ {
          "system": "http://terminology.hl7.org/CodeSystem/observation-category",
          "code": "procedure",
          "display": "Procedure"
        } ]
      } ],
      "code": {
        "coding": [ {
          "system": "http://loinc.org",
          "version": "2.76",
          "code": "21902-2",
          "display": "Stage group.pathology Cancer"
        } ]
      },
      "subject": {
        "reference": "Patient/7488d3a7-f4e1-445f-8375-d3fff29f080d"
      },
      "effectiveDateTime": "2026-04-06T08:00:00.000+00:00",
      "issued": "2026-04-06T08:10:00.000+00:00",
      "valueCodeableConcept": {
        "coding": [ {
          "system": "http://snomed.info/sct",
          "version": "http://snomed.info/sct/731000124108/version/20240301",
          "code": "1228883000",
          "display": "American Joint Committee on Cancer cTa (qualifier value)"
        } ]
      }
    },
    "request": {
      "method": "PUT",
      "url": "Observation/bafd7e6f-e43f-46fc-b7ec-95a658ced8bc"
    }
  }, {
    "fullUrl": "https://madie.cms.gov/MeasureReport/6e97c0d6-e679-45f2-843c-a5721fbfaf88",
    "resource": {
      "resourceType": "MeasureReport",
      "id": "6e97c0d6-e679-45f2-843c-a5721fbfaf88",
      "meta": {
        "profile": [ "http://hl7.org/fhir/us/cqfmeasures/StructureDefinition/test-case-cqfm" ]
      },
      "contained": [ {
        "resourceType": "Parameters",
        "id": "708adc02-a7c5-4e81-85b7-cbbd1bca3ffb-parameters",
        "parameter": [ {
          "name": "subject",
          "valueString": "7488d3a7-f4e1-445f-8375-d3fff29f080d"
        } ]
      } ],
      "extension": [ {
        "url": "http://hl7.org/fhir/StructureDefinition/cqf-inputParameters",
        "valueReference": {
          "reference": "#708adc02-a7c5-4e81-85b7-cbbd1bca3ffb-parameters"
        }
      }, {
        "url": "http://hl7.org/fhir/us/cqfmeasures/StructureDefinition/cqfm-testCaseDescription",
        "valueMarkdown": "Patient with OV in MP. Bladder cancer diagnosis and cancer staging in MP.  Pt has HIV dx and should be excluded."
      } ],
      "modifierExtension": [ {
        "url": "http://hl7.org/fhir/us/cqfmeasures/StructureDefinition/cqfm-isTestCase",
        "valueBoolean": true
      } ],
      "status": "complete",
      "type": "individual",
      "measure": "https://madie.cms.gov/Measure/CMS646FHIRIntravesicalBacillusCalmetteGuerinForBladderCancer",
      "period": {
        "start": "2026-01-01",
        "end": "2026-12-31"
      },
      "group": [ {
        "id": "Group_1",
        "population": [ {
          "id": "InitialPopulation_1",
          "code": {
            "coding": [ {
              "system": "http://terminology.hl7.org/CodeSystem/measure-population",
              "code": "initial-population",
              "display": "Initial Population"
            } ]
          },
          "count": 1
        }, {
          "id": "Denominator_1",
          "code": {
            "coding": [ {
              "system": "http://terminology.hl7.org/CodeSystem/measure-population",
              "code": "denominator",
              "display": "Denominator"
            } ]
          },
          "count": 1
        }, {
          "id": "DenominatorExclusion_1",
          "code": {
            "coding": [ {
              "system": "http://terminology.hl7.org/CodeSystem/measure-population",
              "code": "denominator-exclusion",
              "display": "Denominator Exclusion"
            } ]
          },
          "count": 1
        }, {
          "id": "Numerator_1",
          "code": {
            "coding": [ {
              "system": "http://terminology.hl7.org/CodeSystem/measure-population",
              "code": "numerator",
              "display": "Numerator"
            } ]
          },
          "count": 0
        }, {
          "id": "DenominatorException_1",
          "code": {
            "coding": [ {
              "system": "http://terminology.hl7.org/CodeSystem/measure-population",
              "code": "denominator-exception",
              "display": "Denominator Exception"
            } ]
          },
          "count": 0
        } ],
        "measureScore": {
          "value": 1.0
        }
      } ],
      "evaluatedResource": [ {
        "reference": "Patient/7488d3a7-f4e1-445f-8375-d3fff29f080d"
      }, {
        "reference": "Encounter/f5e9d654-402b-4f17-9b63-dd892fad5496"
      }, {
        "reference": "Condition/e4c47939-a2c9-4698-a564-858eb14b41ac"
      }, {
        "reference": "Condition/76d6f8eb-4fa8-481d-a15c-e066e9f6b411"
      }, {
        "reference": "Condition/76d6f8eb-4fa8-481d-a15c-e066e9f6b411"
      }, {
        "reference": "Procedure/a447a8ed-44cc-4ebe-9ee6-039d38db719d"
      }, {
        "reference": "Observation/bafd7e6f-e43f-46fc-b7ec-95a658ced8bc"
      } ]
    },
    "request": {
      "method": "PUT",
      "url": "MeasureReport/6e97c0d6-e679-45f2-843c-a5721fbfaf88"
    }
  } ]
}