{
  "resourceType": "Bundle",
  "id": "61095b0998086b53805591a5",
  "type": "transaction",
  "entry": [ {
    "fullUrl": "https://madie.cms.gov/Patient/e064bc2f-965a-4493-a9fb-31ebc09b9009",
    "resource": {
      "resourceType": "Patient",
      "id": "e064bc2f-965a-4493-a9fb-31ebc09b9009",
      "meta": {
        "profile": [ "http://hl7.org/fhir/us/qicore/StructureDefinition/qicore-patient" ]
      },
      "text": {
        "status": "generated",
        "div": "<div xmlns=\"http://www.w3.org/1999/xhtml\"><div class=\"hapiHeaderText\">Age@18 <b>DENOMPASS </b></div><table class=\"hapiPropertyTable\"><tbody><tr><td>Identifier</td><td>67f3e33acf17bcb386e754d726ed064ccd48ba21ff0ffb2eb678740a684398be</td></tr><tr><td>Date of birth</td><td><span>01 January 1994</span></td></tr></tbody></table></div>"
      },
      "extension": [ {
        "url": "http://hl7.org/fhir/us/core/StructureDefinition/us-core-race",
        "extension": [ {
          "url": "ombCategory",
          "valueCoding": {
            "system": "urn:oid:2.16.840.1.113883.6.238",
            "code": "1002-5",
            "display": "American Indian or Alaska Native",
            "userSelected": true
          }
        }, {
          "url": "text",
          "valueString": "American Indian or Alaska Native"
        } ]
      }, {
        "url": "http://hl7.org/fhir/us/core/StructureDefinition/us-core-ethnicity",
        "extension": [ {
          "url": "ombCategory",
          "valueCoding": {
            "system": "urn:oid:2.16.840.1.113883.6.238",
            "code": "2135-2",
            "display": "Hispanic or Latino",
            "userSelected": true
          }
        }, {
          "url": "text",
          "valueString": "Hispanic or Latino"
        } ]
      } ],
      "identifier": [ {
        "type": {
          "coding": [ {
            "system": "http://terminology.hl7.org/CodeSystem/v2-0203",
            "code": "MR"
          } ]
        },
        "system": "https://bonnie-fhir.healthit.gov/",
        "value": "61095b0998086b53805591a5"
      } ],
      "active": true,
      "name": [ {
        "use": "usual",
        "family": "DENEXPASS",
        "given": [ "MorgagnianCataractWithCatSurg" ]
      } ],
      "gender": "female",
      "birthDate": "1996-01-01"
    },
    "request": {
      "method": "PUT",
      "url": "Patient/e064bc2f-965a-4493-a9fb-31ebc09b9009"
    }
  }, {
    "fullUrl": "https://madie.cms.gov/Observation/a280ba41-3513-442d-bdcd-e6785848db03",
    "resource": {
      "resourceType": "Observation",
      "id": "a280ba41-3513-442d-bdcd-e6785848db03",
      "meta": {
        "profile": [ "http://hl7.org/fhir/us/qicore/StructureDefinition/qicore-observation-clinical-result" ]
      },
      "status": "final",
      "category": [ {
        "coding": [ {
          "system": "http://terminology.hl7.org/CodeSystem/observation-category",
          "code": "exam",
          "display": "exam"
        } ]
      } ],
      "code": {
        "coding": [ {
          "system": "http://snomed.info/sct",
          "code": "419775003"
        } ]
      },
      "subject": {
        "reference": "Patient/e064bc2f-965a-4493-a9fb-31ebc09b9009"
      },
      "effectivePeriod": {
        "start": "2026-03-13T09:00:00+00:00",
        "end": "2026-03-13T09:30:00+00:00"
      }
    },
    "request": {
      "method": "PUT",
      "url": "Observation/a280ba41-3513-442d-bdcd-e6785848db03"
    }
  }, {
    "fullUrl": "https://madie.cms.gov/Procedure/70d9535e-7100-4bd5-ab07-f0b8954a3987",
    "resource": {
      "resourceType": "Procedure",
      "id": "70d9535e-7100-4bd5-ab07-f0b8954a3987",
      "meta": {
        "profile": [ "http://hl7.org/fhir/us/qicore/StructureDefinition/qicore-procedure" ]
      },
      "extension": [ {
        "url": "http://hl7.org/fhir/us/qicore/StructureDefinition/qicore-recorded",
        "valueDateTime": "2026-03-05T09:35:00-04:00"
      } ],
      "status": "completed",
      "code": {
        "coding": [ {
          "system": "http://snomed.info/sct",
          "code": "84149000"
        } ]
      },
      "subject": {
        "reference": "Patient/e064bc2f-965a-4493-a9fb-31ebc09b9009"
      },
      "performedPeriod": {
        "start": "2026-03-05T09:20:00-04:00",
        "end": "2026-04-05T10:30:00-04:00"
      }
    },
    "request": {
      "method": "PUT",
      "url": "Procedure/70d9535e-7100-4bd5-ab07-f0b8954a3987"
    }
  }, {
    "fullUrl": "https://madie.cms.gov/Condition/255f0a55-423a-4ab0-a708-306449fbd75a",
    "resource": {
      "resourceType": "Condition",
      "id": "255f0a55-423a-4ab0-a708-306449fbd75a",
      "meta": {
        "profile": [ "http://hl7.org/fhir/us/qicore/StructureDefinition/qicore-condition-problems-health-concerns" ]
      },
      "clinicalStatus": {
        "coding": [ {
          "system": "http://terminology.hl7.org/CodeSystem/condition-clinical",
          "code": "active",
          "display": "active",
          "userSelected": true
        } ]
      },
      "category": [ {
        "coding": [ {
          "system": "http://terminology.hl7.org/CodeSystem/condition-clinical",
          "code": "active",
          "display": "active",
          "userSelected": true
        } ]
      } ],
      "code": {
        "coding": [ {
          "system": "http://hl7.org/fhir/sid/icd-10-cm",
          "code": "H25.22",
          "userSelected": true
        }, {
          "system": "http://snomed.info/sct",
          "code": "264443002",
          "userSelected": true
        } ]
      },
      "subject": {
        "reference": "Patient/e064bc2f-965a-4493-a9fb-31ebc09b9009"
      },
      "onsetDateTime": "2024-11-01T08:00:00.000+00:00"
    },
    "request": {
      "method": "PUT",
      "url": "Condition/255f0a55-423a-4ab0-a708-306449fbd75a"
    }
  }, {
    "fullUrl": "https://madie.cms.gov/Coverage/2946c8f3-f158-4170-958c-fcd5badd3e68",
    "resource": {
      "resourceType": "Coverage",
      "id": "2946c8f3-f158-4170-958c-fcd5badd3e68",
      "meta": {
        "profile": [ "http://hl7.org/fhir/us/qicore/StructureDefinition/qicore-coverage" ]
      },
      "status": "active",
      "beneficiary": {
        "reference": "Patient/e064bc2f-965a-4493-a9fb-31ebc09b9009"
      },
      "payor": [ {
        "reference": "Organization/dd359cae-3d8c-4f37-b2ba-2219c334fa4e"
      } ]
    },
    "request": {
      "method": "PUT",
      "url": "Coverage/2946c8f3-f158-4170-958c-fcd5badd3e68"
    }
  }, {
    "fullUrl": "https://madie.cms.gov/Organization/dd359cae-3d8c-4f37-b2ba-2219c334fa4e",
    "resource": {
      "resourceType": "Organization",
      "id": "dd359cae-3d8c-4f37-b2ba-2219c334fa4e",
      "meta": {
        "profile": [ "http://hl7.org/fhir/us/qicore/StructureDefinition/qicore-organization" ]
      },
      "identifier": [ {
        "use": "temp",
        "system": "urn:oid:2.16.840.1.113883.4.4",
        "value": "21-3259825"
      } ],
      "active": true,
      "type": [ {
        "coding": [ {
          "system": "http://terminology.hl7.org/CodeSystem/organization-type",
          "code": "pay",
          "display": "Payer"
        } ]
      } ],
      "name": "Blue Cross Blue Shield of Texas",
      "telecom": [ {
        "system": "phone",
        "value": "(+1) 972-766-6900"
      } ],
      "address": [ {
        "use": "billing",
        "type": "postal",
        "line": [ "P.O. Box 660044" ],
        "city": "Dallas",
        "state": "TX",
        "postalCode": "75266-0044",
        "country": "USA"
      } ]
    },
    "request": {
      "method": "PUT",
      "url": "Organization/dd359cae-3d8c-4f37-b2ba-2219c334fa4e"
    }
  }, {
    "fullUrl": "https://madie.cms.gov/Practitioner/c11dd142-cb56-4d54-88f7-c81fe0120b3a",
    "resource": {
      "resourceType": "Practitioner",
      "id": "c11dd142-cb56-4d54-88f7-c81fe0120b3a",
      "meta": {
        "profile": [ "http://hl7.org/fhir/us/qicore/StructureDefinition/qicore-practitioner" ]
      },
      "identifier": [ {
        "system": "http://hl7.org/fhir/sid/us-npi",
        "value": "123456"
      } ],
      "name": [ {
        "family": "Evil",
        "prefix": [ "Dr" ]
      } ]
    },
    "request": {
      "method": "PUT",
      "url": "Practitioner/c11dd142-cb56-4d54-88f7-c81fe0120b3a"
    }
  }, {
    "fullUrl": "https://madie.cms.gov/MeasureReport/ac967a42-5c5b-48e2-a350-8d92683e74cb",
    "resource": {
      "resourceType": "MeasureReport",
      "id": "ac967a42-5c5b-48e2-a350-8d92683e74cb",
      "meta": {
        "profile": [ "http://hl7.org/fhir/us/cqfmeasures/StructureDefinition/test-case-cqfm" ]
      },
      "contained": [ {
        "resourceType": "Parameters",
        "id": "2cce31cc-b7dd-405a-a3c2-2a83f7a13a7f-parameters",
        "parameter": [ {
          "name": "subject",
          "valueString": "e064bc2f-965a-4493-a9fb-31ebc09b9009"
        } ]
      } ],
      "extension": [ {
        "url": "http://hl7.org/fhir/StructureDefinition/cqf-inputParameters",
        "valueReference": {
          "reference": "#2cce31cc-b7dd-405a-a3c2-2a83f7a13a7f-parameters"
        }
      }, {
        "url": "http://hl7.org/fhir/us/cqfmeasures/StructureDefinition/cqfm-testCaseDescription",
        "valueMarkdown": "Patient with Morgagnian cataract with cataract surgery. "
      } ],
      "modifierExtension": [ {
        "url": "http://hl7.org/fhir/us/cqfmeasures/StructureDefinition/cqfm-isTestCase",
        "valueBoolean": true
      } ],
      "status": "complete",
      "type": "individual",
      "measure": "https://madie.cms.gov/Measure/CMS133FHIRCataracts2040BCVAwithin90Days",
      "period": {
        "start": "2026-01-01",
        "end": "2026-12-31"
      },
      "group": [ {
        "id": "Group_1",
        "population": [ {
          "id": "InitialPopulation_1",
          "code": {
            "coding": [ {
              "system": "http://terminology.hl7.org/CodeSystem/measure-population",
              "code": "initial-population",
              "display": "Initial Population"
            } ]
          },
          "count": 1
        }, {
          "id": "Denominator_1",
          "code": {
            "coding": [ {
              "system": "http://terminology.hl7.org/CodeSystem/measure-population",
              "code": "denominator",
              "display": "Denominator"
            } ]
          },
          "count": 1
        }, {
          "id": "DenominatorExclusion_1",
          "code": {
            "coding": [ {
              "system": "http://terminology.hl7.org/CodeSystem/measure-population",
              "code": "denominator-exclusion",
              "display": "Denominator Exclusion"
            } ]
          },
          "count": 1
        }, {
          "id": "Numerator_1",
          "code": {
            "coding": [ {
              "system": "http://terminology.hl7.org/CodeSystem/measure-population",
              "code": "numerator",
              "display": "Numerator"
            } ]
          },
          "count": 0
        } ],
        "measureScore": {
          "value": 0.0
        }
      } ],
      "evaluatedResource": [ {
        "reference": "Patient/e064bc2f-965a-4493-a9fb-31ebc09b9009"
      }, {
        "reference": "Observation/a280ba41-3513-442d-bdcd-e6785848db03"
      }, {
        "reference": "Procedure/70d9535e-7100-4bd5-ab07-f0b8954a3987"
      }, {
        "reference": "Condition/255f0a55-423a-4ab0-a708-306449fbd75a"
      }, {
        "reference": "Coverage/2946c8f3-f158-4170-958c-fcd5badd3e68"
      }, {
        "reference": "Organization/dd359cae-3d8c-4f37-b2ba-2219c334fa4e"
      }, {
        "reference": "Practitioner/c11dd142-cb56-4d54-88f7-c81fe0120b3a"
      } ]
    },
    "request": {
      "method": "PUT",
      "url": "MeasureReport/ac967a42-5c5b-48e2-a350-8d92683e74cb"
    }
  } ]
}