{
  "resourceType": "Measure",
  "id": "CMS74FHIRPrimaryCariesPreventionasOfferedbyDentists",
  "meta": {
    "profile": [ "http://hl7.org/fhir/uv/crmi/StructureDefinition/crmi-shareablemeasure", "http://hl7.org/fhir/us/cqfmeasures/StructureDefinition/computable-measure-cqfm", "http://hl7.org/fhir/us/cqfmeasures/StructureDefinition/publishable-measure-cqfm", "http://hl7.org/fhir/us/cqfmeasures/StructureDefinition/executable-measure-cqfm", "http://hl7.org/fhir/us/cqfmeasures/StructureDefinition/cql-measure-cqfm", "http://hl7.org/fhir/us/cqfmeasures/StructureDefinition/elm-measure-cqfm", "http://hl7.org/fhir/us/cqfmeasures/StructureDefinition/proportion-measure-cqfm" ]
  },
  "text": {
    "status": "extensions",
    "div": "<div xmlns=\"http://www.w3.org/1999/xhtml\" class=\"col-12\">\n  <table class=\"narrative-table\">\n    <tbody>\n<tr>\n\n<th colspan=\"2\" scope=\"row\" class=\"row-header\">Knowledge Artifact Metadata</th>\n\n</tr>\n\n\n\n\n\n\n\n\n\n\n\n\n\n\n\n\n\n\n\n\n\n\n\n\n\n\n\n\n<tr>\n\n<th colspan=\"2\" scope=\"row\" class=\"row-header\">Measure Metadata</th>\n\n</tr>\n\n  \n<tr>\n\n<th scope=\"row\" class=\"row-header\">Short Name Identifier</th>\n\n<td class=\"content-container\">CMS74FHIR</td>\n</tr>\n\n\n\n  \n<tr>\n\n<th scope=\"row\" class=\"row-header\">Version Independent Identifier</th>\n\n<td class=\"content-container\">urn:uuid:1c99917f-438b-4cdb-ba95-d2fb32f9d715</td>\n</tr>\n\n\n\n  \n<tr>\n\n<th scope=\"row\" class=\"row-header\">Version Specific Identifier</th>\n\n<td class=\"content-container\">urn:uuid:97326816-3a08-40ed-835d-6ac6b1a5d667</td>\n</tr>\n\n\n\n  \n    \n    \n<tr>\n\n<th scope=\"row\" class=\"row-header\">Publisher (CMS) Identifier</th>\n\n<td class=\"content-container\">74FHIR</td>\n</tr>\n\n  \n\n\n\n<tr>\n\n<th scope=\"row\" class=\"row-header\">Version Number</th>\n\n<td class=\"content-container\">1.1.000</td>\n</tr>\n\n\n\n\n\n\n\n<tr>\n\n<th scope=\"row\" class=\"row-header\">Rationale</th>\n\n<td class=\"content-container\">The literature reflects that fluoride varnish, when applied to the teeth of high-risk children, reduces, in conjunction with anticipatory guidance provided to the caregiver, the risk of the child developing caries (Weyant et al., 2013). Evidence in the literature also specifically supports the effectiveness of professionally applied fluoride varnish at preventing caries in higher risk children (Chou et al., 2014).</td>\n</tr>\n\n\n<tr>\n\n<th scope=\"row\" class=\"row-header\">Clinical Recommendation Statement</th>\n\n<td class=\"content-container\">The 2013 American Dental Association (ADA) clinical recommendations for use of professionally applied or prescription-strength, home-use topical fluorides for caries prevention in patients at elevated risk of developing caries: \n\n- Younger Than 6 Years - 2.26 percent fluoride varnish at least every three to six months.\n\n- 6-18 Years - 2.26 percent fluoride varnish at least every three to six months OR 1.23 percent fluoride (APF*) gel for four minutes at least every three to six months.\n\n- Older Than 18 Years - 2.26 percent fluoride varnish at least every three to six months OR 1.23 percent fluoride (APF) gel for four minutes at least every three to six months (Weyant et al., 2013).\n\nThe United States Preventive Services Taskforce (USPSTF) recommends the use of professionally applied fluoride varnish for the prevention of dental caries in high risk children under 5 years of age (Chou et al., 2014).\n\nThe American Academy of Pediatric Dentistry (AAPD) recommends the application of topical fluoride treatments at least twice per year to reduce the incidence of dental caries, with precise timing based upon the unique needs, risks, and benefits inherent to the individual patient (AAPD, 2023).</td>\n</tr>\n\n\n\n\n<tr>\n\n<th scope=\"row\" class=\"row-header\">Guidance</th>\n\n<td class=\"content-container\">This eCQM is a patient-based measure.\n\nTelehealth encounters are not eligible for this measure because the measure does not contain telehealth-eligible codes and requires a clinical action that cannot be conducted via telehealth.\n\nThis FHIR-based measure has been derived from the QDM-based measure: CMS74v14.\n\nPlease refer to the HL7 QI-Core Implementation Guide (https://hl7.org/fhir/us/qicore/STU6/) for more information on QI-Core and mapping recommendations from QDM to QI-Core 6 (https://hl7.org/fhir/us/qicore/STU6/qdm-to-qicore.html).</td>\n</tr>\n\n\n\n\n\n\n  \n    \n    <tr>\n\n<th colspan=\"2\" scope=\"row\" class=\"row-header\">Measure Population Criteria (ID: Group_1)</th>\n\n</tr>\n  \n  \n  \n  \n    <tr>\n      \n        \n<th scope=\"row\" class=\"row-header\">Initial Population</th>\n\n      \n      <td class=\"content-container\">\n        \n        <em>ID</em>: InitialPopulation_1\n        <br/>\n        \n        \n          <em>Description</em>:\n          <p style=\"white-space: pre-line\" class=\"tab-one\">Children, 1-20 years of age at the start of the measurement period, with a clinical oral evaluation by a dentist during the measurement period</p>\n        \n        \n          \n            \n            <em>Logic Definition</em>: <a href=\"#cms74fhirprimarycariespreventionasofferedbydentists-initial-population\">Initial Population</a> \n          \n        \n      </td>\n    </tr>\n  \n\n  \n    <tr>\n      \n        \n<th scope=\"row\" class=\"row-header\">Denominator</th>\n\n      \n      <td class=\"content-container\">\n        \n        <em>ID</em>: Denominator_1\n        <br/>\n        \n        \n          <em>Description</em>:\n          <p style=\"white-space: pre-line\" class=\"tab-one\">Equals Initial Population</p>\n        \n        \n          \n            \n            <em>Logic Definition</em>: <a href=\"#cms74fhirprimarycariespreventionasofferedbydentists-denominator\">Denominator</a> \n          \n        \n      </td>\n    </tr>\n  \n\n  \n    <tr>\n      \n        \n<th scope=\"row\" class=\"row-header\">Denominator Exclusion</th>\n\n      \n      <td class=\"content-container\">\n        \n        <em>ID</em>: DenominatorExclusion_1\n        <br/>\n        \n        \n          <em>Description</em>:\n          <p style=\"white-space: pre-line\" class=\"tab-one\">Exclude patients who are in hospice care or have a hospice care order documented during any part of the measurement period</p>\n        \n        \n          \n            \n            <em>Logic Definition</em>: <a href=\"#cms74fhirprimarycariespreventionasofferedbydentists-denominator-exclusions\">Denominator Exclusions</a> \n          \n        \n      </td>\n    </tr>\n  \n\n  \n    <tr>\n      \n        \n<th scope=\"row\" class=\"row-header\">Numerator</th>\n\n      \n      <td class=\"content-container\">\n        \n        <em>ID</em>: Numerator_1\n        <br/>\n        \n        \n          <em>Description</em>:\n          <p style=\"white-space: pre-line\" class=\"tab-one\">Children who receive two fluoride varnish applications on different days during the measurement period</p>\n        \n        \n          \n            \n            <em>Logic Definition</em>: <a href=\"#cms74fhirprimarycariespreventionasofferedbydentists-numerator\">Numerator</a> \n          \n        \n      </td>\n    </tr>\n  \n\n  \n<tr>\n  \n<th scope=\"row\" class=\"row-header\">Stratifier</th>\n\n  <td class=\"content-container\">\n    \n      <em>ID</em>: Stratification_1_1\n      \n        <br/>\n      \n    \n    \n    \n      <em>Description</em>: Population 1: Patients age 1-5 years at the start of the Measurement Period  \n    \n  </td>\n</tr>\n\n<tr>\n  \n<th scope=\"row\" class=\"row-header\">Stratifier</th>\n\n  <td class=\"content-container\">\n    \n      <em>ID</em>: Stratification_1_2\n      \n        <br/>\n      \n    \n    \n    \n      <em>Description</em>: Population 2: Patients age 6-12 years at the start of the Measurement Period \n    \n  </td>\n</tr>\n\n<tr>\n  \n<th scope=\"row\" class=\"row-header\">Stratifier</th>\n\n  <td class=\"content-container\">\n    \n      <em>ID</em>: Stratification_1_3\n      \n        <br/>\n      \n    \n    \n    \n      <em>Description</em>: Population 3: Patients age 13-20 years at the start of the Measurement Period\n    \n  </td>\n</tr>\n\n  \n  \n<tr>\n\n<th scope=\"row\" class=\"row-header\">Population Basis</th>\n\n<td class=\"content-container\">boolean</td>\n</tr>\n\n\n\n  \n<tr>\n\n<th scope=\"row\" class=\"row-header\">Scoring</th>\n\n<td class=\"content-container\">[http://terminology.hl7.org/CodeSystem/measure-scoring#proportion: 'Proportion']</td>\n</tr>\n\n\n\n\n\n\n\n  \n<tr>\n\n<th scope=\"row\" class=\"row-header\">Type</th>\n\n<td class=\"content-container\">[http://terminology.hl7.org/CodeSystem/measure-type#process: 'Process']</td>\n</tr>\n\n\n\n\n  \n<tr>\n\n<th scope=\"row\" class=\"row-header\">Rate Aggregation</th>\n\n<td class=\"content-container\">None</td>\n</tr>\n\n\n\n  \n<tr>\n\n<th scope=\"row\" class=\"row-header\">Improvement Notation</th>\n\n<td class=\"content-container\">[http://terminology.hl7.org/CodeSystem/measure-improvement-notation#increase: 'Increased score indicates improvement']</td>\n</tr>\n\n\n\n\n\n\n<tr>\n\n<th colspan=\"2\" scope=\"row\" class=\"row-header\">Measure Logic</th>\n\n</tr>\n\n<tr>\n\n<th scope=\"row\" class=\"row-header\">Primary Library</th>\n\n<td class=\"content-container\">https://madie.cms.gov/Library/CMS74FHIRPrimaryCariesPreventionasOfferedbyDentists</td>\n</tr>\n\n\n\n\n  \n  \n\n<tr>\n  \n  \n  \n  \n  \n<th scope=\"row\" class=\"row-header\">Dependency</th>\n\n  \n  <td class=\"content-container\">\n    \n    <em>Description</em>: Library Status\n    \n    <br/>\n    \n    \n    \n    \n    \n    \n    <em>Resource</em>: https://madie.cms.gov/Library/Status|1.13.000\n    <br/>\n    <em>Canonical URL</em>: <tt>https://madie.cms.gov/Library/Status|1.13.000</tt>\n    \n  </td>\n</tr>\n\n<tr>\n  \n  \n  \n  \n  \n<th scope=\"row\" class=\"row-header\">Dependency</th>\n\n  \n  <td class=\"content-container\">\n    \n    <em>Description</em>: Library QICoreCommon\n    \n    <br/>\n    \n    \n    \n    \n    \n    \n    <em>Resource</em>: https://madie.cms.gov/Library/QICoreCommon|4.0.000\n    <br/>\n    <em>Canonical URL</em>: <tt>https://madie.cms.gov/Library/QICoreCommon|4.0.000</tt>\n    \n  </td>\n</tr>\n\n<tr>\n  \n  \n  \n  \n  \n<th scope=\"row\" class=\"row-header\">Dependency</th>\n\n  \n  <td class=\"content-container\">\n    \n    <em>Description</em>: Library FHIRHelpers\n    \n    <br/>\n    \n    \n    \n    \n    \n    \n    <em>Resource</em>: https://madie.cms.gov/Library/FHIRHelpers|4.4.000\n    <br/>\n    <em>Canonical URL</em>: <tt>https://madie.cms.gov/Library/FHIRHelpers|4.4.000</tt>\n    \n  </td>\n</tr>\n\n<tr>\n  \n  \n  \n  \n  \n<th scope=\"row\" class=\"row-header\">Dependency</th>\n\n  \n  <td class=\"content-container\">\n    \n    <em>Description</em>: Library Hospice\n    \n    <br/>\n    \n    \n    \n    \n    \n    \n    <em>Resource</em>: https://madie.cms.gov/Library/Hospice|6.15.000\n    <br/>\n    <em>Canonical URL</em>: <tt>https://madie.cms.gov/Library/Hospice|6.15.000</tt>\n    \n  </td>\n</tr>\n\n<tr>\n  \n  \n  \n  \n  \n<th scope=\"row\" class=\"row-header\">Dependency</th>\n\n  \n  <td class=\"content-container\">\n    \n    <em>Description</em>: Code system SNOMEDCT\n    \n    <br/>\n    \n    \n    \n    \n    \n    \n    <em>Resource</em>: http://snomed.info/sct\n    <br/>\n    <em>Canonical URL</em>: <tt>http://snomed.info/sct</tt>\n    \n  </td>\n</tr>\n\n<tr>\n  \n  \n  \n  \n  \n<th scope=\"row\" class=\"row-header\">Dependency</th>\n\n  \n  <td class=\"content-container\">\n    \n    <em>Description</em>: Code system LOINC\n    \n    <br/>\n    \n    \n    \n    \n    \n    \n    <em>Resource</em>: http://loinc.org\n    <br/>\n    <em>Canonical URL</em>: <tt>http://loinc.org</tt>\n    \n  </td>\n</tr>\n\n<tr>\n  \n  \n  \n  \n  \n<th scope=\"row\" class=\"row-header\">Dependency</th>\n\n  \n  <td class=\"content-container\">\n    \n    <em>Description</em>: Value set Fluoride Varnish Application for Children\n    \n    <br/>\n    \n    \n    \n    \n    \n    \n    <em>Resource</em>: http://cts.nlm.nih.gov/fhir/ValueSet/2.16.840.1.113883.3.464.1003.125.12.1002\n    <br/>\n    <em>Canonical URL</em>: <tt>http://cts.nlm.nih.gov/fhir/ValueSet/2.16.840.1.113883.3.464.1003.125.12.1002</tt>\n    \n  </td>\n</tr>\n\n<tr>\n  \n  \n  \n  \n  \n<th scope=\"row\" class=\"row-header\">Dependency</th>\n\n  \n  <td class=\"content-container\">\n    \n    <em>Description</em>: Value set Clinical Oral Evaluation\n    \n    <br/>\n    \n    \n    \n    \n    \n    \n    <em>Resource</em>: http://cts.nlm.nih.gov/fhir/ValueSet/2.16.840.1.113883.3.464.1003.125.12.1003\n    <br/>\n    <em>Canonical URL</em>: <tt>http://cts.nlm.nih.gov/fhir/ValueSet/2.16.840.1.113883.3.464.1003.125.12.1003</tt>\n    \n  </td>\n</tr>\n\n<tr>\n  \n  \n  \n  \n  \n<th scope=\"row\" class=\"row-header\">Dependency</th>\n\n  \n  <td class=\"content-container\">\n    \n    <em>Description</em>: Value set Encounter Inpatient\n    \n    <br/>\n    \n    \n    \n    \n    \n    \n    <em>Resource</em>: http://cts.nlm.nih.gov/fhir/ValueSet/2.16.840.1.113883.3.666.5.307\n    <br/>\n    <em>Canonical URL</em>: <tt>http://cts.nlm.nih.gov/fhir/ValueSet/2.16.840.1.113883.3.666.5.307</tt>\n    \n  </td>\n</tr>\n\n<tr>\n  \n  \n  \n  \n  \n<th scope=\"row\" class=\"row-header\">Dependency</th>\n\n  \n  <td class=\"content-container\">\n    \n    <em>Description</em>: Value set Hospice Encounter\n    \n    <br/>\n    \n    \n    \n    \n    \n    \n    <em>Resource</em>: http://cts.nlm.nih.gov/fhir/ValueSet/2.16.840.1.113883.3.464.1003.1003\n    <br/>\n    <em>Canonical URL</em>: <tt>http://cts.nlm.nih.gov/fhir/ValueSet/2.16.840.1.113883.3.464.1003.1003</tt>\n    \n  </td>\n</tr>\n\n<tr>\n  \n  \n  \n  \n  \n<th scope=\"row\" class=\"row-header\">Dependency</th>\n\n  \n  <td class=\"content-container\">\n    \n    <em>Description</em>: Value set Hospice Care Ambulatory\n    \n    <br/>\n    \n    \n    \n    \n    \n    \n    <em>Resource</em>: http://cts.nlm.nih.gov/fhir/ValueSet/2.16.840.1.113883.3.526.3.1584\n    <br/>\n    <em>Canonical URL</em>: <tt>http://cts.nlm.nih.gov/fhir/ValueSet/2.16.840.1.113883.3.526.3.1584</tt>\n    \n  </td>\n</tr>\n\n<tr>\n  \n  \n  \n  \n  \n<th scope=\"row\" class=\"row-header\">Dependency</th>\n\n  \n  <td class=\"content-container\">\n    \n    <em>Description</em>: Value set Hospice Diagnosis\n    \n    <br/>\n    \n    \n    \n    \n    \n    \n    <em>Resource</em>: http://cts.nlm.nih.gov/fhir/ValueSet/2.16.840.1.113883.3.464.1003.1165\n    <br/>\n    <em>Canonical URL</em>: <tt>http://cts.nlm.nih.gov/fhir/ValueSet/2.16.840.1.113883.3.464.1003.1165</tt>\n    \n  </td>\n</tr>\n\n\n  \n  <tr>\n    <th scope=\"row\" class=\"row-header\">Direct Reference Code</th>\n    <td class=\"content-container\">\n      \n        <em>Display</em>: Discharge to home for hospice care (procedure)\n        <br/>\n      \n      <em>Code</em>: 428361000124107\n      <br/>\n      <em>System</em>: <tt>http://snomed.info/sct</tt>\n    </td>\n  </tr>\n\n  <tr>\n    <th scope=\"row\" class=\"row-header\">Direct Reference Code</th>\n    <td class=\"content-container\">\n      \n        <em>Display</em>: Discharge to healthcare facility for hospice care (procedure)\n        <br/>\n      \n      <em>Code</em>: 428371000124100\n      <br/>\n      <em>System</em>: <tt>http://snomed.info/sct</tt>\n    </td>\n  </tr>\n\n  <tr>\n    <th scope=\"row\" class=\"row-header\">Direct Reference Code</th>\n    <td class=\"content-container\">\n      \n        <em>Display</em>: Hospice care [Minimum Data Set]\n        <br/>\n      \n      <em>Code</em>: 45755-6\n      <br/>\n      <em>System</em>: <tt>http://loinc.org</tt>\n    </td>\n  </tr>\n\n  <tr>\n    <th scope=\"row\" class=\"row-header\">Direct Reference Code</th>\n    <td class=\"content-container\">\n      \n        <em>Display</em>: Yes (qualifier value)\n        <br/>\n      \n      <em>Code</em>: 373066001\n      <br/>\n      <em>System</em>: <tt>http://snomed.info/sct</tt>\n    </td>\n  </tr>\n\n  \n  <tr>\n  \n<th scope=\"row\" class=\"row-header\">Parameter</th>\n\n  <td class=\"content-container\">\n    <em>Name</em>: Measurement Period\n    <br/>\n    <em>Use</em>: in\n    <br/>\n    <em>Min Cardinality</em>: 0\n    <br/>\n    <em>Max Cardinality</em>: 1\n    <br/>\n    <em>Type</em>: Period\n  </td>\n</tr>\n  \n  <tr>\n  \n<th scope=\"row\" class=\"row-header\">Parameter</th>\n\n  <td class=\"content-container\">\n    <em>Name</em>: Numerator\n    <br/>\n    <em>Use</em>: out\n    <br/>\n    <em>Min Cardinality</em>: 0\n    <br/>\n    <em>Max Cardinality</em>: 1\n    <br/>\n    <em>Type</em>: boolean\n  </td>\n</tr>\n  \n  <tr>\n  \n<th scope=\"row\" class=\"row-header\">Parameter</th>\n\n  <td class=\"content-container\">\n    <em>Name</em>: Denominator\n    <br/>\n    <em>Use</em>: out\n    <br/>\n    <em>Min Cardinality</em>: 0\n    <br/>\n    <em>Max Cardinality</em>: 1\n    <br/>\n    <em>Type</em>: boolean\n  </td>\n</tr>\n  \n  <tr>\n  \n<th scope=\"row\" class=\"row-header\">Parameter</th>\n\n  <td class=\"content-container\">\n    <em>Name</em>: Denominator Exclusions\n    <br/>\n    <em>Use</em>: out\n    <br/>\n    <em>Min Cardinality</em>: 0\n    <br/>\n    <em>Max Cardinality</em>: 1\n    <br/>\n    <em>Type</em>: boolean\n  </td>\n</tr>\n  \n  <tr>\n  \n<th scope=\"row\" class=\"row-header\">Parameter</th>\n\n  <td class=\"content-container\">\n    <em>Name</em>: Initial Population\n    <br/>\n    <em>Use</em>: out\n    <br/>\n    <em>Min Cardinality</em>: 0\n    <br/>\n    <em>Max Cardinality</em>: 1\n    <br/>\n    <em>Type</em>: boolean\n  </td>\n</tr>\n  \n  \n  <tr>\n    <th colspan=\"2\" scope=\"row\" class=\"section-header\"><a name=\"effective-data-requirements\"> </a>Measure Logic Data Requirements</th>\n  </tr>\n  \n  \n<tr>\n  <th scope=\"row\" class=\"row-header\">Data Requirement</th>\n  <td class=\"content-container\">\n    <em>Type</em>: Patient\n    <br/>\n  \n    <em>Profile(s)</em>: \n  \n    http://hl7.org/fhir/us/qicore/StructureDefinition/qicore-patient\n    <br/>        \n  \n   \n   \n    <em>Must Support Elements</em>: birthDate, birthDate.value\n    <br/>\n   \n   \n  </td>\n</tr>\n\n<tr>\n  <th scope=\"row\" class=\"row-header\">Data Requirement</th>\n  <td class=\"content-container\">\n    <em>Type</em>: Procedure\n    <br/>\n  \n    <em>Profile(s)</em>: \n  \n    http://hl7.org/fhir/us/qicore/StructureDefinition/qicore-procedure\n    <br/>        \n  \n   \n   \n    <em>Must Support Elements</em>: code, performed, status, status.value\n    <br/>\n   \n  \n    <em>Code Filter(s)</em>: \n    <br/>\n  \n  \n    <span class=\"tab-one\"><em>Path</em>: code</span>\n    <br/>\n  \n  \n  \n    <span class=\"tab-one\"><em>ValueSet</em>:</span> http://cts.nlm.nih.gov/fhir/ValueSet/2.16.840.1.113883.3.464.1003.125.12.1002\n    <br/> \n  \n  \n  \n   \n  </td>\n</tr>\n\n<tr>\n  <th scope=\"row\" class=\"row-header\">Data Requirement</th>\n  <td class=\"content-container\">\n    <em>Type</em>: Procedure\n    <br/>\n  \n    <em>Profile(s)</em>: \n  \n    http://hl7.org/fhir/us/qicore/StructureDefinition/qicore-procedure\n    <br/>        \n  \n   \n   \n    <em>Must Support Elements</em>: code, performed, status, status.value\n    <br/>\n   \n  \n    <em>Code Filter(s)</em>: \n    <br/>\n  \n  \n    <span class=\"tab-one\"><em>Path</em>: code</span>\n    <br/>\n  \n  \n  \n    <span class=\"tab-one\"><em>ValueSet</em>:</span> http://cts.nlm.nih.gov/fhir/ValueSet/2.16.840.1.113883.3.526.3.1584\n    <br/> \n  \n  \n  \n   \n  </td>\n</tr>\n\n<tr>\n  <th scope=\"row\" class=\"row-header\">Data Requirement</th>\n  <td class=\"content-container\">\n    <em>Type</em>: Encounter\n    <br/>\n  \n    <em>Profile(s)</em>: \n  \n    http://hl7.org/fhir/us/qicore/StructureDefinition/qicore-encounter\n    <br/>        \n  \n   \n   \n    <em>Must Support Elements</em>: type, period, status, status.value\n    <br/>\n   \n  \n    <em>Code Filter(s)</em>: \n    <br/>\n  \n  \n    <span class=\"tab-one\"><em>Path</em>: type</span>\n    <br/>\n  \n  \n  \n    <span class=\"tab-one\"><em>ValueSet</em>:</span> http://cts.nlm.nih.gov/fhir/ValueSet/2.16.840.1.113883.3.464.1003.125.12.1003\n    <br/> \n  \n  \n  \n   \n  </td>\n</tr>\n\n<tr>\n  <th scope=\"row\" class=\"row-header\">Data Requirement</th>\n  <td class=\"content-container\">\n    <em>Type</em>: Encounter\n    <br/>\n  \n    <em>Profile(s)</em>: \n  \n    http://hl7.org/fhir/us/qicore/StructureDefinition/qicore-encounter\n    <br/>        \n  \n   \n   \n    <em>Must Support Elements</em>: type, hospitalization, hospitalization.dischargeDisposition, period, status, status.value\n    <br/>\n   \n  \n    <em>Code Filter(s)</em>: \n    <br/>\n  \n  \n    <span class=\"tab-one\"><em>Path</em>: type</span>\n    <br/>\n  \n  \n  \n    <span class=\"tab-one\"><em>ValueSet</em>:</span> http://cts.nlm.nih.gov/fhir/ValueSet/2.16.840.1.113883.3.666.5.307\n    <br/> \n  \n  \n  \n   \n  </td>\n</tr>\n\n<tr>\n  <th scope=\"row\" class=\"row-header\">Data Requirement</th>\n  <td class=\"content-container\">\n    <em>Type</em>: Encounter\n    <br/>\n  \n    <em>Profile(s)</em>: \n  \n    http://hl7.org/fhir/us/qicore/StructureDefinition/qicore-encounter\n    <br/>        \n  \n   \n   \n    <em>Must Support Elements</em>: type, period, status, status.value\n    <br/>\n   \n  \n    <em>Code Filter(s)</em>: \n    <br/>\n  \n  \n    <span class=\"tab-one\"><em>Path</em>: type</span>\n    <br/>\n  \n  \n  \n    <span class=\"tab-one\"><em>ValueSet</em>:</span> http://cts.nlm.nih.gov/fhir/ValueSet/2.16.840.1.113883.3.464.1003.1003\n    <br/> \n  \n  \n  \n   \n  </td>\n</tr>\n\n<tr>\n  <th scope=\"row\" class=\"row-header\">Data Requirement</th>\n  <td class=\"content-container\">\n    <em>Type</em>: Observation\n    <br/>\n  \n    <em>Profile(s)</em>: \n  \n    http://hl7.org/fhir/us/qicore/StructureDefinition/qicore-observation-screening-assessment\n    <br/>        \n  \n   \n   \n    <em>Must Support Elements</em>: code, value, effective, status, status.value\n    <br/>\n   \n  \n    <em>Code Filter(s)</em>: \n    <br/>\n  \n  \n    <span class=\"tab-one\"><em>Path</em>: code</span>\n    <br/>\n  \n  \n  \n  \n    <span class=\"tab-one\"><em>Code</em>: </span>\n    <br/>\n  \n  \n   \n  </td>\n</tr>\n\n<tr>\n  <th scope=\"row\" class=\"row-header\">Data Requirement</th>\n  <td class=\"content-container\">\n    <em>Type</em>: ServiceRequest\n    <br/>\n  \n    <em>Profile(s)</em>: \n  \n    http://hl7.org/fhir/us/qicore/StructureDefinition/qicore-servicerequest\n    <br/>        \n  \n   \n   \n    <em>Must Support Elements</em>: code, authoredOn, authoredOn.value, status, status.value, intent, intent.value\n    <br/>\n   \n  \n    <em>Code Filter(s)</em>: \n    <br/>\n  \n  \n    <span class=\"tab-one\"><em>Path</em>: code</span>\n    <br/>\n  \n  \n  \n    <span class=\"tab-one\"><em>ValueSet</em>:</span> http://cts.nlm.nih.gov/fhir/ValueSet/2.16.840.1.113883.3.526.3.1584\n    <br/> \n  \n  \n  \n   \n  </td>\n</tr>\n\n<tr>\n  <th scope=\"row\" class=\"row-header\">Data Requirement</th>\n  <td class=\"content-container\">\n    <em>Type</em>: Condition\n    <br/>\n  \n    <em>Profile(s)</em>: \n  \n    http://hl7.org/fhir/us/qicore/StructureDefinition/qicore-condition-problems-health-concerns\n    <br/>        \n  \n   \n   \n    <em>Must Support Elements</em>: code\n    <br/>\n   \n  \n    <em>Code Filter(s)</em>: \n    <br/>\n  \n  \n    <span class=\"tab-one\"><em>Path</em>: code</span>\n    <br/>\n  \n  \n  \n    <span class=\"tab-one\"><em>ValueSet</em>:</span> http://cts.nlm.nih.gov/fhir/ValueSet/2.16.840.1.113883.3.464.1003.1165\n    <br/> \n  \n  \n  \n   \n  </td>\n</tr>\n\n<tr>\n  <th scope=\"row\" class=\"row-header\">Data Requirement</th>\n  <td class=\"content-container\">\n    <em>Type</em>: Condition\n    <br/>\n  \n    <em>Profile(s)</em>: \n  \n    http://hl7.org/fhir/us/qicore/StructureDefinition/qicore-condition-encounter-diagnosis\n    <br/>        \n  \n   \n   \n    <em>Must Support Elements</em>: code\n    <br/>\n   \n  \n    <em>Code Filter(s)</em>: \n    <br/>\n  \n  \n    <span class=\"tab-one\"><em>Path</em>: code</span>\n    <br/>\n  \n  \n  \n    <span class=\"tab-one\"><em>ValueSet</em>:</span> http://cts.nlm.nih.gov/fhir/ValueSet/2.16.840.1.113883.3.464.1003.1165\n    <br/> \n  \n  \n  \n   \n  </td>\n</tr>\n\n  \n  <tr>\n\n<th colspan=\"2\" scope=\"row\" class=\"row-header\">Measure Logic Definitions</th>\n\n</tr>\n  \n          \n<tr>\n  <th scope=\"row\" rowspan=\"2\" class=\"row-header\">\n    \n      \n      <a name=\"cms74fhirprimarycariespreventionasofferedbydentists-numerator\"> </a>\n    \n    Logic Definition\n  </th>\n\n  <td class=\"content-container\"><em>Library Name:</em> CMS74FHIRPrimaryCariesPreventionasOfferedbyDentists</td>\n\n</tr>\n<tr>\n\n  <td>\n    <pre style=\"border: none;\" class=\"content-container highlight language-cql\"><code class=\"language-cql\">define &quot;Numerator&quot;:\n  Count((([Procedure: &quot;Fluoride Varnish Application for Children&quot;]).isProcedurePerformed()) FluorideApplication\n      where FluorideApplication.performed.toInterval() ends during day of &quot;Measurement Period&quot;\n      return distinct date from \n      end of FluorideApplication.performed.toInterval()\n  ) &gt;= 2</code></pre>\n  </td>\n\n</tr>\n        \n<tr>\n  <th scope=\"row\" rowspan=\"2\" class=\"row-header\">\n    \n      \n      <a name=\"cms74fhirprimarycariespreventionasofferedbydentists-qualifying-encounters\"> </a>\n    \n    Logic Definition\n  </th>\n\n  <td class=\"content-container\"><em>Library Name:</em> CMS74FHIRPrimaryCariesPreventionasOfferedbyDentists</td>\n\n</tr>\n<tr>\n\n  <td>\n    <pre style=\"border: none;\" class=\"content-container highlight language-cql\"><code class=\"language-cql\">define &quot;Qualifying Encounters&quot;:\n  ( ( [Encounter: &quot;Clinical Oral Evaluation&quot;] ).isEncounterPerformed ( ) ) ValidEncounter\n    where ValidEncounter.period during day of &quot;Measurement Period&quot;</code></pre>\n  </td>\n\n</tr>\n        \n<tr>\n  <th scope=\"row\" rowspan=\"2\" class=\"row-header\">\n    \n      \n      <a name=\"cms74fhirprimarycariespreventionasofferedbydentists-initial-population\"> </a>\n    \n    Logic Definition\n  </th>\n\n  <td class=\"content-container\"><em>Library Name:</em> CMS74FHIRPrimaryCariesPreventionasOfferedbyDentists</td>\n\n</tr>\n<tr>\n\n  <td>\n    <pre style=\"border: none;\" class=\"content-container highlight language-cql\"><code class=\"language-cql\">define &quot;Initial Population&quot;:\n  AgeInYearsAt(date from start of &quot;Measurement Period&quot;) in Interval[1, 20]\n    and exists ( &quot;Qualifying Encounters&quot; )</code></pre>\n  </td>\n\n</tr>\n        \n<tr>\n  <th scope=\"row\" rowspan=\"2\" class=\"row-header\">\n    \n      \n      <a name=\"cms74fhirprimarycariespreventionasofferedbydentists-denominator\"> </a>\n    \n    Logic Definition\n  </th>\n\n  <td class=\"content-container\"><em>Library Name:</em> CMS74FHIRPrimaryCariesPreventionasOfferedbyDentists</td>\n\n</tr>\n<tr>\n\n  <td>\n    <pre style=\"border: none;\" class=\"content-container highlight language-cql\"><code class=\"language-cql\">define &quot;Denominator&quot;:\n  &quot;Initial Population&quot;</code></pre>\n  </td>\n\n</tr>\n        \n<tr>\n  <th scope=\"row\" rowspan=\"2\" class=\"row-header\">\n    \n      \n      <a name=\"hospice-has-hospice-services\"> </a>\n    \n    Logic Definition\n  </th>\n\n  <td class=\"content-container\"><em>Library Name:</em> Hospice</td>\n\n</tr>\n<tr>\n\n  <td>\n    <pre style=\"border: none;\" class=\"content-container highlight language-cql\"><code class=\"language-cql\">define &quot;Has Hospice Services&quot;:\n  exists ((([Encounter: &quot;Encounter Inpatient&quot;]).isEncounterPerformed()) InpatientEncounter\n      where (InpatientEncounter.hospitalization.dischargeDisposition ~ &quot;Discharge to home for hospice care (procedure)&quot;\n          or InpatientEncounter.hospitalization.dischargeDisposition ~ &quot;Discharge to healthcare facility for hospice care (procedure)&quot;\n      )\n        and InpatientEncounter.period.toInterval() ends during day of &quot;Measurement Period&quot;\n  )\n    or exists ((([Encounter: &quot;Hospice Encounter&quot;]).isEncounterPerformed()) HospiceEncounter\n        where HospiceEncounter.period.toInterval() overlaps day of &quot;Measurement Period&quot;\n    )\n    or exists ((([ObservationScreeningAssessment: &quot;Hospice care [Minimum Data Set]&quot;]).isAssessmentPerformed()) HospiceAssessment\n        where HospiceAssessment.value ~ &quot;Yes (qualifier value)&quot;\n          and HospiceAssessment.effective.toInterval() overlaps day of &quot;Measurement Period&quot;\n    )\n    or exists ((([ServiceRequest: &quot;Hospice Care Ambulatory&quot;]).isInterventionOrder()) HospiceOrder\n        where HospiceOrder.authoredOn.toInterval() during day of &quot;Measurement Period&quot;\n    )\n    or exists ((([Procedure: &quot;Hospice Care Ambulatory&quot;]).isInterventionPerformed()) HospicePerformed\n        where HospicePerformed.performed.toInterval() overlaps day of &quot;Measurement Period&quot;\n    )\n    or exists ((([ConditionProblemsHealthConcerns: &quot;Hospice Diagnosis&quot;])\n        union ([ConditionEncounterDiagnosis: &quot;Hospice Diagnosis&quot;])) HospiceCareDiagnosis\n        where HospiceCareDiagnosis.prevalenceInterval() overlaps day of &quot;Measurement Period&quot;\n    )</code></pre>\n  </td>\n\n</tr>\n        \n<tr>\n  <th scope=\"row\" rowspan=\"2\" class=\"row-header\">\n    \n      \n      <a name=\"cms74fhirprimarycariespreventionasofferedbydentists-denominator-exclusions\"> </a>\n    \n    Logic Definition\n  </th>\n\n  <td class=\"content-container\"><em>Library Name:</em> CMS74FHIRPrimaryCariesPreventionasOfferedbyDentists</td>\n\n</tr>\n<tr>\n\n  <td>\n    <pre style=\"border: none;\" class=\"content-container highlight language-cql\"><code class=\"language-cql\">define &quot;Denominator Exclusions&quot;:\n  Hospice.&quot;Has Hospice Services&quot;</code></pre>\n  </td>\n\n</tr>\n        \n<tr>\n  <th scope=\"row\" rowspan=\"2\" class=\"row-header\">\n    \n      \n      <a name=\"status-isprocedureperformed\"> </a>\n    \n    Logic Definition\n  </th>\n\n  <td class=\"content-container\"><em>Library Name:</em> Status</td>\n\n</tr>\n<tr>\n\n  <td>\n    <pre style=\"border: none;\" class=\"content-container highlight language-cql\"><code class=\"language-cql\">//Procedure, Performed\ndefine fluent function isProcedurePerformed(Proc List&lt;Procedure&gt;):\n  Proc P\n    where P.status ~ 'completed'</code></pre>\n  </td>\n\n</tr>\n        \n<tr>\n  <th scope=\"row\" rowspan=\"2\" class=\"row-header\">\n    \n      \n      <a name=\"qicorecommon-tointerval\"> </a>\n    \n    Logic Definition\n  </th>\n\n  <td class=\"content-container\"><em>Library Name:</em> QICoreCommon</td>\n\n</tr>\n<tr>\n\n  <td>\n    <pre style=\"border: none;\" class=\"content-container highlight language-cql\"><code class=\"language-cql\">/*\n@description: Normalizes a value that is a choice of timing-valued types to an equivalent interval\n@comment: Normalizes a choice type of DateTime, Quanitty, Interval&lt;DateTime&gt;, or Interval&lt;Quantity&gt; types\nto an equivalent interval. This selection of choice types is a superset of the majority of choice types that are used as possible\nrepresentations for timing-valued elements in QICore, allowing this function to be used across any resource.\nThe input can be provided as a DateTime, Quantity, Interval&lt;DateTime&gt; or Interval&lt;Quantity&gt;.\nThe intent of this function is to provide a clear and concise mechanism to treat single\nelements that have multiple possible representations as intervals so that logic doesn't have to account\nfor the variability. More complex calculations (such as medication request period or dispense period\ncalculation) need specific guidance and consideration. That guidance may make use of this function, but\nthe focus of this function is on single element calculations where the semantics are unambiguous.\nIf the input is a DateTime, the result a DateTime Interval beginning and ending on that DateTime.\nIf the input is a Quantity, the quantity is expected to be a calendar-duration interpreted as an Age,\nand the result is a DateTime Interval beginning on the Date the patient turned that age and ending immediately before one year later.\nIf the input is a DateTime Interval, the result is the input.\nIf the input is a Quantity Interval, the quantities are expected to be calendar-durations interpreted as an Age, and the result\nis a DateTime Interval beginning on the date the patient turned the age given as the start of the quantity interval, and ending\nimmediately before one year later than the date the patient turned the age given as the end of the quantity interval.\nIf the input is a Timing, an error will be thrown indicating that Timing calculations are not implemented. Any other input will reslt in a null DateTime Interval\n*/\ndefine fluent function toInterval(choice Choice&lt;DateTime, Quantity, Interval&lt;DateTime&gt;, Interval&lt;Quantity&gt;, Timing&gt;):\n  case\n\t  when choice is DateTime then\n    \tInterval[choice as DateTime, choice as DateTime]\n\t\twhen choice is Interval&lt;DateTime&gt; then\n  \t\tchoice as Interval&lt;DateTime&gt;\n\t\twhen choice is Quantity then\n\t\t  Interval[Patient.birthDate + (choice as Quantity),\n\t\t\t  Patient.birthDate + (choice as Quantity) + 1 year)\n\t\twhen choice is Interval&lt;Quantity&gt; then\n\t\t  Interval[Patient.birthDate + (choice.low as Quantity),\n\t\t\t  Patient.birthDate + (choice.high as Quantity) + 1 year)\n\t\twhen choice is Timing then\n      Message(null, true, 'NOT_IMPLEMENTED', 'Error', 'Calculation of an interval from a Timing value is not supported') as Interval&lt;DateTime&gt;\n\t\telse\n\t\t\tnull as Interval&lt;DateTime&gt;\n\tend</code></pre>\n  </td>\n\n</tr>\n        \n<tr>\n  <th scope=\"row\" rowspan=\"2\" class=\"row-header\">\n    \n      \n      <a name=\"status-isencounterperformed\"> </a>\n    \n    Logic Definition\n  </th>\n\n  <td class=\"content-container\"><em>Library Name:</em> Status</td>\n\n</tr>\n<tr>\n\n  <td>\n    <pre style=\"border: none;\" class=\"content-container highlight language-cql\"><code class=\"language-cql\">//Encounter, Performed\n//General usage unless required otherwise by measure intent (e.g., follow-up encounters)\ndefine fluent function isEncounterPerformed(Enc List&lt;Encounter&gt;):\n  Enc E\n    where E.status in {'finished', 'arrived', 'triaged', 'in-progress', 'onleave'}</code></pre>\n  </td>\n\n</tr>\n        \n<tr>\n  <th scope=\"row\" rowspan=\"2\" class=\"row-header\">\n    \n      \n      <a name=\"fhirhelpers-tointerval\"> </a>\n    \n    Logic Definition\n  </th>\n\n  <td class=\"content-container\"><em>Library Name:</em> FHIRHelpers</td>\n\n</tr>\n<tr>\n\n  <td>\n    <pre style=\"border: none;\" class=\"content-container highlight language-cql\"><code class=\"language-cql\">/*\n@description: Converts the given [Period](https://hl7.org/fhir/datatypes.html#Period)\nvalue to a CQL DateTime Interval\n@comment: If the start value of the given period is unspecified, the starting\nboundary of the resulting interval will be open (meaning the start of the interval\nis unknown, as opposed to interpreted as the beginning of time).\n*/\ndefine function ToInterval(period FHIR.Period):\n    if period is null then\n        null\n    else\n        if period.&quot;start&quot; is null then\n            Interval(period.&quot;start&quot;.value, period.&quot;end&quot;.value]\n        else\n            Interval[period.&quot;start&quot;.value, period.&quot;end&quot;.value]</code></pre>\n  </td>\n\n</tr>\n        \n<tr>\n  <th scope=\"row\" rowspan=\"2\" class=\"row-header\">\n    \n      \n      <a name=\"status-isassessmentperformed\"> </a>\n    \n    Logic Definition\n  </th>\n\n  <td class=\"content-container\"><em>Library Name:</em> Status</td>\n\n</tr>\n<tr>\n\n  <td>\n    <pre style=\"border: none;\" class=\"content-container highlight language-cql\"><code class=\"language-cql\">//This library contains functions used to constrain FHIR resource elements for measures authored by NCQA, based on QICore 6.0.0 resources including IG and authoring patterns. The functions may appear similar to some QICoreCommon functions but differ in that they have constraints that are relevant for measures authored by NCQA.\n\n//Assessment, Performed\ndefine fluent function isAssessmentPerformed(Obs List&lt;ObservationScreeningAssessment&gt;):\n  Obs O\n    where O.status in { 'final', 'amended', 'corrected' }</code></pre>\n  </td>\n\n</tr>\n        \n<tr>\n  <th scope=\"row\" rowspan=\"2\" class=\"row-header\">\n    \n      \n      <a name=\"status-isinterventionorder\"> </a>\n    \n    Logic Definition\n  </th>\n\n  <td class=\"content-container\"><em>Library Name:</em> Status</td>\n\n</tr>\n<tr>\n\n  <td>\n    <pre style=\"border: none;\" class=\"content-container highlight language-cql\"><code class=\"language-cql\">//Intervention, Order\ndefine fluent function isInterventionOrder(ServiceRequest List&lt;ServiceRequest&gt;):\n  ServiceRequest S\n    where S.status in { 'active', 'completed' }\n      and S.intent = 'order'</code></pre>\n  </td>\n\n</tr>\n        \n<tr>\n  <th scope=\"row\" rowspan=\"2\" class=\"row-header\">\n    \n      \n      <a name=\"status-isinterventionperformed\"> </a>\n    \n    Logic Definition\n  </th>\n\n  <td class=\"content-container\"><em>Library Name:</em> Status</td>\n\n</tr>\n<tr>\n\n  <td>\n    <pre style=\"border: none;\" class=\"content-container highlight language-cql\"><code class=\"language-cql\">//Intervention, Performed\ndefine fluent function isInterventionPerformed(Proc List&lt;Procedure&gt;):\n  Proc P\n    where P.status ~ 'completed'</code></pre>\n  </td>\n\n</tr>\n\n  \n\n<tr>\n  <th colspan=\"2\" scope=\"row\" class=\"row-header\">Generated using version 0.4.6 of the sample-content-ig Liquid templates</th>\n</tr>\n    </tbody>\n  </table>\n</div>"
  },
  "contained": [ {
    "resourceType": "Library",
    "id": "effective-data-requirements",
    "extension": [ {
      "url": "http://hl7.org/fhir/us/cqfmeasures/StructureDefinition/cqfm-directReferenceCode",
      "valueCoding": {
        "system": "http://snomed.info/sct",
        "code": "428361000124107",
        "display": "Discharge to home for hospice care (procedure)"
      }
    }, {
      "url": "http://hl7.org/fhir/us/cqfmeasures/StructureDefinition/cqfm-directReferenceCode",
      "valueCoding": {
        "system": "http://snomed.info/sct",
        "code": "428371000124100",
        "display": "Discharge to healthcare facility for hospice care (procedure)"
      }
    }, {
      "url": "http://hl7.org/fhir/us/cqfmeasures/StructureDefinition/cqfm-directReferenceCode",
      "valueCoding": {
        "system": "http://loinc.org",
        "code": "45755-6",
        "display": "Hospice care [Minimum Data Set]"
      }
    }, {
      "url": "http://hl7.org/fhir/us/cqfmeasures/StructureDefinition/cqfm-directReferenceCode",
      "valueCoding": {
        "system": "http://snomed.info/sct",
        "code": "373066001",
        "display": "Yes (qualifier value)"
      }
    }, {
      "url": "http://hl7.org/fhir/StructureDefinition/cqf-logicDefinition",
      "extension": [ {
        "url": "libraryName",
        "valueString": "CMS74FHIRPrimaryCariesPreventionasOfferedbyDentists"
      }, {
        "url": "name",
        "valueString": "Numerator"
      }, {
        "url": "statement",
        "valueString": "define &quot;Numerator&quot;:\n  Count((([Procedure: &quot;Fluoride Varnish Application for Children&quot;]).isProcedurePerformed()) FluorideApplication\n      where FluorideApplication.performed.toInterval() ends during day of &quot;Measurement Period&quot;\n      return distinct date from \n      end of FluorideApplication.performed.toInterval()\n  ) &gt;= 2"
      }, {
        "url": "displaySequence",
        "valueInteger": 0
      } ]
    }, {
      "url": "http://hl7.org/fhir/StructureDefinition/cqf-logicDefinition",
      "extension": [ {
        "url": "libraryName",
        "valueString": "CMS74FHIRPrimaryCariesPreventionasOfferedbyDentists"
      }, {
        "url": "name",
        "valueString": "Qualifying Encounters"
      }, {
        "url": "statement",
        "valueString": "define &quot;Qualifying Encounters&quot;:\n  ( ( [Encounter: &quot;Clinical Oral Evaluation&quot;] ).isEncounterPerformed ( ) ) ValidEncounter\n    where ValidEncounter.period during day of &quot;Measurement Period&quot;"
      }, {
        "url": "displaySequence",
        "valueInteger": 1
      } ]
    }, {
      "url": "http://hl7.org/fhir/StructureDefinition/cqf-logicDefinition",
      "extension": [ {
        "url": "libraryName",
        "valueString": "CMS74FHIRPrimaryCariesPreventionasOfferedbyDentists"
      }, {
        "url": "name",
        "valueString": "Initial Population"
      }, {
        "url": "statement",
        "valueString": "define &quot;Initial Population&quot;:\n  AgeInYearsAt(date from start of &quot;Measurement Period&quot;) in Interval[1, 20]\n    and exists ( &quot;Qualifying Encounters&quot; )"
      }, {
        "url": "displaySequence",
        "valueInteger": 2
      } ]
    }, {
      "url": "http://hl7.org/fhir/StructureDefinition/cqf-logicDefinition",
      "extension": [ {
        "url": "libraryName",
        "valueString": "CMS74FHIRPrimaryCariesPreventionasOfferedbyDentists"
      }, {
        "url": "name",
        "valueString": "Denominator"
      }, {
        "url": "statement",
        "valueString": "define &quot;Denominator&quot;:\n  &quot;Initial Population&quot;"
      }, {
        "url": "displaySequence",
        "valueInteger": 3
      } ]
    }, {
      "url": "http://hl7.org/fhir/StructureDefinition/cqf-logicDefinition",
      "extension": [ {
        "url": "libraryName",
        "valueString": "Hospice"
      }, {
        "url": "name",
        "valueString": "Has Hospice Services"
      }, {
        "url": "statement",
        "valueString": "define &quot;Has Hospice Services&quot;:\n  exists ((([Encounter: &quot;Encounter Inpatient&quot;]).isEncounterPerformed()) InpatientEncounter\n      where (InpatientEncounter.hospitalization.dischargeDisposition ~ &quot;Discharge to home for hospice care (procedure)&quot;\n          or InpatientEncounter.hospitalization.dischargeDisposition ~ &quot;Discharge to healthcare facility for hospice care (procedure)&quot;\n      )\n        and InpatientEncounter.period.toInterval() ends during day of &quot;Measurement Period&quot;\n  )\n    or exists ((([Encounter: &quot;Hospice Encounter&quot;]).isEncounterPerformed()) HospiceEncounter\n        where HospiceEncounter.period.toInterval() overlaps day of &quot;Measurement Period&quot;\n    )\n    or exists ((([ObservationScreeningAssessment: &quot;Hospice care [Minimum Data Set]&quot;]).isAssessmentPerformed()) HospiceAssessment\n        where HospiceAssessment.value ~ &quot;Yes (qualifier value)&quot;\n          and HospiceAssessment.effective.toInterval() overlaps day of &quot;Measurement Period&quot;\n    )\n    or exists ((([ServiceRequest: &quot;Hospice Care Ambulatory&quot;]).isInterventionOrder()) HospiceOrder\n        where HospiceOrder.authoredOn.toInterval() during day of &quot;Measurement Period&quot;\n    )\n    or exists ((([Procedure: &quot;Hospice Care Ambulatory&quot;]).isInterventionPerformed()) HospicePerformed\n        where HospicePerformed.performed.toInterval() overlaps day of &quot;Measurement Period&quot;\n    )\n    or exists ((([ConditionProblemsHealthConcerns: &quot;Hospice Diagnosis&quot;])\n        union ([ConditionEncounterDiagnosis: &quot;Hospice Diagnosis&quot;])) HospiceCareDiagnosis\n        where HospiceCareDiagnosis.prevalenceInterval() overlaps day of &quot;Measurement Period&quot;\n    )"
      }, {
        "url": "displaySequence",
        "valueInteger": 4
      } ]
    }, {
      "url": "http://hl7.org/fhir/StructureDefinition/cqf-logicDefinition",
      "extension": [ {
        "url": "libraryName",
        "valueString": "CMS74FHIRPrimaryCariesPreventionasOfferedbyDentists"
      }, {
        "url": "name",
        "valueString": "Denominator Exclusions"
      }, {
        "url": "statement",
        "valueString": "define &quot;Denominator Exclusions&quot;:\n  Hospice.&quot;Has Hospice Services&quot;"
      }, {
        "url": "displaySequence",
        "valueInteger": 5
      } ]
    }, {
      "url": "http://hl7.org/fhir/StructureDefinition/cqf-logicDefinition",
      "extension": [ {
        "url": "libraryName",
        "valueString": "Status"
      }, {
        "url": "name",
        "valueString": "isProcedurePerformed"
      }, {
        "url": "statement",
        "valueString": "//Procedure, Performed\ndefine fluent function isProcedurePerformed(Proc List&lt;Procedure&gt;):\n  Proc P\n    where P.status ~ &#39;completed&#39;"
      }, {
        "url": "displaySequence",
        "valueInteger": 6
      } ]
    }, {
      "url": "http://hl7.org/fhir/StructureDefinition/cqf-logicDefinition",
      "extension": [ {
        "url": "libraryName",
        "valueString": "QICoreCommon"
      }, {
        "url": "name",
        "valueString": "toInterval"
      }, {
        "url": "statement",
        "valueString": "/*\n@description: Normalizes a value that is a choice of timing-valued types to an equivalent interval\n@comment: Normalizes a choice type of DateTime, Quanitty, Interval&lt;DateTime&gt;, or Interval&lt;Quantity&gt; types\nto an equivalent interval. This selection of choice types is a superset of the majority of choice types that are used as possible\nrepresentations for timing-valued elements in QICore, allowing this function to be used across any resource.\nThe input can be provided as a DateTime, Quantity, Interval&lt;DateTime&gt; or Interval&lt;Quantity&gt;.\nThe intent of this function is to provide a clear and concise mechanism to treat single\nelements that have multiple possible representations as intervals so that logic doesn&#39;t have to account\nfor the variability. More complex calculations (such as medication request period or dispense period\ncalculation) need specific guidance and consideration. That guidance may make use of this function, but\nthe focus of this function is on single element calculations where the semantics are unambiguous.\nIf the input is a DateTime, the result a DateTime Interval beginning and ending on that DateTime.\nIf the input is a Quantity, the quantity is expected to be a calendar-duration interpreted as an Age,\nand the result is a DateTime Interval beginning on the Date the patient turned that age and ending immediately before one year later.\nIf the input is a DateTime Interval, the result is the input.\nIf the input is a Quantity Interval, the quantities are expected to be calendar-durations interpreted as an Age, and the result\nis a DateTime Interval beginning on the date the patient turned the age given as the start of the quantity interval, and ending\nimmediately before one year later than the date the patient turned the age given as the end of the quantity interval.\nIf the input is a Timing, an error will be thrown indicating that Timing calculations are not implemented. Any other input will reslt in a null DateTime Interval\n*/\ndefine fluent function toInterval(choice Choice&lt;DateTime, Quantity, Interval&lt;DateTime&gt;, Interval&lt;Quantity&gt;, Timing&gt;):\n  case\n\t  when choice is DateTime then\n    \tInterval[choice as DateTime, choice as DateTime]\n\t\twhen choice is Interval&lt;DateTime&gt; then\n  \t\tchoice as Interval&lt;DateTime&gt;\n\t\twhen choice is Quantity then\n\t\t  Interval[Patient.birthDate + (choice as Quantity),\n\t\t\t  Patient.birthDate + (choice as Quantity) + 1 year)\n\t\twhen choice is Interval&lt;Quantity&gt; then\n\t\t  Interval[Patient.birthDate + (choice.low as Quantity),\n\t\t\t  Patient.birthDate + (choice.high as Quantity) + 1 year)\n\t\twhen choice is Timing then\n      Message(null, true, &#39;NOT_IMPLEMENTED&#39;, &#39;Error&#39;, &#39;Calculation of an interval from a Timing value is not supported&#39;) as Interval&lt;DateTime&gt;\n\t\telse\n\t\t\tnull as Interval&lt;DateTime&gt;\n\tend"
      }, {
        "url": "displaySequence",
        "valueInteger": 7
      } ]
    }, {
      "url": "http://hl7.org/fhir/StructureDefinition/cqf-logicDefinition",
      "extension": [ {
        "url": "libraryName",
        "valueString": "Status"
      }, {
        "url": "name",
        "valueString": "isEncounterPerformed"
      }, {
        "url": "statement",
        "valueString": "//Encounter, Performed\n//General usage unless required otherwise by measure intent (e.g., follow-up encounters)\ndefine fluent function isEncounterPerformed(Enc List&lt;Encounter&gt;):\n  Enc E\n    where E.status in {&#39;finished&#39;, &#39;arrived&#39;, &#39;triaged&#39;, &#39;in-progress&#39;, &#39;onleave&#39;}"
      }, {
        "url": "displaySequence",
        "valueInteger": 8
      } ]
    }, {
      "url": "http://hl7.org/fhir/StructureDefinition/cqf-logicDefinition",
      "extension": [ {
        "url": "libraryName",
        "valueString": "FHIRHelpers"
      }, {
        "url": "name",
        "valueString": "ToInterval"
      }, {
        "url": "statement",
        "valueString": "/*\n@description: Converts the given [Period](https://hl7.org/fhir/datatypes.html#Period)\nvalue to a CQL DateTime Interval\n@comment: If the start value of the given period is unspecified, the starting\nboundary of the resulting interval will be open (meaning the start of the interval\nis unknown, as opposed to interpreted as the beginning of time).\n*/\ndefine function ToInterval(period FHIR.Period):\n    if period is null then\n        null\n    else\n        if period.&quot;start&quot; is null then\n            Interval(period.&quot;start&quot;.value, period.&quot;end&quot;.value]\n        else\n            Interval[period.&quot;start&quot;.value, period.&quot;end&quot;.value]"
      }, {
        "url": "displaySequence",
        "valueInteger": 9
      } ]
    }, {
      "url": "http://hl7.org/fhir/StructureDefinition/cqf-logicDefinition",
      "extension": [ {
        "url": "libraryName",
        "valueString": "Status"
      }, {
        "url": "name",
        "valueString": "isAssessmentPerformed"
      }, {
        "url": "statement",
        "valueString": "//This library contains functions used to constrain FHIR resource elements for measures authored by NCQA, based on QICore 6.0.0 resources including IG and authoring patterns. The functions may appear similar to some QICoreCommon functions but differ in that they have constraints that are relevant for measures authored by NCQA.\n\n//Assessment, Performed\ndefine fluent function isAssessmentPerformed(Obs List&lt;ObservationScreeningAssessment&gt;):\n  Obs O\n    where O.status in { &#39;final&#39;, &#39;amended&#39;, &#39;corrected&#39; }"
      }, {
        "url": "displaySequence",
        "valueInteger": 10
      } ]
    }, {
      "url": "http://hl7.org/fhir/StructureDefinition/cqf-logicDefinition",
      "extension": [ {
        "url": "libraryName",
        "valueString": "Status"
      }, {
        "url": "name",
        "valueString": "isInterventionOrder"
      }, {
        "url": "statement",
        "valueString": "//Intervention, Order\ndefine fluent function isInterventionOrder(ServiceRequest List&lt;ServiceRequest&gt;):\n  ServiceRequest S\n    where S.status in { &#39;active&#39;, &#39;completed&#39; }\n      and S.intent = &#39;order&#39;"
      }, {
        "url": "displaySequence",
        "valueInteger": 11
      } ]
    }, {
      "url": "http://hl7.org/fhir/StructureDefinition/cqf-logicDefinition",
      "extension": [ {
        "url": "libraryName",
        "valueString": "Status"
      }, {
        "url": "name",
        "valueString": "isInterventionPerformed"
      }, {
        "url": "statement",
        "valueString": "//Intervention, Performed\ndefine fluent function isInterventionPerformed(Proc List&lt;Procedure&gt;):\n  Proc P\n    where P.status ~ &#39;completed&#39;"
      }, {
        "url": "displaySequence",
        "valueInteger": 12
      } ]
    } ],
    "name": "EffectiveDataRequirements",
    "status": "active",
    "type": {
      "coding": [ {
        "system": "http://terminology.hl7.org/CodeSystem/library-type",
        "code": "module-definition"
      } ]
    },
    "relatedArtifact": [ {
      "type": "depends-on",
      "display": "Library Status",
      "resource": "https://madie.cms.gov/Library/Status|1.13.000"
    }, {
      "type": "depends-on",
      "display": "Library QICoreCommon",
      "resource": "https://madie.cms.gov/Library/QICoreCommon|4.0.000"
    }, {
      "type": "depends-on",
      "display": "Library FHIRHelpers",
      "resource": "https://madie.cms.gov/Library/FHIRHelpers|4.4.000"
    }, {
      "type": "depends-on",
      "display": "Library Hospice",
      "resource": "https://madie.cms.gov/Library/Hospice|6.15.000"
    }, {
      "type": "depends-on",
      "display": "Code system SNOMEDCT",
      "resource": "http://snomed.info/sct"
    }, {
      "type": "depends-on",
      "display": "Code system LOINC",
      "resource": "http://loinc.org"
    }, {
      "type": "depends-on",
      "display": "Value set Fluoride Varnish Application for Children",
      "resource": "http://cts.nlm.nih.gov/fhir/ValueSet/2.16.840.1.113883.3.464.1003.125.12.1002"
    }, {
      "type": "depends-on",
      "display": "Value set Clinical Oral Evaluation",
      "resource": "http://cts.nlm.nih.gov/fhir/ValueSet/2.16.840.1.113883.3.464.1003.125.12.1003"
    }, {
      "type": "depends-on",
      "display": "Value set Encounter Inpatient",
      "resource": "http://cts.nlm.nih.gov/fhir/ValueSet/2.16.840.1.113883.3.666.5.307"
    }, {
      "type": "depends-on",
      "display": "Value set Hospice Encounter",
      "resource": "http://cts.nlm.nih.gov/fhir/ValueSet/2.16.840.1.113883.3.464.1003.1003"
    }, {
      "type": "depends-on",
      "display": "Value set Hospice Care Ambulatory",
      "resource": "http://cts.nlm.nih.gov/fhir/ValueSet/2.16.840.1.113883.3.526.3.1584"
    }, {
      "type": "depends-on",
      "display": "Value set Hospice Diagnosis",
      "resource": "http://cts.nlm.nih.gov/fhir/ValueSet/2.16.840.1.113883.3.464.1003.1165"
    } ],
    "parameter": [ {
      "name": "Measurement Period",
      "use": "in",
      "min": 0,
      "max": "1",
      "type": "Period"
    }, {
      "name": "Numerator",
      "use": "out",
      "min": 0,
      "max": "1",
      "type": "boolean"
    }, {
      "name": "Denominator",
      "use": "out",
      "min": 0,
      "max": "1",
      "type": "boolean"
    }, {
      "name": "Denominator Exclusions",
      "use": "out",
      "min": 0,
      "max": "1",
      "type": "boolean"
    }, {
      "name": "Initial Population",
      "use": "out",
      "min": 0,
      "max": "1",
      "type": "boolean"
    } ],
    "dataRequirement": [ {
      "type": "Patient",
      "profile": [ "http://hl7.org/fhir/us/qicore/StructureDefinition/qicore-patient" ],
      "mustSupport": [ "birthDate", "birthDate.value" ]
    }, {
      "type": "Procedure",
      "profile": [ "http://hl7.org/fhir/us/qicore/StructureDefinition/qicore-procedure" ],
      "mustSupport": [ "code", "performed", "status", "status.value" ],
      "codeFilter": [ {
        "path": "code",
        "valueSet": "http://cts.nlm.nih.gov/fhir/ValueSet/2.16.840.1.113883.3.464.1003.125.12.1002"
      } ]
    }, {
      "type": "Procedure",
      "profile": [ "http://hl7.org/fhir/us/qicore/StructureDefinition/qicore-procedure" ],
      "mustSupport": [ "code", "performed", "status", "status.value" ],
      "codeFilter": [ {
        "path": "code",
        "valueSet": "http://cts.nlm.nih.gov/fhir/ValueSet/2.16.840.1.113883.3.526.3.1584"
      } ]
    }, {
      "type": "Encounter",
      "profile": [ "http://hl7.org/fhir/us/qicore/StructureDefinition/qicore-encounter" ],
      "mustSupport": [ "type", "period", "status", "status.value" ],
      "codeFilter": [ {
        "path": "type",
        "valueSet": "http://cts.nlm.nih.gov/fhir/ValueSet/2.16.840.1.113883.3.464.1003.125.12.1003"
      } ]
    }, {
      "type": "Encounter",
      "profile": [ "http://hl7.org/fhir/us/qicore/StructureDefinition/qicore-encounter" ],
      "mustSupport": [ "type", "hospitalization", "hospitalization.dischargeDisposition", "period", "status", "status.value" ],
      "codeFilter": [ {
        "path": "type",
        "valueSet": "http://cts.nlm.nih.gov/fhir/ValueSet/2.16.840.1.113883.3.666.5.307"
      } ]
    }, {
      "type": "Encounter",
      "profile": [ "http://hl7.org/fhir/us/qicore/StructureDefinition/qicore-encounter" ],
      "mustSupport": [ "type", "period", "status", "status.value" ],
      "codeFilter": [ {
        "path": "type",
        "valueSet": "http://cts.nlm.nih.gov/fhir/ValueSet/2.16.840.1.113883.3.464.1003.1003"
      } ]
    }, {
      "type": "Observation",
      "profile": [ "http://hl7.org/fhir/us/qicore/StructureDefinition/qicore-observation-screening-assessment" ],
      "mustSupport": [ "code", "value", "effective", "status", "status.value" ],
      "codeFilter": [ {
        "path": "code",
        "code": [ {
          "system": "http://loinc.org",
          "code": "45755-6",
          "display": "Hospice care [Minimum Data Set]"
        } ]
      } ]
    }, {
      "type": "ServiceRequest",
      "profile": [ "http://hl7.org/fhir/us/qicore/StructureDefinition/qicore-servicerequest" ],
      "mustSupport": [ "code", "authoredOn", "authoredOn.value", "status", "status.value", "intent", "intent.value" ],
      "codeFilter": [ {
        "path": "code",
        "valueSet": "http://cts.nlm.nih.gov/fhir/ValueSet/2.16.840.1.113883.3.526.3.1584"
      } ]
    }, {
      "type": "Condition",
      "profile": [ "http://hl7.org/fhir/us/qicore/StructureDefinition/qicore-condition-problems-health-concerns" ],
      "mustSupport": [ "code" ],
      "codeFilter": [ {
        "path": "code",
        "valueSet": "http://cts.nlm.nih.gov/fhir/ValueSet/2.16.840.1.113883.3.464.1003.1165"
      } ]
    }, {
      "type": "Condition",
      "profile": [ "http://hl7.org/fhir/us/qicore/StructureDefinition/qicore-condition-encounter-diagnosis" ],
      "mustSupport": [ "code" ],
      "codeFilter": [ {
        "path": "code",
        "valueSet": "http://cts.nlm.nih.gov/fhir/ValueSet/2.16.840.1.113883.3.464.1003.1165"
      } ]
    } ]
  } ],
  "extension": [ {
    "url": "http://hl7.org/fhir/uv/crmi/StructureDefinition/crmi-effectiveDataRequirements",
    "valueReference": {
      "reference": "#effective-data-requirements"
    }
  } ],
  "url": "https://madie.cms.gov/Measure/CMS74FHIRPrimaryCariesPreventionasOfferedbyDentists",
  "identifier": [ {
    "use": "usual",
    "type": {
      "coding": [ {
        "system": "http://terminology.hl7.org/CodeSystem/artifact-identifier-type",
        "code": "short-name",
        "display": "Short Name"
      } ]
    },
    "system": "https://madie.cms.gov/measure/shortName",
    "value": "CMS74FHIR"
  }, {
    "use": "official",
    "type": {
      "coding": [ {
        "system": "http://terminology.hl7.org/CodeSystem/artifact-identifier-type",
        "code": "version-independent",
        "display": "Version Independent"
      } ]
    },
    "system": "urn:ietf:rfc:3986",
    "value": "urn:uuid:1c99917f-438b-4cdb-ba95-d2fb32f9d715"
  }, {
    "use": "official",
    "type": {
      "coding": [ {
        "system": "http://terminology.hl7.org/CodeSystem/artifact-identifier-type",
        "code": "version-specific",
        "display": "Version Specific"
      } ]
    },
    "system": "urn:ietf:rfc:3986",
    "value": "urn:uuid:97326816-3a08-40ed-835d-6ac6b1a5d667"
  }, {
    "use": "official",
    "type": {
      "coding": [ {
        "system": "http://terminology.hl7.org/CodeSystem/artifact-identifier-type",
        "code": "publisher",
        "display": "Publisher"
      } ]
    },
    "system": "https://madie.cms.gov/measure/cmsId",
    "value": "74FHIR",
    "assigner": {
      "display": "CMS"
    }
  } ],
  "version": "1.1.000",
  "name": "CMS74FHIRPrimaryCariesPreventionasOfferedbyDentists",
  "title": "Primary Caries Prevention Intervention as Offered by DentistsFHIR",
  "status": "active",
  "experimental": false,
  "date": "2025-04-15T19:09:03+00:00",
  "publisher": "Centers for Medicare & Medicaid Services (CMS)",
  "contact": [ {
    "telecom": [ {
      "system": "url",
      "value": "https://www.cms.gov/"
    } ]
  } ],
  "description": "Percentage of children, 1-20 years of age, who received two fluoride varnish applications during the measurement period as determined by a dentist",
  "usage": "This eCQM is a patient-based measure.\n\nTelehealth encounters are not eligible for this measure because the measure does not contain telehealth-eligible codes and requires a clinical action that cannot be conducted via telehealth.\n\nThis FHIR-based measure has been derived from the QDM-based measure: CMS74v14.\n\nPlease refer to the HL7 QI-Core Implementation Guide (https://hl7.org/fhir/us/qicore/STU6/) for more information on QI-Core and mapping recommendations from QDM to QI-Core 6 (https://hl7.org/fhir/us/qicore/STU6/qdm-to-qicore.html).",
  "copyright": "This Physician Performance Measure (Measure) and related data specifications are owned and stewarded by the Centers for Medicare & Medicaid Services (CMS). CMS contracted (Contract # 75FCMC18D0027/ Task Order #: 75FCMC24F0144) with the American Institutes for Research (AIR) to develop this electronic measure. AIR disclaims all liability for use or accuracy of any third-party codes contained in the specifications.\n\nCPT(R) codes, descriptions and other data are copyright 2024. American Medical Association. All rights reserved. CPT is a trademark of the American Medical Association. Fee schedules, relative value units, conversion factors and/or related components are not assigned by the AMA, are not part of CPT, and the AMA is not recommending their use. The AMA does not directly or indirectly practice medicine or dispense medical services. The AMA assumes no liability for data contained or not contained herein. Applicable FARS/DFARS restrictions apply to government use.\n\nThe American Dental Association (“ADA”) holds a copyright to the Current Dental Terminology (“CDT”) codes contained in certain measure specifications. The CDT codes in the measure specifications are included with the permission of the ADA. All uses of the CDT codes require a license from the ADA. No alteration, amendments, or modifications of the CDT or any portion thereof is allowed. Resale, transmission, or distribution of copies of the CDT or other portions of the CDT is also not allowed. To inquire about licensing, contact CDT-SNODENT@ada.org.\n\nThe measure specifications contain coding from LOINC(R) (http://loinc.org). The LOINC table, LOINC codes, LOINC panels and form file, LOINC linguistic variants file, LOINC/RSNA Radiology Playbook, and LOINC/IEEE Medical Device Code Mapping Table are copyright 2004-2024 Regenstrief Institute, Inc. and the Logical Observation Identifiers Names and Codes (LOINC) Committee, and are available at no cost under the license at http://loinc.org/terms-of-use.\n\nThis material contains SNOMED Clinical Terms(R) (SNOMED CT[R]) copyright 2004-2024 International Health Terminology Standards Development Organisation. All Rights Reserved.\n\n“HL7” is the registered trademark of Health Level Seven International.",
  "effectivePeriod": {
    "start": "2026-01-01",
    "end": "2026-12-31"
  },
  "author": [ {
    "name": "American Institutes for Research (AIR)",
    "telecom": [ {
      "system": "url",
      "value": "https://www.air.org"
    } ]
  } ],
  "library": [ "https://madie.cms.gov/Library/CMS74FHIRPrimaryCariesPreventionasOfferedbyDentists" ],
  "disclaimer": "The performance Measure is not a clinical guideline and does not establish a standard of medical care, and has not been tested for all potential applications. THE MEASURE AND SPECIFICATIONS ARE PROVIDED \"AS IS\" WITHOUT WARRANTY OF ANY KIND.\n \nDue to technical limitations, registered trademarks are indicated by (R) or [R] and unregistered trademarks are indicated by (TM) or [TM].",
  "rationale": "The literature reflects that fluoride varnish, when applied to the teeth of high-risk children, reduces, in conjunction with anticipatory guidance provided to the caregiver, the risk of the child developing caries (Weyant et al., 2013). Evidence in the literature also specifically supports the effectiveness of professionally applied fluoride varnish at preventing caries in higher risk children (Chou et al., 2014).",
  "clinicalRecommendationStatement": "The 2013 American Dental Association (ADA) clinical recommendations for use of professionally applied or prescription-strength, home-use topical fluorides for caries prevention in patients at elevated risk of developing caries: \n\n- Younger Than 6 Years - 2.26 percent fluoride varnish at least every three to six months.\n\n- 6-18 Years - 2.26 percent fluoride varnish at least every three to six months OR 1.23 percent fluoride (APF*) gel for four minutes at least every three to six months.\n\n- Older Than 18 Years - 2.26 percent fluoride varnish at least every three to six months OR 1.23 percent fluoride (APF) gel for four minutes at least every three to six months (Weyant et al., 2013).\n\nThe United States Preventive Services Taskforce (USPSTF) recommends the use of professionally applied fluoride varnish for the prevention of dental caries in high risk children under 5 years of age (Chou et al., 2014).\n\nThe American Academy of Pediatric Dentistry (AAPD) recommends the application of topical fluoride treatments at least twice per year to reduce the incidence of dental caries, with precise timing based upon the unique needs, risks, and benefits inherent to the individual patient (AAPD, 2023).",
  "guidance": "This eCQM is a patient-based measure.\n\nTelehealth encounters are not eligible for this measure because the measure does not contain telehealth-eligible codes and requires a clinical action that cannot be conducted via telehealth.\n\nThis FHIR-based measure has been derived from the QDM-based measure: CMS74v14.\n\nPlease refer to the HL7 QI-Core Implementation Guide (https://hl7.org/fhir/us/qicore/STU6/) for more information on QI-Core and mapping recommendations from QDM to QI-Core 6 (https://hl7.org/fhir/us/qicore/STU6/qdm-to-qicore.html).",
  "group": [ {
    "id": "Group_1",
    "extension": [ {
      "url": "http://hl7.org/fhir/us/cqfmeasures/StructureDefinition/cqfm-scoring",
      "valueCodeableConcept": {
        "coding": [ {
          "system": "http://terminology.hl7.org/CodeSystem/measure-scoring",
          "code": "proportion",
          "display": "Proportion"
        } ]
      }
    }, {
      "url": "http://hl7.org/fhir/us/cqfmeasures/StructureDefinition/cqfm-populationBasis",
      "valueCode": "boolean"
    }, {
      "url": "http://hl7.org/fhir/us/cqfmeasures/StructureDefinition/cqfm-type",
      "valueCodeableConcept": {
        "coding": [ {
          "system": "http://terminology.hl7.org/CodeSystem/measure-type",
          "code": "process",
          "display": "Process"
        } ]
      }
    }, {
      "url": "http://hl7.org/fhir/us/cqfmeasures/StructureDefinition/cqfm-rateAggregation",
      "valueCode": "None"
    }, {
      "url": "http://hl7.org/fhir/us/cqfmeasures/StructureDefinition/cqfm-improvementNotation",
      "valueCodeableConcept": {
        "coding": [ {
          "system": "http://terminology.hl7.org/CodeSystem/measure-improvement-notation",
          "code": "increase",
          "display": "Increased score indicates improvement"
        } ]
      }
    } ],
    "population": [ {
      "id": "InitialPopulation_1",
      "code": {
        "coding": [ {
          "system": "http://terminology.hl7.org/CodeSystem/measure-population",
          "code": "initial-population",
          "display": "Initial Population"
        } ]
      },
      "description": "Children, 1-20 years of age at the start of the measurement period, with a clinical oral evaluation by a dentist during the measurement period",
      "criteria": {
        "language": "text/cql-identifier",
        "expression": "Initial Population"
      }
    }, {
      "id": "Denominator_1",
      "code": {
        "coding": [ {
          "system": "http://terminology.hl7.org/CodeSystem/measure-population",
          "code": "denominator",
          "display": "Denominator"
        } ]
      },
      "description": "Equals Initial Population",
      "criteria": {
        "language": "text/cql-identifier",
        "expression": "Denominator"
      }
    }, {
      "id": "DenominatorExclusion_1",
      "code": {
        "coding": [ {
          "system": "http://terminology.hl7.org/CodeSystem/measure-population",
          "code": "denominator-exclusion",
          "display": "Denominator Exclusion"
        } ]
      },
      "description": "Exclude patients who are in hospice care or have a hospice care order documented during any part of the measurement period",
      "criteria": {
        "language": "text/cql-identifier",
        "expression": "Denominator Exclusions"
      }
    }, {
      "id": "Numerator_1",
      "code": {
        "coding": [ {
          "system": "http://terminology.hl7.org/CodeSystem/measure-population",
          "code": "numerator",
          "display": "Numerator"
        } ]
      },
      "description": "Children who receive two fluoride varnish applications on different days during the measurement period",
      "criteria": {
        "language": "text/cql-identifier",
        "expression": "Numerator"
      }
    } ],
    "stratifier": [ {
      "id": "Stratification_1_1",
      "extension": [ {
        "url": "http://hl7.org/fhir/us/cqfmeasures/StructureDefinition/cqfm-appliesTo",
        "valueCodeableConcept": {
          "coding": [ {
            "system": "http://terminology.hl7.org/CodeSystem/measure-population",
            "code": "initial-population",
            "display": "Initial Population"
          } ]
        }
      }, {
        "url": "http://hl7.org/fhir/us/cqfmeasures/StructureDefinition/cqfm-appliesTo",
        "valueCodeableConcept": {
          "coding": [ {
            "system": "http://terminology.hl7.org/CodeSystem/measure-population",
            "code": "denominator",
            "display": "Denominator"
          } ]
        }
      }, {
        "url": "http://hl7.org/fhir/us/cqfmeasures/StructureDefinition/cqfm-appliesTo",
        "valueCodeableConcept": {
          "coding": [ {
            "system": "http://terminology.hl7.org/CodeSystem/measure-population",
            "code": "denominator-exclusion",
            "display": "Denominator Exclusion"
          } ]
        }
      }, {
        "url": "http://hl7.org/fhir/us/cqfmeasures/StructureDefinition/cqfm-appliesTo",
        "valueCodeableConcept": {
          "coding": [ {
            "system": "http://terminology.hl7.org/CodeSystem/measure-population",
            "code": "numerator",
            "display": "Numerator"
          } ]
        }
      } ],
      "description": "Population 1: Patients age 1-5 years at the start of the Measurement Period  ",
      "criteria": {
        "language": "text/cql-identifier",
        "expression": "Initial Population"
      }
    }, {
      "id": "Stratification_1_2",
      "extension": [ {
        "url": "http://hl7.org/fhir/us/cqfmeasures/StructureDefinition/cqfm-appliesTo",
        "valueCodeableConcept": {
          "coding": [ {
            "system": "http://terminology.hl7.org/CodeSystem/measure-population",
            "code": "initial-population",
            "display": "Initial Population"
          } ]
        }
      }, {
        "url": "http://hl7.org/fhir/us/cqfmeasures/StructureDefinition/cqfm-appliesTo",
        "valueCodeableConcept": {
          "coding": [ {
            "system": "http://terminology.hl7.org/CodeSystem/measure-population",
            "code": "denominator",
            "display": "Denominator"
          } ]
        }
      }, {
        "url": "http://hl7.org/fhir/us/cqfmeasures/StructureDefinition/cqfm-appliesTo",
        "valueCodeableConcept": {
          "coding": [ {
            "system": "http://terminology.hl7.org/CodeSystem/measure-population",
            "code": "denominator-exclusion",
            "display": "Denominator Exclusion"
          } ]
        }
      }, {
        "url": "http://hl7.org/fhir/us/cqfmeasures/StructureDefinition/cqfm-appliesTo",
        "valueCodeableConcept": {
          "coding": [ {
            "system": "http://terminology.hl7.org/CodeSystem/measure-population",
            "code": "numerator",
            "display": "Numerator"
          } ]
        }
      } ],
      "description": "Population 2: Patients age 6-12 years at the start of the Measurement Period ",
      "criteria": {
        "language": "text/cql-identifier",
        "expression": "Initial Population"
      }
    }, {
      "id": "Stratification_1_3",
      "extension": [ {
        "url": "http://hl7.org/fhir/us/cqfmeasures/StructureDefinition/cqfm-appliesTo",
        "valueCodeableConcept": {
          "coding": [ {
            "system": "http://terminology.hl7.org/CodeSystem/measure-population",
            "code": "initial-population",
            "display": "Initial Population"
          } ]
        }
      }, {
        "url": "http://hl7.org/fhir/us/cqfmeasures/StructureDefinition/cqfm-appliesTo",
        "valueCodeableConcept": {
          "coding": [ {
            "system": "http://terminology.hl7.org/CodeSystem/measure-population",
            "code": "denominator",
            "display": "Denominator"
          } ]
        }
      }, {
        "url": "http://hl7.org/fhir/us/cqfmeasures/StructureDefinition/cqfm-appliesTo",
        "valueCodeableConcept": {
          "coding": [ {
            "system": "http://terminology.hl7.org/CodeSystem/measure-population",
            "code": "denominator-exclusion",
            "display": "Denominator Exclusion"
          } ]
        }
      }, {
        "url": "http://hl7.org/fhir/us/cqfmeasures/StructureDefinition/cqfm-appliesTo",
        "valueCodeableConcept": {
          "coding": [ {
            "system": "http://terminology.hl7.org/CodeSystem/measure-population",
            "code": "numerator",
            "display": "Numerator"
          } ]
        }
      } ],
      "description": "Population 3: Patients age 13-20 years at the start of the Measurement Period",
      "criteria": {
        "language": "text/cql-identifier",
        "expression": "Initial Population"
      }
    } ]
  } ]
}