{
  "resourceType": "Bundle",
  "id": "46651354651651616513",
  "type": "transaction",
  "entry": [ {
    "fullUrl": "https://madie.cms.gov/Patient/68c4dacc-cb3c-423b-9fde-899dfd05b5f6",
    "resource": {
      "resourceType": "Patient",
      "id": "68c4dacc-cb3c-423b-9fde-899dfd05b5f6",
      "meta": {
        "profile": [ "http://hl7.org/fhir/us/qicore/StructureDefinition/qicore-patient" ]
      },
      "extension": [ {
        "url": "http://hl7.org/fhir/us/core/StructureDefinition/us-core-race",
        "extension": [ {
          "url": "ombCategory",
          "valueCoding": {
            "system": "urn:oid:2.16.840.1.113883.6.238",
            "code": "1002-5",
            "display": "American Indian or Alaska Native"
          }
        }, {
          "url": "text",
          "valueString": "American Indian or Alaska Native"
        } ]
      }, {
        "url": "http://hl7.org/fhir/us/core/StructureDefinition/us-core-ethnicity",
        "extension": [ {
          "url": "ombCategory",
          "valueCoding": {
            "system": "urn:oid:2.16.840.1.113883.6.238",
            "code": "2186-5",
            "display": "Not Hispanic or Latino"
          }
        }, {
          "url": "text",
          "valueString": "Not Hispanic or Latino"
        } ]
      } ],
      "identifier": [ {
        "type": {
          "coding": [ {
            "system": "http://terminology.hl7.org/CodeSystem/v2-0203",
            "code": "MR"
          } ]
        },
        "system": "https://bonnie-fhir.healthit.gov/",
        "value": "649846516846516316"
      } ],
      "active": true,
      "name": [ {
        "use": "usual",
        "family": "DENEXCEPPop2Fail",
        "given": [ "AtrioBlockWithCardiacPacerSitu" ]
      } ],
      "gender": "female",
      "birthDate": "1923-03-24"
    },
    "request": {
      "method": "PUT",
      "url": "Patient/68c4dacc-cb3c-423b-9fde-899dfd05b5f6"
    }
  }, {
    "fullUrl": "https://madie.cms.gov/Encounter/2eb67755-234d-4c3a-a03a-b5d790c25d19",
    "resource": {
      "resourceType": "Encounter",
      "id": "2eb67755-234d-4c3a-a03a-b5d790c25d19",
      "meta": {
        "profile": [ "http://hl7.org/fhir/us/qicore/StructureDefinition/qicore-encounter" ]
      },
      "status": "finished",
      "class": {
        "system": "http://terminology.hl7.org/CodeSystem/v3-ActCode",
        "code": "AMB",
        "display": "ambulatory encounter"
      },
      "type": [ {
        "coding": [ {
          "system": "http://www.ama-assn.org/go/cpt",
          "version": "2024",
          "code": "99205"
        } ]
      } ],
      "subject": {
        "reference": "Patient/68c4dacc-cb3c-423b-9fde-899dfd05b5f6"
      },
      "period": {
        "start": "2026-04-05T06:00:00.000+00:00",
        "end": "2026-04-05T07:00:00.000+00:00"
      }
    },
    "request": {
      "method": "PUT",
      "url": "Encounter/2eb67755-234d-4c3a-a03a-b5d790c25d19"
    }
  }, {
    "fullUrl": "https://madie.cms.gov/Encounter/4700d9db-21bd-4240-80e8-76363a793471",
    "resource": {
      "resourceType": "Encounter",
      "id": "4700d9db-21bd-4240-80e8-76363a793471",
      "meta": {
        "profile": [ "http://hl7.org/fhir/us/qicore/StructureDefinition/qicore-encounter" ]
      },
      "status": "finished",
      "class": {
        "system": "http://terminology.hl7.org/CodeSystem/v3-ActCode",
        "code": "AMB",
        "display": "ambulatory encounter"
      },
      "type": [ {
        "coding": [ {
          "system": "http://snomed.info/sct",
          "version": "http://snomed.info/sct/731000124108/version/20230901",
          "code": "77406008",
          "display": "Confirmatory medical consultation (procedure)"
        } ]
      } ],
      "subject": {
        "reference": "Patient/68c4dacc-cb3c-423b-9fde-899dfd05b5f6"
      },
      "period": {
        "start": "2026-07-08T08:45:00.000+00:00",
        "end": "2026-07-08T09:00:00.000+00:00"
      }
    },
    "request": {
      "method": "PUT",
      "url": "Encounter/4700d9db-21bd-4240-80e8-76363a793471"
    }
  }, {
    "fullUrl": "https://madie.cms.gov/Condition/7169c9ca-5c29-4dff-bb28-4088ce6bbbb5",
    "resource": {
      "resourceType": "Condition",
      "id": "7169c9ca-5c29-4dff-bb28-4088ce6bbbb5",
      "meta": {
        "profile": [ "http://hl7.org/fhir/us/qicore/StructureDefinition/qicore-condition-problems-health-concerns" ]
      },
      "clinicalStatus": {
        "coding": [ {
          "system": "http://terminology.hl7.org/CodeSystem/condition-clinical",
          "code": "active",
          "display": "Active"
        } ]
      },
      "verificationStatus": {
        "coding": [ {
          "system": "http://terminology.hl7.org/CodeSystem/condition-ver-status",
          "code": "confirmed",
          "display": "Confirmed"
        } ]
      },
      "category": [ {
        "coding": [ {
          "system": "http://terminology.hl7.org/CodeSystem/condition-category",
          "code": "problem-list-item",
          "display": "Problem List Item"
        } ]
      } ],
      "code": {
        "coding": [ {
          "system": "http://hl7.org/fhir/sid/icd-10-cm",
          "version": "2024",
          "code": "I21.09"
        } ]
      },
      "subject": {
        "reference": "Patient/68c4dacc-cb3c-423b-9fde-899dfd05b5f6"
      },
      "onsetPeriod": {
        "start": "2026-04-05T06:00:00.000+00:00"
      }
    },
    "request": {
      "method": "PUT",
      "url": "Condition/7169c9ca-5c29-4dff-bb28-4088ce6bbbb5"
    }
  }, {
    "fullUrl": "https://madie.cms.gov/Condition/30851f25-4b78-4ecb-b9fe-955d7073c851",
    "resource": {
      "resourceType": "Condition",
      "id": "30851f25-4b78-4ecb-b9fe-955d7073c851",
      "meta": {
        "profile": [ "http://hl7.org/fhir/us/qicore/StructureDefinition/qicore-condition-problems-health-concerns" ]
      },
      "clinicalStatus": {
        "coding": [ {
          "system": "http://terminology.hl7.org/CodeSystem/condition-clinical",
          "code": "active",
          "display": "Active"
        } ]
      },
      "verificationStatus": {
        "coding": [ {
          "system": "http://terminology.hl7.org/CodeSystem/condition-ver-status",
          "code": "confirmed",
          "display": "Confirmed"
        } ]
      },
      "category": [ {
        "coding": [ {
          "system": "http://terminology.hl7.org/CodeSystem/condition-category",
          "code": "problem-list-item",
          "display": "Problem List Item"
        } ]
      } ],
      "code": {
        "coding": [ {
          "system": "http://snomed.info/sct",
          "version": "http://snomed.info/sct/731000124108/version/20230901",
          "code": "10365005",
          "display": "Right main coronary artery thrombosis (disorder)"
        } ]
      },
      "subject": {
        "reference": "Patient/68c4dacc-cb3c-423b-9fde-899dfd05b5f6"
      },
      "onsetPeriod": {
        "start": "2026-04-05T06:00:00.000+00:00"
      }
    },
    "request": {
      "method": "PUT",
      "url": "Condition/30851f25-4b78-4ecb-b9fe-955d7073c851"
    }
  }, {
    "fullUrl": "https://madie.cms.gov/Condition/49054ab2-143e-4253-9efc-da70efedcbb4",
    "resource": {
      "resourceType": "Condition",
      "id": "49054ab2-143e-4253-9efc-da70efedcbb4",
      "meta": {
        "profile": [ "http://hl7.org/fhir/us/qicore/StructureDefinition/qicore-condition-problems-health-concerns" ]
      },
      "clinicalStatus": {
        "coding": [ {
          "system": "http://terminology.hl7.org/CodeSystem/condition-clinical",
          "code": "active",
          "display": "Active"
        } ]
      },
      "verificationStatus": {
        "coding": [ {
          "system": "http://terminology.hl7.org/CodeSystem/condition-ver-status",
          "code": "confirmed",
          "display": "Confirmed"
        } ]
      },
      "category": [ {
        "coding": [ {
          "system": "http://terminology.hl7.org/CodeSystem/condition-category",
          "code": "problem-list-item",
          "display": "Problem List Item"
        } ]
      } ],
      "code": {
        "coding": [ {
          "system": "http://snomed.info/sct",
          "version": "http://snomed.info/sct/731000124108/version/20230901",
          "code": "102451000119107",
          "display": "Complete atrioventricular block as complication of atrioventricular nodal ablation (disorder)"
        } ]
      },
      "subject": {
        "reference": "Patient/68c4dacc-cb3c-423b-9fde-899dfd05b5f6"
      },
      "onsetDateTime": "2026-07-07T10:00:00.000+00:00"
    },
    "request": {
      "method": "PUT",
      "url": "Condition/49054ab2-143e-4253-9efc-da70efedcbb4"
    }
  }, {
    "fullUrl": "https://madie.cms.gov/Condition/e0842a72-cabf-4fb3-bfa0-dac71a851195",
    "resource": {
      "resourceType": "Condition",
      "id": "e0842a72-cabf-4fb3-bfa0-dac71a851195",
      "meta": {
        "profile": [ "http://hl7.org/fhir/us/qicore/StructureDefinition/qicore-condition-problems-health-concerns" ]
      },
      "clinicalStatus": {
        "coding": [ {
          "system": "http://terminology.hl7.org/CodeSystem/condition-clinical",
          "code": "active",
          "display": "Active"
        } ]
      },
      "verificationStatus": {
        "coding": [ {
          "system": "http://terminology.hl7.org/CodeSystem/condition-ver-status",
          "code": "confirmed",
          "display": "Confirmed"
        } ]
      },
      "category": [ {
        "coding": [ {
          "system": "http://terminology.hl7.org/CodeSystem/condition-category",
          "code": "problem-list-item",
          "display": "Problem List Item"
        } ]
      } ],
      "code": {
        "coding": [ {
          "system": "http://snomed.info/sct",
          "version": "http://snomed.info/sct/731000124108/version/20230901",
          "code": "441509002",
          "display": "Cardiac pacemaker in situ (finding)"
        } ]
      },
      "subject": {
        "reference": "Patient/68c4dacc-cb3c-423b-9fde-899dfd05b5f6"
      },
      "onsetDateTime": "2026-03-07T10:00:00.000+00:00"
    },
    "request": {
      "method": "PUT",
      "url": "Condition/e0842a72-cabf-4fb3-bfa0-dac71a851195"
    }
  }, {
    "fullUrl": "https://madie.cms.gov/MeasureReport/2d408520-6d65-441d-a23d-10ecafd9f328",
    "resource": {
      "resourceType": "MeasureReport",
      "id": "2d408520-6d65-441d-a23d-10ecafd9f328",
      "meta": {
        "profile": [ "http://hl7.org/fhir/us/cqfmeasures/StructureDefinition/test-case-cqfm" ]
      },
      "contained": [ {
        "resourceType": "Parameters",
        "id": "21b45a40-f1be-402d-af10-dcc2432261c8-parameters",
        "parameter": [ {
          "name": "subject",
          "valueString": "68c4dacc-cb3c-423b-9fde-899dfd05b5f6"
        } ]
      } ],
      "extension": [ {
        "url": "http://hl7.org/fhir/StructureDefinition/cqf-inputParameters",
        "valueReference": {
          "reference": "#21b45a40-f1be-402d-af10-dcc2432261c8-parameters"
        }
      }, {
        "url": "http://hl7.org/fhir/us/cqfmeasures/StructureDefinition/cqfm-testCaseDescription",
        "valueMarkdown": "Pt > 18, 2 visits in MP, MI and CAD (both with onset during 1st visit), AV Block b4 2nd visit, and has Cardiac Pacer in Situ Dx during MP b4 1st visit"
      } ],
      "modifierExtension": [ {
        "url": "http://hl7.org/fhir/us/cqfmeasures/StructureDefinition/cqfm-isTestCase",
        "valueBoolean": true
      } ],
      "status": "complete",
      "type": "individual",
      "measure": "https://madie.cms.gov/Measure/CMS145FHIRCADBetaBlockerTherapyPriorMIorLVSD",
      "period": {
        "start": "2026-01-01",
        "end": "2026-12-31"
      },
      "group": [ {
        "id": "Group_1",
        "population": [ {
          "id": "InitialPopulation_1",
          "code": {
            "coding": [ {
              "system": "http://terminology.hl7.org/CodeSystem/measure-population",
              "code": "initial-population",
              "display": "Initial Population"
            } ]
          },
          "count": 1
        }, {
          "id": "Denominator_1",
          "code": {
            "coding": [ {
              "system": "http://terminology.hl7.org/CodeSystem/measure-population",
              "code": "denominator",
              "display": "Denominator"
            } ]
          },
          "count": 0
        }, {
          "id": "Numerator_1",
          "code": {
            "coding": [ {
              "system": "http://terminology.hl7.org/CodeSystem/measure-population",
              "code": "numerator",
              "display": "Numerator"
            } ]
          },
          "count": 0
        }, {
          "id": "DenominatorException_1",
          "code": {
            "coding": [ {
              "system": "http://terminology.hl7.org/CodeSystem/measure-population",
              "code": "denominator-exception",
              "display": "Denominator Exception"
            } ]
          },
          "count": 0
        } ],
        "measureScore": {
          "value": 1.0
        }
      }, {
        "id": "Group_2",
        "population": [ {
          "id": "InitialPopulation_2",
          "code": {
            "coding": [ {
              "system": "http://terminology.hl7.org/CodeSystem/measure-population",
              "code": "initial-population",
              "display": "Initial Population"
            } ]
          },
          "count": 1
        }, {
          "id": "Denominator_2",
          "code": {
            "coding": [ {
              "system": "http://terminology.hl7.org/CodeSystem/measure-population",
              "code": "denominator",
              "display": "Denominator"
            } ]
          },
          "count": 1
        }, {
          "id": "Numerator_2",
          "code": {
            "coding": [ {
              "system": "http://terminology.hl7.org/CodeSystem/measure-population",
              "code": "numerator",
              "display": "Numerator"
            } ]
          },
          "count": 0
        }, {
          "id": "DenominatorException_2",
          "code": {
            "coding": [ {
              "system": "http://terminology.hl7.org/CodeSystem/measure-population",
              "code": "denominator-exception",
              "display": "Denominator Exception"
            } ]
          },
          "count": 0
        } ],
        "measureScore": {
          "value": 1.0
        }
      } ],
      "evaluatedResource": [ {
        "reference": "Patient/68c4dacc-cb3c-423b-9fde-899dfd05b5f6"
      }, {
        "reference": "Encounter/2eb67755-234d-4c3a-a03a-b5d790c25d19"
      }, {
        "reference": "Encounter/4700d9db-21bd-4240-80e8-76363a793471"
      }, {
        "reference": "Condition/7169c9ca-5c29-4dff-bb28-4088ce6bbbb5"
      }, {
        "reference": "Condition/30851f25-4b78-4ecb-b9fe-955d7073c851"
      }, {
        "reference": "Condition/49054ab2-143e-4253-9efc-da70efedcbb4"
      }, {
        "reference": "Condition/e0842a72-cabf-4fb3-bfa0-dac71a851195"
      } ]
    },
    "request": {
      "method": "PUT",
      "url": "MeasureReport/2d408520-6d65-441d-a23d-10ecafd9f328"
    }
  } ]
}