{
  "resourceType": "Bundle",
  "id": "61095b0998086b53805591a5",
  "type": "transaction",
  "entry": [ {
    "fullUrl": "https://madie.cms.gov/Patient/87cd6dfd-1fad-4008-8e0e-36b20ee28e8f",
    "resource": {
      "resourceType": "Patient",
      "id": "87cd6dfd-1fad-4008-8e0e-36b20ee28e8f",
      "meta": {
        "profile": [ "http://hl7.org/fhir/us/qicore/StructureDefinition/qicore-patient" ]
      },
      "text": {
        "status": "generated",
        "div": "<div xmlns=\"http://www.w3.org/1999/xhtml\"><div class=\"hapiHeaderText\">Age@18 <b>DENOMPASS </b></div><table class=\"hapiPropertyTable\"><tbody><tr><td>Identifier</td><td>67f3e33acf17bcb386e754d726ed064ccd48ba21ff0ffb2eb678740a684398be</td></tr><tr><td>Date of birth</td><td><span>01 January 1994</span></td></tr></tbody></table></div>"
      },
      "extension": [ {
        "url": "http://hl7.org/fhir/us/core/StructureDefinition/us-core-race",
        "extension": [ {
          "url": "ombCategory",
          "valueCoding": {
            "system": "urn:oid:2.16.840.1.113883.6.238",
            "code": "1002-5",
            "display": "American Indian or Alaska Native",
            "userSelected": true
          }
        }, {
          "url": "text",
          "valueString": "American Indian or Alaska Native"
        } ]
      }, {
        "url": "http://hl7.org/fhir/us/core/StructureDefinition/us-core-ethnicity",
        "extension": [ {
          "url": "ombCategory",
          "valueCoding": {
            "system": "urn:oid:2.16.840.1.113883.6.238",
            "code": "2135-2",
            "display": "Hispanic or Latino",
            "userSelected": true
          }
        }, {
          "url": "text",
          "valueString": "Hispanic or Latino"
        } ]
      } ],
      "identifier": [ {
        "type": {
          "coding": [ {
            "system": "http://terminology.hl7.org/CodeSystem/v2-0203",
            "code": "MR"
          } ]
        },
        "system": "https://bonnie-fhir.healthit.gov/",
        "value": "61095b0998086b53805591a5"
      } ],
      "active": true,
      "name": [ {
        "use": "usual",
        "family": "DENEXPASS",
        "given": [ "InjurytoOpticNerveWithCatSurg" ]
      } ],
      "gender": "female",
      "birthDate": "1996-01-01"
    },
    "request": {
      "method": "PUT",
      "url": "Patient/87cd6dfd-1fad-4008-8e0e-36b20ee28e8f"
    }
  }, {
    "fullUrl": "https://madie.cms.gov/Observation/14d5922a-6352-4723-97f6-d394d67a9cea",
    "resource": {
      "resourceType": "Observation",
      "id": "14d5922a-6352-4723-97f6-d394d67a9cea",
      "meta": {
        "profile": [ "http://hl7.org/fhir/us/qicore/StructureDefinition/qicore-observation-clinical-result" ]
      },
      "status": "final",
      "category": [ {
        "coding": [ {
          "system": "http://terminology.hl7.org/CodeSystem/observation-category",
          "code": "exam",
          "display": "exam"
        } ]
      } ],
      "code": {
        "coding": [ {
          "system": "http://snomed.info/sct",
          "code": "419775003"
        } ]
      },
      "subject": {
        "reference": "Patient/87cd6dfd-1fad-4008-8e0e-36b20ee28e8f"
      },
      "effectivePeriod": {
        "start": "2026-03-13T09:00:00+00:00",
        "end": "2026-03-13T09:30:00+00:00"
      }
    },
    "request": {
      "method": "PUT",
      "url": "Observation/14d5922a-6352-4723-97f6-d394d67a9cea"
    }
  }, {
    "fullUrl": "https://madie.cms.gov/Procedure/7237c137-c27d-4037-8e21-f9378c44dc5c",
    "resource": {
      "resourceType": "Procedure",
      "id": "7237c137-c27d-4037-8e21-f9378c44dc5c",
      "meta": {
        "profile": [ "http://hl7.org/fhir/us/qicore/StructureDefinition/qicore-procedure" ]
      },
      "extension": [ {
        "url": "http://hl7.org/fhir/us/qicore/StructureDefinition/qicore-recorded",
        "valueDateTime": "2026-03-05T09:35:00-04:00"
      } ],
      "status": "completed",
      "code": {
        "coding": [ {
          "system": "http://snomed.info/sct",
          "code": "84149000"
        } ]
      },
      "subject": {
        "reference": "Patient/87cd6dfd-1fad-4008-8e0e-36b20ee28e8f"
      },
      "performedPeriod": {
        "start": "2026-03-05T09:20:00-04:00",
        "end": "2026-04-05T10:30:00-04:00"
      }
    },
    "request": {
      "method": "PUT",
      "url": "Procedure/7237c137-c27d-4037-8e21-f9378c44dc5c"
    }
  }, {
    "fullUrl": "https://madie.cms.gov/Condition/dcbb46ca-4105-44d0-a3f5-12ae5b098ba3",
    "resource": {
      "resourceType": "Condition",
      "id": "dcbb46ca-4105-44d0-a3f5-12ae5b098ba3",
      "meta": {
        "profile": [ "http://hl7.org/fhir/us/qicore/StructureDefinition/qicore-condition-problems-health-concerns" ]
      },
      "clinicalStatus": {
        "coding": [ {
          "system": "http://terminology.hl7.org/CodeSystem/condition-clinical",
          "code": "active",
          "display": "active",
          "userSelected": true
        } ]
      },
      "category": [ {
        "coding": [ {
          "system": "http://terminology.hl7.org/CodeSystem/condition-clinical",
          "code": "active",
          "display": "active",
          "userSelected": true
        } ]
      } ],
      "code": {
        "coding": [ {
          "system": "http://hl7.org/fhir/sid/icd-10-cm",
          "code": "S04.032A",
          "userSelected": true
        }, {
          "system": "http://snomed.info/sct",
          "code": "212141007",
          "userSelected": true
        } ]
      },
      "subject": {
        "reference": "Patient/87cd6dfd-1fad-4008-8e0e-36b20ee28e8f"
      },
      "onsetDateTime": "2024-11-01T08:00:00.000+00:00"
    },
    "request": {
      "method": "PUT",
      "url": "Condition/dcbb46ca-4105-44d0-a3f5-12ae5b098ba3"
    }
  }, {
    "fullUrl": "https://madie.cms.gov/Coverage/d7cd20cf-0eca-44c7-b1d4-2a307db8ffc5",
    "resource": {
      "resourceType": "Coverage",
      "id": "d7cd20cf-0eca-44c7-b1d4-2a307db8ffc5",
      "meta": {
        "profile": [ "http://hl7.org/fhir/us/qicore/StructureDefinition/qicore-coverage" ]
      },
      "status": "active",
      "beneficiary": {
        "reference": "Patient/87cd6dfd-1fad-4008-8e0e-36b20ee28e8f"
      },
      "payor": [ {
        "reference": "Organization/c10634d5-d30a-42bc-a6e2-29f8dd2de0e3"
      } ]
    },
    "request": {
      "method": "PUT",
      "url": "Coverage/d7cd20cf-0eca-44c7-b1d4-2a307db8ffc5"
    }
  }, {
    "fullUrl": "https://madie.cms.gov/Organization/c10634d5-d30a-42bc-a6e2-29f8dd2de0e3",
    "resource": {
      "resourceType": "Organization",
      "id": "c10634d5-d30a-42bc-a6e2-29f8dd2de0e3",
      "meta": {
        "profile": [ "http://hl7.org/fhir/us/qicore/StructureDefinition/qicore-organization" ]
      },
      "identifier": [ {
        "use": "temp",
        "system": "urn:oid:2.16.840.1.113883.4.4",
        "value": "21-3259825"
      } ],
      "active": true,
      "type": [ {
        "coding": [ {
          "system": "http://terminology.hl7.org/CodeSystem/organization-type",
          "code": "pay",
          "display": "Payer"
        } ]
      } ],
      "name": "Blue Cross Blue Shield of Texas",
      "telecom": [ {
        "system": "phone",
        "value": "(+1) 972-766-6900"
      } ],
      "address": [ {
        "use": "billing",
        "type": "postal",
        "line": [ "P.O. Box 660044" ],
        "city": "Dallas",
        "state": "TX",
        "postalCode": "75266-0044",
        "country": "USA"
      } ]
    },
    "request": {
      "method": "PUT",
      "url": "Organization/c10634d5-d30a-42bc-a6e2-29f8dd2de0e3"
    }
  }, {
    "fullUrl": "https://madie.cms.gov/Practitioner/e60c6d0e-a38f-42dc-b8e8-1448c4930ca1",
    "resource": {
      "resourceType": "Practitioner",
      "id": "e60c6d0e-a38f-42dc-b8e8-1448c4930ca1",
      "meta": {
        "profile": [ "http://hl7.org/fhir/us/qicore/StructureDefinition/qicore-practitioner" ]
      },
      "identifier": [ {
        "system": "http://hl7.org/fhir/sid/us-npi",
        "value": "123456"
      } ],
      "name": [ {
        "family": "Evil",
        "prefix": [ "Dr" ]
      } ]
    },
    "request": {
      "method": "PUT",
      "url": "Practitioner/e60c6d0e-a38f-42dc-b8e8-1448c4930ca1"
    }
  }, {
    "fullUrl": "https://madie.cms.gov/MeasureReport/a9202a9b-8d36-405a-805f-dd96b138ad91",
    "resource": {
      "resourceType": "MeasureReport",
      "id": "a9202a9b-8d36-405a-805f-dd96b138ad91",
      "meta": {
        "profile": [ "http://hl7.org/fhir/us/cqfmeasures/StructureDefinition/test-case-cqfm" ]
      },
      "contained": [ {
        "resourceType": "Parameters",
        "id": "d068afc8-ae26-49d6-afba-e6daa91e57cc-parameters",
        "parameter": [ {
          "name": "subject",
          "valueString": "87cd6dfd-1fad-4008-8e0e-36b20ee28e8f"
        } ]
      } ],
      "extension": [ {
        "url": "http://hl7.org/fhir/StructureDefinition/cqf-inputParameters",
        "valueReference": {
          "reference": "#d068afc8-ae26-49d6-afba-e6daa91e57cc-parameters"
        }
      }, {
        "url": "http://hl7.org/fhir/us/cqfmeasures/StructureDefinition/cqfm-testCaseDescription",
        "valueMarkdown": "Patient with Injury to Optic Nerve with cataract surgery. "
      } ],
      "modifierExtension": [ {
        "url": "http://hl7.org/fhir/us/cqfmeasures/StructureDefinition/cqfm-isTestCase",
        "valueBoolean": true
      } ],
      "status": "complete",
      "type": "individual",
      "measure": "https://madie.cms.gov/Measure/CMS133FHIRCataracts2040BCVAwithin90Days",
      "period": {
        "start": "2026-01-01",
        "end": "2026-12-31"
      },
      "group": [ {
        "id": "Group_1",
        "population": [ {
          "id": "InitialPopulation_1",
          "code": {
            "coding": [ {
              "system": "http://terminology.hl7.org/CodeSystem/measure-population",
              "code": "initial-population",
              "display": "Initial Population"
            } ]
          },
          "count": 1
        }, {
          "id": "Denominator_1",
          "code": {
            "coding": [ {
              "system": "http://terminology.hl7.org/CodeSystem/measure-population",
              "code": "denominator",
              "display": "Denominator"
            } ]
          },
          "count": 1
        }, {
          "id": "DenominatorExclusion_1",
          "code": {
            "coding": [ {
              "system": "http://terminology.hl7.org/CodeSystem/measure-population",
              "code": "denominator-exclusion",
              "display": "Denominator Exclusion"
            } ]
          },
          "count": 1
        }, {
          "id": "Numerator_1",
          "code": {
            "coding": [ {
              "system": "http://terminology.hl7.org/CodeSystem/measure-population",
              "code": "numerator",
              "display": "Numerator"
            } ]
          },
          "count": 0
        } ],
        "measureScore": {
          "value": 0.0
        }
      } ],
      "evaluatedResource": [ {
        "reference": "Patient/87cd6dfd-1fad-4008-8e0e-36b20ee28e8f"
      }, {
        "reference": "Observation/14d5922a-6352-4723-97f6-d394d67a9cea"
      }, {
        "reference": "Procedure/7237c137-c27d-4037-8e21-f9378c44dc5c"
      }, {
        "reference": "Condition/dcbb46ca-4105-44d0-a3f5-12ae5b098ba3"
      }, {
        "reference": "Coverage/d7cd20cf-0eca-44c7-b1d4-2a307db8ffc5"
      }, {
        "reference": "Organization/c10634d5-d30a-42bc-a6e2-29f8dd2de0e3"
      }, {
        "reference": "Practitioner/e60c6d0e-a38f-42dc-b8e8-1448c4930ca1"
      } ]
    },
    "request": {
      "method": "PUT",
      "url": "MeasureReport/a9202a9b-8d36-405a-805f-dd96b138ad91"
    }
  } ]
}