{
  "resourceType": "Bundle",
  "id": "62df0a935db91778f87ca903",
  "type": "transaction",
  "entry": [ {
    "fullUrl": "https://madie.cms.gov/Patient/c3caf126-12a2-473f-8f51-1c7828d63d16",
    "resource": {
      "resourceType": "Patient",
      "id": "c3caf126-12a2-473f-8f51-1c7828d63d16",
      "meta": {
        "profile": [ "http://hl7.org/fhir/us/qicore/StructureDefinition/qicore-patient" ]
      },
      "extension": [ {
        "url": "http://hl7.org/fhir/us/core/StructureDefinition/us-core-race",
        "extension": [ {
          "url": "ombCategory",
          "valueCoding": {
            "system": "urn:oid:2.16.840.1.113883.6.238",
            "code": "2106-3",
            "display": "White",
            "userSelected": true
          }
        }, {
          "url": "text",
          "valueString": "White"
        } ]
      }, {
        "url": "http://hl7.org/fhir/us/core/StructureDefinition/us-core-ethnicity",
        "extension": [ {
          "url": "ombCategory",
          "valueCoding": {
            "system": "urn:oid:2.16.840.1.113883.6.238",
            "code": "2186-5",
            "display": "Not Hispanic or Latino",
            "userSelected": true
          }
        }, {
          "url": "text",
          "valueString": "Not Hispanic or Latino"
        } ]
      } ],
      "identifier": [ {
        "type": {
          "coding": [ {
            "system": "http://terminology.hl7.org/CodeSystem/v2-0203",
            "code": "MR"
          } ]
        },
        "system": "https://bonnie-fhir.healthit.gov/",
        "value": "62df0a935db91778f87ca903"
      } ],
      "name": [ {
        "family": "NUMERPass",
        "given": [ "HighBMIAndInterventionOrderedReferral" ]
      } ],
      "gender": "unknown",
      "birthDate": "1957-11-07"
    },
    "request": {
      "method": "PUT",
      "url": "Patient/c3caf126-12a2-473f-8f51-1c7828d63d16"
    }
  }, {
    "fullUrl": "https://madie.cms.gov/Encounter/7ae16104-4903-440a-ada4-9bcdf3b5915c",
    "resource": {
      "resourceType": "Encounter",
      "id": "7ae16104-4903-440a-ada4-9bcdf3b5915c",
      "meta": {
        "profile": [ "http://hl7.org/fhir/us/qicore/StructureDefinition/qicore-encounter" ]
      },
      "status": "finished",
      "class": {
        "system": "http://terminology.hl7.org/CodeSystem/v3-ActCode",
        "code": "AMB",
        "display": "ambulatory"
      },
      "type": [ {
        "coding": [ {
          "system": "http://snomed.info/sct",
          "version": "2022-03",
          "code": "10197000",
          "display": "Psychiatric interview and evaluation (procedure)",
          "userSelected": true
        } ]
      } ],
      "subject": {
        "reference": "Patient/c3caf126-12a2-473f-8f51-1c7828d63d16"
      },
      "period": {
        "start": "2026-01-01T00:00:00.000+00:00",
        "end": "2026-01-01T00:30:00.000+00:00"
      }
    },
    "request": {
      "method": "PUT",
      "url": "Encounter/7ae16104-4903-440a-ada4-9bcdf3b5915c"
    }
  }, {
    "fullUrl": "https://madie.cms.gov/Observation/c97c633a-977a-44b9-9196-949c5f358171",
    "resource": {
      "resourceType": "Observation",
      "id": "c97c633a-977a-44b9-9196-949c5f358171",
      "meta": {
        "profile": [ "http://hl7.org/fhir/us/core/StructureDefinition/us-core-bmi" ]
      },
      "status": "corrected",
      "category": [ {
        "coding": [ {
          "system": "http://terminology.hl7.org/CodeSystem/observation-category",
          "code": "vital-signs",
          "display": "Vital Signs"
        } ]
      } ],
      "code": {
        "coding": [ {
          "system": "http://loinc.org",
          "code": "39156-5",
          "display": "Body mass index (BMI) [Ratio]",
          "userSelected": true
        } ]
      },
      "subject": {
        "reference": "Patient/c3caf126-12a2-473f-8f51-1c7828d63d16"
      },
      "effectiveDateTime": "2026-01-01T00:30:00.000+00:00",
      "valueQuantity": {
        "value": 25,
        "unit": "kg/m2",
        "system": "http://unitsofmeasure.org",
        "code": "kg/m2"
      }
    },
    "request": {
      "method": "PUT",
      "url": "Observation/c97c633a-977a-44b9-9196-949c5f358171"
    }
  }, {
    "fullUrl": "https://madie.cms.gov/ServiceRequest/ac9b927f-f7f5-4ff1-9981-a31a318d2e80",
    "resource": {
      "resourceType": "ServiceRequest",
      "id": "ac9b927f-f7f5-4ff1-9981-a31a318d2e80",
      "meta": {
        "profile": [ "http://hl7.org/fhir/us/qicore/StructureDefinition/qicore-servicerequest" ]
      },
      "status": "active",
      "intent": "order",
      "code": {
        "coding": [ {
          "system": "http://snomed.info/sct",
          "version": "2022-03",
          "code": "183515008",
          "display": "Referral to physician (procedure)",
          "userSelected": true
        } ]
      },
      "subject": {
        "reference": "Patient/c3caf126-12a2-473f-8f51-1c7828d63d16"
      },
      "authoredOn": "2026-01-01T00:30:00.000+00:00",
      "reasonCode": [ {
        "coding": [ {
          "system": "http://hl7.org/fhir/sid/icd-10-cm",
          "code": "E66.01",
          "display": "Morbid (severe) obesity due to excess calories",
          "userSelected": true
        } ]
      } ]
    },
    "request": {
      "method": "PUT",
      "url": "ServiceRequest/ac9b927f-f7f5-4ff1-9981-a31a318d2e80"
    }
  }, {
    "fullUrl": "https://madie.cms.gov/Coverage/e685c532-d6b0-4b7f-bc86-0c5129ebc92b",
    "resource": {
      "resourceType": "Coverage",
      "id": "e685c532-d6b0-4b7f-bc86-0c5129ebc92b",
      "meta": {
        "profile": [ "http://hl7.org/fhir/us/qicore/StructureDefinition/qicore-coverage" ]
      },
      "status": "active",
      "beneficiary": {
        "reference": "Patient/c3caf126-12a2-473f-8f51-1c7828d63d16"
      },
      "payor": [ {
        "reference": "Organization/f4f45b59-9eee-4f02-980a-a72f9c5b9482"
      } ]
    },
    "request": {
      "method": "PUT",
      "url": "Coverage/e685c532-d6b0-4b7f-bc86-0c5129ebc92b"
    }
  }, {
    "fullUrl": "https://madie.cms.gov/Organization/f4f45b59-9eee-4f02-980a-a72f9c5b9482",
    "resource": {
      "resourceType": "Organization",
      "id": "f4f45b59-9eee-4f02-980a-a72f9c5b9482",
      "meta": {
        "profile": [ "http://hl7.org/fhir/us/qicore/StructureDefinition/qicore-organization" ]
      },
      "identifier": [ {
        "use": "temp",
        "system": "urn:oid:2.16.840.1.113883.4.4",
        "value": "21-3259825"
      } ],
      "active": true,
      "type": [ {
        "coding": [ {
          "system": "http://terminology.hl7.org/CodeSystem/organization-type",
          "code": "pay",
          "display": "Payer"
        } ]
      } ],
      "name": "Blue Cross Blue Shield of Texas",
      "telecom": [ {
        "system": "phone",
        "value": "(+1) 972-766-6900"
      } ],
      "address": [ {
        "use": "billing",
        "type": "postal",
        "line": [ "P.O. Box 660044" ],
        "city": "Dallas",
        "state": "TX",
        "postalCode": "75266-0044",
        "country": "USA"
      } ]
    },
    "request": {
      "method": "PUT",
      "url": "Organization/f4f45b59-9eee-4f02-980a-a72f9c5b9482"
    }
  }, {
    "fullUrl": "https://madie.cms.gov/MeasureReport/cc7cd19f-73d3-480f-9bde-92b606511490",
    "resource": {
      "resourceType": "MeasureReport",
      "id": "cc7cd19f-73d3-480f-9bde-92b606511490",
      "meta": {
        "profile": [ "http://hl7.org/fhir/us/cqfmeasures/StructureDefinition/test-case-cqfm" ]
      },
      "contained": [ {
        "resourceType": "Parameters",
        "id": "0e1164cd-8ec6-4477-948f-018d3f675391-parameters",
        "parameter": [ {
          "name": "subject",
          "valueString": "c3caf126-12a2-473f-8f51-1c7828d63d16"
        } ]
      } ],
      "extension": [ {
        "url": "http://hl7.org/fhir/StructureDefinition/cqf-inputParameters",
        "valueReference": {
          "reference": "#0e1164cd-8ec6-4477-948f-018d3f675391-parameters"
        }
      }, {
        "url": "http://hl7.org/fhir/us/cqfmeasures/StructureDefinition/cqfm-testCaseDescription",
        "valueMarkdown": "Enc first day of during MP,  BMI high @ 25 kg/m2  with intervention ordered - referral and  reason code"
      } ],
      "modifierExtension": [ {
        "url": "http://hl7.org/fhir/us/cqfmeasures/StructureDefinition/cqfm-isTestCase",
        "valueBoolean": true
      } ],
      "status": "complete",
      "type": "individual",
      "measure": "https://madie.cms.gov/Measure/CMS69FHIRPCSBMIScreenAndFollowUp",
      "period": {
        "start": "2026-01-01",
        "end": "2026-12-31"
      },
      "group": [ {
        "id": "Group_1",
        "population": [ {
          "id": "InitialPopulation_1",
          "code": {
            "coding": [ {
              "system": "http://terminology.hl7.org/CodeSystem/measure-population",
              "code": "initial-population",
              "display": "Initial Population"
            } ]
          },
          "count": 1
        }, {
          "id": "Denominator_1",
          "code": {
            "coding": [ {
              "system": "http://terminology.hl7.org/CodeSystem/measure-population",
              "code": "denominator",
              "display": "Denominator"
            } ]
          },
          "count": 1
        }, {
          "id": "DenominatorExclusion_1",
          "code": {
            "coding": [ {
              "system": "http://terminology.hl7.org/CodeSystem/measure-population",
              "code": "denominator-exclusion",
              "display": "Denominator Exclusion"
            } ]
          },
          "count": 0
        }, {
          "id": "Numerator_1",
          "code": {
            "coding": [ {
              "system": "http://terminology.hl7.org/CodeSystem/measure-population",
              "code": "numerator",
              "display": "Numerator"
            } ]
          },
          "count": 1
        }, {
          "id": "DenominatorException_1",
          "code": {
            "coding": [ {
              "system": "http://terminology.hl7.org/CodeSystem/measure-population",
              "code": "denominator-exception",
              "display": "Denominator Exception"
            } ]
          },
          "count": 0
        } ],
        "measureScore": {
          "value": 1.0
        }
      } ],
      "evaluatedResource": [ {
        "reference": "Patient/c3caf126-12a2-473f-8f51-1c7828d63d16"
      }, {
        "reference": "Encounter/7ae16104-4903-440a-ada4-9bcdf3b5915c"
      }, {
        "reference": "Observation/c97c633a-977a-44b9-9196-949c5f358171"
      }, {
        "reference": "ServiceRequest/ac9b927f-f7f5-4ff1-9981-a31a318d2e80"
      }, {
        "reference": "Coverage/e685c532-d6b0-4b7f-bc86-0c5129ebc92b"
      }, {
        "reference": "Organization/f4f45b59-9eee-4f02-980a-a72f9c5b9482"
      } ]
    },
    "request": {
      "method": "PUT",
      "url": "MeasureReport/cc7cd19f-73d3-480f-9bde-92b606511490"
    }
  } ]
}