{
  "resourceType": "Bundle",
  "id": "62f65a0f5efef5272905e705",
  "type": "transaction",
  "entry": [ {
    "fullUrl": "https://madie.cms.gov/Patient/41df0dbe-ae84-4496-b355-320ff8707a85",
    "resource": {
      "resourceType": "Patient",
      "id": "41df0dbe-ae84-4496-b355-320ff8707a85",
      "meta": {
        "profile": [ "http://hl7.org/fhir/us/qicore/StructureDefinition/qicore-patient" ]
      },
      "extension": [ {
        "url": "http://hl7.org/fhir/us/core/StructureDefinition/us-core-race",
        "extension": [ {
          "url": "ombCategory",
          "valueCoding": {
            "system": "urn:oid:2.16.840.1.113883.6.238",
            "code": "1002-5",
            "display": "American Indian or Alaska Native",
            "userSelected": true
          }
        }, {
          "url": "text",
          "valueString": "American Indian or Alaska Native"
        } ]
      }, {
        "url": "http://hl7.org/fhir/us/core/StructureDefinition/us-core-ethnicity",
        "extension": [ {
          "url": "ombCategory",
          "valueCoding": {
            "system": "urn:oid:2.16.840.1.113883.6.238",
            "code": "2135-2",
            "display": "Hispanic or Latino",
            "userSelected": true
          }
        }, {
          "url": "text",
          "valueString": "Hispanic or Latino"
        } ]
      } ],
      "identifier": [ {
        "type": {
          "coding": [ {
            "system": "http://terminology.hl7.org/CodeSystem/v2-0203",
            "code": "MR"
          } ]
        },
        "system": "https://bonnie-fhir.healthit.gov/",
        "value": "62f65a0f5efef5272905e705"
      } ],
      "name": [ {
        "family": "DENEXCEPPass",
        "given": [ "AdultPatientReasonForNoDepressionScreenAge17" ]
      } ],
      "gender": "male",
      "birthDate": "2009-01-01"
    },
    "request": {
      "method": "PUT",
      "url": "Patient/41df0dbe-ae84-4496-b355-320ff8707a85"
    }
  }, {
    "fullUrl": "https://madie.cms.gov/Encounter/407a5670-fc25-4483-83d7-1690ed47f639",
    "resource": {
      "resourceType": "Encounter",
      "id": "407a5670-fc25-4483-83d7-1690ed47f639",
      "meta": {
        "profile": [ "http://hl7.org/fhir/us/qicore/StructureDefinition/qicore-encounter" ]
      },
      "status": "finished",
      "class": {
        "system": "http://terminology.hl7.org/CodeSystem/v3-ActCode",
        "code": "AMB",
        "display": "ambulatory"
      },
      "type": [ {
        "coding": [ {
          "system": "http://snomed.info/sct",
          "version": "2021-09",
          "code": "10197000",
          "display": "Psychiatric interview and evaluation (procedure)",
          "userSelected": true
        } ]
      } ],
      "subject": {
        "reference": "Patient/41df0dbe-ae84-4496-b355-320ff8707a85"
      },
      "period": {
        "start": "2026-01-01T08:00:00.000+00:00",
        "end": "2026-01-01T08:15:00.000+00:00"
      }
    },
    "request": {
      "method": "PUT",
      "url": "Encounter/407a5670-fc25-4483-83d7-1690ed47f639"
    }
  }, {
    "fullUrl": "https://madie.cms.gov/Observation/ccc8e659-0ed5-4a5c-9c8e-a24bd7fb3e07",
    "resource": {
      "resourceType": "Observation",
      "id": "ccc8e659-0ed5-4a5c-9c8e-a24bd7fb3e07",
      "meta": {
        "profile": [ "http://hl7.org/fhir/us/qicore/StructureDefinition/qicore-observationcancelled" ]
      },
      "extension": [ {
        "url": "http://hl7.org/fhir/us/qicore/StructureDefinition/qicore-notDoneReason",
        "valueCodeableConcept": {
          "coding": [ {
            "system": "http://snomed.info/sct",
            "code": "720834000",
            "display": "Depression screening declined (situation)",
            "userSelected": true
          } ]
        }
      } ],
      "status": "cancelled",
      "category": [ {
        "coding": [ {
          "system": "http://terminology.hl7.org/CodeSystem/observation-category",
          "code": "procedure",
          "display": "Procedure"
        } ]
      } ],
      "code": {
        "coding": [ {
          "system": "http://loinc.org",
          "code": "73832-8",
          "display": "Adult depression screening assessment",
          "userSelected": true
        } ]
      },
      "subject": {
        "reference": "Patient/41df0dbe-ae84-4496-b355-320ff8707a85"
      },
      "issued": "2026-01-01T08:00:00.000+00:00",
      "valueBoolean": true
    },
    "request": {
      "method": "PUT",
      "url": "Observation/ccc8e659-0ed5-4a5c-9c8e-a24bd7fb3e07"
    }
  }, {
    "fullUrl": "https://madie.cms.gov/Coverage/1f3bb65b-b4ad-4357-8680-2fca8d9a95ac",
    "resource": {
      "resourceType": "Coverage",
      "id": "1f3bb65b-b4ad-4357-8680-2fca8d9a95ac",
      "meta": {
        "profile": [ "http://hl7.org/fhir/us/qicore/StructureDefinition/qicore-coverage" ]
      },
      "status": "active",
      "beneficiary": {
        "reference": "Patient/41df0dbe-ae84-4496-b355-320ff8707a85"
      },
      "payor": [ {
        "reference": "Organization/31da655a-1bf1-4504-b47c-a7c472a9a4c3"
      } ]
    },
    "request": {
      "method": "PUT",
      "url": "Coverage/1f3bb65b-b4ad-4357-8680-2fca8d9a95ac"
    }
  }, {
    "fullUrl": "https://madie.cms.gov/Organization/31da655a-1bf1-4504-b47c-a7c472a9a4c3",
    "resource": {
      "resourceType": "Organization",
      "id": "31da655a-1bf1-4504-b47c-a7c472a9a4c3",
      "meta": {
        "profile": [ "http://hl7.org/fhir/us/qicore/StructureDefinition/qicore-organization" ]
      },
      "identifier": [ {
        "use": "temp",
        "system": "urn:oid:2.16.840.1.113883.4.4",
        "value": "21-3259825"
      } ],
      "active": true,
      "type": [ {
        "coding": [ {
          "system": "http://terminology.hl7.org/CodeSystem/organization-type",
          "code": "pay",
          "display": "Payer"
        } ]
      } ],
      "name": "Blue Cross Blue Shield of Texas",
      "telecom": [ {
        "system": "phone",
        "value": "(+1) 972-766-6900"
      } ],
      "address": [ {
        "use": "billing",
        "type": "postal",
        "line": [ "P.O. Box 660044" ],
        "city": "Dallas",
        "state": "TX",
        "postalCode": "75266-0044",
        "country": "USA"
      } ]
    },
    "request": {
      "method": "PUT",
      "url": "Organization/31da655a-1bf1-4504-b47c-a7c472a9a4c3"
    }
  }, {
    "fullUrl": "https://madie.cms.gov/Practitioner/a2f00746-d33c-4e15-90c0-e505dcb50f71",
    "resource": {
      "resourceType": "Practitioner",
      "id": "a2f00746-d33c-4e15-90c0-e505dcb50f71",
      "meta": {
        "profile": [ "http://hl7.org/fhir/us/qicore/StructureDefinition/qicore-practitioner" ]
      },
      "identifier": [ {
        "system": "http://hl7.org/fhir/sid/us-npi",
        "value": "123456"
      } ],
      "name": [ {
        "family": "Evil",
        "prefix": [ "Dr" ]
      } ]
    },
    "request": {
      "method": "PUT",
      "url": "Practitioner/a2f00746-d33c-4e15-90c0-e505dcb50f71"
    }
  }, {
    "fullUrl": "https://madie.cms.gov/MeasureReport/09a1ec20-0ab1-4e31-9b0a-701ff538703e",
    "resource": {
      "resourceType": "MeasureReport",
      "id": "09a1ec20-0ab1-4e31-9b0a-701ff538703e",
      "meta": {
        "profile": [ "http://hl7.org/fhir/us/cqfmeasures/StructureDefinition/test-case-cqfm" ]
      },
      "contained": [ {
        "resourceType": "Parameters",
        "id": "c2eebeb2-0a45-47e0-ae01-83aeab7c8947-parameters",
        "parameter": [ {
          "name": "subject",
          "valueString": "41df0dbe-ae84-4496-b355-320ff8707a85"
        } ]
      } ],
      "extension": [ {
        "url": "http://hl7.org/fhir/StructureDefinition/cqf-inputParameters",
        "valueReference": {
          "reference": "#c2eebeb2-0a45-47e0-ae01-83aeab7c8947-parameters"
        }
      }, {
        "url": "http://hl7.org/fhir/us/cqfmeasures/StructureDefinition/cqfm-testCaseDescription",
        "valueMarkdown": "17 yo male with patient reason for not screening for depression - 17 on first day MP"
      } ],
      "modifierExtension": [ {
        "url": "http://hl7.org/fhir/us/cqfmeasures/StructureDefinition/cqfm-isTestCase",
        "valueBoolean": true
      } ],
      "status": "complete",
      "type": "individual",
      "measure": "https://madie.cms.gov/Measure/CMS2FHIRPCSDepressionScreenAndFollowUp",
      "period": {
        "start": "2026-01-01",
        "end": "2026-12-31"
      },
      "group": [ {
        "id": "Group_1",
        "population": [ {
          "id": "InitialPopulation_1",
          "code": {
            "coding": [ {
              "system": "http://terminology.hl7.org/CodeSystem/measure-population",
              "code": "initial-population",
              "display": "Initial Population"
            } ]
          },
          "count": 1
        }, {
          "id": "Denominator_1",
          "code": {
            "coding": [ {
              "system": "http://terminology.hl7.org/CodeSystem/measure-population",
              "code": "denominator",
              "display": "Denominator"
            } ]
          },
          "count": 1
        }, {
          "id": "DenominatorExclusion_1",
          "code": {
            "coding": [ {
              "system": "http://terminology.hl7.org/CodeSystem/measure-population",
              "code": "denominator-exclusion",
              "display": "Denominator Exclusion"
            } ]
          },
          "count": 0
        }, {
          "id": "Numerator_1",
          "code": {
            "coding": [ {
              "system": "http://terminology.hl7.org/CodeSystem/measure-population",
              "code": "numerator",
              "display": "Numerator"
            } ]
          },
          "count": 0
        }, {
          "id": "DenominatorException_1",
          "code": {
            "coding": [ {
              "system": "http://terminology.hl7.org/CodeSystem/measure-population",
              "code": "denominator-exception",
              "display": "Denominator Exception"
            } ]
          },
          "count": 1
        } ],
        "measureScore": {
          "value": 1.0
        }
      } ],
      "evaluatedResource": [ {
        "reference": "Patient/41df0dbe-ae84-4496-b355-320ff8707a85"
      }, {
        "reference": "Encounter/407a5670-fc25-4483-83d7-1690ed47f639"
      }, {
        "reference": "Observation/ccc8e659-0ed5-4a5c-9c8e-a24bd7fb3e07"
      }, {
        "reference": "Coverage/1f3bb65b-b4ad-4357-8680-2fca8d9a95ac"
      }, {
        "reference": "Organization/31da655a-1bf1-4504-b47c-a7c472a9a4c3"
      }, {
        "reference": "Practitioner/a2f00746-d33c-4e15-90c0-e505dcb50f71"
      } ]
    },
    "request": {
      "method": "PUT",
      "url": "MeasureReport/09a1ec20-0ab1-4e31-9b0a-701ff538703e"
    }
  } ]
}