{
  "resourceType": "Bundle",
  "id": "62fbef57bf5132f90ee35d41",
  "type": "transaction",
  "entry": [ {
    "fullUrl": "https://madie.cms.gov/Patient/097cbc7a-d22e-4395-9fcf-fd1f904f7c92",
    "resource": {
      "resourceType": "Patient",
      "id": "097cbc7a-d22e-4395-9fcf-fd1f904f7c92",
      "meta": {
        "profile": [ "http://hl7.org/fhir/us/qicore/StructureDefinition/qicore-patient" ]
      },
      "extension": [ {
        "url": "http://hl7.org/fhir/us/core/StructureDefinition/us-core-race",
        "extension": [ {
          "url": "ombCategory",
          "valueCoding": {
            "system": "urn:oid:2.16.840.1.113883.6.238",
            "code": "2106-3",
            "display": "White",
            "userSelected": true
          }
        }, {
          "url": "text",
          "valueString": "White"
        } ]
      }, {
        "url": "http://hl7.org/fhir/us/core/StructureDefinition/us-core-ethnicity",
        "extension": [ {
          "url": "ombCategory",
          "valueCoding": {
            "system": "urn:oid:2.16.840.1.113883.6.238",
            "code": "2186-5",
            "display": "Not Hispanic or Latino",
            "userSelected": true
          }
        }, {
          "url": "text",
          "valueString": "Not Hispanic or Latino"
        } ]
      } ],
      "identifier": [ {
        "type": {
          "coding": [ {
            "system": "http://terminology.hl7.org/CodeSystem/v2-0203",
            "code": "MR"
          } ]
        },
        "system": "https://bonnie-fhir.healthit.gov/",
        "value": "62fbef57bf5132f90ee35d41"
      } ],
      "name": [ {
        "family": "DENEXPass",
        "given": [ "HospiceProcedure" ]
      } ],
      "gender": "unknown",
      "birthDate": "1957-11-07"
    },
    "request": {
      "method": "PUT",
      "url": "Patient/097cbc7a-d22e-4395-9fcf-fd1f904f7c92"
    }
  }, {
    "fullUrl": "https://madie.cms.gov/Encounter/6d12d4e7-bb8f-4b9d-9ec9-2faedb2447d6",
    "resource": {
      "resourceType": "Encounter",
      "id": "6d12d4e7-bb8f-4b9d-9ec9-2faedb2447d6",
      "meta": {
        "profile": [ "http://hl7.org/fhir/us/qicore/StructureDefinition/qicore-encounter" ]
      },
      "status": "finished",
      "class": {
        "system": "http://terminology.hl7.org/CodeSystem/v3-ActCode",
        "code": "AMB",
        "display": "ambulatory"
      },
      "type": [ {
        "coding": [ {
          "system": "http://snomed.info/sct",
          "version": "2022-03",
          "code": "10197000",
          "display": "Psychiatric interview and evaluation (procedure)",
          "userSelected": true
        } ]
      } ],
      "subject": {
        "reference": "Patient/097cbc7a-d22e-4395-9fcf-fd1f904f7c92"
      },
      "period": {
        "start": "2026-12-31T23:30:00.000+00:00",
        "end": "2026-12-31T23:59:00.000+00:00"
      }
    },
    "request": {
      "method": "PUT",
      "url": "Encounter/6d12d4e7-bb8f-4b9d-9ec9-2faedb2447d6"
    }
  }, {
    "fullUrl": "https://madie.cms.gov/Procedure/f6df6d69-7cf5-4f32-9f58-e3a6dbbc37b5",
    "resource": {
      "resourceType": "Procedure",
      "id": "f6df6d69-7cf5-4f32-9f58-e3a6dbbc37b5",
      "meta": {
        "profile": [ "http://hl7.org/fhir/us/qicore/StructureDefinition/qicore-procedure" ]
      },
      "extension": [ {
        "url": "http://hl7.org/fhir/us/qicore/StructureDefinition/qicore-recorded",
        "valueDateTime": "2026-12-31T23:59:00.000+00:00"
      } ],
      "status": "completed",
      "code": {
        "coding": [ {
          "system": "http://snomed.info/sct",
          "version": "2022-03",
          "code": "385763009",
          "display": "Hospice care (regime/therapy)",
          "userSelected": true
        } ]
      },
      "subject": {
        "reference": "Patient/097cbc7a-d22e-4395-9fcf-fd1f904f7c92"
      },
      "performedDateTime": "2026-12-31T23:59:00.000+00:00"
    },
    "request": {
      "method": "PUT",
      "url": "Procedure/f6df6d69-7cf5-4f32-9f58-e3a6dbbc37b5"
    }
  }, {
    "fullUrl": "https://madie.cms.gov/Coverage/36cfc3b1-044c-4dd6-a1a7-7af8aeaa5a4e",
    "resource": {
      "resourceType": "Coverage",
      "id": "36cfc3b1-044c-4dd6-a1a7-7af8aeaa5a4e",
      "meta": {
        "profile": [ "http://hl7.org/fhir/us/qicore/StructureDefinition/qicore-coverage" ]
      },
      "status": "active",
      "beneficiary": {
        "reference": "Patient/097cbc7a-d22e-4395-9fcf-fd1f904f7c92"
      },
      "payor": [ {
        "reference": "Organization/0c25b2d1-82be-4625-b9fc-d583a5312c04"
      } ]
    },
    "request": {
      "method": "PUT",
      "url": "Coverage/36cfc3b1-044c-4dd6-a1a7-7af8aeaa5a4e"
    }
  }, {
    "fullUrl": "https://madie.cms.gov/Organization/0c25b2d1-82be-4625-b9fc-d583a5312c04",
    "resource": {
      "resourceType": "Organization",
      "id": "0c25b2d1-82be-4625-b9fc-d583a5312c04",
      "meta": {
        "profile": [ "http://hl7.org/fhir/us/qicore/StructureDefinition/qicore-organization" ]
      },
      "identifier": [ {
        "use": "temp",
        "system": "urn:oid:2.16.840.1.113883.4.4",
        "value": "21-3259825"
      } ],
      "active": true,
      "type": [ {
        "coding": [ {
          "system": "http://terminology.hl7.org/CodeSystem/organization-type",
          "code": "pay",
          "display": "Payer"
        } ]
      } ],
      "name": "Blue Cross Blue Shield of Texas",
      "telecom": [ {
        "system": "phone",
        "value": "(+1) 972-766-6900"
      } ],
      "address": [ {
        "use": "billing",
        "type": "postal",
        "line": [ "P.O. Box 660044" ],
        "city": "Dallas",
        "state": "TX",
        "postalCode": "75266-0044",
        "country": "USA"
      } ]
    },
    "request": {
      "method": "PUT",
      "url": "Organization/0c25b2d1-82be-4625-b9fc-d583a5312c04"
    }
  }, {
    "fullUrl": "https://madie.cms.gov/MeasureReport/731928b1-ba5b-49f6-8aeb-6fdb0ae517cd",
    "resource": {
      "resourceType": "MeasureReport",
      "id": "731928b1-ba5b-49f6-8aeb-6fdb0ae517cd",
      "meta": {
        "profile": [ "http://hl7.org/fhir/us/cqfmeasures/StructureDefinition/test-case-cqfm" ]
      },
      "contained": [ {
        "resourceType": "Parameters",
        "id": "a39b64d5-6073-4a9a-b601-dc2250261734-parameters",
        "parameter": [ {
          "name": "subject",
          "valueString": "097cbc7a-d22e-4395-9fcf-fd1f904f7c92"
        } ]
      } ],
      "extension": [ {
        "url": "http://hl7.org/fhir/StructureDefinition/cqf-inputParameters",
        "valueReference": {
          "reference": "#a39b64d5-6073-4a9a-b601-dc2250261734-parameters"
        }
      }, {
        "url": "http://hl7.org/fhir/us/cqfmeasures/StructureDefinition/cqfm-testCaseDescription",
        "valueMarkdown": "Enc last day of MP, procedure hospice "
      } ],
      "modifierExtension": [ {
        "url": "http://hl7.org/fhir/us/cqfmeasures/StructureDefinition/cqfm-isTestCase",
        "valueBoolean": true
      } ],
      "status": "complete",
      "type": "individual",
      "measure": "https://madie.cms.gov/Measure/CMS69FHIRPCSBMIScreenAndFollowUp",
      "period": {
        "start": "2026-01-01",
        "end": "2026-12-31"
      },
      "group": [ {
        "id": "Group_1",
        "population": [ {
          "id": "InitialPopulation_1",
          "code": {
            "coding": [ {
              "system": "http://terminology.hl7.org/CodeSystem/measure-population",
              "code": "initial-population",
              "display": "Initial Population"
            } ]
          },
          "count": 1
        }, {
          "id": "Denominator_1",
          "code": {
            "coding": [ {
              "system": "http://terminology.hl7.org/CodeSystem/measure-population",
              "code": "denominator",
              "display": "Denominator"
            } ]
          },
          "count": 1
        }, {
          "id": "DenominatorExclusion_1",
          "code": {
            "coding": [ {
              "system": "http://terminology.hl7.org/CodeSystem/measure-population",
              "code": "denominator-exclusion",
              "display": "Denominator Exclusion"
            } ]
          },
          "count": 1
        }, {
          "id": "Numerator_1",
          "code": {
            "coding": [ {
              "system": "http://terminology.hl7.org/CodeSystem/measure-population",
              "code": "numerator",
              "display": "Numerator"
            } ]
          },
          "count": 0
        }, {
          "id": "DenominatorException_1",
          "code": {
            "coding": [ {
              "system": "http://terminology.hl7.org/CodeSystem/measure-population",
              "code": "denominator-exception",
              "display": "Denominator Exception"
            } ]
          },
          "count": 0
        } ],
        "measureScore": {
          "value": 1.0
        }
      } ],
      "evaluatedResource": [ {
        "reference": "Patient/097cbc7a-d22e-4395-9fcf-fd1f904f7c92"
      }, {
        "reference": "Encounter/6d12d4e7-bb8f-4b9d-9ec9-2faedb2447d6"
      }, {
        "reference": "Procedure/f6df6d69-7cf5-4f32-9f58-e3a6dbbc37b5"
      }, {
        "reference": "Coverage/36cfc3b1-044c-4dd6-a1a7-7af8aeaa5a4e"
      }, {
        "reference": "Organization/0c25b2d1-82be-4625-b9fc-d583a5312c04"
      } ]
    },
    "request": {
      "method": "PUT",
      "url": "MeasureReport/731928b1-ba5b-49f6-8aeb-6fdb0ae517cd"
    }
  } ]
}