{
  "resourceType": "Bundle",
  "id": "62d7354fc22c612899b40d6c",
  "type": "transaction",
  "entry": [ {
    "fullUrl": "https://madie.cms.gov/Patient/afdeaa75-d332-40f2-9b30-0b6ddf7e7c14",
    "resource": {
      "resourceType": "Patient",
      "id": "afdeaa75-d332-40f2-9b30-0b6ddf7e7c14",
      "meta": {
        "profile": [ "http://hl7.org/fhir/us/qicore/StructureDefinition/qicore-patient" ]
      },
      "extension": [ {
        "url": "http://hl7.org/fhir/us/core/StructureDefinition/us-core-race",
        "extension": [ {
          "url": "ombCategory",
          "valueCoding": {
            "system": "urn:oid:2.16.840.1.113883.6.238",
            "code": "2106-3",
            "display": "White",
            "userSelected": true
          }
        }, {
          "url": "text",
          "valueString": "White"
        } ]
      }, {
        "url": "http://hl7.org/fhir/us/core/StructureDefinition/us-core-ethnicity",
        "extension": [ {
          "url": "ombCategory",
          "valueCoding": {
            "system": "urn:oid:2.16.840.1.113883.6.238",
            "code": "2186-5",
            "display": "Not Hispanic or Latino",
            "userSelected": true
          }
        }, {
          "url": "text",
          "valueString": "Not Hispanic or Latino"
        } ]
      } ],
      "identifier": [ {
        "type": {
          "coding": [ {
            "system": "http://terminology.hl7.org/CodeSystem/v2-0203",
            "code": "MR"
          } ]
        },
        "system": "https://bonnie-fhir.healthit.gov/",
        "value": "62d7354fc22c612899b40d6c"
      } ],
      "name": [ {
        "family": "DENEXCEPPass",
        "given": [ "ElevatedDeclineFU" ]
      } ],
      "gender": "male",
      "birthDate": "2006-01-01"
    },
    "request": {
      "method": "PUT",
      "url": "Patient/afdeaa75-d332-40f2-9b30-0b6ddf7e7c14"
    }
  }, {
    "fullUrl": "https://madie.cms.gov/Encounter/7b347072-17ef-45d4-96df-825fe8198dc1",
    "resource": {
      "resourceType": "Encounter",
      "id": "7b347072-17ef-45d4-96df-825fe8198dc1",
      "meta": {
        "profile": [ "http://hl7.org/fhir/us/qicore/StructureDefinition/qicore-encounter" ]
      },
      "status": "finished",
      "class": {
        "system": "http://terminology.hl7.org/CodeSystem/v3-ActCode",
        "code": "AMB",
        "display": "ambulatory"
      },
      "type": [ {
        "coding": [ {
          "system": "http://snomed.info/sct",
          "version": "2022-03",
          "code": "103705002",
          "display": "Patient status observation (procedure)",
          "userSelected": true
        } ]
      } ],
      "subject": {
        "reference": "Patient/afdeaa75-d332-40f2-9b30-0b6ddf7e7c14"
      },
      "period": {
        "start": "2026-01-01T08:00:00.000+00:00",
        "end": "2026-01-01T08:30:00.000+00:00"
      }
    },
    "request": {
      "method": "PUT",
      "url": "Encounter/7b347072-17ef-45d4-96df-825fe8198dc1"
    }
  }, {
    "fullUrl": "https://madie.cms.gov/Observation/ed6d982b-76b1-4a53-9f36-15ebf33ac2c7",
    "resource": {
      "resourceType": "Observation",
      "id": "ed6d982b-76b1-4a53-9f36-15ebf33ac2c7",
      "meta": {
        "profile": [ "http://hl7.org/fhir/us/core/StructureDefinition/us-core-blood-pressure" ]
      },
      "status": "final",
      "category": [ {
        "coding": [ {
          "system": "http://terminology.hl7.org/CodeSystem/observation-category",
          "code": "vital-signs",
          "display": "Vital Signs"
        } ],
        "text": "Vital Signs"
      } ],
      "code": {
        "coding": [ {
          "system": "http://loinc.org",
          "code": "85354-9",
          "display": "Blood pressure panel"
        } ]
      },
      "subject": {
        "reference": "Patient/afdeaa75-d332-40f2-9b30-0b6ddf7e7c14"
      },
      "effectiveDateTime": "2026-01-01T08:05:00.000+00:00",
      "component": [ {
        "code": {
          "coding": [ {
            "system": "http://loinc.org",
            "code": "8480-6",
            "display": "Systolic blood pressure"
          } ]
        },
        "valueQuantity": {
          "value": 120,
          "unit": "mmHg",
          "system": "http://unitsofmeasure.org",
          "code": "mm[Hg]"
        }
      }, {
        "code": {
          "coding": [ {
            "system": "http://loinc.org",
            "code": "8462-4",
            "display": "Diastolic blood pressure"
          } ]
        },
        "valueQuantity": {
          "value": 79,
          "unit": "mmHg",
          "system": "http://unitsofmeasure.org",
          "code": "mm[Hg]"
        }
      } ]
    },
    "request": {
      "method": "PUT",
      "url": "Observation/ed6d982b-76b1-4a53-9f36-15ebf33ac2c7"
    }
  }, {
    "fullUrl": "https://madie.cms.gov/ServiceRequest/45a86b56-b275-44ca-b3e9-828c6f16a971",
    "resource": {
      "resourceType": "ServiceRequest",
      "id": "45a86b56-b275-44ca-b3e9-828c6f16a971",
      "meta": {
        "profile": [ "http://hl7.org/fhir/us/qicore/StructureDefinition/qicore-servicenotrequested" ]
      },
      "extension": [ {
        "url": "http://hl7.org/fhir/us/qicore/StructureDefinition/qicore-doNotPerformReason",
        "valueCodeableConcept": {
          "coding": [ {
            "system": "http://snomed.info/sct",
            "code": "1296859006",
            "display": "Procedure declined by patient (situation)",
            "userSelected": true
          } ]
        }
      } ],
      "status": "completed",
      "intent": "order",
      "doNotPerform": true,
      "code": {
        "coding": [ {
          "system": "http://snomed.info/sct",
          "code": "183624006",
          "display": "Follow-up 2-3 months (finding)",
          "userSelected": true
        } ]
      },
      "subject": {
        "reference": "Patient/afdeaa75-d332-40f2-9b30-0b6ddf7e7c14"
      },
      "authoredOn": "2026-01-01T08:20:00.000+00:00"
    },
    "request": {
      "method": "PUT",
      "url": "ServiceRequest/45a86b56-b275-44ca-b3e9-828c6f16a971"
    }
  }, {
    "fullUrl": "https://madie.cms.gov/Coverage/0c53c29f-5a0d-441f-9d72-bd53af83bf23",
    "resource": {
      "resourceType": "Coverage",
      "id": "0c53c29f-5a0d-441f-9d72-bd53af83bf23",
      "meta": {
        "profile": [ "http://hl7.org/fhir/us/qicore/StructureDefinition/qicore-coverage" ]
      },
      "status": "active",
      "beneficiary": {
        "reference": "Patient/afdeaa75-d332-40f2-9b30-0b6ddf7e7c14"
      },
      "payor": [ {
        "reference": "Organization/a1588b1f-b9c7-4a28-a7b0-890a73ea2f4c"
      } ]
    },
    "request": {
      "method": "PUT",
      "url": "Coverage/0c53c29f-5a0d-441f-9d72-bd53af83bf23"
    }
  }, {
    "fullUrl": "https://madie.cms.gov/Organization/a1588b1f-b9c7-4a28-a7b0-890a73ea2f4c",
    "resource": {
      "resourceType": "Organization",
      "id": "a1588b1f-b9c7-4a28-a7b0-890a73ea2f4c",
      "meta": {
        "profile": [ "http://hl7.org/fhir/us/qicore/StructureDefinition/qicore-organization" ]
      },
      "identifier": [ {
        "use": "temp",
        "system": "urn:oid:2.16.840.1.113883.4.4",
        "value": "21-3259825"
      } ],
      "active": true,
      "type": [ {
        "coding": [ {
          "system": "http://terminology.hl7.org/CodeSystem/organization-type",
          "code": "pay",
          "display": "Payer"
        } ]
      } ],
      "name": "Blue Cross Blue Shield of Texas",
      "telecom": [ {
        "system": "phone",
        "value": "(+1) 972-766-6900"
      } ],
      "address": [ {
        "use": "billing",
        "type": "postal",
        "line": [ "P.O. Box 660044" ],
        "city": "Dallas",
        "state": "TX",
        "postalCode": "75266-0044",
        "country": "USA"
      } ]
    },
    "request": {
      "method": "PUT",
      "url": "Organization/a1588b1f-b9c7-4a28-a7b0-890a73ea2f4c"
    }
  }, {
    "fullUrl": "https://madie.cms.gov/Practitioner/f2830c73-3b1e-438c-bc31-ac3acc6eb2ac",
    "resource": {
      "resourceType": "Practitioner",
      "id": "f2830c73-3b1e-438c-bc31-ac3acc6eb2ac",
      "meta": {
        "profile": [ "http://hl7.org/fhir/us/qicore/StructureDefinition/qicore-practitioner" ]
      },
      "identifier": [ {
        "system": "http://hl7.org/fhir/sid/us-npi",
        "value": "123456"
      } ],
      "name": [ {
        "family": "Evil",
        "prefix": [ "Dr" ]
      } ]
    },
    "request": {
      "method": "PUT",
      "url": "Practitioner/f2830c73-3b1e-438c-bc31-ac3acc6eb2ac"
    }
  }, {
    "fullUrl": "https://madie.cms.gov/MeasureReport/2eb735dc-73c3-4b5e-980f-7196a82673ec",
    "resource": {
      "resourceType": "MeasureReport",
      "id": "2eb735dc-73c3-4b5e-980f-7196a82673ec",
      "meta": {
        "profile": [ "http://hl7.org/fhir/us/cqfmeasures/StructureDefinition/test-case-cqfm" ]
      },
      "contained": [ {
        "resourceType": "Parameters",
        "id": "7cb268bb-81b1-4ddf-80c9-c962b4fa1ea8-parameters",
        "parameter": [ {
          "name": "subject",
          "valueString": "afdeaa75-d332-40f2-9b30-0b6ddf7e7c14"
        } ]
      } ],
      "extension": [ {
        "url": "http://hl7.org/fhir/StructureDefinition/cqf-inputParameters",
        "valueReference": {
          "reference": "#7cb268bb-81b1-4ddf-80c9-c962b4fa1ea8-parameters"
        }
      }, {
        "url": "http://hl7.org/fhir/us/cqfmeasures/StructureDefinition/cqfm-testCaseDescription",
        "valueMarkdown": "Enc. 1/1  0800-0830 during MP, BP 120/79, pt. refused f/u 2-3 months."
      } ],
      "modifierExtension": [ {
        "url": "http://hl7.org/fhir/us/cqfmeasures/StructureDefinition/cqfm-isTestCase",
        "valueBoolean": true
      } ],
      "status": "complete",
      "type": "individual",
      "measure": "https://madie.cms.gov/Measure/CMS22FHIRPCSBPScreeningFollowUp",
      "period": {
        "start": "2026-01-01",
        "end": "2026-12-31"
      },
      "group": [ {
        "id": "Group_1",
        "population": [ {
          "id": "InitialPopulation_1",
          "code": {
            "coding": [ {
              "system": "http://terminology.hl7.org/CodeSystem/measure-population",
              "code": "initial-population",
              "display": "Initial Population"
            } ]
          },
          "count": 1
        }, {
          "id": "Denominator_1",
          "code": {
            "coding": [ {
              "system": "http://terminology.hl7.org/CodeSystem/measure-population",
              "code": "denominator",
              "display": "Denominator"
            } ]
          },
          "count": 1
        }, {
          "id": "DenominatorExclusion_1",
          "code": {
            "coding": [ {
              "system": "http://terminology.hl7.org/CodeSystem/measure-population",
              "code": "denominator-exclusion",
              "display": "Denominator Exclusion"
            } ]
          },
          "count": 0
        }, {
          "id": "Numerator_1",
          "code": {
            "coding": [ {
              "system": "http://terminology.hl7.org/CodeSystem/measure-population",
              "code": "numerator",
              "display": "Numerator"
            } ]
          },
          "count": 0
        }, {
          "id": "DenominatorException_1",
          "code": {
            "coding": [ {
              "system": "http://terminology.hl7.org/CodeSystem/measure-population",
              "code": "denominator-exception",
              "display": "Denominator Exception"
            } ]
          },
          "count": 1
        } ],
        "measureScore": {
          "value": 0.0
        }
      } ],
      "evaluatedResource": [ {
        "reference": "Patient/afdeaa75-d332-40f2-9b30-0b6ddf7e7c14"
      }, {
        "reference": "Encounter/7b347072-17ef-45d4-96df-825fe8198dc1"
      }, {
        "reference": "Observation/ed6d982b-76b1-4a53-9f36-15ebf33ac2c7"
      }, {
        "reference": "ServiceRequest/45a86b56-b275-44ca-b3e9-828c6f16a971"
      }, {
        "reference": "Coverage/0c53c29f-5a0d-441f-9d72-bd53af83bf23"
      }, {
        "reference": "Organization/a1588b1f-b9c7-4a28-a7b0-890a73ea2f4c"
      }, {
        "reference": "Practitioner/f2830c73-3b1e-438c-bc31-ac3acc6eb2ac"
      } ]
    },
    "request": {
      "method": "PUT",
      "url": "MeasureReport/2eb735dc-73c3-4b5e-980f-7196a82673ec"
    }
  } ]
}