{
  "resourceType": "Bundle",
  "id": "62bb3859e8081f5ef5e199f5",
  "type": "transaction",
  "entry": [ {
    "fullUrl": "https://madie.cms.gov/Patient/4d648e0d-3d8c-4089-af65-ddcf3642b735",
    "resource": {
      "resourceType": "Patient",
      "id": "4d648e0d-3d8c-4089-af65-ddcf3642b735",
      "meta": {
        "profile": [ "http://hl7.org/fhir/us/qicore/StructureDefinition/qicore-patient" ]
      },
      "extension": [ {
        "url": "http://hl7.org/fhir/us/core/StructureDefinition/us-core-race",
        "extension": [ {
          "url": "ombCategory",
          "valueCoding": {
            "system": "urn:oid:2.16.840.1.113883.6.238",
            "code": "1002-5",
            "display": "American Indian or Alaska Native",
            "userSelected": true
          }
        }, {
          "url": "text",
          "valueString": "American Indian or Alaska Native"
        } ]
      }, {
        "url": "http://hl7.org/fhir/us/core/StructureDefinition/us-core-ethnicity",
        "extension": [ {
          "url": "ombCategory",
          "valueCoding": {
            "system": "urn:oid:2.16.840.1.113883.6.238",
            "code": "2135-2",
            "display": "Hispanic or Latino",
            "userSelected": true
          }
        }, {
          "url": "text",
          "valueString": "Hispanic or Latino"
        } ]
      } ],
      "identifier": [ {
        "type": {
          "coding": [ {
            "system": "http://terminology.hl7.org/CodeSystem/v2-0203",
            "code": "MR"
          } ]
        },
        "system": "https://bonnie-fhir.healthit.gov/",
        "value": "62bb3859e8081f5ef5e199f5"
      } ],
      "name": [ {
        "family": "IPPFail",
        "given": [ "EncounterInMPNotDone" ]
      } ],
      "gender": "male",
      "birthDate": "1962-07-19"
    },
    "request": {
      "method": "PUT",
      "url": "Patient/4d648e0d-3d8c-4089-af65-ddcf3642b735"
    }
  }, {
    "fullUrl": "https://madie.cms.gov/Encounter/309a8079-e238-4b64-b8da-15e76a853028",
    "resource": {
      "resourceType": "Encounter",
      "id": "309a8079-e238-4b64-b8da-15e76a853028",
      "meta": {
        "profile": [ "http://hl7.org/fhir/us/qicore/StructureDefinition/qicore-encounter" ]
      },
      "status": "finished",
      "class": {
        "system": "http://terminology.hl7.org/CodeSystem/v3-ActCode",
        "code": "AMB",
        "display": "ambulatory"
      },
      "type": [ {
        "coding": [ {
          "system": "http://snomed.info/sct",
          "version": "http://snomed.info/sct/731000124108/version/20240401",
          "code": "185463005",
          "display": "Visit out of hours (procedure)",
          "userSelected": true
        } ]
      } ],
      "subject": {
        "reference": "Patient/4d648e0d-3d8c-4089-af65-ddcf3642b735"
      },
      "period": {
        "start": "2026-11-29T08:00:00.000+00:00",
        "end": "2026-11-29T08:15:00.000+00:00"
      }
    },
    "request": {
      "method": "PUT",
      "url": "Encounter/309a8079-e238-4b64-b8da-15e76a853028"
    }
  }, {
    "fullUrl": "https://madie.cms.gov/Condition/9a2d882f-a7f6-4342-b29a-9fb0101683af",
    "resource": {
      "resourceType": "Condition",
      "id": "9a2d882f-a7f6-4342-b29a-9fb0101683af",
      "meta": {
        "profile": [ "http://hl7.org/fhir/us/qicore/StructureDefinition/qicore-condition-problems-health-concerns" ]
      },
      "clinicalStatus": {
        "coding": [ {
          "system": "http://terminology.hl7.org/CodeSystem/condition-clinical",
          "code": "active",
          "display": "Active",
          "userSelected": true
        } ]
      },
      "verificationStatus": {
        "coding": [ {
          "system": "http://terminology.hl7.org/CodeSystem/condition-ver-status",
          "code": "confirmed",
          "display": "Confirmed",
          "userSelected": true
        } ]
      },
      "category": [ {
        "coding": [ {
          "system": "http://terminology.hl7.org/CodeSystem/condition-category",
          "code": "problem-list-item",
          "display": "Problem List Item"
        } ]
      } ],
      "code": {
        "coding": [ {
          "system": "http://snomed.info/sct",
          "version": "http://snomed.info/sct/731000124108/version/20240401",
          "code": "254900004",
          "display": "Carcinoma of prostate (disorder)",
          "userSelected": true
        } ]
      },
      "subject": {
        "reference": "Patient/4d648e0d-3d8c-4089-af65-ddcf3642b735"
      },
      "onsetPeriod": {
        "start": "2025-11-25T08:00:00.000+00:00"
      }
    },
    "request": {
      "method": "PUT",
      "url": "Condition/9a2d882f-a7f6-4342-b29a-9fb0101683af"
    }
  }, {
    "fullUrl": "https://madie.cms.gov/Observation/c4f46411-7899-4fbf-a567-cf096c255a1e",
    "resource": {
      "resourceType": "Observation",
      "id": "c4f46411-7899-4fbf-a567-cf096c255a1e",
      "meta": {
        "profile": [ "http://hl7.org/fhir/us/qicore/StructureDefinition/qicore-observation-lab" ]
      },
      "status": "final",
      "category": [ {
        "coding": [ {
          "system": "http://terminology.hl7.org/CodeSystem/observation-category",
          "code": "imaging",
          "display": "Imaging"
        } ]
      } ],
      "code": {
        "coding": [ {
          "system": "http://loinc.org",
          "version": "2.76",
          "code": "38265-5",
          "display": "DXA Radius and Ulna [T-score] Bone density"
        } ]
      },
      "subject": {
        "reference": "http://GoodHealthcare.com/fhir/Patient/46464646"
      },
      "effectivePeriod": {
        "start": "2025-11-25T10:00:00.000+00:00"
      }
    },
    "request": {
      "method": "PUT",
      "url": "Observation/c4f46411-7899-4fbf-a567-cf096c255a1e"
    }
  }, {
    "fullUrl": "https://madie.cms.gov/MedicationRequest/b061f7a1-03d9-4bd8-9985-acf1d55be056",
    "resource": {
      "resourceType": "MedicationRequest",
      "id": "b061f7a1-03d9-4bd8-9985-acf1d55be056",
      "meta": {
        "profile": [ "http://hl7.org/fhir/us/qicore/StructureDefinition/qicore-medicationrequest" ]
      },
      "status": "active",
      "intent": "order",
      "medicationCodeableConcept": {
        "coding": [ {
          "system": "http://www.nlm.nih.gov/research/umls/rxnorm",
          "version": "2025-01",
          "code": "752886",
          "display": "0.375 ML leuprolide acetate 120 MG/ML Prefilled Syringe",
          "userSelected": true
        } ]
      },
      "subject": {
        "reference": "Patient/4d648e0d-3d8c-4089-af65-ddcf3642b735"
      },
      "authoredOn": "2025-11-25T08:00:00.000+00:00",
      "requester": {
        "reference": "http://myGoodHealthcare.com/fhir/Practitioner/646346"
      },
      "dosageInstruction": [ {
        "timing": {
          "repeat": {
            "boundsPeriod": {
              "start": "2025-11-25T08:00:00.000+00:00"
            }
          }
        }
      } ]
    },
    "request": {
      "method": "PUT",
      "url": "MedicationRequest/b061f7a1-03d9-4bd8-9985-acf1d55be056"
    }
  }, {
    "fullUrl": "https://madie.cms.gov/ServiceRequest/c96b38a7-9948-4276-adc0-12c25ac00f5f",
    "resource": {
      "resourceType": "ServiceRequest",
      "id": "c96b38a7-9948-4276-adc0-12c25ac00f5f",
      "meta": {
        "profile": [ "http://hl7.org/fhir/us/qicore/StructureDefinition/qicore-servicerequest" ]
      },
      "status": "active",
      "intent": "order",
      "code": {
        "coding": [ {
          "system": "http://snomed.info/sct",
          "code": "456381000124102",
          "display": "Injection of leuprolide acetate for twelve month period (regime/therapy)",
          "userSelected": true
        } ]
      },
      "subject": {
        "reference": "Patient/4d648e0d-3d8c-4089-af65-ddcf3642b735"
      },
      "authoredOn": "2027-11-25T08:00:00.000+00:00"
    },
    "request": {
      "method": "PUT",
      "url": "ServiceRequest/c96b38a7-9948-4276-adc0-12c25ac00f5f"
    }
  }, {
    "fullUrl": "https://madie.cms.gov/MeasureReport/4743356b-9c8c-434d-afc4-9c59f77fd675",
    "resource": {
      "resourceType": "MeasureReport",
      "id": "4743356b-9c8c-434d-afc4-9c59f77fd675",
      "meta": {
        "profile": [ "http://hl7.org/fhir/us/cqfmeasures/StructureDefinition/test-case-cqfm" ]
      },
      "contained": [ {
        "resourceType": "Parameters",
        "id": "f5fbeafa-f0bd-4b33-92f5-245fab739d01-parameters",
        "parameter": [ {
          "name": "subject",
          "valueString": "4d648e0d-3d8c-4089-af65-ddcf3642b735"
        } ]
      } ],
      "extension": [ {
        "url": "http://hl7.org/fhir/StructureDefinition/cqf-inputParameters",
        "valueReference": {
          "reference": "#f5fbeafa-f0bd-4b33-92f5-245fab739d01-parameters"
        }
      }, {
        "url": "http://hl7.org/fhir/us/cqfmeasures/StructureDefinition/cqfm-testCaseDescription",
        "valueMarkdown": "Dx of Prostate Cancer, ADT is not null, but qualifying encounter(s) was not done  in MP. Fails IPP Criteria"
      } ],
      "modifierExtension": [ {
        "url": "http://hl7.org/fhir/us/cqfmeasures/StructureDefinition/cqfm-isTestCase",
        "valueBoolean": true
      } ],
      "status": "complete",
      "type": "individual",
      "measure": "https://madie.cms.gov/Measure/CMS645FHIRBoneDensityProstateCancerAndrogenDeprivationTherapy",
      "period": {
        "start": "2026-01-01",
        "end": "2026-12-31"
      },
      "group": [ {
        "id": "Group_1",
        "population": [ {
          "id": "InitialPopulation_1",
          "code": {
            "coding": [ {
              "system": "http://terminology.hl7.org/CodeSystem/measure-population",
              "code": "initial-population",
              "display": "Initial Population"
            } ]
          },
          "count": 0
        }, {
          "id": "Denominator_1",
          "code": {
            "coding": [ {
              "system": "http://terminology.hl7.org/CodeSystem/measure-population",
              "code": "denominator",
              "display": "Denominator"
            } ]
          },
          "count": 0
        }, {
          "id": "Numerator_1",
          "code": {
            "coding": [ {
              "system": "http://terminology.hl7.org/CodeSystem/measure-population",
              "code": "numerator",
              "display": "Numerator"
            } ]
          },
          "count": 0
        }, {
          "id": "DenominatorException_1",
          "code": {
            "coding": [ {
              "system": "http://terminology.hl7.org/CodeSystem/measure-population",
              "code": "denominator-exception",
              "display": "Denominator Exception"
            } ]
          },
          "count": 0
        } ],
        "measureScore": {
          "value": 1.0
        }
      } ],
      "evaluatedResource": [ {
        "reference": "Patient/4d648e0d-3d8c-4089-af65-ddcf3642b735"
      }, {
        "reference": "Encounter/309a8079-e238-4b64-b8da-15e76a853028"
      }, {
        "reference": "Condition/9a2d882f-a7f6-4342-b29a-9fb0101683af"
      }, {
        "reference": "Observation/c4f46411-7899-4fbf-a567-cf096c255a1e"
      }, {
        "reference": "MedicationRequest/b061f7a1-03d9-4bd8-9985-acf1d55be056"
      }, {
        "reference": "ServiceRequest/c96b38a7-9948-4276-adc0-12c25ac00f5f"
      } ]
    },
    "request": {
      "method": "PUT",
      "url": "MeasureReport/4743356b-9c8c-434d-afc4-9c59f77fd675"
    }
  } ]
}