{
  "resourceType": "Bundle",
  "id": "4613103634163131",
  "type": "transaction",
  "entry": [ {
    "fullUrl": "https://madie.cms.gov/Patient/f0c276f8-af7b-4c0b-b413-6b9730bcabbb",
    "resource": {
      "resourceType": "Patient",
      "id": "f0c276f8-af7b-4c0b-b413-6b9730bcabbb",
      "meta": {
        "profile": [ "http://hl7.org/fhir/us/qicore/StructureDefinition/qicore-patient" ]
      },
      "extension": [ {
        "url": "http://hl7.org/fhir/us/core/StructureDefinition/us-core-race",
        "extension": [ {
          "url": "ombCategory",
          "valueCoding": {
            "system": "urn:oid:2.16.840.1.113883.6.238",
            "code": "2076-8",
            "display": "Native Hawaiian or Other Pacific Islander"
          }
        }, {
          "url": "text",
          "valueString": "Native Hawaiian or Other Pacific Islander"
        } ]
      }, {
        "url": "http://hl7.org/fhir/us/core/StructureDefinition/us-core-ethnicity",
        "extension": [ {
          "url": "ombCategory",
          "valueCoding": {
            "system": "urn:oid:2.16.840.1.113883.6.238",
            "code": "2186-5",
            "display": "Not Hispanic or Latino"
          }
        }, {
          "url": "text",
          "valueString": "Not Hispanic or Latino"
        } ]
      } ],
      "identifier": [ {
        "type": {
          "coding": [ {
            "system": "http://terminology.hl7.org/CodeSystem/v2-0203",
            "code": "MR"
          } ]
        },
        "system": "https://bonnie-fhir.healthit.gov/",
        "value": "7843135463165262"
      } ],
      "name": [ {
        "family": "DENEXPass",
        "given": [ "MixedHistology2MonthsAfterStaging" ]
      } ],
      "gender": "female",
      "birthDate": "1947-11-03"
    },
    "request": {
      "method": "PUT",
      "url": "Patient/f0c276f8-af7b-4c0b-b413-6b9730bcabbb"
    }
  }, {
    "fullUrl": "https://madie.cms.gov/Encounter/d31223ad-0592-4efd-9980-12e94abbdab1",
    "resource": {
      "resourceType": "Encounter",
      "id": "d31223ad-0592-4efd-9980-12e94abbdab1",
      "meta": {
        "profile": [ "http://hl7.org/fhir/us/qicore/StructureDefinition/qicore-encounter" ]
      },
      "status": "finished",
      "class": {
        "system": "http://terminology.hl7.org/CodeSystem/v3-ActCode",
        "code": "AMB",
        "display": "ambulatory"
      },
      "type": [ {
        "coding": [ {
          "system": "http://snomed.info/sct",
          "version": "http://snomed.info/sct/731000124108/version/20240301",
          "code": "185463005",
          "display": "Visit out of hours (procedure)"
        } ]
      } ],
      "subject": {
        "reference": "Patient/f0c276f8-af7b-4c0b-b413-6b9730bcabbb"
      },
      "period": {
        "start": "2026-04-06T08:00:00.000+00:00",
        "end": "2026-04-06T09:15:00.000+00:00"
      }
    },
    "request": {
      "method": "PUT",
      "url": "Encounter/d31223ad-0592-4efd-9980-12e94abbdab1"
    }
  }, {
    "fullUrl": "https://madie.cms.gov/Condition/ecf2ca02-28f5-49cf-bbe6-6293c0ef51ad",
    "resource": {
      "resourceType": "Condition",
      "id": "ecf2ca02-28f5-49cf-bbe6-6293c0ef51ad",
      "meta": {
        "profile": [ "http://hl7.org/fhir/us/qicore/StructureDefinition/qicore-condition-problems-health-concerns" ]
      },
      "clinicalStatus": {
        "coding": [ {
          "system": "http://terminology.hl7.org/CodeSystem/condition-clinical",
          "code": "active",
          "display": "Active"
        } ]
      },
      "verificationStatus": {
        "coding": [ {
          "system": "http://terminology.hl7.org/CodeSystem/condition-ver-status",
          "code": "confirmed",
          "display": "Confirmed"
        } ]
      },
      "category": [ {
        "coding": [ {
          "system": "http://terminology.hl7.org/CodeSystem/condition-category",
          "code": "problem-list-item",
          "display": "Problem List Item"
        } ]
      } ],
      "code": {
        "coding": [ {
          "system": "http://hl7.org/fhir/sid/icd-10-cm",
          "version": "2024",
          "code": "C67.1",
          "display": "Malignant neoplasm of dome of bladder"
        } ]
      },
      "subject": {
        "reference": "Patient/f0c276f8-af7b-4c0b-b413-6b9730bcabbb"
      },
      "onsetPeriod": {
        "start": "2026-04-06T08:00:00.000+00:00"
      }
    },
    "request": {
      "method": "PUT",
      "url": "Condition/ecf2ca02-28f5-49cf-bbe6-6293c0ef51ad"
    }
  }, {
    "fullUrl": "https://madie.cms.gov/Condition/41e1f381-8555-4f23-bcc1-5c4cfa8962ac",
    "resource": {
      "resourceType": "Condition",
      "id": "41e1f381-8555-4f23-bcc1-5c4cfa8962ac",
      "meta": {
        "profile": [ "http://hl7.org/fhir/us/qicore/StructureDefinition/qicore-condition-problems-health-concerns" ]
      },
      "clinicalStatus": {
        "coding": [ {
          "system": "http://terminology.hl7.org/CodeSystem/condition-clinical",
          "code": "active",
          "display": "Active"
        } ]
      },
      "verificationStatus": {
        "coding": [ {
          "system": "http://terminology.hl7.org/CodeSystem/condition-ver-status",
          "code": "confirmed",
          "display": "Confirmed"
        } ]
      },
      "category": [ {
        "coding": [ {
          "system": "http://terminology.hl7.org/CodeSystem/condition-category",
          "code": "problem-list-item",
          "display": "Problem List Item"
        } ]
      } ],
      "code": {
        "coding": [ {
          "system": "http://snomed.info/sct",
          "version": "http://snomed.info/sct/731000124108/version/20240301",
          "code": "278046008",
          "display": "Mixed histology urothelial cell carcinoma for Urology Care"
        } ]
      },
      "subject": {
        "reference": "Patient/f0c276f8-af7b-4c0b-b413-6b9730bcabbb"
      },
      "onsetPeriod": {
        "start": "2026-06-06T08:00:00.000+00:00"
      }
    },
    "request": {
      "method": "PUT",
      "url": "Condition/41e1f381-8555-4f23-bcc1-5c4cfa8962ac"
    }
  }, {
    "fullUrl": "https://madie.cms.gov/Condition/41e1f381-8555-4f23-bcc1-5c4cfa8962ac",
    "resource": {
      "resourceType": "Condition",
      "id": "41e1f381-8555-4f23-bcc1-5c4cfa8962ac",
      "meta": {
        "profile": [ "http://hl7.org/fhir/us/qicore/StructureDefinition/qicore-condition-encounter-diagnosis" ]
      },
      "clinicalStatus": {
        "coding": [ {
          "system": "http://terminology.hl7.org/CodeSystem/condition-clinical",
          "code": "active",
          "display": "Active"
        } ]
      },
      "verificationStatus": {
        "coding": [ {
          "system": "http://terminology.hl7.org/CodeSystem/condition-ver-status",
          "code": "confirmed",
          "display": "Confirmed"
        } ]
      },
      "category": [ {
        "coding": [ {
          "system": "http://terminology.hl7.org/CodeSystem/condition-category",
          "code": "encounter-diagnosis",
          "display": "Encounter Diagnosis"
        } ]
      } ],
      "code": {
        "coding": [ {
          "system": "http://snomed.info/sct",
          "version": "http://snomed.info/sct/731000124108/version/20240301",
          "code": "278046008",
          "display": "Mixed histology urothelial cell carcinoma for Urology Care"
        } ]
      },
      "subject": {
        "reference": "Patient/f0c276f8-af7b-4c0b-b413-6b9730bcabbb"
      },
      "onsetPeriod": {
        "start": "2026-06-06T08:00:00.000+00:00"
      }
    },
    "request": {
      "method": "PUT",
      "url": "Condition/41e1f381-8555-4f23-bcc1-5c4cfa8962ac"
    }
  }, {
    "fullUrl": "https://madie.cms.gov/Procedure/89f0bfc0-64da-456c-8bdc-03b6fdea5e3b",
    "resource": {
      "resourceType": "Procedure",
      "id": "89f0bfc0-64da-456c-8bdc-03b6fdea5e3b",
      "meta": {
        "profile": [ "http://hl7.org/fhir/us/qicore/StructureDefinition/qicore-procedure" ]
      },
      "extension": [ {
        "url": "http://hl7.org/fhir/us/qicore/StructureDefinition/qicore-recorded",
        "valueDateTime": "2026-04-06T08:00:00.000+00:00"
      } ],
      "status": "completed",
      "code": {
        "coding": [ {
          "system": "http://snomed.info/sct",
          "version": "http://snomed.info/sct/731000124108/version/20240301",
          "code": "254292007",
          "display": "Tumor staging"
        } ]
      },
      "subject": {
        "reference": "Patient/f0c276f8-af7b-4c0b-b413-6b9730bcabbb"
      },
      "performedDateTime": "2026-04-06T08:00:00.000+00:00"
    },
    "request": {
      "method": "PUT",
      "url": "Procedure/89f0bfc0-64da-456c-8bdc-03b6fdea5e3b"
    }
  }, {
    "fullUrl": "https://madie.cms.gov/Observation/74b7830f-0e4c-4848-a68e-deb78f72ebe5",
    "resource": {
      "resourceType": "Observation",
      "id": "74b7830f-0e4c-4848-a68e-deb78f72ebe5",
      "meta": {
        "profile": [ "http://hl7.org/fhir/us/qicore/StructureDefinition/qicore-observation-lab" ]
      },
      "partOf": [ {
        "reference": "Procedure/89f0bfc0-64da-456c-8bdc-03b6fdea5e3b"
      } ],
      "status": "final",
      "category": [ {
        "coding": [ {
          "system": "http://terminology.hl7.org/CodeSystem/observation-category",
          "code": "procedure",
          "display": "Procedure"
        } ]
      } ],
      "code": {
        "coding": [ {
          "system": "http://loinc.org",
          "version": "2.76",
          "code": "21902-2",
          "display": "Stage group.pathology Cancer"
        } ]
      },
      "subject": {
        "reference": "Patient/f0c276f8-af7b-4c0b-b413-6b9730bcabbb"
      },
      "effectiveDateTime": "2026-04-06T08:00:00.000+00:00",
      "issued": "2026-04-06T08:10:00.000+00:00",
      "valueCodeableConcept": {
        "coding": [ {
          "system": "http://snomed.info/sct",
          "version": "http://snomed.info/sct/731000124108/version/20240301",
          "code": "1228883000",
          "display": "American Joint Committee on Cancer cTa (qualifier value)"
        } ]
      }
    },
    "request": {
      "method": "PUT",
      "url": "Observation/74b7830f-0e4c-4848-a68e-deb78f72ebe5"
    }
  }, {
    "fullUrl": "https://madie.cms.gov/MeasureReport/e686f73c-7ae4-450a-a970-4e484c87f9d9",
    "resource": {
      "resourceType": "MeasureReport",
      "id": "e686f73c-7ae4-450a-a970-4e484c87f9d9",
      "meta": {
        "profile": [ "http://hl7.org/fhir/us/cqfmeasures/StructureDefinition/test-case-cqfm" ]
      },
      "contained": [ {
        "resourceType": "Parameters",
        "id": "b17d7842-66fe-4d98-a3be-6d7110c24eb0-parameters",
        "parameter": [ {
          "name": "subject",
          "valueString": "f0c276f8-af7b-4c0b-b413-6b9730bcabbb"
        } ]
      } ],
      "extension": [ {
        "url": "http://hl7.org/fhir/StructureDefinition/cqf-inputParameters",
        "valueReference": {
          "reference": "#b17d7842-66fe-4d98-a3be-6d7110c24eb0-parameters"
        }
      }, {
        "url": "http://hl7.org/fhir/us/cqfmeasures/StructureDefinition/cqfm-testCaseDescription",
        "valueMarkdown": "Patient with OV in MP. Bladder cancer diagnosis and cancer staging in MP.  Pt has Mixed histology 2 mo after staging and should not be excluded. "
      } ],
      "modifierExtension": [ {
        "url": "http://hl7.org/fhir/us/cqfmeasures/StructureDefinition/cqfm-isTestCase",
        "valueBoolean": true
      } ],
      "status": "complete",
      "type": "individual",
      "measure": "https://madie.cms.gov/Measure/CMS646FHIRIntravesicalBacillusCalmetteGuerinForBladderCancer",
      "period": {
        "start": "2026-01-01",
        "end": "2026-12-31"
      },
      "group": [ {
        "id": "Group_1",
        "population": [ {
          "id": "InitialPopulation_1",
          "code": {
            "coding": [ {
              "system": "http://terminology.hl7.org/CodeSystem/measure-population",
              "code": "initial-population",
              "display": "Initial Population"
            } ]
          },
          "count": 1
        }, {
          "id": "Denominator_1",
          "code": {
            "coding": [ {
              "system": "http://terminology.hl7.org/CodeSystem/measure-population",
              "code": "denominator",
              "display": "Denominator"
            } ]
          },
          "count": 1
        }, {
          "id": "DenominatorExclusion_1",
          "code": {
            "coding": [ {
              "system": "http://terminology.hl7.org/CodeSystem/measure-population",
              "code": "denominator-exclusion",
              "display": "Denominator Exclusion"
            } ]
          },
          "count": 0
        }, {
          "id": "Numerator_1",
          "code": {
            "coding": [ {
              "system": "http://terminology.hl7.org/CodeSystem/measure-population",
              "code": "numerator",
              "display": "Numerator"
            } ]
          },
          "count": 0
        }, {
          "id": "DenominatorException_1",
          "code": {
            "coding": [ {
              "system": "http://terminology.hl7.org/CodeSystem/measure-population",
              "code": "denominator-exception",
              "display": "Denominator Exception"
            } ]
          },
          "count": 0
        } ],
        "measureScore": {
          "value": 1.0
        }
      } ],
      "evaluatedResource": [ {
        "reference": "Patient/f0c276f8-af7b-4c0b-b413-6b9730bcabbb"
      }, {
        "reference": "Encounter/d31223ad-0592-4efd-9980-12e94abbdab1"
      }, {
        "reference": "Condition/ecf2ca02-28f5-49cf-bbe6-6293c0ef51ad"
      }, {
        "reference": "Condition/41e1f381-8555-4f23-bcc1-5c4cfa8962ac"
      }, {
        "reference": "Condition/41e1f381-8555-4f23-bcc1-5c4cfa8962ac"
      }, {
        "reference": "Procedure/89f0bfc0-64da-456c-8bdc-03b6fdea5e3b"
      }, {
        "reference": "Observation/74b7830f-0e4c-4848-a68e-deb78f72ebe5"
      } ]
    },
    "request": {
      "method": "PUT",
      "url": "MeasureReport/e686f73c-7ae4-450a-a970-4e484c87f9d9"
    }
  } ]
}