{
  "resourceType": "Bundle",
  "id": "IPFail-19wTHAProcNov1PostOpVisDec31",
  "type": "transaction",
  "entry": [ {
    "fullUrl": "https://madie.cms.gov/Patient/e7b66999-dd75-435a-aa3b-aa6650337430",
    "resource": {
      "resourceType": "Patient",
      "id": "e7b66999-dd75-435a-aa3b-aa6650337430",
      "meta": {
        "profile": [ "http://hl7.org/fhir/us/qicore/StructureDefinition/qicore-patient" ]
      },
      "extension": [ {
        "url": "http://hl7.org/fhir/us/core/StructureDefinition/us-core-race",
        "extension": [ {
          "url": "ombCategory",
          "valueCoding": {
            "system": "urn:oid:2.16.840.1.113883.6.238",
            "code": "2028-9",
            "display": "Asian"
          }
        }, {
          "url": "text",
          "valueString": "Asian"
        } ]
      }, {
        "url": "http://hl7.org/fhir/us/core/StructureDefinition/us-core-ethnicity",
        "extension": [ {
          "url": "ombCategory",
          "valueCoding": {
            "system": "urn:oid:2.16.840.1.113883.6.238",
            "code": "2135-2",
            "display": "Hispanic or Latino"
          }
        }, {
          "url": "text",
          "valueString": "Hispanic or Latino"
        } ]
      } ],
      "identifier": [ {
        "system": "http://hospital.smarthealthit.org",
        "value": "999999995"
      } ],
      "name": [ {
        "family": "Bertha",
        "given": [ "Betty" ]
      } ],
      "gender": "female",
      "birthDate": "2007-01-01"
    },
    "request": {
      "method": "PUT",
      "url": "Patient/e7b66999-dd75-435a-aa3b-aa6650337430"
    }
  }, {
    "fullUrl": "https://madie.cms.gov/Procedure/819325ec-0b3e-4b6c-9768-d4282e8d2c2e",
    "resource": {
      "resourceType": "Procedure",
      "id": "819325ec-0b3e-4b6c-9768-d4282e8d2c2e",
      "meta": {
        "profile": [ "http://hl7.org/fhir/us/qicore/StructureDefinition/qicore-procedure" ]
      },
      "extension": [ {
        "url": "http://hl7.org/fhir/us/qicore/StructureDefinition/qicore-recorded",
        "valueDateTime": "2024-11-01T00:00:00.000Z"
      } ],
      "status": "completed",
      "code": {
        "coding": [ {
          "system": "http://www.cms.gov/Medicare/Coding/ICD10",
          "code": "0SR9019",
          "display": "Replacement of Right Hip Joint with Metal Synthetic Substitute, Cemented, Open Approach"
        } ]
      },
      "subject": {
        "reference": "Patient/e7b66999-dd75-435a-aa3b-aa6650337430"
      },
      "performedPeriod": {
        "start": "2025-11-01T00:00:00.000Z",
        "end": "2025-11-01T01:00:00.000Z"
      }
    },
    "request": {
      "method": "PUT",
      "url": "Procedure/819325ec-0b3e-4b6c-9768-d4282e8d2c2e"
    }
  }, {
    "fullUrl": "https://madie.cms.gov/Encounter/9a8b580d-a4ed-42c8-a49e-5d913374b5f5",
    "resource": {
      "resourceType": "Encounter",
      "id": "9a8b580d-a4ed-42c8-a49e-5d913374b5f5",
      "meta": {
        "profile": [ "http://hl7.org/fhir/us/qicore/StructureDefinition/qicore-encounter" ]
      },
      "status": "finished",
      "class": {
        "system": "http://terminology.hl7.org/CodeSystem/v3-ActCode",
        "code": "AMB",
        "display": "ambulatory"
      },
      "type": [ {
        "coding": [ {
          "system": "http://www.ama-assn.org/go/cpt",
          "code": "99024",
          "display": "Postoperative follow-up visit, normally included in the surgical package, to indicate that an evaluation and management service was performed during a postoperative period for a reason(s) related to the original procedure"
        } ]
      } ],
      "subject": {
        "reference": "Patient/e7b66999-dd75-435a-aa3b-aa6650337430"
      },
      "period": {
        "start": "2026-12-31T00:00:00.000Z",
        "end": "2026-12-31T01:15:00.000Z"
      }
    },
    "request": {
      "method": "PUT",
      "url": "Encounter/9a8b580d-a4ed-42c8-a49e-5d913374b5f5"
    }
  }, {
    "fullUrl": "https://madie.cms.gov/MeasureReport/96376372-9ec5-4f83-88b0-8ce9afb57e9c",
    "resource": {
      "resourceType": "MeasureReport",
      "id": "96376372-9ec5-4f83-88b0-8ce9afb57e9c",
      "meta": {
        "profile": [ "http://hl7.org/fhir/us/cqfmeasures/StructureDefinition/test-case-cqfm" ]
      },
      "contained": [ {
        "resourceType": "Parameters",
        "id": "119af474-ad9d-4d3f-9557-20499a2def5b-parameters",
        "parameter": [ {
          "name": "subject",
          "valueString": "e7b66999-dd75-435a-aa3b-aa6650337430"
        } ]
      } ],
      "extension": [ {
        "url": "http://hl7.org/fhir/StructureDefinition/cqf-inputParameters",
        "valueReference": {
          "reference": "#119af474-ad9d-4d3f-9557-20499a2def5b-parameters"
        }
      }, {
        "url": "http://hl7.org/fhir/us/cqfmeasures/StructureDefinition/cqfm-testCaseDescription",
        "valueMarkdown": "Patient 19yo w/ a THA Procedure 11/01 after THAProcedure Interval & Post Op Visit Outpatient Encounter on 12/31 during Qualifying Encounter Interval"
      } ],
      "modifierExtension": [ {
        "url": "http://hl7.org/fhir/us/cqfmeasures/StructureDefinition/cqfm-isTestCase",
        "valueBoolean": true
      } ],
      "status": "complete",
      "type": "individual",
      "measure": "https://madie.cms.gov/Measure/CMS56FHIRFunctionalStatusAssessmentforTotalHipReplacement",
      "period": {
        "start": "2026-01-01",
        "end": "2026-12-31"
      },
      "group": [ {
        "id": "Group_1",
        "population": [ {
          "id": "InitialPopulation_1",
          "code": {
            "coding": [ {
              "system": "http://terminology.hl7.org/CodeSystem/measure-population",
              "code": "initial-population",
              "display": "Initial Population"
            } ]
          },
          "count": 0
        }, {
          "id": "Denominator_1",
          "code": {
            "coding": [ {
              "system": "http://terminology.hl7.org/CodeSystem/measure-population",
              "code": "denominator",
              "display": "Denominator"
            } ]
          },
          "count": 0
        }, {
          "id": "DenominatorExclusion_1",
          "code": {
            "coding": [ {
              "system": "http://terminology.hl7.org/CodeSystem/measure-population",
              "code": "denominator-exclusion",
              "display": "Denominator Exclusion"
            } ]
          },
          "count": 0
        }, {
          "id": "Numerator_1",
          "code": {
            "coding": [ {
              "system": "http://terminology.hl7.org/CodeSystem/measure-population",
              "code": "numerator",
              "display": "Numerator"
            } ]
          },
          "count": 0
        } ],
        "measureScore": {
          "value": 1.0
        }
      } ],
      "evaluatedResource": [ {
        "reference": "Patient/e7b66999-dd75-435a-aa3b-aa6650337430"
      }, {
        "reference": "Procedure/819325ec-0b3e-4b6c-9768-d4282e8d2c2e"
      }, {
        "reference": "Encounter/9a8b580d-a4ed-42c8-a49e-5d913374b5f5"
      } ]
    },
    "request": {
      "method": "PUT",
      "url": "MeasureReport/96376372-9ec5-4f83-88b0-8ce9afb57e9c"
    }
  } ]
}