{
  "resourceType": "Bundle",
  "id": "62b1d9b23968556e5150cf30",
  "type": "transaction",
  "entry": [ {
    "fullUrl": "https://madie.cms.gov/Patient/a7ad97c4-9769-4630-8ad7-8cf354384aa1",
    "resource": {
      "resourceType": "Patient",
      "id": "a7ad97c4-9769-4630-8ad7-8cf354384aa1",
      "meta": {
        "profile": [ "http://hl7.org/fhir/us/qicore/StructureDefinition/qicore-patient" ]
      },
      "extension": [ {
        "url": "http://hl7.org/fhir/us/core/StructureDefinition/us-core-race",
        "extension": [ {
          "url": "ombCategory",
          "valueCoding": {
            "system": "urn:oid:2.16.840.1.113883.6.238",
            "code": "1002-5",
            "display": "American Indian or Alaska Native",
            "userSelected": true
          }
        }, {
          "url": "text",
          "valueString": "American Indian or Alaska Native"
        } ]
      }, {
        "url": "http://hl7.org/fhir/us/core/StructureDefinition/us-core-ethnicity",
        "extension": [ {
          "url": "ombCategory",
          "valueCoding": {
            "system": "urn:oid:2.16.840.1.113883.6.238",
            "code": "2135-2",
            "display": "Hispanic or Latino",
            "userSelected": true
          }
        }, {
          "url": "text",
          "valueString": "Hispanic or Latino"
        } ]
      } ],
      "identifier": [ {
        "type": {
          "coding": [ {
            "system": "http://terminology.hl7.org/CodeSystem/v2-0203",
            "code": "MR"
          } ]
        },
        "system": "https://bonnie-fhir.healthit.gov/",
        "value": "62b1d9b23968556e5150cf30"
      } ],
      "name": [ {
        "family": "NUMERPass",
        "given": [ "NegativeAdultDepressionScreening" ]
      } ],
      "gender": "male",
      "birthDate": "2008-01-01"
    },
    "request": {
      "method": "PUT",
      "url": "Patient/a7ad97c4-9769-4630-8ad7-8cf354384aa1"
    }
  }, {
    "fullUrl": "https://madie.cms.gov/Encounter/1e14e26e-17b1-4aff-8d00-6a91f75252e1",
    "resource": {
      "resourceType": "Encounter",
      "id": "1e14e26e-17b1-4aff-8d00-6a91f75252e1",
      "meta": {
        "profile": [ "http://hl7.org/fhir/us/qicore/StructureDefinition/qicore-encounter" ]
      },
      "status": "finished",
      "class": {
        "system": "http://terminology.hl7.org/CodeSystem/v3-ActCode",
        "code": "AMB",
        "display": "ambulatory"
      },
      "type": [ {
        "coding": [ {
          "system": "http://snomed.info/sct",
          "version": "2021-09",
          "code": "10197000",
          "display": "Psychiatric interview and evaluation (procedure)",
          "userSelected": true
        } ]
      } ],
      "subject": {
        "reference": "Patient/a7ad97c4-9769-4630-8ad7-8cf354384aa1"
      },
      "period": {
        "start": "2026-06-21T08:00:00.000+00:00",
        "end": "2026-06-21T08:15:00.000+00:00"
      }
    },
    "request": {
      "method": "PUT",
      "url": "Encounter/1e14e26e-17b1-4aff-8d00-6a91f75252e1"
    }
  }, {
    "fullUrl": "https://madie.cms.gov/Observation/af7518b3-5de1-4ff0-958e-51b382283c1e",
    "resource": {
      "resourceType": "Observation",
      "id": "af7518b3-5de1-4ff0-958e-51b382283c1e",
      "meta": {
        "profile": [ "http://hl7.org/fhir/us/qicore/StructureDefinition/qicore-observation-screening-assessment" ]
      },
      "status": "final",
      "category": [ {
        "coding": [ {
          "system": "http://terminology.hl7.org/CodeSystem/observation-category",
          "code": "procedure",
          "display": "Procedure"
        } ]
      } ],
      "code": {
        "coding": [ {
          "system": "http://loinc.org",
          "code": "73832-8",
          "display": "Adult depression screening assessment",
          "userSelected": true
        } ]
      },
      "subject": {
        "reference": "Patient/a7ad97c4-9769-4630-8ad7-8cf354384aa1"
      },
      "effectiveDateTime": "2026-06-15T08:00:00.000+00:00",
      "valueCodeableConcept": {
        "coding": [ {
          "system": "http://snomed.info/sct",
          "code": "428171000124102",
          "display": "Depression screening negative (finding)",
          "userSelected": true
        } ]
      }
    },
    "request": {
      "method": "PUT",
      "url": "Observation/af7518b3-5de1-4ff0-958e-51b382283c1e"
    }
  }, {
    "fullUrl": "https://madie.cms.gov/Coverage/e3f38c08-491f-40c7-a043-ea40c519f258",
    "resource": {
      "resourceType": "Coverage",
      "id": "e3f38c08-491f-40c7-a043-ea40c519f258",
      "meta": {
        "profile": [ "http://hl7.org/fhir/us/qicore/StructureDefinition/qicore-coverage" ]
      },
      "status": "active",
      "beneficiary": {
        "reference": "Patient/a7ad97c4-9769-4630-8ad7-8cf354384aa1"
      },
      "payor": [ {
        "reference": "Organization/50f38555-f523-43bc-9cdf-cb18955aa902"
      } ]
    },
    "request": {
      "method": "PUT",
      "url": "Coverage/e3f38c08-491f-40c7-a043-ea40c519f258"
    }
  }, {
    "fullUrl": "https://madie.cms.gov/Organization/50f38555-f523-43bc-9cdf-cb18955aa902",
    "resource": {
      "resourceType": "Organization",
      "id": "50f38555-f523-43bc-9cdf-cb18955aa902",
      "meta": {
        "profile": [ "http://hl7.org/fhir/us/qicore/StructureDefinition/qicore-organization" ]
      },
      "identifier": [ {
        "use": "temp",
        "system": "urn:oid:2.16.840.1.113883.4.4",
        "value": "21-3259825"
      } ],
      "active": true,
      "type": [ {
        "coding": [ {
          "system": "http://terminology.hl7.org/CodeSystem/organization-type",
          "code": "pay",
          "display": "Payer"
        } ]
      } ],
      "name": "Blue Cross Blue Shield of Texas",
      "telecom": [ {
        "system": "phone",
        "value": "(+1) 972-766-6900"
      } ],
      "address": [ {
        "use": "billing",
        "type": "postal",
        "line": [ "P.O. Box 660044" ],
        "city": "Dallas",
        "state": "TX",
        "postalCode": "75266-0044",
        "country": "USA"
      } ]
    },
    "request": {
      "method": "PUT",
      "url": "Organization/50f38555-f523-43bc-9cdf-cb18955aa902"
    }
  }, {
    "fullUrl": "https://madie.cms.gov/Practitioner/b866bd23-235b-4727-a94a-4edbae737c09",
    "resource": {
      "resourceType": "Practitioner",
      "id": "b866bd23-235b-4727-a94a-4edbae737c09",
      "meta": {
        "profile": [ "http://hl7.org/fhir/us/qicore/StructureDefinition/qicore-practitioner" ]
      },
      "identifier": [ {
        "system": "http://hl7.org/fhir/sid/us-npi",
        "value": "123456"
      } ],
      "name": [ {
        "family": "Evil",
        "prefix": [ "Dr" ]
      } ]
    },
    "request": {
      "method": "PUT",
      "url": "Practitioner/b866bd23-235b-4727-a94a-4edbae737c09"
    }
  }, {
    "fullUrl": "https://madie.cms.gov/MeasureReport/340ed672-8e52-453d-a11c-5722cbf6169b",
    "resource": {
      "resourceType": "MeasureReport",
      "id": "340ed672-8e52-453d-a11c-5722cbf6169b",
      "meta": {
        "profile": [ "http://hl7.org/fhir/us/cqfmeasures/StructureDefinition/test-case-cqfm" ]
      },
      "contained": [ {
        "resourceType": "Parameters",
        "id": "617b54a6-d2b2-4983-98f2-916bab48574e-parameters",
        "parameter": [ {
          "name": "subject",
          "valueString": "a7ad97c4-9769-4630-8ad7-8cf354384aa1"
        } ]
      } ],
      "extension": [ {
        "url": "http://hl7.org/fhir/StructureDefinition/cqf-inputParameters",
        "valueReference": {
          "reference": "#617b54a6-d2b2-4983-98f2-916bab48574e-parameters"
        }
      }, {
        "url": "http://hl7.org/fhir/us/cqfmeasures/StructureDefinition/cqfm-testCaseDescription",
        "valueMarkdown": "Adult with previous negative adult depression screening"
      } ],
      "modifierExtension": [ {
        "url": "http://hl7.org/fhir/us/cqfmeasures/StructureDefinition/cqfm-isTestCase",
        "valueBoolean": true
      } ],
      "status": "complete",
      "type": "individual",
      "measure": "https://madie.cms.gov/Measure/CMS2FHIRPCSDepressionScreenAndFollowUp",
      "period": {
        "start": "2026-01-01",
        "end": "2026-12-31"
      },
      "group": [ {
        "id": "Group_1",
        "population": [ {
          "id": "InitialPopulation_1",
          "code": {
            "coding": [ {
              "system": "http://terminology.hl7.org/CodeSystem/measure-population",
              "code": "initial-population",
              "display": "Initial Population"
            } ]
          },
          "count": 1
        }, {
          "id": "Denominator_1",
          "code": {
            "coding": [ {
              "system": "http://terminology.hl7.org/CodeSystem/measure-population",
              "code": "denominator",
              "display": "Denominator"
            } ]
          },
          "count": 1
        }, {
          "id": "DenominatorExclusion_1",
          "code": {
            "coding": [ {
              "system": "http://terminology.hl7.org/CodeSystem/measure-population",
              "code": "denominator-exclusion",
              "display": "Denominator Exclusion"
            } ]
          },
          "count": 0
        }, {
          "id": "Numerator_1",
          "code": {
            "coding": [ {
              "system": "http://terminology.hl7.org/CodeSystem/measure-population",
              "code": "numerator",
              "display": "Numerator"
            } ]
          },
          "count": 1
        }, {
          "id": "DenominatorException_1",
          "code": {
            "coding": [ {
              "system": "http://terminology.hl7.org/CodeSystem/measure-population",
              "code": "denominator-exception",
              "display": "Denominator Exception"
            } ]
          },
          "count": 0
        } ],
        "measureScore": {
          "value": 1.0
        }
      } ],
      "evaluatedResource": [ {
        "reference": "Patient/a7ad97c4-9769-4630-8ad7-8cf354384aa1"
      }, {
        "reference": "Encounter/1e14e26e-17b1-4aff-8d00-6a91f75252e1"
      }, {
        "reference": "Observation/af7518b3-5de1-4ff0-958e-51b382283c1e"
      }, {
        "reference": "Coverage/e3f38c08-491f-40c7-a043-ea40c519f258"
      }, {
        "reference": "Organization/50f38555-f523-43bc-9cdf-cb18955aa902"
      }, {
        "reference": "Practitioner/b866bd23-235b-4727-a94a-4edbae737c09"
      } ]
    },
    "request": {
      "method": "PUT",
      "url": "MeasureReport/340ed672-8e52-453d-a11c-5722cbf6169b"
    }
  } ]
}