{
  "resourceType": "Bundle",
  "id": "46651354651651616513",
  "type": "transaction",
  "entry": [ {
    "fullUrl": "https://madie.cms.gov/Patient/4e9c7cf3-c1ae-4110-9ead-86fadfbbf3e4",
    "resource": {
      "resourceType": "Patient",
      "id": "4e9c7cf3-c1ae-4110-9ead-86fadfbbf3e4",
      "meta": {
        "profile": [ "http://hl7.org/fhir/us/qicore/StructureDefinition/qicore-patient" ]
      },
      "extension": [ {
        "url": "http://hl7.org/fhir/us/core/StructureDefinition/us-core-race",
        "extension": [ {
          "url": "ombCategory",
          "valueCoding": {
            "system": "urn:oid:2.16.840.1.113883.6.238",
            "code": "1002-5",
            "display": "American Indian or Alaska Native"
          }
        }, {
          "url": "text",
          "valueString": "American Indian or Alaska Native"
        } ]
      }, {
        "url": "http://hl7.org/fhir/us/core/StructureDefinition/us-core-ethnicity",
        "extension": [ {
          "url": "ombCategory",
          "valueCoding": {
            "system": "urn:oid:2.16.840.1.113883.6.238",
            "code": "2186-5",
            "display": "Not Hispanic or Latino"
          }
        }, {
          "url": "text",
          "valueString": "Not Hispanic or Latino"
        } ]
      } ],
      "identifier": [ {
        "type": {
          "coding": [ {
            "system": "http://terminology.hl7.org/CodeSystem/v2-0203",
            "code": "MR"
          } ]
        },
        "system": "https://bonnie-fhir.healthit.gov/",
        "value": "649846516846516316"
      } ],
      "active": true,
      "name": [ {
        "use": "usual",
        "family": "DENEXCEPPop2Fail",
        "given": [ "AtrioBlockCardiacPacerPx" ]
      } ],
      "gender": "female",
      "birthDate": "1923-03-24"
    },
    "request": {
      "method": "PUT",
      "url": "Patient/4e9c7cf3-c1ae-4110-9ead-86fadfbbf3e4"
    }
  }, {
    "fullUrl": "https://madie.cms.gov/Encounter/f94d3e5f-d825-4f6b-9f06-adf104078d56",
    "resource": {
      "resourceType": "Encounter",
      "id": "f94d3e5f-d825-4f6b-9f06-adf104078d56",
      "meta": {
        "profile": [ "http://hl7.org/fhir/us/qicore/StructureDefinition/qicore-encounter" ]
      },
      "status": "finished",
      "class": {
        "system": "http://terminology.hl7.org/CodeSystem/v3-ActCode",
        "code": "AMB",
        "display": "ambulatory encounter"
      },
      "type": [ {
        "coding": [ {
          "system": "http://www.ama-assn.org/go/cpt",
          "version": "2024",
          "code": "99205"
        } ]
      } ],
      "subject": {
        "reference": "Patient/4e9c7cf3-c1ae-4110-9ead-86fadfbbf3e4"
      },
      "period": {
        "start": "2026-04-05T06:00:00.000+00:00",
        "end": "2026-04-05T07:00:00.000+00:00"
      }
    },
    "request": {
      "method": "PUT",
      "url": "Encounter/f94d3e5f-d825-4f6b-9f06-adf104078d56"
    }
  }, {
    "fullUrl": "https://madie.cms.gov/Encounter/bc4cc187-b727-48c6-8ac9-e1659d3da7c5",
    "resource": {
      "resourceType": "Encounter",
      "id": "bc4cc187-b727-48c6-8ac9-e1659d3da7c5",
      "meta": {
        "profile": [ "http://hl7.org/fhir/us/qicore/StructureDefinition/qicore-encounter" ]
      },
      "status": "finished",
      "class": {
        "system": "http://terminology.hl7.org/CodeSystem/v3-ActCode",
        "code": "AMB",
        "display": "ambulatory encounter"
      },
      "type": [ {
        "coding": [ {
          "system": "http://www.ama-assn.org/go/cpt",
          "version": "2024",
          "code": "99205"
        } ]
      } ],
      "subject": {
        "reference": "Patient/4e9c7cf3-c1ae-4110-9ead-86fadfbbf3e4"
      },
      "period": {
        "start": "2026-07-08T08:45:00.000+00:00",
        "end": "2026-07-08T09:00:00.000+00:00"
      }
    },
    "request": {
      "method": "PUT",
      "url": "Encounter/bc4cc187-b727-48c6-8ac9-e1659d3da7c5"
    }
  }, {
    "fullUrl": "https://madie.cms.gov/Condition/30f3f332-fd1f-447b-9a0e-778ef3f21cb1",
    "resource": {
      "resourceType": "Condition",
      "id": "30f3f332-fd1f-447b-9a0e-778ef3f21cb1",
      "meta": {
        "profile": [ "http://hl7.org/fhir/us/qicore/StructureDefinition/qicore-condition-problems-health-concerns" ]
      },
      "clinicalStatus": {
        "coding": [ {
          "system": "http://terminology.hl7.org/CodeSystem/condition-clinical",
          "code": "active",
          "display": "Active"
        } ]
      },
      "verificationStatus": {
        "coding": [ {
          "system": "http://terminology.hl7.org/CodeSystem/condition-ver-status",
          "code": "confirmed",
          "display": "Confirmed"
        } ]
      },
      "category": [ {
        "coding": [ {
          "system": "http://terminology.hl7.org/CodeSystem/condition-category",
          "code": "problem-list-item",
          "display": "Problem List Item"
        } ]
      } ],
      "code": {
        "coding": [ {
          "system": "http://hl7.org/fhir/sid/icd-10-cm",
          "version": "2024",
          "code": "I21.09"
        } ]
      },
      "subject": {
        "reference": "Patient/4e9c7cf3-c1ae-4110-9ead-86fadfbbf3e4"
      },
      "onsetPeriod": {
        "start": "2026-04-05T06:00:00.000+00:00"
      }
    },
    "request": {
      "method": "PUT",
      "url": "Condition/30f3f332-fd1f-447b-9a0e-778ef3f21cb1"
    }
  }, {
    "fullUrl": "https://madie.cms.gov/Condition/dd5229e5-c7c1-49c6-8e15-94ed00251324",
    "resource": {
      "resourceType": "Condition",
      "id": "dd5229e5-c7c1-49c6-8e15-94ed00251324",
      "meta": {
        "profile": [ "http://hl7.org/fhir/us/qicore/StructureDefinition/qicore-condition-problems-health-concerns" ]
      },
      "clinicalStatus": {
        "coding": [ {
          "system": "http://terminology.hl7.org/CodeSystem/condition-clinical",
          "code": "active",
          "display": "Active"
        } ]
      },
      "verificationStatus": {
        "coding": [ {
          "system": "http://terminology.hl7.org/CodeSystem/condition-ver-status",
          "code": "confirmed",
          "display": "Confirmed"
        } ]
      },
      "category": [ {
        "coding": [ {
          "system": "http://terminology.hl7.org/CodeSystem/condition-category",
          "code": "problem-list-item",
          "display": "Problem List Item"
        } ]
      } ],
      "code": {
        "coding": [ {
          "system": "http://snomed.info/sct",
          "version": "http://snomed.info/sct/731000124108/version/20240301",
          "code": "10365005",
          "display": "Right main coronary artery thrombosis (disorder)"
        } ]
      },
      "subject": {
        "reference": "Patient/4e9c7cf3-c1ae-4110-9ead-86fadfbbf3e4"
      },
      "onsetPeriod": {
        "start": "2026-04-05T06:00:00.000+00:00"
      }
    },
    "request": {
      "method": "PUT",
      "url": "Condition/dd5229e5-c7c1-49c6-8e15-94ed00251324"
    }
  }, {
    "fullUrl": "https://madie.cms.gov/Condition/69bc2db8-a52c-4d3c-8f29-c4614485a39d",
    "resource": {
      "resourceType": "Condition",
      "id": "69bc2db8-a52c-4d3c-8f29-c4614485a39d",
      "meta": {
        "profile": [ "http://hl7.org/fhir/us/qicore/StructureDefinition/qicore-condition-problems-health-concerns" ]
      },
      "clinicalStatus": {
        "coding": [ {
          "system": "http://terminology.hl7.org/CodeSystem/condition-clinical",
          "code": "active",
          "display": "Active"
        } ]
      },
      "verificationStatus": {
        "coding": [ {
          "system": "http://terminology.hl7.org/CodeSystem/condition-ver-status",
          "code": "confirmed",
          "display": "Confirmed"
        } ]
      },
      "category": [ {
        "coding": [ {
          "system": "http://terminology.hl7.org/CodeSystem/condition-category",
          "code": "problem-list-item",
          "display": "Problem List Item"
        } ]
      } ],
      "code": {
        "coding": [ {
          "system": "http://snomed.info/sct",
          "version": "http://snomed.info/sct/731000124108/version/20240301",
          "code": "102451000119107",
          "display": "Complete atrioventricular block as complication of atrioventricular nodal ablation (disorder)"
        } ]
      },
      "subject": {
        "reference": "Patient/4e9c7cf3-c1ae-4110-9ead-86fadfbbf3e4"
      },
      "onsetDateTime": "2026-07-07T10:00:00.000+00:00"
    },
    "request": {
      "method": "PUT",
      "url": "Condition/69bc2db8-a52c-4d3c-8f29-c4614485a39d"
    }
  }, {
    "fullUrl": "https://madie.cms.gov/Procedure/1128bca8-5718-4202-b8ac-8dee5fba4c64",
    "resource": {
      "resourceType": "Procedure",
      "id": "1128bca8-5718-4202-b8ac-8dee5fba4c64",
      "meta": {
        "profile": [ "http://hl7.org/fhir/us/qicore/StructureDefinition/qicore-procedure" ]
      },
      "extension": [ {
        "url": "http://hl7.org/fhir/us/qicore/StructureDefinition/qicore-recorded",
        "valueDateTime": "2025-04-05T13:20:00.000+00:00"
      } ],
      "status": "completed",
      "code": {
        "coding": [ {
          "system": "http://snomed.info/sct",
          "version": "http://snomed.info/sct/731000124108/version/20240301",
          "code": "175142009",
          "display": "Implantation of permanent intravenous cardiac pacemaker (procedure)"
        } ]
      },
      "subject": {
        "reference": "Patient/4e9c7cf3-c1ae-4110-9ead-86fadfbbf3e4"
      },
      "performedPeriod": {
        "start": "2025-04-05T13:20:00.000+00:00",
        "end": "2025-04-05T14:30:00.000+00:00"
      }
    },
    "request": {
      "method": "PUT",
      "url": "Procedure/1128bca8-5718-4202-b8ac-8dee5fba4c64"
    }
  }, {
    "fullUrl": "https://madie.cms.gov/MeasureReport/d66b795e-29dd-4f83-943f-c47249781e74",
    "resource": {
      "resourceType": "MeasureReport",
      "id": "d66b795e-29dd-4f83-943f-c47249781e74",
      "meta": {
        "profile": [ "http://hl7.org/fhir/us/cqfmeasures/StructureDefinition/test-case-cqfm" ]
      },
      "contained": [ {
        "resourceType": "Parameters",
        "id": "22f928c2-d057-458e-8e99-d5d3b59f9cdc-parameters",
        "parameter": [ {
          "name": "subject",
          "valueString": "4e9c7cf3-c1ae-4110-9ead-86fadfbbf3e4"
        } ]
      } ],
      "extension": [ {
        "url": "http://hl7.org/fhir/StructureDefinition/cqf-inputParameters",
        "valueReference": {
          "reference": "#22f928c2-d057-458e-8e99-d5d3b59f9cdc-parameters"
        }
      }, {
        "url": "http://hl7.org/fhir/us/cqfmeasures/StructureDefinition/cqfm-testCaseDescription",
        "valueMarkdown": "Pt > 18, 2 visits in MP, MI and CAD Dx (both with onset during 1st visit), AV block onset b4 2nd visit, and Cardiac Pacer implanted after 1st visit"
      } ],
      "modifierExtension": [ {
        "url": "http://hl7.org/fhir/us/cqfmeasures/StructureDefinition/cqfm-isTestCase",
        "valueBoolean": true
      } ],
      "status": "complete",
      "type": "individual",
      "measure": "https://madie.cms.gov/Measure/CMS145FHIRCADBetaBlockerTherapyPriorMIorLVSD",
      "period": {
        "start": "2026-01-01",
        "end": "2026-12-31"
      },
      "group": [ {
        "id": "Group_1",
        "population": [ {
          "id": "InitialPopulation_1",
          "code": {
            "coding": [ {
              "system": "http://terminology.hl7.org/CodeSystem/measure-population",
              "code": "initial-population",
              "display": "Initial Population"
            } ]
          },
          "count": 1
        }, {
          "id": "Denominator_1",
          "code": {
            "coding": [ {
              "system": "http://terminology.hl7.org/CodeSystem/measure-population",
              "code": "denominator",
              "display": "Denominator"
            } ]
          },
          "count": 0
        }, {
          "id": "Numerator_1",
          "code": {
            "coding": [ {
              "system": "http://terminology.hl7.org/CodeSystem/measure-population",
              "code": "numerator",
              "display": "Numerator"
            } ]
          },
          "count": 0
        }, {
          "id": "DenominatorException_1",
          "code": {
            "coding": [ {
              "system": "http://terminology.hl7.org/CodeSystem/measure-population",
              "code": "denominator-exception",
              "display": "Denominator Exception"
            } ]
          },
          "count": 0
        } ],
        "measureScore": {
          "value": 1.0
        }
      }, {
        "id": "Group_2",
        "population": [ {
          "id": "InitialPopulation_2",
          "code": {
            "coding": [ {
              "system": "http://terminology.hl7.org/CodeSystem/measure-population",
              "code": "initial-population",
              "display": "Initial Population"
            } ]
          },
          "count": 1
        }, {
          "id": "Denominator_2",
          "code": {
            "coding": [ {
              "system": "http://terminology.hl7.org/CodeSystem/measure-population",
              "code": "denominator",
              "display": "Denominator"
            } ]
          },
          "count": 1
        }, {
          "id": "Numerator_2",
          "code": {
            "coding": [ {
              "system": "http://terminology.hl7.org/CodeSystem/measure-population",
              "code": "numerator",
              "display": "Numerator"
            } ]
          },
          "count": 0
        }, {
          "id": "DenominatorException_2",
          "code": {
            "coding": [ {
              "system": "http://terminology.hl7.org/CodeSystem/measure-population",
              "code": "denominator-exception",
              "display": "Denominator Exception"
            } ]
          },
          "count": 0
        } ],
        "measureScore": {
          "value": 1.0
        }
      } ],
      "evaluatedResource": [ {
        "reference": "Patient/4e9c7cf3-c1ae-4110-9ead-86fadfbbf3e4"
      }, {
        "reference": "Encounter/f94d3e5f-d825-4f6b-9f06-adf104078d56"
      }, {
        "reference": "Encounter/bc4cc187-b727-48c6-8ac9-e1659d3da7c5"
      }, {
        "reference": "Condition/30f3f332-fd1f-447b-9a0e-778ef3f21cb1"
      }, {
        "reference": "Condition/dd5229e5-c7c1-49c6-8e15-94ed00251324"
      }, {
        "reference": "Condition/69bc2db8-a52c-4d3c-8f29-c4614485a39d"
      }, {
        "reference": "Procedure/1128bca8-5718-4202-b8ac-8dee5fba4c64"
      } ]
    },
    "request": {
      "method": "PUT",
      "url": "MeasureReport/d66b795e-29dd-4f83-943f-c47249781e74"
    }
  } ]
}