{
  "resourceType": "Bundle",
  "id": "610965b998086b538055c15a",
  "type": "transaction",
  "entry": [ {
    "fullUrl": "https://madie.cms.gov/Patient/8a599e2b-f25b-4912-8369-cda93caaf351",
    "resource": {
      "resourceType": "Patient",
      "id": "8a599e2b-f25b-4912-8369-cda93caaf351",
      "meta": {
        "profile": [ "http://hl7.org/fhir/us/qicore/StructureDefinition/qicore-patient" ]
      },
      "text": {
        "status": "generated",
        "div": "<div xmlns=\"http://www.w3.org/1999/xhtml\"><div class=\"hapiHeaderText\">TwoInvalidEncs <b>IPPFAIL </b></div><table class=\"hapiPropertyTable\"><tbody><tr><td>Identifier</td><td>3f32d52744f86ba776a08958282d8c783d541b6e898e64a7e1df9ffd69c42a02</td></tr><tr><td>Date of birth</td><td><span>31 July 1992</span></td></tr></tbody></table></div>"
      },
      "extension": [ {
        "url": "http://hl7.org/fhir/us/core/StructureDefinition/us-core-race",
        "extension": [ {
          "url": "ombCategory",
          "valueCoding": {
            "system": "urn:oid:2.16.840.1.113883.6.238",
            "code": "1002-5",
            "display": "American Indian or Alaska Native",
            "userSelected": true
          }
        }, {
          "url": "text",
          "valueString": "American Indian or Alaska Native"
        } ]
      }, {
        "url": "http://hl7.org/fhir/us/core/StructureDefinition/us-core-ethnicity",
        "extension": [ {
          "url": "ombCategory",
          "valueCoding": {
            "system": "urn:oid:2.16.840.1.113883.6.238",
            "code": "2135-2",
            "display": "Hispanic or Latino",
            "userSelected": true
          }
        }, {
          "url": "text",
          "valueString": "Hispanic or Latino"
        } ]
      } ],
      "identifier": [ {
        "type": {
          "coding": [ {
            "system": "http://terminology.hl7.org/CodeSystem/v2-0203",
            "code": "MR"
          } ]
        },
        "system": "https://bonnie-fhir.healthit.gov/",
        "value": "610965b998086b538055c15a"
      } ],
      "active": true,
      "name": [ {
        "use": "usual",
        "family": "IPPFail",
        "given": [ "TwoInvalidEncs" ]
      } ],
      "gender": "female",
      "birthDate": "1994-07-31"
    },
    "request": {
      "method": "PUT",
      "url": "Patient/8a599e2b-f25b-4912-8369-cda93caaf351"
    }
  }, {
    "fullUrl": "https://madie.cms.gov/Encounter/af08eaaa-4690-4fe6-bfd9-ebba98aa4680",
    "resource": {
      "resourceType": "Encounter",
      "id": "af08eaaa-4690-4fe6-bfd9-ebba98aa4680",
      "meta": {
        "profile": [ "http://hl7.org/fhir/us/qicore/StructureDefinition/qicore-encounter" ]
      },
      "status": "finished",
      "class": {
        "system": "http://terminology.hl7.org/CodeSystem/v3-ActCode",
        "code": "AMB",
        "display": "ambulatory",
        "userSelected": true
      },
      "type": [ {
        "coding": [ {
          "system": "http://www.ama-assn.org/go/cpt",
          "code": "99201"
        } ]
      } ],
      "subject": {
        "reference": "Patient/8a599e2b-f25b-4912-8369-cda93caaf351"
      }
    },
    "request": {
      "method": "PUT",
      "url": "Encounter/af08eaaa-4690-4fe6-bfd9-ebba98aa4680"
    }
  }, {
    "fullUrl": "https://madie.cms.gov/MeasureReport/d1821ffc-dc6c-437f-8abf-1566b0051f4e",
    "resource": {
      "resourceType": "MeasureReport",
      "id": "d1821ffc-dc6c-437f-8abf-1566b0051f4e",
      "meta": {
        "profile": [ "http://hl7.org/fhir/us/cqfmeasures/StructureDefinition/test-case-cqfm" ]
      },
      "contained": [ {
        "resourceType": "Parameters",
        "id": "ea5459cd-fcff-4d51-bf4e-14106c23ee2a-parameters",
        "parameter": [ {
          "name": "subject",
          "valueString": "8a599e2b-f25b-4912-8369-cda93caaf351"
        } ]
      } ],
      "extension": [ {
        "url": "http://hl7.org/fhir/StructureDefinition/cqf-inputParameters",
        "valueReference": {
          "reference": "#ea5459cd-fcff-4d51-bf4e-14106c23ee2a-parameters"
        }
      }, {
        "url": "http://hl7.org/fhir/us/cqfmeasures/StructureDefinition/cqfm-testCaseDescription",
        "valueMarkdown": "Patient qualifies by age, but encounters are not valid"
      } ],
      "modifierExtension": [ {
        "url": "http://hl7.org/fhir/us/cqfmeasures/StructureDefinition/cqfm-isTestCase",
        "valueBoolean": true
      } ],
      "status": "complete",
      "type": "individual",
      "measure": "https://madie.cms.gov/Measure/CMS349FHIRHIVScreening",
      "period": {
        "start": "2026-01-01",
        "end": "2026-12-31"
      },
      "group": [ {
        "id": "Group_1",
        "population": [ {
          "id": "InitialPopulation_1",
          "code": {
            "coding": [ {
              "system": "http://terminology.hl7.org/CodeSystem/measure-population",
              "code": "initial-population",
              "display": "Initial Population"
            } ]
          },
          "count": 0
        }, {
          "id": "Denominator_1",
          "code": {
            "coding": [ {
              "system": "http://terminology.hl7.org/CodeSystem/measure-population",
              "code": "denominator",
              "display": "Denominator"
            } ]
          },
          "count": 0
        }, {
          "id": "DenominatorExclusion_1",
          "code": {
            "coding": [ {
              "system": "http://terminology.hl7.org/CodeSystem/measure-population",
              "code": "denominator-exclusion",
              "display": "Denominator Exclusion"
            } ]
          },
          "count": 0
        }, {
          "id": "Numerator_1",
          "code": {
            "coding": [ {
              "system": "http://terminology.hl7.org/CodeSystem/measure-population",
              "code": "numerator",
              "display": "Numerator"
            } ]
          },
          "count": 0
        }, {
          "id": "DenominatorException_1",
          "code": {
            "coding": [ {
              "system": "http://terminology.hl7.org/CodeSystem/measure-population",
              "code": "denominator-exception",
              "display": "Denominator Exception"
            } ]
          },
          "count": 0
        } ],
        "measureScore": {
          "value": 1.0
        }
      } ],
      "evaluatedResource": [ {
        "reference": "Patient/8a599e2b-f25b-4912-8369-cda93caaf351"
      }, {
        "reference": "Encounter/af08eaaa-4690-4fe6-bfd9-ebba98aa4680"
      } ]
    },
    "request": {
      "method": "PUT",
      "url": "MeasureReport/d1821ffc-dc6c-437f-8abf-1566b0051f4e"
    }
  } ]
}