{
  "resourceType": "Bundle",
  "id": "6101649198086b4fedf65ded",
  "type": "transaction",
  "entry": [ {
    "fullUrl": "https://madie.cms.gov/Patient/ff1c0120-5339-4ec2-8a7e-8c03fb63fd3c",
    "resource": {
      "resourceType": "Patient",
      "id": "ff1c0120-5339-4ec2-8a7e-8c03fb63fd3c",
      "meta": {
        "profile": [ "http://hl7.org/fhir/us/qicore/StructureDefinition/qicore-patient" ]
      },
      "extension": [ {
        "url": "http://hl7.org/fhir/us/core/StructureDefinition/us-core-race",
        "extension": [ {
          "url": "ombCategory",
          "valueCoding": {
            "system": "urn:oid:2.16.840.1.113883.6.238",
            "code": "2028-9",
            "display": "Asian"
          }
        }, {
          "url": "text",
          "valueString": "Asian"
        } ]
      }, {
        "url": "http://hl7.org/fhir/us/core/StructureDefinition/us-core-ethnicity",
        "extension": [ {
          "url": "ombCategory",
          "valueCoding": {
            "system": "urn:oid:2.16.840.1.113883.6.238",
            "code": "2135-2",
            "display": "Hispanic or Latino"
          }
        }, {
          "url": "text",
          "valueString": "Hispanic or Latino"
        } ]
      } ],
      "identifier": [ {
        "type": {
          "coding": [ {
            "system": "http://terminology.hl7.org/CodeSystem/v2-0203",
            "code": "MR"
          } ]
        },
        "system": "https://bonnie-fhir.healthit.gov/",
        "value": "51616498461313"
      } ],
      "active": true,
      "name": [ {
        "use": "usual",
        "family": "IPFail",
        "given": [ "NoUSSAfterDx" ]
      } ],
      "gender": "male",
      "birthDate": "1952-01-21"
    },
    "request": {
      "method": "PUT",
      "url": "Patient/ff1c0120-5339-4ec2-8a7e-8c03fb63fd3c"
    }
  }, {
    "fullUrl": "https://madie.cms.gov/Condition/e42ade4f-c02b-4dac-a67a-119a6c778bb2",
    "resource": {
      "resourceType": "Condition",
      "id": "e42ade4f-c02b-4dac-a67a-119a6c778bb2",
      "meta": {
        "profile": [ "http://hl7.org/fhir/us/qicore/StructureDefinition/qicore-condition-problems-health-concerns" ]
      },
      "clinicalStatus": {
        "coding": [ {
          "system": "http://terminology.hl7.org/CodeSystem/condition-clinical",
          "code": "active",
          "display": "Active"
        } ]
      },
      "verificationStatus": {
        "coding": [ {
          "system": "http://terminology.hl7.org/CodeSystem/condition-ver-status",
          "code": "confirmed",
          "display": "Confirmed"
        } ]
      },
      "category": [ {
        "coding": [ {
          "system": "http://terminology.hl7.org/CodeSystem/condition-category",
          "code": "problem-list-item",
          "display": "Problem List Item"
        } ]
      } ],
      "code": {
        "coding": [ {
          "system": "http://hl7.org/fhir/sid/icd-10-cm",
          "version": "2024",
          "code": "N40.1"
        } ]
      },
      "subject": {
        "reference": "Patient/ff1c0120-5339-4ec2-8a7e-8c03fb63fd3c"
      },
      "onsetDateTime": "2026-01-01T08:00:00+00:00"
    },
    "request": {
      "method": "PUT",
      "url": "Condition/e42ade4f-c02b-4dac-a67a-119a6c778bb2"
    }
  }, {
    "fullUrl": "https://madie.cms.gov/Encounter/1e639fc9-5ded-4dd2-9535-158e422911e2",
    "resource": {
      "resourceType": "Encounter",
      "id": "1e639fc9-5ded-4dd2-9535-158e422911e2",
      "meta": {
        "profile": [ "http://hl7.org/fhir/us/qicore/StructureDefinition/qicore-encounter" ]
      },
      "status": "finished",
      "class": {
        "system": "http://terminology.hl7.org/CodeSystem/v3-ActCode",
        "code": "AMB",
        "display": "ambulatory"
      },
      "type": [ {
        "coding": [ {
          "system": "http://www.ama-assn.org/go/cpt",
          "version": "2024",
          "code": "99214"
        } ]
      } ],
      "subject": {
        "reference": "Patient/ff1c0120-5339-4ec2-8a7e-8c03fb63fd3c"
      },
      "period": {
        "start": "2026-01-01T08:00:00+00:00",
        "end": "2026-01-01T08:15:00+00:00"
      }
    },
    "request": {
      "method": "PUT",
      "url": "Encounter/1e639fc9-5ded-4dd2-9535-158e422911e2"
    }
  }, {
    "fullUrl": "https://madie.cms.gov/MeasureReport/eeb1e1d3-39ab-49e8-8ad1-e8330330b5d2",
    "resource": {
      "resourceType": "MeasureReport",
      "id": "eeb1e1d3-39ab-49e8-8ad1-e8330330b5d2",
      "meta": {
        "profile": [ "http://hl7.org/fhir/us/cqfmeasures/StructureDefinition/test-case-cqfm" ]
      },
      "contained": [ {
        "resourceType": "Parameters",
        "id": "85a6e8a8-5436-4d40-b964-55228c2015dc-parameters",
        "parameter": [ {
          "name": "subject",
          "valueString": "ff1c0120-5339-4ec2-8a7e-8c03fb63fd3c"
        } ]
      } ],
      "extension": [ {
        "url": "http://hl7.org/fhir/StructureDefinition/cqf-inputParameters",
        "valueReference": {
          "reference": "#85a6e8a8-5436-4d40-b964-55228c2015dc-parameters"
        }
      }, {
        "url": "http://hl7.org/fhir/us/cqfmeasures/StructureDefinition/cqfm-testCaseDescription",
        "valueMarkdown": "Male Patient with BPH Dx but does not have Urinary Assessments Performed."
      } ],
      "modifierExtension": [ {
        "url": "http://hl7.org/fhir/us/cqfmeasures/StructureDefinition/cqfm-isTestCase",
        "valueBoolean": true
      } ],
      "status": "complete",
      "type": "individual",
      "measure": "https://madie.cms.gov/Measure/CMS771FHIRUrinarySymptomScoreChangeBenignProstaticHyperplasia",
      "period": {
        "start": "2026-01-01",
        "end": "2026-12-31"
      },
      "group": [ {
        "id": "Group_1",
        "population": [ {
          "id": "InitialPopulation_1",
          "code": {
            "coding": [ {
              "system": "http://terminology.hl7.org/CodeSystem/measure-population",
              "code": "initial-population",
              "display": "Initial Population"
            } ]
          },
          "count": 0
        }, {
          "id": "Denominator_1",
          "code": {
            "coding": [ {
              "system": "http://terminology.hl7.org/CodeSystem/measure-population",
              "code": "denominator",
              "display": "Denominator"
            } ]
          },
          "count": 0
        }, {
          "id": "DenominatorExclusion_1",
          "code": {
            "coding": [ {
              "system": "http://terminology.hl7.org/CodeSystem/measure-population",
              "code": "denominator-exclusion",
              "display": "Denominator Exclusion"
            } ]
          },
          "count": 0
        }, {
          "id": "Numerator_1",
          "code": {
            "coding": [ {
              "system": "http://terminology.hl7.org/CodeSystem/measure-population",
              "code": "numerator",
              "display": "Numerator"
            } ]
          },
          "count": 0
        } ],
        "measureScore": {
          "value": 1.0
        }
      } ],
      "evaluatedResource": [ {
        "reference": "Patient/ff1c0120-5339-4ec2-8a7e-8c03fb63fd3c"
      }, {
        "reference": "Condition/e42ade4f-c02b-4dac-a67a-119a6c778bb2"
      }, {
        "reference": "Encounter/1e639fc9-5ded-4dd2-9535-158e422911e2"
      } ]
    },
    "request": {
      "method": "PUT",
      "url": "MeasureReport/eeb1e1d3-39ab-49e8-8ad1-e8330330b5d2"
    }
  } ]
}