{
  "resourceType": "Bundle",
  "id": "564134616513516133",
  "type": "transaction",
  "entry": [ {
    "fullUrl": "https://madie.cms.gov/Patient/f9a24bdb-a835-4851-8e50-eb11a5c9fb50",
    "resource": {
      "resourceType": "Patient",
      "id": "f9a24bdb-a835-4851-8e50-eb11a5c9fb50",
      "meta": {
        "profile": [ "http://hl7.org/fhir/us/qicore/StructureDefinition/qicore-patient" ]
      },
      "extension": [ {
        "url": "http://hl7.org/fhir/us/core/StructureDefinition/us-core-race",
        "extension": [ {
          "url": "ombCategory",
          "valueCoding": {
            "system": "urn:oid:2.16.840.1.113883.6.238",
            "code": "1002-5",
            "display": "American Indian or Alaska Native"
          }
        }, {
          "url": "text",
          "valueString": "American Indian or Alaska Native"
        } ]
      }, {
        "url": "http://hl7.org/fhir/us/core/StructureDefinition/us-core-ethnicity",
        "extension": [ {
          "url": "ombCategory",
          "valueCoding": {
            "system": "urn:oid:2.16.840.1.113883.6.238",
            "code": "2186-5",
            "display": "Not Hispanic or Latino"
          }
        }, {
          "url": "text",
          "valueString": "Not Hispanic or Latino"
        } ]
      } ],
      "identifier": [ {
        "type": {
          "coding": [ {
            "system": "http://terminology.hl7.org/CodeSystem/v2-0203",
            "code": "MR"
          } ]
        },
        "system": "https://bonnie-fhir.healthit.gov/",
        "value": "4987465161613131321"
      } ],
      "active": true,
      "name": [ {
        "use": "usual",
        "family": "DENEXCEPPop2Pass",
        "given": [ "BetaBlockerAllergy" ]
      } ],
      "gender": "female",
      "birthDate": "1923-03-24"
    },
    "request": {
      "method": "PUT",
      "url": "Patient/f9a24bdb-a835-4851-8e50-eb11a5c9fb50"
    }
  }, {
    "fullUrl": "https://madie.cms.gov/Encounter/929b6331-6362-43b1-9d55-cab1e2836d59",
    "resource": {
      "resourceType": "Encounter",
      "id": "929b6331-6362-43b1-9d55-cab1e2836d59",
      "meta": {
        "profile": [ "http://hl7.org/fhir/us/qicore/StructureDefinition/qicore-encounter" ]
      },
      "status": "finished",
      "class": {
        "system": "http://terminology.hl7.org/CodeSystem/v3-ActCode",
        "code": "AMB",
        "display": "ambulatory encounter"
      },
      "type": [ {
        "coding": [ {
          "system": "http://www.ama-assn.org/go/cpt",
          "version": "2024",
          "code": "99205"
        } ]
      } ],
      "subject": {
        "reference": "Patient/f9a24bdb-a835-4851-8e50-eb11a5c9fb50"
      },
      "period": {
        "start": "2026-04-05T06:00:00.000+00:00",
        "end": "2026-04-05T07:00:00.000+00:00"
      }
    },
    "request": {
      "method": "PUT",
      "url": "Encounter/929b6331-6362-43b1-9d55-cab1e2836d59"
    }
  }, {
    "fullUrl": "https://madie.cms.gov/Encounter/cfbc2c21-83c2-4847-9c9d-f657248ad679",
    "resource": {
      "resourceType": "Encounter",
      "id": "cfbc2c21-83c2-4847-9c9d-f657248ad679",
      "meta": {
        "profile": [ "http://hl7.org/fhir/us/qicore/StructureDefinition/qicore-encounter" ]
      },
      "status": "finished",
      "class": {
        "system": "http://terminology.hl7.org/CodeSystem/v3-ActCode",
        "code": "AMB",
        "display": "ambulatory encounter"
      },
      "type": [ {
        "coding": [ {
          "system": "http://www.ama-assn.org/go/cpt",
          "version": "2024",
          "code": "99205"
        } ]
      } ],
      "subject": {
        "reference": "Patient/f9a24bdb-a835-4851-8e50-eb11a5c9fb50"
      },
      "period": {
        "start": "2026-07-08T09:00:00.000+00:00",
        "end": "2026-07-08T09:00:00.000+00:00"
      }
    },
    "request": {
      "method": "PUT",
      "url": "Encounter/cfbc2c21-83c2-4847-9c9d-f657248ad679"
    }
  }, {
    "fullUrl": "https://madie.cms.gov/Condition/dd324fe6-e589-492e-85e5-f20b920daf85",
    "resource": {
      "resourceType": "Condition",
      "id": "dd324fe6-e589-492e-85e5-f20b920daf85",
      "meta": {
        "profile": [ "http://hl7.org/fhir/us/qicore/StructureDefinition/qicore-condition-problems-health-concerns" ]
      },
      "clinicalStatus": {
        "coding": [ {
          "system": "http://terminology.hl7.org/CodeSystem/condition-clinical",
          "code": "active",
          "display": "Active"
        } ]
      },
      "verificationStatus": {
        "coding": [ {
          "system": "http://terminology.hl7.org/CodeSystem/condition-ver-status",
          "code": "confirmed",
          "display": "Confirmed"
        } ]
      },
      "category": [ {
        "coding": [ {
          "system": "http://terminology.hl7.org/CodeSystem/condition-category",
          "code": "problem-list-item",
          "display": "Problem List Item"
        } ]
      } ],
      "code": {
        "coding": [ {
          "system": "http://hl7.org/fhir/sid/icd-10-cm",
          "version": "2024",
          "code": "I21.01"
        } ]
      },
      "subject": {
        "reference": "Patient/f9a24bdb-a835-4851-8e50-eb11a5c9fb50"
      },
      "onsetPeriod": {
        "start": "2023-11-22T07:30:00.000+00:00",
        "end": "2023-11-22T08:30:00.000+00:00"
      }
    },
    "request": {
      "method": "PUT",
      "url": "Condition/dd324fe6-e589-492e-85e5-f20b920daf85"
    }
  }, {
    "fullUrl": "https://madie.cms.gov/Condition/1b3ace9f-acc6-4015-a137-dddf2d5ef305",
    "resource": {
      "resourceType": "Condition",
      "id": "1b3ace9f-acc6-4015-a137-dddf2d5ef305",
      "meta": {
        "profile": [ "http://hl7.org/fhir/us/qicore/StructureDefinition/qicore-condition-problems-health-concerns" ]
      },
      "clinicalStatus": {
        "coding": [ {
          "system": "http://terminology.hl7.org/CodeSystem/condition-clinical",
          "code": "active",
          "display": "Active"
        } ]
      },
      "verificationStatus": {
        "coding": [ {
          "system": "http://terminology.hl7.org/CodeSystem/condition-ver-status",
          "code": "confirmed"
        } ]
      },
      "category": [ {
        "coding": [ {
          "system": "http://terminology.hl7.org/CodeSystem/condition-category",
          "code": "problem-list-item",
          "display": "Problem List Item"
        } ]
      } ],
      "code": {
        "coding": [ {
          "system": "http://snomed.info/sct",
          "version": "http://snomed.info/sct/731000124108/version/20240301",
          "code": "10365005",
          "display": "Right main coronary artery thrombosis (disorder)"
        } ]
      },
      "subject": {
        "reference": "Patient/f9a24bdb-a835-4851-8e50-eb11a5c9fb50"
      },
      "onsetPeriod": {
        "start": "2026-01-21T07:00:00.000+00:00"
      }
    },
    "request": {
      "method": "PUT",
      "url": "Condition/1b3ace9f-acc6-4015-a137-dddf2d5ef305"
    }
  }, {
    "fullUrl": "https://madie.cms.gov/AllergyIntolerance/4596a5cc-e03f-4f5d-98b0-680acd568427",
    "resource": {
      "resourceType": "AllergyIntolerance",
      "id": "4596a5cc-e03f-4f5d-98b0-680acd568427",
      "meta": {
        "profile": [ "http://hl7.org/fhir/us/qicore/StructureDefinition/qicore-allergyintolerance" ]
      },
      "clinicalStatus": {
        "coding": [ {
          "system": "http://terminology.hl7.org/CodeSystem/allergyintolerance-clinical",
          "code": "active"
        } ]
      },
      "verificationStatus": {
        "coding": [ {
          "system": "http://terminology.hl7.org/CodeSystem/allergyintolerance-verification",
          "code": "confirmed"
        } ]
      },
      "type": "allergy",
      "criticality": "high",
      "code": {
        "coding": [ {
          "system": "http://snomed.info/sct",
          "version": "http://snomed.info/sct/731000124108/version/20240301",
          "code": "373254001",
          "display": "Substance with beta adrenergic receptor antagonist mechanism of action (substance)"
        } ]
      },
      "patient": {
        "reference": "Patient/f9a24bdb-a835-4851-8e50-eb11a5c9fb50"
      },
      "onsetDateTime": "2022-10-01",
      "recordedDate": "2022-10-01T14:00:00.000+00:00"
    },
    "request": {
      "method": "PUT",
      "url": "AllergyIntolerance/4596a5cc-e03f-4f5d-98b0-680acd568427"
    }
  }, {
    "fullUrl": "https://madie.cms.gov/MeasureReport/e467d29e-694f-43fd-a8e7-e6a8570979c8",
    "resource": {
      "resourceType": "MeasureReport",
      "id": "e467d29e-694f-43fd-a8e7-e6a8570979c8",
      "meta": {
        "profile": [ "http://hl7.org/fhir/us/cqfmeasures/StructureDefinition/test-case-cqfm" ]
      },
      "contained": [ {
        "resourceType": "Parameters",
        "id": "bb17c962-1183-4480-92ea-f710ea6fd990-parameters",
        "parameter": [ {
          "name": "subject",
          "valueString": "f9a24bdb-a835-4851-8e50-eb11a5c9fb50"
        } ]
      } ],
      "extension": [ {
        "url": "http://hl7.org/fhir/StructureDefinition/cqf-inputParameters",
        "valueReference": {
          "reference": "#bb17c962-1183-4480-92ea-f710ea6fd990-parameters"
        }
      }, {
        "url": "http://hl7.org/fhir/us/cqfmeasures/StructureDefinition/cqfm-testCaseDescription",
        "valueMarkdown": "Pt > 18, 2 amb. visits during MP, a MI Dx with onset > 2 yrs before MP, a CAD Dx with onset during MP but before 1st visit, and a beta adrenergic receptor allergy start > 3 years before MP and ongoing"
      } ],
      "modifierExtension": [ {
        "url": "http://hl7.org/fhir/us/cqfmeasures/StructureDefinition/cqfm-isTestCase",
        "valueBoolean": true
      } ],
      "status": "complete",
      "type": "individual",
      "measure": "https://madie.cms.gov/Measure/CMS145FHIRCADBetaBlockerTherapyPriorMIorLVSD",
      "period": {
        "start": "2026-01-01",
        "end": "2026-12-31"
      },
      "group": [ {
        "id": "Group_1",
        "population": [ {
          "id": "InitialPopulation_1",
          "code": {
            "coding": [ {
              "system": "http://terminology.hl7.org/CodeSystem/measure-population",
              "code": "initial-population",
              "display": "Initial Population"
            } ]
          },
          "count": 1
        }, {
          "id": "Denominator_1",
          "code": {
            "coding": [ {
              "system": "http://terminology.hl7.org/CodeSystem/measure-population",
              "code": "denominator",
              "display": "Denominator"
            } ]
          },
          "count": 0
        }, {
          "id": "Numerator_1",
          "code": {
            "coding": [ {
              "system": "http://terminology.hl7.org/CodeSystem/measure-population",
              "code": "numerator",
              "display": "Numerator"
            } ]
          },
          "count": 0
        }, {
          "id": "DenominatorException_1",
          "code": {
            "coding": [ {
              "system": "http://terminology.hl7.org/CodeSystem/measure-population",
              "code": "denominator-exception",
              "display": "Denominator Exception"
            } ]
          },
          "count": 0
        } ],
        "measureScore": {
          "value": 1.0
        }
      }, {
        "id": "Group_2",
        "population": [ {
          "id": "InitialPopulation_2",
          "code": {
            "coding": [ {
              "system": "http://terminology.hl7.org/CodeSystem/measure-population",
              "code": "initial-population",
              "display": "Initial Population"
            } ]
          },
          "count": 1
        }, {
          "id": "Denominator_2",
          "code": {
            "coding": [ {
              "system": "http://terminology.hl7.org/CodeSystem/measure-population",
              "code": "denominator",
              "display": "Denominator"
            } ]
          },
          "count": 1
        }, {
          "id": "Numerator_2",
          "code": {
            "coding": [ {
              "system": "http://terminology.hl7.org/CodeSystem/measure-population",
              "code": "numerator",
              "display": "Numerator"
            } ]
          },
          "count": 0
        }, {
          "id": "DenominatorException_2",
          "code": {
            "coding": [ {
              "system": "http://terminology.hl7.org/CodeSystem/measure-population",
              "code": "denominator-exception",
              "display": "Denominator Exception"
            } ]
          },
          "count": 1
        } ],
        "measureScore": {
          "value": 1.0
        }
      } ],
      "evaluatedResource": [ {
        "reference": "Patient/f9a24bdb-a835-4851-8e50-eb11a5c9fb50"
      }, {
        "reference": "Encounter/929b6331-6362-43b1-9d55-cab1e2836d59"
      }, {
        "reference": "Encounter/cfbc2c21-83c2-4847-9c9d-f657248ad679"
      }, {
        "reference": "Condition/dd324fe6-e589-492e-85e5-f20b920daf85"
      }, {
        "reference": "Condition/1b3ace9f-acc6-4015-a137-dddf2d5ef305"
      }, {
        "reference": "AllergyIntolerance/4596a5cc-e03f-4f5d-98b0-680acd568427"
      } ]
    },
    "request": {
      "method": "PUT",
      "url": "MeasureReport/e467d29e-694f-43fd-a8e7-e6a8570979c8"
    }
  } ]
}