{
  "resourceType": "Bundle",
  "id": "61095b0998086b53805591b5",
  "type": "transaction",
  "entry": [ {
    "fullUrl": "https://madie.cms.gov/Patient/d0a1cf17-fcdc-40f5-98b6-2b47ef2ae3cb",
    "resource": {
      "resourceType": "Patient",
      "id": "d0a1cf17-fcdc-40f5-98b6-2b47ef2ae3cb",
      "meta": {
        "profile": [ "http://hl7.org/fhir/us/qicore/StructureDefinition/qicore-patient" ]
      },
      "extension": [ {
        "url": "http://hl7.org/fhir/us/core/StructureDefinition/us-core-race",
        "extension": [ {
          "url": "ombCategory",
          "valueCoding": {
            "system": "urn:oid:2.16.840.1.113883.6.238",
            "code": "1002-5",
            "display": "American Indian or Alaska Native",
            "userSelected": true
          }
        }, {
          "url": "text",
          "valueString": "American Indian or Alaska Native"
        } ]
      }, {
        "url": "http://hl7.org/fhir/us/core/StructureDefinition/us-core-ethnicity",
        "extension": [ {
          "url": "ombCategory",
          "valueCoding": {
            "system": "urn:oid:2.16.840.1.113883.6.238",
            "code": "2135-2",
            "display": "Hispanic or Latino",
            "userSelected": true
          }
        }, {
          "url": "text",
          "valueString": "Hispanic or Latino"
        } ]
      } ],
      "identifier": [ {
        "type": {
          "coding": [ {
            "system": "http://terminology.hl7.org/CodeSystem/v2-0203",
            "code": "MR"
          } ]
        },
        "system": "https://bonnie-fhir.healthit.gov/",
        "value": "61095b0998086b53805591b5"
      } ],
      "active": true,
      "name": [ {
        "use": "usual",
        "family": "DENEXPASS",
        "given": [ "DisordersOverlapsCatSurg" ]
      } ],
      "gender": "female",
      "birthDate": "1996-01-01"
    },
    "request": {
      "method": "PUT",
      "url": "Patient/d0a1cf17-fcdc-40f5-98b6-2b47ef2ae3cb"
    }
  }, {
    "fullUrl": "https://madie.cms.gov/Observation/3d260b78-1447-4ed9-b9bc-e166d2d173a4",
    "resource": {
      "resourceType": "Observation",
      "id": "3d260b78-1447-4ed9-b9bc-e166d2d173a4",
      "meta": {
        "profile": [ "http://hl7.org/fhir/us/qicore/StructureDefinition/qicore-observation-clinical-result" ]
      },
      "status": "final",
      "category": [ {
        "coding": [ {
          "system": "http://terminology.hl7.org/CodeSystem/observation-category",
          "code": "exam",
          "display": "Exam"
        } ]
      } ],
      "code": {
        "coding": [ {
          "system": "http://snomed.info/sct",
          "code": "419775003"
        } ]
      },
      "subject": {
        "reference": "Patient/d0a1cf17-fcdc-40f5-98b6-2b47ef2ae3cb"
      },
      "effectivePeriod": {
        "start": "2026-03-13T09:00:00+00:00",
        "end": "2026-03-13T09:30:00+00:00"
      }
    },
    "request": {
      "method": "PUT",
      "url": "Observation/3d260b78-1447-4ed9-b9bc-e166d2d173a4"
    }
  }, {
    "fullUrl": "https://madie.cms.gov/Procedure/f01effa2-94e1-4286-993d-0070ef2a513b",
    "resource": {
      "resourceType": "Procedure",
      "id": "f01effa2-94e1-4286-993d-0070ef2a513b",
      "meta": {
        "profile": [ "http://hl7.org/fhir/us/qicore/StructureDefinition/qicore-procedure" ]
      },
      "extension": [ {
        "url": "http://hl7.org/fhir/us/qicore/StructureDefinition/qicore-recorded",
        "valueDateTime": "2026-03-05T09:35:00-04:00"
      } ],
      "status": "completed",
      "code": {
        "coding": [ {
          "system": "http://snomed.info/sct",
          "code": "84149000"
        } ]
      },
      "subject": {
        "reference": "Patient/d0a1cf17-fcdc-40f5-98b6-2b47ef2ae3cb"
      },
      "performedPeriod": {
        "start": "2026-03-05T09:20:00-04:00",
        "end": "2026-04-05T10:30:00-04:00"
      }
    },
    "request": {
      "method": "PUT",
      "url": "Procedure/f01effa2-94e1-4286-993d-0070ef2a513b"
    }
  }, {
    "fullUrl": "https://madie.cms.gov/Condition/651ef89e-5c5d-4527-a74c-168e49d81d25",
    "resource": {
      "resourceType": "Condition",
      "id": "651ef89e-5c5d-4527-a74c-168e49d81d25",
      "meta": {
        "profile": [ "http://hl7.org/fhir/us/qicore/StructureDefinition/qicore-condition-problems-health-concerns" ]
      },
      "clinicalStatus": {
        "coding": [ {
          "system": "http://terminology.hl7.org/CodeSystem/condition-clinical",
          "code": "active",
          "display": "active",
          "userSelected": true
        } ]
      },
      "category": [ {
        "coding": [ {
          "system": "http://terminology.hl7.org/CodeSystem/condition-clinical",
          "code": "active",
          "display": "active",
          "userSelected": true
        } ]
      } ],
      "code": {
        "coding": [ {
          "system": "http://hl7.org/fhir/sid/icd-10-cm",
          "code": "H16.013",
          "userSelected": true
        }, {
          "system": "http://hl7.org/fhir/sid/icd-10-cm",
          "code": "H17.13",
          "userSelected": true
        }, {
          "system": "http://hl7.org/fhir/sid/icd-10-cm",
          "code": "H47.013",
          "userSelected": true
        }, {
          "system": "http://hl7.org/fhir/sid/icd-10-cm",
          "code": "H21.1X3",
          "userSelected": true
        }, {
          "system": "http://snomed.info/sct",
          "code": "67733005",
          "userSelected": true
        } ]
      },
      "subject": {
        "reference": "Patient/d0a1cf17-fcdc-40f5-98b6-2b47ef2ae3cb"
      },
      "onsetDateTime": "2024-11-01T08:00:00.000+00:00"
    },
    "request": {
      "method": "PUT",
      "url": "Condition/651ef89e-5c5d-4527-a74c-168e49d81d25"
    }
  }, {
    "fullUrl": "https://madie.cms.gov/Coverage/d521ac85-788a-44fa-8766-b3d8596733a6",
    "resource": {
      "resourceType": "Coverage",
      "id": "d521ac85-788a-44fa-8766-b3d8596733a6",
      "meta": {
        "profile": [ "http://hl7.org/fhir/us/qicore/StructureDefinition/qicore-coverage" ]
      },
      "status": "active",
      "beneficiary": {
        "reference": "Patient/d0a1cf17-fcdc-40f5-98b6-2b47ef2ae3cb"
      },
      "payor": [ {
        "reference": "Organization/cf6f602e-20c9-45c2-9914-095e91a03a7a"
      } ]
    },
    "request": {
      "method": "PUT",
      "url": "Coverage/d521ac85-788a-44fa-8766-b3d8596733a6"
    }
  }, {
    "fullUrl": "https://madie.cms.gov/Organization/cf6f602e-20c9-45c2-9914-095e91a03a7a",
    "resource": {
      "resourceType": "Organization",
      "id": "cf6f602e-20c9-45c2-9914-095e91a03a7a",
      "meta": {
        "profile": [ "http://hl7.org/fhir/us/qicore/StructureDefinition/qicore-organization" ]
      },
      "identifier": [ {
        "use": "temp",
        "system": "urn:oid:2.16.840.1.113883.4.4",
        "value": "21-3259825"
      } ],
      "active": true,
      "type": [ {
        "coding": [ {
          "system": "http://terminology.hl7.org/CodeSystem/organization-type",
          "code": "pay",
          "display": "Payer"
        } ]
      } ],
      "name": "Blue Cross Blue Shield of Texas",
      "telecom": [ {
        "system": "phone",
        "value": "(+1) 972-766-6900"
      } ],
      "address": [ {
        "use": "billing",
        "type": "postal",
        "line": [ "P.O. Box 660044" ],
        "city": "Dallas",
        "state": "TX",
        "postalCode": "75266-0044",
        "country": "USA"
      } ]
    },
    "request": {
      "method": "PUT",
      "url": "Organization/cf6f602e-20c9-45c2-9914-095e91a03a7a"
    }
  }, {
    "fullUrl": "https://madie.cms.gov/Practitioner/c3aa5df6-8b02-438f-9098-9f95550b3dd2",
    "resource": {
      "resourceType": "Practitioner",
      "id": "c3aa5df6-8b02-438f-9098-9f95550b3dd2",
      "meta": {
        "profile": [ "http://hl7.org/fhir/us/qicore/StructureDefinition/qicore-practitioner" ]
      },
      "identifier": [ {
        "system": "http://hl7.org/fhir/sid/us-npi",
        "value": "123456"
      } ],
      "name": [ {
        "family": "Evil",
        "prefix": [ "Dr" ]
      } ]
    },
    "request": {
      "method": "PUT",
      "url": "Practitioner/c3aa5df6-8b02-438f-9098-9f95550b3dd2"
    }
  }, {
    "fullUrl": "https://madie.cms.gov/MeasureReport/0ecd8fa7-cf2f-4785-afb4-8d4aa9f340ae",
    "resource": {
      "resourceType": "MeasureReport",
      "id": "0ecd8fa7-cf2f-4785-afb4-8d4aa9f340ae",
      "meta": {
        "profile": [ "http://hl7.org/fhir/us/cqfmeasures/StructureDefinition/test-case-cqfm" ]
      },
      "contained": [ {
        "resourceType": "Parameters",
        "id": "adbebdec-7e01-489a-bd02-62989951e99c-parameters",
        "parameter": [ {
          "name": "subject",
          "valueString": "d0a1cf17-fcdc-40f5-98b6-2b47ef2ae3cb"
        } ]
      } ],
      "extension": [ {
        "url": "http://hl7.org/fhir/StructureDefinition/cqf-inputParameters",
        "valueReference": {
          "reference": "#adbebdec-7e01-489a-bd02-62989951e99c-parameters"
        }
      }, {
        "url": "http://hl7.org/fhir/us/cqfmeasures/StructureDefinition/cqfm-testCaseDescription",
        "valueMarkdown": "Patient with disorders of cornea and nerve overlapping cataract surgery"
      } ],
      "modifierExtension": [ {
        "url": "http://hl7.org/fhir/us/cqfmeasures/StructureDefinition/cqfm-isTestCase",
        "valueBoolean": true
      } ],
      "status": "complete",
      "type": "individual",
      "measure": "https://madie.cms.gov/Measure/CMS133FHIRCataracts2040BCVAwithin90Days",
      "period": {
        "start": "2026-01-01",
        "end": "2026-12-31"
      },
      "group": [ {
        "id": "Group_1",
        "population": [ {
          "id": "InitialPopulation_1",
          "code": {
            "coding": [ {
              "system": "http://terminology.hl7.org/CodeSystem/measure-population",
              "code": "initial-population",
              "display": "Initial Population"
            } ]
          },
          "count": 1
        }, {
          "id": "Denominator_1",
          "code": {
            "coding": [ {
              "system": "http://terminology.hl7.org/CodeSystem/measure-population",
              "code": "denominator",
              "display": "Denominator"
            } ]
          },
          "count": 1
        }, {
          "id": "DenominatorExclusion_1",
          "code": {
            "coding": [ {
              "system": "http://terminology.hl7.org/CodeSystem/measure-population",
              "code": "denominator-exclusion",
              "display": "Denominator Exclusion"
            } ]
          },
          "count": 1
        }, {
          "id": "Numerator_1",
          "code": {
            "coding": [ {
              "system": "http://terminology.hl7.org/CodeSystem/measure-population",
              "code": "numerator",
              "display": "Numerator"
            } ]
          },
          "count": 0
        } ],
        "measureScore": {
          "value": 0.0
        }
      } ],
      "evaluatedResource": [ {
        "reference": "Patient/d0a1cf17-fcdc-40f5-98b6-2b47ef2ae3cb"
      }, {
        "reference": "Observation/3d260b78-1447-4ed9-b9bc-e166d2d173a4"
      }, {
        "reference": "Procedure/f01effa2-94e1-4286-993d-0070ef2a513b"
      }, {
        "reference": "Condition/651ef89e-5c5d-4527-a74c-168e49d81d25"
      }, {
        "reference": "Coverage/d521ac85-788a-44fa-8766-b3d8596733a6"
      }, {
        "reference": "Organization/cf6f602e-20c9-45c2-9914-095e91a03a7a"
      }, {
        "reference": "Practitioner/c3aa5df6-8b02-438f-9098-9f95550b3dd2"
      } ]
    },
    "request": {
      "method": "PUT",
      "url": "MeasureReport/0ecd8fa7-cf2f-4785-afb4-8d4aa9f340ae"
    }
  } ]
}