{
  "resourceType": "Bundle",
  "id": "62fd4b710968f82603aac8b8",
  "type": "transaction",
  "entry": [ {
    "fullUrl": "https://madie.cms.gov/Patient/9b46ce43-4c9e-4112-8d8d-89c01cef28b0",
    "resource": {
      "resourceType": "Patient",
      "id": "9b46ce43-4c9e-4112-8d8d-89c01cef28b0",
      "meta": {
        "profile": [ "http://hl7.org/fhir/us/qicore/StructureDefinition/qicore-patient" ]
      },
      "extension": [ {
        "url": "http://hl7.org/fhir/us/core/StructureDefinition/us-core-race",
        "extension": [ {
          "url": "ombCategory",
          "valueCoding": {
            "system": "urn:oid:2.16.840.1.113883.6.238",
            "code": "2054-5",
            "display": "Black or African American",
            "userSelected": true
          }
        }, {
          "url": "text",
          "valueString": "Black or African American"
        } ]
      }, {
        "url": "http://hl7.org/fhir/us/core/StructureDefinition/us-core-ethnicity",
        "extension": [ {
          "url": "ombCategory",
          "valueCoding": {
            "system": "urn:oid:2.16.840.1.113883.6.238",
            "code": "2186-5",
            "display": "Not Hispanic or Latino",
            "userSelected": true
          }
        }, {
          "url": "text",
          "valueString": "Not Hispanic or Latino"
        } ]
      } ],
      "identifier": [ {
        "type": {
          "coding": [ {
            "system": "http://terminology.hl7.org/CodeSystem/v2-0203",
            "code": "MR"
          } ]
        },
        "system": "https://bonnie-fhir.healthit.gov/",
        "value": "62fd4b710968f82603aac8b8"
      } ],
      "name": [ {
        "family": "IPFail",
        "given": [ "NoReferral" ]
      } ],
      "gender": "female",
      "birthDate": "1946-12-31"
    },
    "request": {
      "method": "PUT",
      "url": "Patient/9b46ce43-4c9e-4112-8d8d-89c01cef28b0"
    }
  }, {
    "fullUrl": "https://madie.cms.gov/Encounter/f9718a7b-572f-493a-abec-806f628424ae",
    "resource": {
      "resourceType": "Encounter",
      "id": "f9718a7b-572f-493a-abec-806f628424ae",
      "meta": {
        "profile": [ "http://hl7.org/fhir/us/qicore/StructureDefinition/qicore-encounter" ]
      },
      "status": "finished",
      "class": {
        "system": "http://terminology.hl7.org/CodeSystem/v3-ActCode",
        "code": "AMB",
        "display": "ambulatory"
      },
      "type": [ {
        "coding": [ {
          "system": "http://www.ama-assn.org/go/cpt",
          "version": "2021",
          "code": "99385",
          "display": "Initial comprehensive preventive medicine evaluation and management of an individual including an age and gender appropriate history, examination, counseling/anticipatory guidance/risk factor reduction interventions, and the ordering of laboratory/diagnostic procedures, new patient; 18-39 years",
          "userSelected": true
        } ]
      } ],
      "subject": {
        "reference": "Patient/9b46ce43-4c9e-4112-8d8d-89c01cef28b0"
      },
      "period": {
        "start": "2026-12-31T08:00:00.000+00:00",
        "end": "2026-12-31T08:15:00.000+00:00"
      }
    },
    "request": {
      "method": "PUT",
      "url": "Encounter/f9718a7b-572f-493a-abec-806f628424ae"
    }
  }, {
    "fullUrl": "https://madie.cms.gov/Coverage/fc7e5d12-e20a-47a3-8679-6864fb51f267",
    "resource": {
      "resourceType": "Coverage",
      "id": "fc7e5d12-e20a-47a3-8679-6864fb51f267",
      "meta": {
        "profile": [ "http://hl7.org/fhir/us/qicore/StructureDefinition/qicore-coverage" ]
      },
      "status": "active",
      "beneficiary": {
        "reference": "Patient/9b46ce43-4c9e-4112-8d8d-89c01cef28b0"
      },
      "payor": [ {
        "reference": "Organization/788ba79b-ae53-4336-9cbc-82a2edcc4278"
      } ]
    },
    "request": {
      "method": "PUT",
      "url": "Coverage/fc7e5d12-e20a-47a3-8679-6864fb51f267"
    }
  }, {
    "fullUrl": "https://madie.cms.gov/Organization/788ba79b-ae53-4336-9cbc-82a2edcc4278",
    "resource": {
      "resourceType": "Organization",
      "id": "788ba79b-ae53-4336-9cbc-82a2edcc4278",
      "meta": {
        "profile": [ "http://hl7.org/fhir/us/qicore/StructureDefinition/qicore-organization" ]
      },
      "identifier": [ {
        "use": "temp",
        "system": "urn:oid:2.16.840.1.113883.4.4",
        "value": "21-3259825"
      } ],
      "active": true,
      "type": [ {
        "coding": [ {
          "system": "http://terminology.hl7.org/CodeSystem/organization-type",
          "code": "pay",
          "display": "Payer"
        } ]
      } ],
      "name": "Blue Cross Blue Shield of Texas",
      "telecom": [ {
        "system": "phone",
        "value": "(+1) 972-766-6900"
      } ],
      "address": [ {
        "use": "billing",
        "type": "postal",
        "line": [ "P.O. Box 660044" ],
        "city": "Dallas",
        "state": "TX",
        "postalCode": "75266-0044",
        "country": "USA"
      } ]
    },
    "request": {
      "method": "PUT",
      "url": "Organization/788ba79b-ae53-4336-9cbc-82a2edcc4278"
    }
  }, {
    "fullUrl": "https://madie.cms.gov/Practitioner/3a4c0ba0-e248-4da8-819b-634bf7a779b1",
    "resource": {
      "resourceType": "Practitioner",
      "id": "3a4c0ba0-e248-4da8-819b-634bf7a779b1",
      "meta": {
        "profile": [ "http://hl7.org/fhir/us/qicore/StructureDefinition/qicore-practitioner" ]
      },
      "identifier": [ {
        "system": "http://hl7.org/fhir/sid/us-npi",
        "value": "123456"
      } ],
      "name": [ {
        "family": "Evil",
        "prefix": [ "Dr" ]
      } ]
    },
    "request": {
      "method": "PUT",
      "url": "Practitioner/3a4c0ba0-e248-4da8-819b-634bf7a779b1"
    }
  }, {
    "fullUrl": "https://madie.cms.gov/MeasureReport/7da6b6ba-60b0-458d-8fa9-e8584abca24c",
    "resource": {
      "resourceType": "MeasureReport",
      "id": "7da6b6ba-60b0-458d-8fa9-e8584abca24c",
      "meta": {
        "profile": [ "http://hl7.org/fhir/us/cqfmeasures/StructureDefinition/test-case-cqfm" ]
      },
      "contained": [ {
        "resourceType": "Parameters",
        "id": "6096090c-298d-405d-9771-d6eb06d96fc6-parameters",
        "parameter": [ {
          "name": "subject",
          "valueString": "9b46ce43-4c9e-4112-8d8d-89c01cef28b0"
        } ]
      } ],
      "extension": [ {
        "url": "http://hl7.org/fhir/StructureDefinition/cqf-inputParameters",
        "valueReference": {
          "reference": "#6096090c-298d-405d-9771-d6eb06d96fc6-parameters"
        }
      }, {
        "url": "http://hl7.org/fhir/us/cqfmeasures/StructureDefinition/cqfm-testCaseDescription",
        "valueMarkdown": "Encounter during MP ( \"start\" : \"202x-12-31T08:00:00.000+00:00\", \"end\" : \"202x-12-31T08:15:00.000+00:00\") status finished with No Referral\n"
      } ],
      "modifierExtension": [ {
        "url": "http://hl7.org/fhir/us/cqfmeasures/StructureDefinition/cqfm-isTestCase",
        "valueBoolean": true
      } ],
      "status": "complete",
      "type": "individual",
      "measure": "https://madie.cms.gov/Measure/CMS50FHIRCRLReceiptofSpecialistReport",
      "period": {
        "start": "2026-01-01",
        "end": "2026-12-31"
      },
      "group": [ {
        "id": "Group_1",
        "population": [ {
          "id": "InitialPopulation_1",
          "code": {
            "coding": [ {
              "system": "http://terminology.hl7.org/CodeSystem/measure-population",
              "code": "initial-population",
              "display": "Initial Population"
            } ]
          },
          "count": 0
        }, {
          "id": "Denominator_1",
          "code": {
            "coding": [ {
              "system": "http://terminology.hl7.org/CodeSystem/measure-population",
              "code": "denominator",
              "display": "Denominator"
            } ]
          },
          "count": 0
        }, {
          "id": "Numerator_1",
          "code": {
            "coding": [ {
              "system": "http://terminology.hl7.org/CodeSystem/measure-population",
              "code": "numerator",
              "display": "Numerator"
            } ]
          },
          "count": 0
        } ],
        "measureScore": {
          "value": 1.0
        }
      } ],
      "evaluatedResource": [ {
        "reference": "Patient/9b46ce43-4c9e-4112-8d8d-89c01cef28b0"
      }, {
        "reference": "Encounter/f9718a7b-572f-493a-abec-806f628424ae"
      }, {
        "reference": "Coverage/fc7e5d12-e20a-47a3-8679-6864fb51f267"
      }, {
        "reference": "Organization/788ba79b-ae53-4336-9cbc-82a2edcc4278"
      }, {
        "reference": "Practitioner/3a4c0ba0-e248-4da8-819b-634bf7a779b1"
      } ]
    },
    "request": {
      "method": "PUT",
      "url": "MeasureReport/7da6b6ba-60b0-458d-8fa9-e8584abca24c"
    }
  } ]
}