{
  "resourceType": "Bundle",
  "id": "630307be0968f801224774ce",
  "type": "transaction",
  "entry": [ {
    "fullUrl": "https://madie.cms.gov/Patient/66e74744-5743-4af3-84e7-598a367e4fbd",
    "resource": {
      "resourceType": "Patient",
      "id": "66e74744-5743-4af3-84e7-598a367e4fbd",
      "meta": {
        "profile": [ "http://hl7.org/fhir/us/qicore/StructureDefinition/qicore-patient" ]
      },
      "extension": [ {
        "url": "http://hl7.org/fhir/us/core/StructureDefinition/us-core-race",
        "extension": [ {
          "url": "ombCategory",
          "valueCoding": {
            "system": "urn:oid:2.16.840.1.113883.6.238",
            "code": "2106-3",
            "display": "White"
          }
        }, {
          "url": "text",
          "valueString": "White"
        } ]
      }, {
        "url": "http://hl7.org/fhir/us/core/StructureDefinition/us-core-ethnicity",
        "extension": [ {
          "url": "ombCategory",
          "valueCoding": {
            "system": "urn:oid:2.16.840.1.113883.6.238",
            "code": "2186-5",
            "display": "Not Hispanic or Latino"
          }
        }, {
          "url": "text",
          "valueString": "Not Hispanic or Latino"
        } ]
      } ],
      "identifier": [ {
        "type": {
          "coding": [ {
            "system": "http://terminology.hl7.org/CodeSystem/v2-0203",
            "code": "MR"
          } ]
        },
        "system": "https://bonnie-fhir.healthit.gov/",
        "value": "630307be0968f801224774ce"
      } ],
      "name": [ {
        "family": "IPPPopStrat1Fail",
        "given": [ "NoEncounterInMeasurementPeriod" ]
      } ],
      "gender": "female",
      "birthDate": "2011-01-01"
    },
    "request": {
      "method": "PUT",
      "url": "Patient/66e74744-5743-4af3-84e7-598a367e4fbd"
    }
  }, {
    "fullUrl": "https://madie.cms.gov/Encounter/67327676-3866-4609-8f44-63570d1567c3",
    "resource": {
      "resourceType": "Encounter",
      "id": "67327676-3866-4609-8f44-63570d1567c3",
      "meta": {
        "profile": [ "http://hl7.org/fhir/us/qicore/StructureDefinition/qicore-encounter" ]
      },
      "status": "finished",
      "class": {
        "system": "http://terminology.hl7.org/CodeSystem/v3-ActCode",
        "code": "AMB",
        "display": "ambulatory"
      },
      "type": [ {
        "coding": [ {
          "system": "http://www.ama-assn.org/go/cpt",
          "version": "2024",
          "code": "90791"
        } ]
      } ],
      "subject": {
        "reference": "Patient/66e74744-5743-4af3-84e7-598a367e4fbd"
      },
      "period": {
        "start": "2025-06-25T14:30:00+00:00",
        "end": "2025-06-25T14:50:00+00:00"
      },
      "length": {
        "value": 0,
        "unit": "days"
      }
    },
    "request": {
      "method": "PUT",
      "url": "Encounter/67327676-3866-4609-8f44-63570d1567c3"
    }
  }, {
    "fullUrl": "https://madie.cms.gov/Observation/3d176e9f-f769-4077-8d28-28a48b6763bb",
    "resource": {
      "resourceType": "Observation",
      "id": "3d176e9f-f769-4077-8d28-28a48b6763bb",
      "meta": {
        "profile": [ "http://hl7.org/fhir/us/qicore/StructureDefinition/qicore-observation-screening-assessment" ]
      },
      "status": "final",
      "category": [ {
        "coding": [ {
          "system": "http://terminology.hl7.org/CodeSystem/observation-category",
          "code": "survey",
          "display": "Survey"
        } ]
      } ],
      "code": {
        "coding": [ {
          "system": "http://loinc.org",
          "version": "2.76",
          "code": "44261-6"
        } ]
      },
      "subject": {
        "reference": "Patient/66e74744-5743-4af3-84e7-598a367e4fbd"
      },
      "effectiveDateTime": "2025-06-25T14:35:00+00:00",
      "valueInteger": 3
    },
    "request": {
      "method": "PUT",
      "url": "Observation/3d176e9f-f769-4077-8d28-28a48b6763bb"
    }
  }, {
    "fullUrl": "https://madie.cms.gov/Condition/d0d0752c-3f7c-45cc-8693-dc8b509e100b",
    "resource": {
      "resourceType": "Condition",
      "id": "d0d0752c-3f7c-45cc-8693-dc8b509e100b",
      "meta": {
        "profile": [ "http://hl7.org/fhir/us/qicore/StructureDefinition/qicore-condition-problems-health-concerns" ]
      },
      "clinicalStatus": {
        "coding": [ {
          "system": "http://terminology.hl7.org/CodeSystem/condition-clinical",
          "code": "active",
          "display": "active"
        } ]
      },
      "verificationStatus": {
        "coding": [ {
          "system": "http://terminology.hl7.org/CodeSystem/condition-ver-status",
          "code": "confirmed"
        } ]
      },
      "category": [ {
        "coding": [ {
          "system": "http://terminology.hl7.org/CodeSystem/condition-category",
          "code": "problem-list-item",
          "display": "Problem List Item"
        } ]
      } ],
      "code": {
        "coding": [ {
          "system": "http://hl7.org/fhir/sid/icd-10-cm",
          "version": "2024",
          "code": "F32.9"
        } ]
      },
      "subject": {
        "reference": "Patient/66e74744-5743-4af3-84e7-598a367e4fbd"
      },
      "onsetDateTime": "2025-02-25T14:35:00+00:00"
    },
    "request": {
      "method": "PUT",
      "url": "Condition/d0d0752c-3f7c-45cc-8693-dc8b509e100b"
    }
  }, {
    "fullUrl": "https://madie.cms.gov/MeasureReport/5f8cb9d6-b886-4918-9741-7cd16ddebaa4",
    "resource": {
      "resourceType": "MeasureReport",
      "id": "5f8cb9d6-b886-4918-9741-7cd16ddebaa4",
      "meta": {
        "profile": [ "http://hl7.org/fhir/us/cqfmeasures/StructureDefinition/test-case-cqfm" ]
      },
      "contained": [ {
        "resourceType": "Parameters",
        "id": "0c343ef5-131a-4736-89e0-384d7698ef7e-parameters",
        "parameter": [ {
          "name": "subject",
          "valueString": "66e74744-5743-4af3-84e7-598a367e4fbd"
        } ]
      } ],
      "extension": [ {
        "url": "http://hl7.org/fhir/StructureDefinition/cqf-inputParameters",
        "valueReference": {
          "reference": "#0c343ef5-131a-4736-89e0-384d7698ef7e-parameters"
        }
      }, {
        "url": "http://hl7.org/fhir/us/cqfmeasures/StructureDefinition/cqfm-testCaseDescription",
        "valueMarkdown": "Patient has Major Depressive Dx but no recorded score for PHQ9 assessment during the denom ID period. Patient should not be in initial population."
      } ],
      "modifierExtension": [ {
        "url": "http://hl7.org/fhir/us/cqfmeasures/StructureDefinition/cqfm-isTestCase",
        "valueBoolean": true
      } ],
      "status": "complete",
      "type": "individual",
      "measure": "https://madie.cms.gov/Measure/CMS159FHIRDepressionRemissionatTwelveMonths",
      "period": {
        "start": "2026-01-01",
        "end": "2026-12-31"
      },
      "group": [ {
        "id": "Group_1",
        "population": [ {
          "id": "InitialPopulation_1",
          "code": {
            "coding": [ {
              "system": "http://terminology.hl7.org/CodeSystem/measure-population",
              "code": "initial-population",
              "display": "Initial Population"
            } ]
          },
          "count": 0
        }, {
          "id": "Denominator_1",
          "code": {
            "coding": [ {
              "system": "http://terminology.hl7.org/CodeSystem/measure-population",
              "code": "denominator",
              "display": "Denominator"
            } ]
          },
          "count": 0
        }, {
          "id": "DenominatorExclusion_1",
          "code": {
            "coding": [ {
              "system": "http://terminology.hl7.org/CodeSystem/measure-population",
              "code": "denominator-exclusion",
              "display": "Denominator Exclusion"
            } ]
          },
          "count": 0
        }, {
          "id": "Numerator_1",
          "code": {
            "coding": [ {
              "system": "http://terminology.hl7.org/CodeSystem/measure-population",
              "code": "numerator",
              "display": "Numerator"
            } ]
          },
          "count": 0
        } ],
        "measureScore": {
          "value": 1.0
        }
      } ],
      "evaluatedResource": [ {
        "reference": "Patient/66e74744-5743-4af3-84e7-598a367e4fbd"
      }, {
        "reference": "Encounter/67327676-3866-4609-8f44-63570d1567c3"
      }, {
        "reference": "Observation/3d176e9f-f769-4077-8d28-28a48b6763bb"
      }, {
        "reference": "Condition/d0d0752c-3f7c-45cc-8693-dc8b509e100b"
      } ]
    },
    "request": {
      "method": "PUT",
      "url": "MeasureReport/5f8cb9d6-b886-4918-9741-7cd16ddebaa4"
    }
  } ]
}