{
  "resourceType": "Bundle",
  "id": "61095b0998086b53805591a5",
  "type": "transaction",
  "entry": [ {
    "fullUrl": "https://madie.cms.gov/Patient/47aedda0-a4d6-4967-866b-21b9a45bcbca",
    "resource": {
      "resourceType": "Patient",
      "id": "47aedda0-a4d6-4967-866b-21b9a45bcbca",
      "meta": {
        "profile": [ "http://hl7.org/fhir/us/qicore/StructureDefinition/qicore-patient" ]
      },
      "text": {
        "status": "generated",
        "div": "<div xmlns=\"http://www.w3.org/1999/xhtml\"><div class=\"hapiHeaderText\">Age@18 <b>DENOMPASS </b></div><table class=\"hapiPropertyTable\"><tbody><tr><td>Identifier</td><td>67f3e33acf17bcb386e754d726ed064ccd48ba21ff0ffb2eb678740a684398be</td></tr><tr><td>Date of birth</td><td><span>01 January 1994</span></td></tr></tbody></table></div>"
      },
      "extension": [ {
        "url": "http://hl7.org/fhir/us/core/StructureDefinition/us-core-race",
        "extension": [ {
          "url": "ombCategory",
          "valueCoding": {
            "system": "urn:oid:2.16.840.1.113883.6.238",
            "code": "1002-5",
            "display": "American Indian or Alaska Native",
            "userSelected": true
          }
        }, {
          "url": "text",
          "valueString": "American Indian or Alaska Native"
        } ]
      }, {
        "url": "http://hl7.org/fhir/us/core/StructureDefinition/us-core-ethnicity",
        "extension": [ {
          "url": "ombCategory",
          "valueCoding": {
            "system": "urn:oid:2.16.840.1.113883.6.238",
            "code": "2135-2",
            "display": "Hispanic or Latino",
            "userSelected": true
          }
        }, {
          "url": "text",
          "valueString": "Hispanic or Latino"
        } ]
      } ],
      "identifier": [ {
        "type": {
          "coding": [ {
            "system": "http://terminology.hl7.org/CodeSystem/v2-0203",
            "code": "MR"
          } ]
        },
        "system": "https://bonnie-fhir.healthit.gov/",
        "value": "61095b0998086b53805591a5"
      } ],
      "active": true,
      "name": [ {
        "use": "usual",
        "family": "DENEXPASS",
        "given": [ "OtherBackgroundRetinopathyWithCatSurg" ]
      } ],
      "gender": "female",
      "birthDate": "1996-01-01"
    },
    "request": {
      "method": "PUT",
      "url": "Patient/47aedda0-a4d6-4967-866b-21b9a45bcbca"
    }
  }, {
    "fullUrl": "https://madie.cms.gov/Observation/be4c0552-e701-46a0-8185-4758f4b3a166",
    "resource": {
      "resourceType": "Observation",
      "id": "be4c0552-e701-46a0-8185-4758f4b3a166",
      "meta": {
        "profile": [ "http://hl7.org/fhir/us/qicore/StructureDefinition/qicore-observation-clinical-result" ]
      },
      "status": "final",
      "category": [ {
        "coding": [ {
          "system": "http://terminology.hl7.org/CodeSystem/observation-category",
          "code": "exam",
          "display": "exam"
        } ]
      } ],
      "code": {
        "coding": [ {
          "system": "http://snomed.info/sct",
          "code": "419775003"
        } ]
      },
      "subject": {
        "reference": "Patient/47aedda0-a4d6-4967-866b-21b9a45bcbca"
      },
      "effectivePeriod": {
        "start": "2026-03-13T09:00:00+00:00",
        "end": "2026-03-13T09:30:00+00:00"
      }
    },
    "request": {
      "method": "PUT",
      "url": "Observation/be4c0552-e701-46a0-8185-4758f4b3a166"
    }
  }, {
    "fullUrl": "https://madie.cms.gov/Procedure/a3423b79-a6cc-47e5-b5df-e2b169b15724",
    "resource": {
      "resourceType": "Procedure",
      "id": "a3423b79-a6cc-47e5-b5df-e2b169b15724",
      "meta": {
        "profile": [ "http://hl7.org/fhir/us/qicore/StructureDefinition/qicore-procedure" ]
      },
      "extension": [ {
        "url": "http://hl7.org/fhir/us/qicore/StructureDefinition/qicore-recorded",
        "valueDateTime": "2026-03-05T09:35:00-04:00"
      } ],
      "status": "completed",
      "code": {
        "coding": [ {
          "system": "http://snomed.info/sct",
          "code": "84149000"
        } ]
      },
      "subject": {
        "reference": "Patient/47aedda0-a4d6-4967-866b-21b9a45bcbca"
      },
      "performedPeriod": {
        "start": "2026-03-05T09:20:00-04:00",
        "end": "2026-04-05T10:30:00-04:00"
      }
    },
    "request": {
      "method": "PUT",
      "url": "Procedure/a3423b79-a6cc-47e5-b5df-e2b169b15724"
    }
  }, {
    "fullUrl": "https://madie.cms.gov/Condition/f9ae7625-1967-4c65-93fb-e5ea1231a1ec",
    "resource": {
      "resourceType": "Condition",
      "id": "f9ae7625-1967-4c65-93fb-e5ea1231a1ec",
      "meta": {
        "profile": [ "http://hl7.org/fhir/us/qicore/StructureDefinition/qicore-condition-encounter-diagnosis" ]
      },
      "clinicalStatus": {
        "coding": [ {
          "system": "http://terminology.hl7.org/CodeSystem/condition-clinical",
          "code": "active",
          "display": "active",
          "userSelected": true
        } ]
      },
      "category": [ {
        "coding": [ {
          "system": "http://terminology.hl7.org/CodeSystem/condition-clinical",
          "code": "active",
          "display": "active",
          "userSelected": true
        } ]
      } ],
      "code": {
        "coding": [ {
          "system": "http://hl7.org/fhir/sid/icd-10-cm",
          "code": "H35.021",
          "userSelected": true
        }, {
          "system": "http://snomed.info/sct",
          "code": "7089008",
          "userSelected": true
        } ]
      },
      "subject": {
        "reference": "Patient/47aedda0-a4d6-4967-866b-21b9a45bcbca"
      },
      "onsetDateTime": "2024-11-01T08:00:00.000+00:00"
    },
    "request": {
      "method": "PUT",
      "url": "Condition/f9ae7625-1967-4c65-93fb-e5ea1231a1ec"
    }
  }, {
    "fullUrl": "https://madie.cms.gov/Coverage/fcd7841f-4971-4e1e-b67b-7db33f563de0",
    "resource": {
      "resourceType": "Coverage",
      "id": "fcd7841f-4971-4e1e-b67b-7db33f563de0",
      "meta": {
        "profile": [ "http://hl7.org/fhir/us/qicore/StructureDefinition/qicore-coverage" ]
      },
      "status": "active",
      "beneficiary": {
        "reference": "Patient/47aedda0-a4d6-4967-866b-21b9a45bcbca"
      },
      "payor": [ {
        "reference": "Organization/76061992-4d91-44fe-8770-2f1401719244"
      } ]
    },
    "request": {
      "method": "PUT",
      "url": "Coverage/fcd7841f-4971-4e1e-b67b-7db33f563de0"
    }
  }, {
    "fullUrl": "https://madie.cms.gov/Organization/76061992-4d91-44fe-8770-2f1401719244",
    "resource": {
      "resourceType": "Organization",
      "id": "76061992-4d91-44fe-8770-2f1401719244",
      "meta": {
        "profile": [ "http://hl7.org/fhir/us/qicore/StructureDefinition/qicore-organization" ]
      },
      "identifier": [ {
        "use": "temp",
        "system": "urn:oid:2.16.840.1.113883.4.4",
        "value": "21-3259825"
      } ],
      "active": true,
      "type": [ {
        "coding": [ {
          "system": "http://terminology.hl7.org/CodeSystem/organization-type",
          "code": "pay",
          "display": "Payer"
        } ]
      } ],
      "name": "Blue Cross Blue Shield of Texas",
      "telecom": [ {
        "system": "phone",
        "value": "(+1) 972-766-6900"
      } ],
      "address": [ {
        "use": "billing",
        "type": "postal",
        "line": [ "P.O. Box 660044" ],
        "city": "Dallas",
        "state": "TX",
        "postalCode": "75266-0044",
        "country": "USA"
      } ]
    },
    "request": {
      "method": "PUT",
      "url": "Organization/76061992-4d91-44fe-8770-2f1401719244"
    }
  }, {
    "fullUrl": "https://madie.cms.gov/Practitioner/535f22e2-25af-448d-9b47-590e352fe6ec",
    "resource": {
      "resourceType": "Practitioner",
      "id": "535f22e2-25af-448d-9b47-590e352fe6ec",
      "meta": {
        "profile": [ "http://hl7.org/fhir/us/qicore/StructureDefinition/qicore-practitioner" ]
      },
      "identifier": [ {
        "system": "http://hl7.org/fhir/sid/us-npi",
        "value": "123456"
      } ],
      "name": [ {
        "family": "Evil",
        "prefix": [ "Dr" ]
      } ]
    },
    "request": {
      "method": "PUT",
      "url": "Practitioner/535f22e2-25af-448d-9b47-590e352fe6ec"
    }
  }, {
    "fullUrl": "https://madie.cms.gov/MeasureReport/85a9af1a-ce5a-4baf-924f-c4a994488638",
    "resource": {
      "resourceType": "MeasureReport",
      "id": "85a9af1a-ce5a-4baf-924f-c4a994488638",
      "meta": {
        "profile": [ "http://hl7.org/fhir/us/cqfmeasures/StructureDefinition/test-case-cqfm" ]
      },
      "contained": [ {
        "resourceType": "Parameters",
        "id": "7c37886f-93a1-4606-a6f5-e615827da599-parameters",
        "parameter": [ {
          "name": "subject",
          "valueString": "47aedda0-a4d6-4967-866b-21b9a45bcbca"
        } ]
      } ],
      "extension": [ {
        "url": "http://hl7.org/fhir/StructureDefinition/cqf-inputParameters",
        "valueReference": {
          "reference": "#7c37886f-93a1-4606-a6f5-e615827da599-parameters"
        }
      }, {
        "url": "http://hl7.org/fhir/us/cqfmeasures/StructureDefinition/cqfm-testCaseDescription",
        "valueMarkdown": "Patient with Other Background Retinopathy with cataract surgery. "
      } ],
      "modifierExtension": [ {
        "url": "http://hl7.org/fhir/us/cqfmeasures/StructureDefinition/cqfm-isTestCase",
        "valueBoolean": true
      } ],
      "status": "complete",
      "type": "individual",
      "measure": "https://madie.cms.gov/Measure/CMS133FHIRCataracts2040BCVAwithin90Days",
      "period": {
        "start": "2026-01-01",
        "end": "2026-12-31"
      },
      "group": [ {
        "id": "Group_1",
        "population": [ {
          "id": "InitialPopulation_1",
          "code": {
            "coding": [ {
              "system": "http://terminology.hl7.org/CodeSystem/measure-population",
              "code": "initial-population",
              "display": "Initial Population"
            } ]
          },
          "count": 1
        }, {
          "id": "Denominator_1",
          "code": {
            "coding": [ {
              "system": "http://terminology.hl7.org/CodeSystem/measure-population",
              "code": "denominator",
              "display": "Denominator"
            } ]
          },
          "count": 1
        }, {
          "id": "DenominatorExclusion_1",
          "code": {
            "coding": [ {
              "system": "http://terminology.hl7.org/CodeSystem/measure-population",
              "code": "denominator-exclusion",
              "display": "Denominator Exclusion"
            } ]
          },
          "count": 1
        }, {
          "id": "Numerator_1",
          "code": {
            "coding": [ {
              "system": "http://terminology.hl7.org/CodeSystem/measure-population",
              "code": "numerator",
              "display": "Numerator"
            } ]
          },
          "count": 0
        } ],
        "measureScore": {
          "value": 0.0
        }
      } ],
      "evaluatedResource": [ {
        "reference": "Patient/47aedda0-a4d6-4967-866b-21b9a45bcbca"
      }, {
        "reference": "Observation/be4c0552-e701-46a0-8185-4758f4b3a166"
      }, {
        "reference": "Procedure/a3423b79-a6cc-47e5-b5df-e2b169b15724"
      }, {
        "reference": "Condition/f9ae7625-1967-4c65-93fb-e5ea1231a1ec"
      }, {
        "reference": "Coverage/fcd7841f-4971-4e1e-b67b-7db33f563de0"
      }, {
        "reference": "Organization/76061992-4d91-44fe-8770-2f1401719244"
      }, {
        "reference": "Practitioner/535f22e2-25af-448d-9b47-590e352fe6ec"
      } ]
    },
    "request": {
      "method": "PUT",
      "url": "MeasureReport/85a9af1a-ce5a-4baf-924f-c4a994488638"
    }
  } ]
}