{
  "resourceType": "Bundle",
  "id": "61168b8798086b77ef9c5ecd",
  "type": "transaction",
  "entry": [ {
    "fullUrl": "https://madie.cms.gov/Patient/b85440e4-b902-49cd-b3d6-363ba7a99bce",
    "resource": {
      "resourceType": "Patient",
      "id": "b85440e4-b902-49cd-b3d6-363ba7a99bce",
      "meta": {
        "profile": [ "http://hl7.org/fhir/us/qicore/StructureDefinition/qicore-patient" ]
      },
      "extension": [ {
        "url": "http://hl7.org/fhir/us/core/StructureDefinition/us-core-race",
        "extension": [ {
          "url": "ombCategory",
          "valueCoding": {
            "system": "urn:oid:2.16.840.1.113883.6.238",
            "code": "2076-8",
            "display": "Native Hawaiian or Other Pacific Islander",
            "userSelected": true
          }
        }, {
          "url": "text",
          "valueString": "Native Hawaiian or Other Pacific Islander"
        } ]
      }, {
        "url": "http://hl7.org/fhir/us/core/StructureDefinition/us-core-ethnicity",
        "extension": [ {
          "url": "ombCategory",
          "valueCoding": {
            "system": "urn:oid:2.16.840.1.113883.6.238",
            "code": "2186-5",
            "display": "Not Hispanic or Latino",
            "userSelected": true
          }
        }, {
          "url": "text",
          "valueString": "Not Hispanic or Latino"
        } ]
      } ],
      "identifier": [ {
        "type": {
          "coding": [ {
            "system": "http://terminology.hl7.org/CodeSystem/v2-0203",
            "code": "MR"
          } ]
        },
        "system": "https://bonnie-fhir.healthit.gov/",
        "value": "61168b8798086b77ef9c5ecd"
      } ],
      "active": true,
      "name": [ {
        "use": "usual",
        "family": "DENEXCEPPass",
        "given": [ "CommEdemaPresentNotDonePatientReasonLOS" ]
      } ],
      "gender": "male",
      "birthDate": "1981-01-14"
    },
    "request": {
      "method": "PUT",
      "url": "Patient/b85440e4-b902-49cd-b3d6-363ba7a99bce"
    }
  }, {
    "fullUrl": "https://madie.cms.gov/Communication/cff2802a-9af2-4e3a-a96b-26021dcf0db0",
    "resource": {
      "resourceType": "Communication",
      "id": "cff2802a-9af2-4e3a-a96b-26021dcf0db0",
      "meta": {
        "profile": [ "http://hl7.org/fhir/us/qicore/StructureDefinition/qicore-communicationnotdone" ]
      },
      "extension": [ {
        "url": "http://hl7.org/fhir/us/qicore/StructureDefinition/qicore-recorded",
        "valueDateTime": "2014-07-02T15:00:00.000+00:00"
      } ],
      "modifierExtension": [ {
        "url": "http://hl7.org/fhir/us/qicore/StructureDefinition/qicore-notDone",
        "valueBoolean": true
      }, {
        "url": "http://hl7.org/fhir/us/qicore/StructureDefinition/qicore-notDone",
        "valueBoolean": true
      } ],
      "status": "not-done",
      "statusReason": {
        "coding": [ {
          "system": "http://snomed.info/sct",
          "version": "http://snomed.info/sct/731000124108/version/20230301",
          "code": "183932001",
          "display": "Procedure contraindicated (situation)",
          "userSelected": true
        } ]
      },
      "subject": {
        "reference": "Patient/b85440e4-b902-49cd-b3d6-363ba7a99bce"
      },
      "sent": "2026-07-09T08:00:00.000+00:00",
      "reasonCode": [ {
        "coding": [ {
          "system": "http://snomed.info/sct",
          "version": "http://snomed.info/sct/731000124108/version/20230301",
          "code": "312911008",
          "display": "Clinically significant macular edema (disorder)"
        } ]
      } ]
    },
    "request": {
      "method": "PUT",
      "url": "Communication/cff2802a-9af2-4e3a-a96b-26021dcf0db0"
    }
  }, {
    "fullUrl": "https://madie.cms.gov/Condition/0ffc0d04-e8fc-428e-8eeb-81b15ad22e59",
    "resource": {
      "resourceType": "Condition",
      "id": "0ffc0d04-e8fc-428e-8eeb-81b15ad22e59",
      "meta": {
        "profile": [ "http://hl7.org/fhir/us/qicore/StructureDefinition/qicore-condition-problems-health-concerns" ]
      },
      "clinicalStatus": {
        "coding": [ {
          "system": "http://terminology.hl7.org/CodeSystem/condition-clinical",
          "code": "active",
          "display": "active",
          "userSelected": true
        } ]
      },
      "category": [ {
        "coding": [ {
          "system": "http://terminology.hl7.org/CodeSystem/condition-category",
          "code": "problem-list-item",
          "display": "Problem List Item"
        } ]
      } ],
      "code": {
        "coding": [ {
          "system": "http://snomed.info/sct",
          "version": "http://snomed.info/sct/731000124108/version/202303",
          "code": "193349004"
        }, {
          "system": "http://hl7.org/fhir/sid/icd-10-cm",
          "version": "2023",
          "code": "E08.311"
        } ]
      },
      "subject": {
        "reference": "Patient/b85440e4-b902-49cd-b3d6-363ba7a99bce"
      },
      "onsetDateTime": "2023-07-01T15:00:00.000+00:00"
    },
    "request": {
      "method": "PUT",
      "url": "Condition/0ffc0d04-e8fc-428e-8eeb-81b15ad22e59"
    }
  }, {
    "fullUrl": "https://madie.cms.gov/Observation/56ea206e-4c40-4d22-849f-b04e67957777",
    "resource": {
      "resourceType": "Observation",
      "id": "56ea206e-4c40-4d22-849f-b04e67957777",
      "meta": {
        "profile": [ "http://hl7.org/fhir/us/qicore/StructureDefinition/qicore-observation-clinical-result" ]
      },
      "status": "final",
      "category": [ {
        "coding": [ {
          "system": "http://terminology.hl7.org/CodeSystem/observation-category",
          "code": "vital-signs",
          "display": "Vital Signs"
        } ]
      } ],
      "code": {
        "coding": [ {
          "system": "http://loinc.org",
          "version": "2.73",
          "code": "32451-7"
        } ]
      },
      "subject": {
        "reference": "Patient/b85440e4-b902-49cd-b3d6-363ba7a99bce"
      },
      "effectiveDateTime": "2026-07-09T08:00:00.000+00:00",
      "valueBoolean": true
    },
    "request": {
      "method": "PUT",
      "url": "Observation/56ea206e-4c40-4d22-849f-b04e67957777"
    }
  }, {
    "fullUrl": "https://madie.cms.gov/Encounter/e42471ba-4141-49ef-a805-b1abd4214df7",
    "resource": {
      "resourceType": "Encounter",
      "id": "e42471ba-4141-49ef-a805-b1abd4214df7",
      "meta": {
        "profile": [ "http://hl7.org/fhir/us/qicore/StructureDefinition/qicore-encounter" ]
      },
      "status": "finished",
      "class": {
        "system": "http://terminology.hl7.org/CodeSystem/v3-ActCode",
        "code": "AMB"
      },
      "type": [ {
        "coding": [ {
          "system": "http://www.ama-assn.org/go/cpt",
          "version": "2023",
          "code": "99205"
        } ]
      } ],
      "subject": {
        "reference": "Patient/b85440e4-b902-49cd-b3d6-363ba7a99bce"
      },
      "period": {
        "start": "2026-07-02T15:00:00.000+00:00",
        "end": "2026-08-02T16:00:00.000+00:00"
      }
    },
    "request": {
      "method": "PUT",
      "url": "Encounter/e42471ba-4141-49ef-a805-b1abd4214df7"
    }
  }, {
    "fullUrl": "https://madie.cms.gov/Communication/50f976a8-da81-4bda-8c8d-7f55b42c5508",
    "resource": {
      "resourceType": "Communication",
      "id": "50f976a8-da81-4bda-8c8d-7f55b42c5508",
      "meta": {
        "profile": [ "http://hl7.org/fhir/us/qicore/StructureDefinition/qicore-communicationnotdone" ]
      },
      "extension": [ {
        "url": "http://hl7.org/fhir/us/qicore/StructureDefinition/qicore-recorded",
        "valueDateTime": "2026-07-09T08:00:00.000+00:00"
      } ],
      "status": "not-done",
      "statusReason": {
        "coding": [ {
          "system": "http://snomed.info/sct",
          "version": "http://snomed.info/sct/731000124108/version/20230301",
          "code": "183932001",
          "display": "Procedure contraindicated (situation)",
          "userSelected": true
        } ]
      },
      "category": [ {
        "coding": [ {
          "system": "http://snomed.info/sct",
          "code": "59276001",
          "display": "Proliferative retinopathy due to diabetes mellitus (disorder)",
          "userSelected": true
        } ]
      } ],
      "sent": "2026-07-09T08:00:00.000+00:00",
      "reasonCode": [ {
        "coding": [ {
          "system": "http://snomed.info/sct",
          "version": "http://snomed.info/sct/731000124108/version/202303",
          "code": "59276001",
          "display": "Proliferative retinopathy due to diabetes mellitus (disorder)"
        } ]
      } ]
    },
    "request": {
      "method": "PUT",
      "url": "Communication/50f976a8-da81-4bda-8c8d-7f55b42c5508"
    }
  }, {
    "fullUrl": "https://madie.cms.gov/MeasureReport/7f51de23-745b-48ef-99c1-960adead91d1",
    "resource": {
      "resourceType": "MeasureReport",
      "id": "7f51de23-745b-48ef-99c1-960adead91d1",
      "meta": {
        "profile": [ "http://hl7.org/fhir/us/cqfmeasures/StructureDefinition/test-case-cqfm" ]
      },
      "contained": [ {
        "resourceType": "Parameters",
        "id": "dbfe836b-d94e-41c1-8df4-0bc50f122853-parameters",
        "parameter": [ {
          "name": "subject",
          "valueString": "b85440e4-b902-49cd-b3d6-363ba7a99bce"
        } ]
      } ],
      "extension": [ {
        "url": "http://hl7.org/fhir/StructureDefinition/cqf-inputParameters",
        "valueReference": {
          "reference": "#dbfe836b-d94e-41c1-8df4-0bc50f122853-parameters"
        }
      }, {
        "url": "http://hl7.org/fhir/us/cqfmeasures/StructureDefinition/cqfm-testCaseDescription",
        "valueMarkdown": "Communication of Edema Present not Done for Patient Reasons level of severity meeting Denominator Exception"
      } ],
      "modifierExtension": [ {
        "url": "http://hl7.org/fhir/us/cqfmeasures/StructureDefinition/cqfm-isTestCase",
        "valueBoolean": true
      } ],
      "status": "complete",
      "type": "individual",
      "measure": "https://madie.cms.gov/Measure/CMS142FHIRDRCommunicationWithPhysicianManagingDiabetes",
      "period": {
        "start": "2026-01-01",
        "end": "2026-12-31"
      },
      "group": [ {
        "id": "Group_1",
        "population": [ {
          "id": "InitialPopulation_1",
          "code": {
            "coding": [ {
              "system": "http://terminology.hl7.org/CodeSystem/measure-population",
              "code": "initial-population",
              "display": "Initial Population"
            } ]
          },
          "count": 1
        }, {
          "id": "Denominator_1",
          "code": {
            "coding": [ {
              "system": "http://terminology.hl7.org/CodeSystem/measure-population",
              "code": "denominator",
              "display": "Denominator"
            } ]
          },
          "count": 1
        }, {
          "id": "Numerator_1",
          "code": {
            "coding": [ {
              "system": "http://terminology.hl7.org/CodeSystem/measure-population",
              "code": "numerator",
              "display": "Numerator"
            } ]
          },
          "count": 0
        }, {
          "id": "DenominatorException_1",
          "code": {
            "coding": [ {
              "system": "http://terminology.hl7.org/CodeSystem/measure-population",
              "code": "denominator-exception",
              "display": "Denominator Exception"
            } ]
          },
          "count": 1
        } ],
        "measureScore": {
          "value": 1.0
        }
      } ],
      "evaluatedResource": [ {
        "reference": "Patient/b85440e4-b902-49cd-b3d6-363ba7a99bce"
      }, {
        "reference": "Communication/cff2802a-9af2-4e3a-a96b-26021dcf0db0"
      }, {
        "reference": "Condition/0ffc0d04-e8fc-428e-8eeb-81b15ad22e59"
      }, {
        "reference": "Observation/56ea206e-4c40-4d22-849f-b04e67957777"
      }, {
        "reference": "Encounter/e42471ba-4141-49ef-a805-b1abd4214df7"
      }, {
        "reference": "Communication/50f976a8-da81-4bda-8c8d-7f55b42c5508"
      } ]
    },
    "request": {
      "method": "PUT",
      "url": "MeasureReport/7f51de23-745b-48ef-99c1-960adead91d1"
    }
  } ]
}