{
  "resourceType": "Bundle",
  "id": "46313213416131",
  "type": "transaction",
  "entry": [ {
    "fullUrl": "https://madie.cms.gov/Patient/7fc4e721-68e5-4ed8-ab41-b5fb0d1ff43a",
    "resource": {
      "resourceType": "Patient",
      "id": "7fc4e721-68e5-4ed8-ab41-b5fb0d1ff43a",
      "meta": {
        "profile": [ "http://hl7.org/fhir/us/qicore/StructureDefinition/qicore-patient" ]
      },
      "extension": [ {
        "url": "http://hl7.org/fhir/us/core/StructureDefinition/us-core-race",
        "extension": [ {
          "url": "ombCategory",
          "valueCoding": {
            "system": "urn:oid:2.16.840.1.113883.6.238",
            "code": "2076-8",
            "display": "Native Hawaiian or Other Pacific Islander"
          }
        }, {
          "url": "text",
          "valueString": "Native Hawaiian or Other Pacific Islander"
        } ]
      }, {
        "url": "http://hl7.org/fhir/us/core/StructureDefinition/us-core-ethnicity",
        "extension": [ {
          "url": "ombCategory",
          "valueCoding": {
            "system": "urn:oid:2.16.840.1.113883.6.238",
            "code": "2186-5",
            "display": "Not Hispanic or Latino"
          }
        }, {
          "url": "text",
          "valueString": "Not Hispanic or Latino"
        } ]
      } ],
      "identifier": [ {
        "type": {
          "coding": [ {
            "system": "http://terminology.hl7.org/CodeSystem/v2-0203",
            "code": "MR"
          } ]
        },
        "system": "https://bonnie-fhir.healthit.gov/",
        "value": "46431231346541"
      } ],
      "active": true,
      "name": [ {
        "use": "usual",
        "family": "DENEXFail",
        "given": [ "HeartTransplant1HrAfterEncEdge" ]
      } ],
      "gender": "male",
      "birthDate": "1975-02-10"
    },
    "request": {
      "method": "PUT",
      "url": "Patient/7fc4e721-68e5-4ed8-ab41-b5fb0d1ff43a"
    }
  }, {
    "fullUrl": "https://madie.cms.gov/Encounter/50016102-f404-4330-b9ec-33b242e70bcb",
    "resource": {
      "resourceType": "Encounter",
      "id": "50016102-f404-4330-b9ec-33b242e70bcb",
      "meta": {
        "profile": [ "http://hl7.org/fhir/us/qicore/StructureDefinition/qicore-encounter" ]
      },
      "status": "finished",
      "class": {
        "system": "http://terminology.hl7.org/CodeSystem/v3-ActCode",
        "code": "AMB",
        "display": "ambulatory"
      },
      "type": [ {
        "coding": [ {
          "system": "http://www.ama-assn.org/go/cpt",
          "version": "2024",
          "code": "99213"
        } ]
      } ],
      "subject": {
        "reference": "Patient/7fc4e721-68e5-4ed8-ab41-b5fb0d1ff43a"
      },
      "period": {
        "start": "2026-04-14T14:40:00.000+00:00",
        "end": "2026-04-14T14:50:00.000+00:00"
      },
      "length": {
        "value": 0,
        "unit": "days"
      }
    },
    "request": {
      "method": "PUT",
      "url": "Encounter/50016102-f404-4330-b9ec-33b242e70bcb"
    }
  }, {
    "fullUrl": "https://madie.cms.gov/Procedure/917cce9b-4aed-4e52-b9b6-bf5f75c13be3",
    "resource": {
      "resourceType": "Procedure",
      "id": "917cce9b-4aed-4e52-b9b6-bf5f75c13be3",
      "meta": {
        "profile": [ "http://hl7.org/fhir/us/qicore/StructureDefinition/qicore-procedure" ]
      },
      "extension": [ {
        "url": "http://hl7.org/fhir/us/qicore/StructureDefinition/qicore-recorded",
        "valueDateTime": "2025-06-05T12:20:00.000+00:00"
      } ],
      "status": "completed",
      "code": {
        "coding": [ {
          "system": "http://snomed.info/sct",
          "version": "http://snomed.info/sct/731000124108/version/20230301",
          "code": "32413006",
          "display": "Transplantation of heart (procedure)"
        } ]
      },
      "subject": {
        "reference": "Patient/7fc4e721-68e5-4ed8-ab41-b5fb0d1ff43a"
      },
      "performedPeriod": {
        "start": "2026-07-20T12:50:00.000+00:00",
        "end": "2026-07-20T14:50:00.000+00:00"
      }
    },
    "request": {
      "method": "PUT",
      "url": "Procedure/917cce9b-4aed-4e52-b9b6-bf5f75c13be3"
    }
  }, {
    "fullUrl": "https://madie.cms.gov/Encounter/f13cc147-85b6-4f89-a85f-d50030cd61e4",
    "resource": {
      "resourceType": "Encounter",
      "id": "f13cc147-85b6-4f89-a85f-d50030cd61e4",
      "meta": {
        "profile": [ "http://hl7.org/fhir/us/qicore/StructureDefinition/qicore-encounter" ]
      },
      "status": "finished",
      "class": {
        "system": "http://terminology.hl7.org/CodeSystem/v3-ActCode",
        "code": "AMB",
        "display": "ambulatory"
      },
      "type": [ {
        "coding": [ {
          "system": "http://www.ama-assn.org/go/cpt",
          "version": "2024",
          "code": "99212"
        } ]
      } ],
      "subject": {
        "reference": "Patient/7fc4e721-68e5-4ed8-ab41-b5fb0d1ff43a"
      },
      "period": {
        "start": "2026-07-20T11:50:00.000+00:00",
        "end": "2026-07-20T11:50:00.000+00:00"
      },
      "length": {
        "value": 0,
        "unit": "days"
      }
    },
    "request": {
      "method": "PUT",
      "url": "Encounter/f13cc147-85b6-4f89-a85f-d50030cd61e4"
    }
  }, {
    "fullUrl": "https://madie.cms.gov/Condition/85f8a506-ee51-4a61-80f8-a02e9a505402",
    "resource": {
      "resourceType": "Condition",
      "id": "85f8a506-ee51-4a61-80f8-a02e9a505402",
      "meta": {
        "profile": [ "http://hl7.org/fhir/us/qicore/StructureDefinition/qicore-condition-problems-health-concerns" ]
      },
      "clinicalStatus": {
        "coding": [ {
          "system": "http://terminology.hl7.org/CodeSystem/condition-clinical",
          "code": "active",
          "display": "Active"
        } ]
      },
      "verificationStatus": {
        "coding": [ {
          "system": "http://terminology.hl7.org/CodeSystem/condition-ver-status",
          "code": "confirmed",
          "display": "Confirmed"
        } ]
      },
      "category": [ {
        "coding": [ {
          "system": "http://terminology.hl7.org/CodeSystem/condition-category",
          "code": "problem-list-item",
          "display": "Problem List Item"
        } ]
      } ],
      "code": {
        "coding": [ {
          "system": "http://hl7.org/fhir/sid/icd-10-cm",
          "version": "2024",
          "code": "I11.0"
        } ]
      },
      "subject": {
        "reference": "Patient/7fc4e721-68e5-4ed8-ab41-b5fb0d1ff43a"
      },
      "onsetPeriod": {
        "start": "2026-04-11T10:00:00.000+00:00"
      }
    },
    "request": {
      "method": "PUT",
      "url": "Condition/85f8a506-ee51-4a61-80f8-a02e9a505402"
    }
  }, {
    "fullUrl": "https://madie.cms.gov/Condition/98cc62e4-979f-485e-8ff5-dd9ecba400a0",
    "resource": {
      "resourceType": "Condition",
      "id": "98cc62e4-979f-485e-8ff5-dd9ecba400a0",
      "meta": {
        "profile": [ "http://hl7.org/fhir/us/qicore/StructureDefinition/qicore-condition-problems-health-concerns" ]
      },
      "clinicalStatus": {
        "coding": [ {
          "system": "http://terminology.hl7.org/CodeSystem/condition-clinical",
          "code": "active",
          "display": "Active"
        } ]
      },
      "verificationStatus": {
        "coding": [ {
          "system": "http://terminology.hl7.org/CodeSystem/condition-ver-status",
          "code": "confirmed",
          "display": "Confirmed"
        } ]
      },
      "category": [ {
        "coding": [ {
          "system": "http://terminology.hl7.org/CodeSystem/condition-category",
          "code": "problem-list-item",
          "display": "Problem List Item"
        } ]
      } ],
      "severity": {
        "coding": [ {
          "system": "http://snomed.info/sct",
          "version": "http://snomed.info/sct/731000124108/version/20240301",
          "code": "24484000",
          "display": "Severe (severity modifier) (qualifier value)"
        } ]
      },
      "code": {
        "coding": [ {
          "system": "http://snomed.info/sct",
          "version": "http://snomed.info/sct/731000124108/version/20240301",
          "code": "134401001",
          "display": "Left ventricular systolic dysfunction (disorder)"
        } ]
      },
      "subject": {
        "reference": "Patient/7fc4e721-68e5-4ed8-ab41-b5fb0d1ff43a"
      },
      "onsetPeriod": {
        "start": "2026-04-14T14:41:00.000+00:00"
      }
    },
    "request": {
      "method": "PUT",
      "url": "Condition/98cc62e4-979f-485e-8ff5-dd9ecba400a0"
    }
  }, {
    "fullUrl": "https://madie.cms.gov/MeasureReport/8b8e00d8-e8a2-4950-943f-5d3897777181",
    "resource": {
      "resourceType": "MeasureReport",
      "id": "8b8e00d8-e8a2-4950-943f-5d3897777181",
      "meta": {
        "profile": [ "http://hl7.org/fhir/us/cqfmeasures/StructureDefinition/test-case-cqfm" ]
      },
      "contained": [ {
        "resourceType": "Parameters",
        "id": "72d044fd-c76c-4f95-84b1-1ac396c976f7-parameters",
        "parameter": [ {
          "name": "subject",
          "valueString": "7fc4e721-68e5-4ed8-ab41-b5fb0d1ff43a"
        } ]
      } ],
      "extension": [ {
        "url": "http://hl7.org/fhir/StructureDefinition/cqf-inputParameters",
        "valueReference": {
          "reference": "#72d044fd-c76c-4f95-84b1-1ac396c976f7-parameters"
        }
      }, {
        "url": "http://hl7.org/fhir/us/cqfmeasures/StructureDefinition/cqfm-testCaseDescription",
        "valueMarkdown": "Does not meet denominator exclusion criteria for Heart Transplant due to edge outside of qualifying encounter"
      } ],
      "modifierExtension": [ {
        "url": "http://hl7.org/fhir/us/cqfmeasures/StructureDefinition/cqfm-isTestCase",
        "valueBoolean": true
      } ],
      "status": "complete",
      "type": "individual",
      "measure": "https://madie.cms.gov/Measure/CMS144FHIRHFBetaBlockerTherapyforLVSD",
      "period": {
        "start": "2026-01-01",
        "end": "2026-12-31"
      },
      "group": [ {
        "id": "Group_1",
        "population": [ {
          "id": "InitialPopulation_1",
          "code": {
            "coding": [ {
              "system": "http://terminology.hl7.org/CodeSystem/measure-population",
              "code": "initial-population",
              "display": "Initial Population"
            } ]
          },
          "count": 1
        }, {
          "id": "Denominator_1",
          "code": {
            "coding": [ {
              "system": "http://terminology.hl7.org/CodeSystem/measure-population",
              "code": "denominator",
              "display": "Denominator"
            } ]
          },
          "count": 1
        }, {
          "id": "DenominatorExclusion_1",
          "code": {
            "coding": [ {
              "system": "http://terminology.hl7.org/CodeSystem/measure-population",
              "code": "denominator-exclusion",
              "display": "Denominator Exclusion"
            } ]
          },
          "count": 0
        }, {
          "id": "Numerator_1",
          "code": {
            "coding": [ {
              "system": "http://terminology.hl7.org/CodeSystem/measure-population",
              "code": "numerator",
              "display": "Numerator"
            } ]
          },
          "count": 0
        }, {
          "id": "DenominatorException_1",
          "code": {
            "coding": [ {
              "system": "http://terminology.hl7.org/CodeSystem/measure-population",
              "code": "denominator-exception",
              "display": "Denominator Exception"
            } ]
          },
          "count": 0
        } ],
        "measureScore": {
          "value": 1.0
        }
      } ],
      "evaluatedResource": [ {
        "reference": "Patient/7fc4e721-68e5-4ed8-ab41-b5fb0d1ff43a"
      }, {
        "reference": "Encounter/50016102-f404-4330-b9ec-33b242e70bcb"
      }, {
        "reference": "Procedure/917cce9b-4aed-4e52-b9b6-bf5f75c13be3"
      }, {
        "reference": "Encounter/f13cc147-85b6-4f89-a85f-d50030cd61e4"
      }, {
        "reference": "Condition/85f8a506-ee51-4a61-80f8-a02e9a505402"
      }, {
        "reference": "Condition/98cc62e4-979f-485e-8ff5-dd9ecba400a0"
      } ]
    },
    "request": {
      "method": "PUT",
      "url": "MeasureReport/8b8e00d8-e8a2-4950-943f-5d3897777181"
    }
  } ]
}