{
  "resourceType": "Bundle",
  "id": "6346431351",
  "type": "transaction",
  "entry": [ {
    "fullUrl": "https://madie.cms.gov/Patient/6e9a1974-7334-4c41-b8dd-8413ae0caa29",
    "resource": {
      "resourceType": "Patient",
      "id": "6e9a1974-7334-4c41-b8dd-8413ae0caa29",
      "meta": {
        "profile": [ "http://hl7.org/fhir/us/qicore/StructureDefinition/qicore-patient" ]
      },
      "extension": [ {
        "url": "http://hl7.org/fhir/us/core/StructureDefinition/us-core-race",
        "extension": [ {
          "url": "ombCategory",
          "valueCoding": {
            "system": "urn:oid:2.16.840.1.113883.6.238",
            "code": "2106-3",
            "display": "White"
          }
        }, {
          "url": "text",
          "valueString": "White"
        } ]
      }, {
        "url": "http://hl7.org/fhir/us/core/StructureDefinition/us-core-ethnicity",
        "extension": [ {
          "url": "ombCategory",
          "valueCoding": {
            "system": "urn:oid:2.16.840.1.113883.6.238",
            "code": "2186-5",
            "display": "Not Hispanic or Latino"
          }
        }, {
          "url": "text",
          "valueString": "Not Hispanic or Latino"
        } ]
      } ],
      "identifier": [ {
        "type": {
          "coding": [ {
            "system": "http://terminology.hl7.org/CodeSystem/v2-0203",
            "code": "MR"
          } ]
        },
        "system": "https://bonnie-fhir.healthit.gov/",
        "value": "5c7ee46fdce5e92041158c43"
      } ],
      "name": [ {
        "family": "NUMERFail",
        "given": [ "BCGB4StagingBackNotClinicallyRelevant" ]
      } ],
      "gender": "female",
      "birthDate": "1945-11-02"
    },
    "request": {
      "method": "PUT",
      "url": "Patient/6e9a1974-7334-4c41-b8dd-8413ae0caa29"
    }
  }, {
    "fullUrl": "https://madie.cms.gov/Encounter/bd734994-9356-4f73-a750-99ee8986f850",
    "resource": {
      "resourceType": "Encounter",
      "id": "bd734994-9356-4f73-a750-99ee8986f850",
      "meta": {
        "profile": [ "http://hl7.org/fhir/us/qicore/StructureDefinition/qicore-encounter" ]
      },
      "status": "finished",
      "class": {
        "system": "http://terminology.hl7.org/CodeSystem/v3-ActCode",
        "code": "AMB",
        "display": "ambulatory"
      },
      "type": [ {
        "coding": [ {
          "system": "http://snomed.info/sct",
          "version": "http://snomed.info/sct/731000124108/version/20240301",
          "code": "185463005",
          "display": "Visit out of hours (procedure)"
        } ]
      } ],
      "subject": {
        "reference": "Patient/6e9a1974-7334-4c41-b8dd-8413ae0caa29"
      },
      "period": {
        "start": "2026-04-06T08:00:00.000+00:00",
        "end": "2026-04-06T08:15:00.000+00:00"
      }
    },
    "request": {
      "method": "PUT",
      "url": "Encounter/bd734994-9356-4f73-a750-99ee8986f850"
    }
  }, {
    "fullUrl": "https://madie.cms.gov/Condition/ac0e7d14-3e1d-4ec7-a95a-1d07604a4904",
    "resource": {
      "resourceType": "Condition",
      "id": "ac0e7d14-3e1d-4ec7-a95a-1d07604a4904",
      "meta": {
        "profile": [ "http://hl7.org/fhir/us/qicore/StructureDefinition/qicore-condition-problems-health-concerns" ]
      },
      "clinicalStatus": {
        "coding": [ {
          "system": "http://terminology.hl7.org/CodeSystem/condition-clinical",
          "code": "active",
          "display": "Active"
        } ]
      },
      "verificationStatus": {
        "coding": [ {
          "system": "http://terminology.hl7.org/CodeSystem/condition-ver-status",
          "code": "confirmed",
          "display": "Confirmed"
        } ]
      },
      "category": [ {
        "coding": [ {
          "system": "http://terminology.hl7.org/CodeSystem/condition-category",
          "code": "problem-list-item",
          "display": "Problem List Item"
        } ]
      } ],
      "code": {
        "coding": [ {
          "system": "http://hl7.org/fhir/sid/icd-10-cm",
          "version": "2024",
          "code": "C67.1",
          "display": "Malignant neoplasm of dome of bladder"
        } ]
      },
      "subject": {
        "reference": "Patient/6e9a1974-7334-4c41-b8dd-8413ae0caa29"
      },
      "onsetDateTime": "2026-04-06T08:00:00.000+00:00"
    },
    "request": {
      "method": "PUT",
      "url": "Condition/ac0e7d14-3e1d-4ec7-a95a-1d07604a4904"
    }
  }, {
    "fullUrl": "https://madie.cms.gov/Observation/892b59eb-0d7d-4340-976d-e2c390823138",
    "resource": {
      "resourceType": "Observation",
      "id": "892b59eb-0d7d-4340-976d-e2c390823138",
      "meta": {
        "profile": [ "http://hl7.org/fhir/us/qicore/StructureDefinition/qicore-observation-lab" ]
      },
      "partOf": [ {
        "reference": "Procedure/e3c3facc-0961-41d7-9c96-4440c178ea6b"
      } ],
      "status": "final",
      "category": [ {
        "coding": [ {
          "system": "http://terminology.hl7.org/CodeSystem/observation-category",
          "code": "procedure",
          "display": "Procedure"
        } ]
      } ],
      "code": {
        "coding": [ {
          "system": "http://loinc.org",
          "code": "21902-2",
          "display": "Stage group.pathology Cancer"
        } ]
      },
      "subject": {
        "reference": "Patient/6e9a1974-7334-4c41-b8dd-8413ae0caa29"
      },
      "effectivePeriod": {
        "start": "2026-04-06T08:00:00.000+00:00",
        "end": "2026-04-06T08:15:00.000+00:00"
      },
      "issued": "2026-04-06T08:15:00.000+00:00",
      "valueCodeableConcept": {
        "coding": [ {
          "system": "http://snomed.info/sct",
          "version": "http://snomed.info/sct/731000124108/version/20240301",
          "code": "1228883000",
          "display": "American Joint Committee on Cancer cTa (qualifier value)"
        } ]
      }
    },
    "request": {
      "method": "PUT",
      "url": "Observation/892b59eb-0d7d-4340-976d-e2c390823138"
    }
  }, {
    "fullUrl": "https://madie.cms.gov/MedicationAdministration/9c7c0634-444f-43df-988c-111bab878c5b",
    "resource": {
      "resourceType": "MedicationAdministration",
      "id": "9c7c0634-444f-43df-988c-111bab878c5b",
      "meta": {
        "profile": [ "http://hl7.org/fhir/us/qicore/StructureDefinition/qicore-medicationadministration" ]
      },
      "extension": [ {
        "url": "http://hl7.org/fhir/us/qicore/StructureDefinition/qicore-recorded",
        "valueDateTime": "2014-02-02T08:00:00.000+00:00"
      } ],
      "status": "in-progress",
      "medicationCodeableConcept": {
        "coding": [ {
          "system": "http://www.nlm.nih.gov/research/umls/rxnorm",
          "version": "http://snomed.info/sct/731000124108/version/20240301",
          "code": "1653484",
          "display": "BCG, Tice strain 50 MG for Intravesical Suspension"
        } ]
      },
      "subject": {
        "reference": "http://GoodHealthcare.com/fhir/Patient/46464646"
      },
      "effectivePeriod": {
        "start": "2026-04-06T08:00:00.000+00:00",
        "end": "2026-04-06T08:15:00.000+00:00"
      }
    },
    "request": {
      "method": "PUT",
      "url": "MedicationAdministration/9c7c0634-444f-43df-988c-111bab878c5b"
    }
  }, {
    "fullUrl": "https://madie.cms.gov/Practitioner/27f18fb4-f41e-4053-b414-eaf1c0f6cc07",
    "resource": {
      "resourceType": "Practitioner",
      "id": "27f18fb4-f41e-4053-b414-eaf1c0f6cc07",
      "meta": {
        "profile": [ "http://hl7.org/fhir/us/qicore/StructureDefinition/qicore-practitioner" ]
      },
      "identifier": [ {
        "use": "temp",
        "system": "urn:oid:2.16.840.1.113883.4.336",
        "value": "Practitioner-23"
      } ],
      "active": true,
      "name": [ {
        "family": "Careful",
        "given": [ "Adam" ],
        "prefix": [ "Dr" ]
      } ],
      "address": [ {
        "use": "home",
        "line": [ "534 Erewhon St" ],
        "city": "PleasantVille",
        "state": "UT",
        "postalCode": "84414"
      } ],
      "qualification": [ {
        "identifier": [ {
          "system": "http://example.org/UniversityIdentifier",
          "value": "12345"
        } ],
        "code": {
          "coding": [ {
            "system": "http://terminology.hl7.org/CodeSystem/v2-0360|2.7",
            "code": "BS",
            "display": "Bachelor of Science"
          } ],
          "text": "Bachelor of Science"
        },
        "period": {
          "start": "1996"
        },
        "issuer": {
          "display": "Example University"
        }
      } ]
    },
    "request": {
      "method": "PUT",
      "url": "Practitioner/27f18fb4-f41e-4053-b414-eaf1c0f6cc07"
    }
  }, {
    "fullUrl": "https://madie.cms.gov/Procedure/e3c3facc-0961-41d7-9c96-4440c178ea6b",
    "resource": {
      "resourceType": "Procedure",
      "id": "e3c3facc-0961-41d7-9c96-4440c178ea6b",
      "meta": {
        "profile": [ "http://hl7.org/fhir/us/qicore/StructureDefinition/qicore-procedure" ]
      },
      "extension": [ {
        "url": "http://hl7.org/fhir/us/qicore/StructureDefinition/qicore-recorded",
        "valueDateTime": "2026-02-01T08:00:00.000+00:00"
      } ],
      "status": "completed",
      "code": {
        "coding": [ {
          "system": "http://snomed.info/sct",
          "version": "http://snomed.info/sct/731000124108/version/20240301",
          "code": "254292007",
          "display": "Tumor staging"
        } ]
      },
      "subject": {
        "reference": "Patient/6e9a1974-7334-4c41-b8dd-8413ae0caa29"
      },
      "performedPeriod": {
        "start": "2026-04-06T08:00:00.000+00:00",
        "end": "2026-04-06T08:15:00.000+00:00"
      }
    },
    "request": {
      "method": "PUT",
      "url": "Procedure/e3c3facc-0961-41d7-9c96-4440c178ea6b"
    }
  }, {
    "fullUrl": "https://madie.cms.gov/MeasureReport/188f68da-c867-49b0-a89f-de63e5a8c842",
    "resource": {
      "resourceType": "MeasureReport",
      "id": "188f68da-c867-49b0-a89f-de63e5a8c842",
      "meta": {
        "profile": [ "http://hl7.org/fhir/us/cqfmeasures/StructureDefinition/test-case-cqfm" ]
      },
      "contained": [ {
        "resourceType": "Parameters",
        "id": "d939b3ec-d232-4bc6-a66d-f19c9f7f070a-parameters",
        "parameter": [ {
          "name": "subject",
          "valueString": "6e9a1974-7334-4c41-b8dd-8413ae0caa29"
        } ]
      } ],
      "extension": [ {
        "url": "http://hl7.org/fhir/StructureDefinition/cqf-inputParameters",
        "valueReference": {
          "reference": "#d939b3ec-d232-4bc6-a66d-f19c9f7f070a-parameters"
        }
      }, {
        "url": "http://hl7.org/fhir/us/cqfmeasures/StructureDefinition/cqfm-testCaseDescription",
        "valueMarkdown": "Female patient with OV in MP and initial bladder CA dx but staging delayed.  BCG given before staging results back.  Clinically improbable. Should fail  Performed as expected."
      } ],
      "modifierExtension": [ {
        "url": "http://hl7.org/fhir/us/cqfmeasures/StructureDefinition/cqfm-isTestCase",
        "valueBoolean": true
      } ],
      "status": "complete",
      "type": "individual",
      "measure": "https://madie.cms.gov/Measure/CMS646FHIRIntravesicalBacillusCalmetteGuerinForBladderCancer",
      "period": {
        "start": "2026-01-01",
        "end": "2026-12-31"
      },
      "group": [ {
        "id": "Group_1",
        "population": [ {
          "id": "InitialPopulation_1",
          "code": {
            "coding": [ {
              "system": "http://terminology.hl7.org/CodeSystem/measure-population",
              "code": "initial-population",
              "display": "Initial Population"
            } ]
          },
          "count": 1
        }, {
          "id": "Denominator_1",
          "code": {
            "coding": [ {
              "system": "http://terminology.hl7.org/CodeSystem/measure-population",
              "code": "denominator",
              "display": "Denominator"
            } ]
          },
          "count": 1
        }, {
          "id": "DenominatorExclusion_1",
          "code": {
            "coding": [ {
              "system": "http://terminology.hl7.org/CodeSystem/measure-population",
              "code": "denominator-exclusion",
              "display": "Denominator Exclusion"
            } ]
          },
          "count": 0
        }, {
          "id": "Numerator_1",
          "code": {
            "coding": [ {
              "system": "http://terminology.hl7.org/CodeSystem/measure-population",
              "code": "numerator",
              "display": "Numerator"
            } ]
          },
          "count": 0
        }, {
          "id": "DenominatorException_1",
          "code": {
            "coding": [ {
              "system": "http://terminology.hl7.org/CodeSystem/measure-population",
              "code": "denominator-exception",
              "display": "Denominator Exception"
            } ]
          },
          "count": 0
        } ],
        "measureScore": {
          "value": 1.0
        }
      } ],
      "evaluatedResource": [ {
        "reference": "Patient/6e9a1974-7334-4c41-b8dd-8413ae0caa29"
      }, {
        "reference": "Encounter/bd734994-9356-4f73-a750-99ee8986f850"
      }, {
        "reference": "Condition/ac0e7d14-3e1d-4ec7-a95a-1d07604a4904"
      }, {
        "reference": "Observation/892b59eb-0d7d-4340-976d-e2c390823138"
      }, {
        "reference": "MedicationAdministration/9c7c0634-444f-43df-988c-111bab878c5b"
      }, {
        "reference": "Practitioner/27f18fb4-f41e-4053-b414-eaf1c0f6cc07"
      }, {
        "reference": "Procedure/e3c3facc-0961-41d7-9c96-4440c178ea6b"
      } ]
    },
    "request": {
      "method": "PUT",
      "url": "MeasureReport/188f68da-c867-49b0-a89f-de63e5a8c842"
    }
  } ]
}