{
  "resourceType": "Bundle",
  "id": "62cddc0a62b2323a168e9764",
  "type": "transaction",
  "entry": [ {
    "fullUrl": "https://madie.cms.gov/Patient/095ef9fa-0b0e-477f-9fd3-364ccfb9ee34",
    "resource": {
      "resourceType": "Patient",
      "id": "095ef9fa-0b0e-477f-9fd3-364ccfb9ee34",
      "meta": {
        "profile": [ "http://hl7.org/fhir/us/qicore/StructureDefinition/qicore-patient" ]
      },
      "extension": [ {
        "url": "http://hl7.org/fhir/us/core/StructureDefinition/us-core-race",
        "extension": [ {
          "url": "ombCategory",
          "valueCoding": {
            "system": "urn:oid:2.16.840.1.113883.6.238",
            "code": "1002-5",
            "display": "American Indian or Alaska Native",
            "userSelected": true
          }
        }, {
          "url": "text",
          "valueString": "American Indian or Alaska Native"
        } ]
      }, {
        "url": "http://hl7.org/fhir/us/core/StructureDefinition/us-core-ethnicity",
        "extension": [ {
          "url": "ombCategory",
          "valueCoding": {
            "system": "urn:oid:2.16.840.1.113883.6.238",
            "code": "2135-2",
            "display": "Hispanic or Latino",
            "userSelected": true
          }
        }, {
          "url": "text",
          "valueString": "Hispanic or Latino"
        } ]
      } ],
      "identifier": [ {
        "type": {
          "coding": [ {
            "system": "http://terminology.hl7.org/CodeSystem/v2-0203",
            "code": "MR"
          } ]
        },
        "system": "https://bonnie-fhir.healthit.gov/",
        "value": "62cddc0a62b2323a168e9764"
      } ],
      "name": [ {
        "family": "NUMERPass",
        "given": [ "SecondReadingOver130" ]
      } ],
      "gender": "male",
      "birthDate": "1976-12-31"
    },
    "request": {
      "method": "PUT",
      "url": "Patient/095ef9fa-0b0e-477f-9fd3-364ccfb9ee34"
    }
  }, {
    "fullUrl": "https://madie.cms.gov/Encounter/e25bedb5-fae5-4c5e-ab82-e4b4cd505773",
    "resource": {
      "resourceType": "Encounter",
      "id": "e25bedb5-fae5-4c5e-ab82-e4b4cd505773",
      "meta": {
        "profile": [ "http://hl7.org/fhir/us/qicore/StructureDefinition/qicore-encounter" ]
      },
      "status": "finished",
      "class": {
        "system": "http://terminology.hl7.org/CodeSystem/v3-ActCode",
        "code": "AMB",
        "display": "ambulatory"
      },
      "type": [ {
        "coding": [ {
          "system": "http://snomed.info/sct",
          "version": "2022-03",
          "code": "103705002",
          "display": "Patient status observation (procedure)",
          "userSelected": true
        } ]
      } ],
      "subject": {
        "reference": "Patient/095ef9fa-0b0e-477f-9fd3-364ccfb9ee34"
      },
      "period": {
        "start": "2026-01-01T08:00:00.000+00:00",
        "end": "2026-01-01T08:45:00.000+00:00"
      }
    },
    "request": {
      "method": "PUT",
      "url": "Encounter/e25bedb5-fae5-4c5e-ab82-e4b4cd505773"
    }
  }, {
    "fullUrl": "https://madie.cms.gov/ServiceRequest/257b746b-f6af-4c72-8845-a7aadb042322",
    "resource": {
      "resourceType": "ServiceRequest",
      "id": "257b746b-f6af-4c72-8845-a7aadb042322",
      "meta": {
        "profile": [ "http://hl7.org/fhir/us/qicore/StructureDefinition/qicore-servicerequest" ]
      },
      "status": "active",
      "intent": "order",
      "code": {
        "coding": [ {
          "system": "http://snomed.info/sct",
          "version": "2022-03",
          "code": "183617005",
          "display": "Follow-up 1 day (finding)",
          "userSelected": true
        } ]
      },
      "subject": {
        "reference": "Patient/095ef9fa-0b0e-477f-9fd3-364ccfb9ee34"
      },
      "authoredOn": "2026-01-01T08:30:00.000+00:00"
    },
    "request": {
      "method": "PUT",
      "url": "ServiceRequest/257b746b-f6af-4c72-8845-a7aadb042322"
    }
  }, {
    "fullUrl": "https://madie.cms.gov/Encounter/7267c8de-484d-4eff-a1a8-476705654f46",
    "resource": {
      "resourceType": "Encounter",
      "id": "7267c8de-484d-4eff-a1a8-476705654f46",
      "meta": {
        "profile": [ "http://hl7.org/fhir/us/qicore/StructureDefinition/qicore-encounter" ]
      },
      "status": "finished",
      "class": {
        "system": "http://terminology.hl7.org/CodeSystem/v3-ActCode",
        "code": "AMB",
        "display": "ambulatory"
      },
      "type": [ {
        "coding": [ {
          "system": "http://snomed.info/sct",
          "version": "2022-03",
          "code": "103705002",
          "display": "Patient status observation (procedure)",
          "userSelected": true
        } ]
      } ],
      "subject": {
        "reference": "Patient/095ef9fa-0b0e-477f-9fd3-364ccfb9ee34"
      },
      "period": {
        "start": "2026-12-31T10:00:00.000+00:00",
        "end": "2026-12-31T10:30:00.000+00:00"
      }
    },
    "request": {
      "method": "PUT",
      "url": "Encounter/7267c8de-484d-4eff-a1a8-476705654f46"
    }
  }, {
    "fullUrl": "https://madie.cms.gov/ServiceRequest/52da13c4-4967-4bbc-8f76-7ab4fde9f3a7",
    "resource": {
      "resourceType": "ServiceRequest",
      "id": "52da13c4-4967-4bbc-8f76-7ab4fde9f3a7",
      "meta": {
        "profile": [ "http://hl7.org/fhir/us/qicore/StructureDefinition/qicore-servicerequest" ]
      },
      "status": "active",
      "intent": "order",
      "code": {
        "coding": [ {
          "system": "http://snomed.info/sct",
          "version": "2022-03",
          "code": "183624006",
          "display": "Follow-up 2-3 months (finding)",
          "userSelected": true
        } ]
      },
      "subject": {
        "reference": "Patient/095ef9fa-0b0e-477f-9fd3-364ccfb9ee34"
      },
      "authoredOn": "2026-12-31T10:10:00.000+00:00"
    },
    "request": {
      "method": "PUT",
      "url": "ServiceRequest/52da13c4-4967-4bbc-8f76-7ab4fde9f3a7"
    }
  }, {
    "fullUrl": "https://madie.cms.gov/ServiceRequest/28a113a5-08ad-4b44-8d34-f60090d6414c",
    "resource": {
      "resourceType": "ServiceRequest",
      "id": "28a113a5-08ad-4b44-8d34-f60090d6414c",
      "meta": {
        "profile": [ "http://hl7.org/fhir/us/qicore/StructureDefinition/qicore-servicerequest" ]
      },
      "status": "active",
      "intent": "order",
      "code": {
        "coding": [ {
          "system": "http://snomed.info/sct",
          "version": "2022-03",
          "code": "20093000",
          "display": "Alcohol rehabilitation and detoxification (regime/therapy)",
          "userSelected": true
        } ]
      },
      "subject": {
        "reference": "Patient/095ef9fa-0b0e-477f-9fd3-364ccfb9ee34"
      },
      "authoredOn": "2026-01-01T08:30:00.000+00:00"
    },
    "request": {
      "method": "PUT",
      "url": "ServiceRequest/28a113a5-08ad-4b44-8d34-f60090d6414c"
    }
  }, {
    "fullUrl": "https://madie.cms.gov/ServiceRequest/0fdc59e2-820b-455b-8625-04be06bcfe02",
    "resource": {
      "resourceType": "ServiceRequest",
      "id": "0fdc59e2-820b-455b-8625-04be06bcfe02",
      "meta": {
        "profile": [ "http://hl7.org/fhir/us/qicore/StructureDefinition/qicore-servicerequest" ]
      },
      "status": "active",
      "intent": "order",
      "code": {
        "coding": [ {
          "system": "http://loinc.org",
          "code": "34534-8",
          "display": "EKG 12 channel panel",
          "userSelected": true
        } ]
      },
      "subject": {
        "reference": "Patient/095ef9fa-0b0e-477f-9fd3-364ccfb9ee34"
      },
      "authoredOn": "2026-12-31T10:10:00.000+00:00"
    },
    "request": {
      "method": "PUT",
      "url": "ServiceRequest/0fdc59e2-820b-455b-8625-04be06bcfe02"
    }
  }, {
    "fullUrl": "https://madie.cms.gov/ServiceRequest/0fdc59e2-820b-455b-8625-04be06bcfe02",
    "resource": {
      "resourceType": "ServiceRequest",
      "id": "0fdc59e2-820b-455b-8625-04be06bcfe02",
      "meta": {
        "profile": [ "http://hl7.org/fhir/us/qicore/StructureDefinition/qicore-servicerequest" ]
      },
      "status": "active",
      "intent": "order",
      "code": {
        "coding": [ {
          "system": "http://loinc.org",
          "code": "11524-6",
          "display": "EKG study",
          "userSelected": true
        } ]
      },
      "subject": {
        "reference": "Patient/095ef9fa-0b0e-477f-9fd3-364ccfb9ee34"
      },
      "authoredOn": "2026-12-31T10:10:00.000+00:00"
    },
    "request": {
      "method": "PUT",
      "url": "ServiceRequest/0fdc59e2-820b-455b-8625-04be06bcfe02"
    }
  }, {
    "fullUrl": "https://madie.cms.gov/ServiceRequest/ed242075-5c2b-4364-b652-98a9c3f311cd",
    "resource": {
      "resourceType": "ServiceRequest",
      "id": "ed242075-5c2b-4364-b652-98a9c3f311cd",
      "meta": {
        "profile": [ "http://hl7.org/fhir/us/qicore/StructureDefinition/qicore-servicerequest" ]
      },
      "status": "active",
      "intent": "order",
      "code": {
        "coding": [ {
          "system": "http://snomed.info/sct",
          "version": "2022-03",
          "code": "313204009",
          "display": "Lifestyle education (procedure)",
          "userSelected": true
        } ]
      },
      "subject": {
        "reference": "Patient/095ef9fa-0b0e-477f-9fd3-364ccfb9ee34"
      },
      "authoredOn": "2026-12-31T10:10:00.000+00:00"
    },
    "request": {
      "method": "PUT",
      "url": "ServiceRequest/ed242075-5c2b-4364-b652-98a9c3f311cd"
    }
  }, {
    "fullUrl": "https://madie.cms.gov/MedicationRequest/869750f4-c512-4427-b6fb-fb488ba6571b",
    "resource": {
      "resourceType": "MedicationRequest",
      "id": "869750f4-c512-4427-b6fb-fb488ba6571b",
      "meta": {
        "profile": [ "http://hl7.org/fhir/us/qicore/StructureDefinition/qicore-medicationrequest" ]
      },
      "status": "active",
      "intent": "order",
      "medicationCodeableConcept": {
        "coding": [ {
          "system": "http://www.nlm.nih.gov/research/umls/rxnorm",
          "code": "1000001",
          "display": "amlodipine 5 MG / hydrochlorothiazide 25 MG / olmesartan medoxomil 40 MG Oral Tablet",
          "userSelected": true
        } ]
      },
      "subject": {
        "reference": "Patient/095ef9fa-0b0e-477f-9fd3-364ccfb9ee34"
      },
      "authoredOn": "2026-12-31T10:10:00.000+00:00",
      "requester": {
        "reference": "Practitioner/f007",
        "display": "Patrick Pump"
      }
    },
    "request": {
      "method": "PUT",
      "url": "MedicationRequest/869750f4-c512-4427-b6fb-fb488ba6571b"
    }
  }, {
    "fullUrl": "https://madie.cms.gov/Observation/eee63cc6-a22d-4ec9-97a9-1873295dbdb7",
    "resource": {
      "resourceType": "Observation",
      "id": "eee63cc6-a22d-4ec9-97a9-1873295dbdb7",
      "meta": {
        "profile": [ "http://hl7.org/fhir/us/core/StructureDefinition/us-core-blood-pressure" ]
      },
      "status": "corrected",
      "category": [ {
        "coding": [ {
          "system": "http://terminology.hl7.org/CodeSystem/observation-category",
          "code": "vital-signs",
          "display": "Vital Signs"
        } ],
        "text": "Vital Signs"
      } ],
      "code": {
        "coding": [ {
          "system": "http://loinc.org",
          "code": "85354-9",
          "display": "Blood pressure panel"
        } ]
      },
      "subject": {
        "reference": "Patient/095ef9fa-0b0e-477f-9fd3-364ccfb9ee34"
      },
      "effectiveDateTime": "2026-01-01T08:05:00.000+00:00",
      "component": [ {
        "code": {
          "coding": [ {
            "system": "http://loinc.org",
            "code": "8480-6",
            "display": "Systolic blood pressure"
          } ]
        },
        "valueQuantity": {
          "value": 130,
          "unit": "mmHg",
          "system": "http://unitsofmeasure.org",
          "code": "mm[Hg]"
        }
      }, {
        "code": {
          "coding": [ {
            "system": "http://loinc.org",
            "code": "8462-4",
            "display": "Diastolic blood pressure"
          } ]
        },
        "valueQuantity": {
          "value": 80,
          "unit": "mmHg",
          "system": "http://unitsofmeasure.org",
          "code": "mm[Hg]"
        }
      } ]
    },
    "request": {
      "method": "PUT",
      "url": "Observation/eee63cc6-a22d-4ec9-97a9-1873295dbdb7"
    }
  }, {
    "fullUrl": "https://madie.cms.gov/Observation/74df44b9-6fd2-4530-8005-4a0f6e779638",
    "resource": {
      "resourceType": "Observation",
      "id": "74df44b9-6fd2-4530-8005-4a0f6e779638",
      "meta": {
        "profile": [ "http://hl7.org/fhir/us/core/StructureDefinition/us-core-blood-pressure" ]
      },
      "status": "final",
      "category": [ {
        "coding": [ {
          "system": "http://terminology.hl7.org/CodeSystem/observation-category",
          "code": "vital-signs",
          "display": "Vital Signs"
        } ],
        "text": "Vital Signs"
      } ],
      "code": {
        "coding": [ {
          "system": "http://loinc.org",
          "code": "85354-9",
          "display": "Blood pressure panel"
        } ]
      },
      "subject": {
        "reference": "Patient/095ef9fa-0b0e-477f-9fd3-364ccfb9ee34"
      },
      "effectiveDateTime": "2026-12-31T10:05:00.000+00:00",
      "component": [ {
        "code": {
          "coding": [ {
            "system": "http://loinc.org",
            "code": "8480-6",
            "display": "Systolic blood pressure"
          } ]
        },
        "valueQuantity": {
          "value": 131,
          "unit": "mmHg",
          "system": "http://unitsofmeasure.org",
          "code": "mm[Hg]"
        }
      }, {
        "code": {
          "coding": [ {
            "system": "http://loinc.org",
            "code": "8462-4",
            "display": "Diastolic blood pressure"
          } ]
        },
        "valueQuantity": {
          "value": 80,
          "unit": "mmHg",
          "system": "http://unitsofmeasure.org",
          "code": "mm[Hg]"
        }
      } ]
    },
    "request": {
      "method": "PUT",
      "url": "Observation/74df44b9-6fd2-4530-8005-4a0f6e779638"
    }
  }, {
    "fullUrl": "https://madie.cms.gov/Coverage/1669bf70-d562-4cbb-b49d-d71a945b879b",
    "resource": {
      "resourceType": "Coverage",
      "id": "1669bf70-d562-4cbb-b49d-d71a945b879b",
      "meta": {
        "profile": [ "http://hl7.org/fhir/us/qicore/StructureDefinition/qicore-coverage" ]
      },
      "status": "active",
      "beneficiary": {
        "reference": "Patient/095ef9fa-0b0e-477f-9fd3-364ccfb9ee34"
      },
      "payor": [ {
        "reference": "Organization/98324a8d-13a3-4d25-b887-5765ad08b662"
      } ]
    },
    "request": {
      "method": "PUT",
      "url": "Coverage/1669bf70-d562-4cbb-b49d-d71a945b879b"
    }
  }, {
    "fullUrl": "https://madie.cms.gov/Organization/98324a8d-13a3-4d25-b887-5765ad08b662",
    "resource": {
      "resourceType": "Organization",
      "id": "98324a8d-13a3-4d25-b887-5765ad08b662",
      "meta": {
        "profile": [ "http://hl7.org/fhir/us/qicore/StructureDefinition/qicore-organization" ]
      },
      "identifier": [ {
        "use": "temp",
        "system": "urn:oid:2.16.840.1.113883.4.4",
        "value": "21-3259825"
      } ],
      "active": true,
      "type": [ {
        "coding": [ {
          "system": "http://terminology.hl7.org/CodeSystem/organization-type",
          "code": "pay",
          "display": "Payer"
        } ]
      } ],
      "name": "Blue Cross Blue Shield of Texas",
      "telecom": [ {
        "system": "phone",
        "value": "(+1) 972-766-6900"
      } ],
      "address": [ {
        "use": "billing",
        "type": "postal",
        "line": [ "P.O. Box 660044" ],
        "city": "Dallas",
        "state": "TX",
        "postalCode": "75266-0044",
        "country": "USA"
      } ]
    },
    "request": {
      "method": "PUT",
      "url": "Organization/98324a8d-13a3-4d25-b887-5765ad08b662"
    }
  }, {
    "fullUrl": "https://madie.cms.gov/MeasureReport/9ceff460-5bb5-4043-921c-5d5e5c67564f",
    "resource": {
      "resourceType": "MeasureReport",
      "id": "9ceff460-5bb5-4043-921c-5d5e5c67564f",
      "meta": {
        "profile": [ "http://hl7.org/fhir/us/cqfmeasures/StructureDefinition/test-case-cqfm" ]
      },
      "contained": [ {
        "resourceType": "Parameters",
        "id": "580d0b5d-3181-42ac-a572-63b49de86b12-parameters",
        "parameter": [ {
          "name": "subject",
          "valueString": "095ef9fa-0b0e-477f-9fd3-364ccfb9ee34"
        } ]
      } ],
      "extension": [ {
        "url": "http://hl7.org/fhir/StructureDefinition/cqf-inputParameters",
        "valueReference": {
          "reference": "#580d0b5d-3181-42ac-a572-63b49de86b12-parameters"
        }
      }, {
        "url": "http://hl7.org/fhir/us/cqfmeasures/StructureDefinition/cqfm-testCaseDescription",
        "valueMarkdown": "Age 18+, encounter 01/01 0800 - 0845 during MP, second BP reading 130/80 with detox order, f/u in 1 day.\n2nd enc. 12/31 1000-1045, BP 131/80, EKG, lifestyle education, medication, f/u 1 day"
      } ],
      "modifierExtension": [ {
        "url": "http://hl7.org/fhir/us/cqfmeasures/StructureDefinition/cqfm-isTestCase",
        "valueBoolean": true
      } ],
      "status": "complete",
      "type": "individual",
      "measure": "https://madie.cms.gov/Measure/CMS22FHIRPCSBPScreeningFollowUp",
      "period": {
        "start": "2026-01-01",
        "end": "2026-12-31"
      },
      "group": [ {
        "id": "Group_1",
        "population": [ {
          "id": "InitialPopulation_1",
          "code": {
            "coding": [ {
              "system": "http://terminology.hl7.org/CodeSystem/measure-population",
              "code": "initial-population",
              "display": "Initial Population"
            } ]
          },
          "count": 2
        }, {
          "id": "Denominator_1",
          "code": {
            "coding": [ {
              "system": "http://terminology.hl7.org/CodeSystem/measure-population",
              "code": "denominator",
              "display": "Denominator"
            } ]
          },
          "count": 2
        }, {
          "id": "DenominatorExclusion_1",
          "code": {
            "coding": [ {
              "system": "http://terminology.hl7.org/CodeSystem/measure-population",
              "code": "denominator-exclusion",
              "display": "Denominator Exclusion"
            } ]
          },
          "count": 0
        }, {
          "id": "Numerator_1",
          "code": {
            "coding": [ {
              "system": "http://terminology.hl7.org/CodeSystem/measure-population",
              "code": "numerator",
              "display": "Numerator"
            } ]
          },
          "count": 2
        }, {
          "id": "DenominatorException_1",
          "code": {
            "coding": [ {
              "system": "http://terminology.hl7.org/CodeSystem/measure-population",
              "code": "denominator-exception",
              "display": "Denominator Exception"
            } ]
          },
          "count": 0
        } ],
        "measureScore": {
          "value": 0.0
        }
      } ],
      "evaluatedResource": [ {
        "reference": "Patient/095ef9fa-0b0e-477f-9fd3-364ccfb9ee34"
      }, {
        "reference": "Encounter/e25bedb5-fae5-4c5e-ab82-e4b4cd505773"
      }, {
        "reference": "ServiceRequest/257b746b-f6af-4c72-8845-a7aadb042322"
      }, {
        "reference": "Encounter/7267c8de-484d-4eff-a1a8-476705654f46"
      }, {
        "reference": "ServiceRequest/52da13c4-4967-4bbc-8f76-7ab4fde9f3a7"
      }, {
        "reference": "ServiceRequest/28a113a5-08ad-4b44-8d34-f60090d6414c"
      }, {
        "reference": "ServiceRequest/0fdc59e2-820b-455b-8625-04be06bcfe02"
      }, {
        "reference": "ServiceRequest/0fdc59e2-820b-455b-8625-04be06bcfe02"
      }, {
        "reference": "ServiceRequest/ed242075-5c2b-4364-b652-98a9c3f311cd"
      }, {
        "reference": "MedicationRequest/869750f4-c512-4427-b6fb-fb488ba6571b"
      }, {
        "reference": "Observation/eee63cc6-a22d-4ec9-97a9-1873295dbdb7"
      }, {
        "reference": "Observation/74df44b9-6fd2-4530-8005-4a0f6e779638"
      }, {
        "reference": "Coverage/1669bf70-d562-4cbb-b49d-d71a945b879b"
      }, {
        "reference": "Organization/98324a8d-13a3-4d25-b887-5765ad08b662"
      } ]
    },
    "request": {
      "method": "PUT",
      "url": "MeasureReport/9ceff460-5bb5-4043-921c-5d5e5c67564f"
    }
  } ]
}