{
  "resourceType": "Bundle",
  "id": "657cbdc9b4f1f0343662347a",
  "type": "transaction",
  "entry": [ {
    "fullUrl": "https://madie.cms.gov/Patient/0b97cf11-42c5-4f2d-b80d-be2f0e3d2501",
    "resource": {
      "resourceType": "Patient",
      "id": "0b97cf11-42c5-4f2d-b80d-be2f0e3d2501",
      "meta": {
        "profile": [ "http://hl7.org/fhir/us/qicore/StructureDefinition/qicore-patient" ]
      },
      "extension": [ {
        "url": "http://hl7.org/fhir/us/core/StructureDefinition/us-core-race",
        "extension": [ {
          "url": "ombCategory",
          "valueCoding": {
            "system": "urn:oid:2.16.840.1.113883.6.238",
            "code": "2106-3",
            "display": "White",
            "userSelected": true
          }
        }, {
          "url": "text",
          "valueString": "White"
        } ]
      }, {
        "url": "http://hl7.org/fhir/us/core/StructureDefinition/us-core-ethnicity",
        "extension": [ {
          "url": "ombCategory",
          "valueCoding": {
            "system": "urn:oid:2.16.840.1.113883.6.238",
            "code": "2186-5",
            "display": "Not Hispanic or Latino",
            "userSelected": true
          }
        }, {
          "url": "text",
          "valueString": "Not Hispanic or Latino"
        } ]
      } ],
      "identifier": [ {
        "type": {
          "coding": [ {
            "system": "http://terminology.hl7.org/CodeSystem/v2-0203",
            "code": "MR"
          } ]
        },
        "system": "https://bonnie-fhir.healthit.gov/",
        "value": "657cbdc9b4f1f0343662347a"
      } ],
      "name": [ {
        "family": "IPOPPass",
        "given": [ "InptEncDiabeticMedEncClassInptNonAcute" ]
      } ],
      "gender": "female",
      "birthDate": "2008-01-01"
    },
    "request": {
      "method": "PUT",
      "url": "Patient/0b97cf11-42c5-4f2d-b80d-be2f0e3d2501"
    }
  }, {
    "fullUrl": "https://madie.cms.gov/Encounter/79f4c78c-2234-4133-be4d-e521a850cc73",
    "resource": {
      "resourceType": "Encounter",
      "id": "79f4c78c-2234-4133-be4d-e521a850cc73",
      "meta": {
        "profile": [ "http://hl7.org/fhir/us/qicore/StructureDefinition/qicore-encounter" ]
      },
      "status": "entered-in-error",
      "class": {
        "system": "http://terminology.hl7.org/CodeSystem/v3-ActCode",
        "code": "NONAC",
        "display": "inpatient non-acute"
      },
      "type": [ {
        "coding": [ {
          "system": "http://snomed.info/sct",
          "version": "2024",
          "code": "32485007",
          "display": "Hospital admission (procedure)",
          "userSelected": true
        } ]
      } ],
      "subject": {
        "reference": "Patient/0b97cf11-42c5-4f2d-b80d-be2f0e3d2501"
      },
      "period": {
        "start": "2026-01-01T08:00:00Z",
        "end": "2026-01-02T09:15:00Z"
      },
      "location": [ {
        "location": {
          "reference": "Location/152609af-850a-435a-a14c-93df8a1c28c3"
        },
        "period": {
          "start": "2026-01-01T00:00:00Z",
          "end": "2026-01-01T10:01:00Z"
        }
      } ]
    },
    "request": {
      "method": "PUT",
      "url": "Encounter/79f4c78c-2234-4133-be4d-e521a850cc73"
    }
  }, {
    "fullUrl": "https://madie.cms.gov/Location/152609af-850a-435a-a14c-93df8a1c28c3",
    "resource": {
      "resourceType": "Location",
      "id": "152609af-850a-435a-a14c-93df8a1c28c3",
      "meta": {
        "profile": [ "http://hl7.org/fhir/us/qicore/StructureDefinition/qicore-location" ]
      },
      "identifier": [ {
        "use": "usual",
        "system": "http://exampleoflocation.com",
        "value": "B1-S.F2"
      } ],
      "name": "Medical Surgical East, first floor",
      "type": [ {
        "coding": [ {
          "system": "https://www.cdc.gov/nhsn/cdaportal/terminology/codesystem/hsloc.html",
          "code": "1025-6",
          "display": "Trauma Critical Care",
          "userSelected": true
        } ]
      } ]
    },
    "request": {
      "method": "PUT",
      "url": "Location/152609af-850a-435a-a14c-93df8a1c28c3"
    }
  }, {
    "fullUrl": "https://madie.cms.gov/MedicationAdministration/2d8ad42a-8ea1-4c3f-a018-213a81d23092",
    "resource": {
      "resourceType": "MedicationAdministration",
      "id": "2d8ad42a-8ea1-4c3f-a018-213a81d23092",
      "meta": {
        "profile": [ "http://hl7.org/fhir/us/qicore/StructureDefinition/qicore-medicationadministration" ]
      },
      "status": "completed",
      "medicationCodeableConcept": {
        "coding": [ {
          "system": "http://www.nlm.nih.gov/research/umls/rxnorm",
          "code": "1007184",
          "display": "insulin aspart protamine, human / insulin aspart, human"
        } ]
      },
      "subject": {
        "reference": "Patient/0b97cf11-42c5-4f2d-b80d-be2f0e3d2501"
      },
      "effectivePeriod": {
        "start": "2026-01-01T08:00:00Z",
        "end": "2026-01-01T08:15:00Z"
      }
    },
    "request": {
      "method": "PUT",
      "url": "MedicationAdministration/2d8ad42a-8ea1-4c3f-a018-213a81d23092"
    }
  }, {
    "fullUrl": "https://madie.cms.gov/Coverage/de393a27-7ccf-4423-977a-f828bcfcd2a4",
    "resource": {
      "resourceType": "Coverage",
      "id": "de393a27-7ccf-4423-977a-f828bcfcd2a4",
      "meta": {
        "profile": [ "http://hl7.org/fhir/us/qicore/StructureDefinition/qicore-coverage" ]
      },
      "identifier": [ {
        "system": "http://benefitsinc.com/certificate",
        "value": "12345"
      } ],
      "status": "active",
      "type": {
        "coding": [ {
          "system": "https://nahdo.org/sopt",
          "version": "1.0.1",
          "code": "1",
          "display": "MEDICARE",
          "userSelected": true
        } ]
      },
      "subscriberId": "AB9876",
      "beneficiary": {
        "reference": "Patient/0b97cf11-42c5-4f2d-b80d-be2f0e3d2501"
      },
      "relationship": {
        "coding": [ {
          "system": "http://terminology.hl7.org/CodeSystem/subscriber-relationship",
          "code": "self"
        } ]
      },
      "payor": [ {
        "reference": "Organization/b141e469-996c-4f85-97ab-030345d9e0e9"
      } ]
    },
    "request": {
      "method": "PUT",
      "url": "Coverage/de393a27-7ccf-4423-977a-f828bcfcd2a4"
    }
  }, {
    "fullUrl": "https://madie.cms.gov/Organization/b141e469-996c-4f85-97ab-030345d9e0e9",
    "resource": {
      "resourceType": "Organization",
      "id": "b141e469-996c-4f85-97ab-030345d9e0e9",
      "meta": {
        "profile": [ "http://hl7.org/fhir/us/qicore/StructureDefinition/qicore-organization" ]
      },
      "identifier": [ {
        "use": "temp",
        "system": "urn:oid:2.16.840.1.113883.4.4",
        "value": "21-3259825"
      } ],
      "active": true,
      "type": [ {
        "coding": [ {
          "system": "http://terminology.hl7.org/CodeSystem/organization-type",
          "code": "pay",
          "display": "Payer"
        } ]
      } ],
      "name": "Blue Cross Blue Shield of Texas",
      "telecom": [ {
        "system": "phone",
        "value": "(+1) 972-766-6900"
      } ],
      "address": [ {
        "use": "billing",
        "type": "postal",
        "line": [ "P.O. Box 660044" ],
        "city": "Dallas",
        "state": "TX",
        "postalCode": "75266-0044",
        "country": "USA"
      } ]
    },
    "request": {
      "method": "PUT",
      "url": "Organization/b141e469-996c-4f85-97ab-030345d9e0e9"
    }
  }, {
    "fullUrl": "https://madie.cms.gov/Practitioner/af7de289-0d1b-4602-9ca8-f0238bd45b80",
    "resource": {
      "resourceType": "Practitioner",
      "id": "af7de289-0d1b-4602-9ca8-f0238bd45b80",
      "meta": {
        "profile": [ "http://hl7.org/fhir/us/qicore/StructureDefinition/qicore-practitioner" ]
      },
      "identifier": [ {
        "system": "http://hl7.org/fhir/sid/us-npi",
        "value": "0723660813"
      } ],
      "name": [ {
        "family": "Evil",
        "prefix": [ "Dr" ]
      } ]
    },
    "request": {
      "method": "PUT",
      "url": "Practitioner/af7de289-0d1b-4602-9ca8-f0238bd45b80"
    }
  }, {
    "fullUrl": "https://madie.cms.gov/MeasureReport/da04996a-0b04-40d0-99f4-121bda77c687",
    "resource": {
      "resourceType": "MeasureReport",
      "id": "da04996a-0b04-40d0-99f4-121bda77c687",
      "meta": {
        "profile": [ "http://hl7.org/fhir/us/cqfmeasures/StructureDefinition/test-case-cqfm" ]
      },
      "contained": [ {
        "resourceType": "Parameters",
        "id": "44c746c6-bdfa-4f06-909b-c16925efd9ce-parameters",
        "parameter": [ {
          "name": "subject",
          "valueString": "0b97cf11-42c5-4f2d-b80d-be2f0e3d2501"
        } ]
      } ],
      "extension": [ {
        "url": "http://hl7.org/fhir/StructureDefinition/cqf-inputParameters",
        "valueReference": {
          "reference": "#44c746c6-bdfa-4f06-909b-c16925efd9ce-parameters"
        }
      }, {
        "url": "http://hl7.org/fhir/us/cqfmeasures/StructureDefinition/cqfm-testCaseDescription",
        "valueMarkdown": "Inpatient encounter with diabetic medication administration - encounter class inpatient non-acute"
      } ],
      "modifierExtension": [ {
        "url": "http://hl7.org/fhir/us/cqfmeasures/StructureDefinition/cqfm-isTestCase",
        "valueBoolean": true
      } ],
      "status": "complete",
      "type": "individual",
      "measure": "https://madie.cms.gov/Measure/NHSNGlycemicControlHypoglycemiaInitialPopulation",
      "period": {
        "start": "2026-01-01",
        "end": "2026-12-31"
      },
      "group": [ {
        "id": "Group_1",
        "population": [ {
          "id": "InitialPopulation_1",
          "code": {
            "coding": [ {
              "system": "http://terminology.hl7.org/CodeSystem/measure-population",
              "code": "initial-population",
              "display": "Initial Population"
            } ]
          },
          "count": 1
        } ],
        "measureScore": {
          "value": 0.0
        }
      } ],
      "evaluatedResource": [ {
        "reference": "Patient/0b97cf11-42c5-4f2d-b80d-be2f0e3d2501"
      }, {
        "reference": "Encounter/79f4c78c-2234-4133-be4d-e521a850cc73"
      }, {
        "reference": "Location/152609af-850a-435a-a14c-93df8a1c28c3"
      }, {
        "reference": "MedicationAdministration/2d8ad42a-8ea1-4c3f-a018-213a81d23092"
      }, {
        "reference": "Coverage/de393a27-7ccf-4423-977a-f828bcfcd2a4"
      }, {
        "reference": "Organization/b141e469-996c-4f85-97ab-030345d9e0e9"
      }, {
        "reference": "Practitioner/af7de289-0d1b-4602-9ca8-f0238bd45b80"
      } ]
    },
    "request": {
      "method": "PUT",
      "url": "MeasureReport/da04996a-0b04-40d0-99f4-121bda77c687"
    }
  } ]
}