{
  "resourceType": "Bundle",
  "id": "62df0b795db91778f87ca905",
  "type": "transaction",
  "entry": [ {
    "fullUrl": "https://madie.cms.gov/Patient/050201c2-c2c4-46e6-8288-a34f99caebdc",
    "resource": {
      "resourceType": "Patient",
      "id": "050201c2-c2c4-46e6-8288-a34f99caebdc",
      "meta": {
        "profile": [ "http://hl7.org/fhir/us/qicore/StructureDefinition/qicore-patient" ]
      },
      "extension": [ {
        "url": "http://hl7.org/fhir/us/core/StructureDefinition/us-core-race",
        "extension": [ {
          "url": "ombCategory",
          "valueCoding": {
            "system": "urn:oid:2.16.840.1.113883.6.238",
            "code": "2106-3",
            "display": "White",
            "userSelected": true
          }
        }, {
          "url": "text",
          "valueString": "White"
        } ]
      }, {
        "url": "http://hl7.org/fhir/us/core/StructureDefinition/us-core-ethnicity",
        "extension": [ {
          "url": "ombCategory",
          "valueCoding": {
            "system": "urn:oid:2.16.840.1.113883.6.238",
            "code": "2186-5",
            "display": "Not Hispanic or Latino",
            "userSelected": true
          }
        }, {
          "url": "text",
          "valueString": "Not Hispanic or Latino"
        } ]
      } ],
      "identifier": [ {
        "type": {
          "coding": [ {
            "system": "http://terminology.hl7.org/CodeSystem/v2-0203",
            "code": "MR"
          } ]
        },
        "system": "https://bonnie-fhir.healthit.gov/",
        "value": "62df0b795db91778f87ca905"
      } ],
      "name": [ {
        "family": "NUMERPass",
        "given": [ "HighBMIAndInterventionOrderedMedication" ]
      } ],
      "gender": "unknown",
      "birthDate": "1957-11-07"
    },
    "request": {
      "method": "PUT",
      "url": "Patient/050201c2-c2c4-46e6-8288-a34f99caebdc"
    }
  }, {
    "fullUrl": "https://madie.cms.gov/Encounter/d4b1b12d-d74b-46de-98c2-eb5680377d61",
    "resource": {
      "resourceType": "Encounter",
      "id": "d4b1b12d-d74b-46de-98c2-eb5680377d61",
      "meta": {
        "profile": [ "http://hl7.org/fhir/us/qicore/StructureDefinition/qicore-encounter" ]
      },
      "status": "finished",
      "class": {
        "system": "http://terminology.hl7.org/CodeSystem/v3-ActCode",
        "code": "AMB",
        "display": "ambulatory"
      },
      "type": [ {
        "coding": [ {
          "system": "http://snomed.info/sct",
          "version": "2022-03",
          "code": "10197000",
          "display": "Psychiatric interview and evaluation (procedure)",
          "userSelected": true
        } ]
      } ],
      "subject": {
        "reference": "Patient/050201c2-c2c4-46e6-8288-a34f99caebdc"
      },
      "period": {
        "start": "2026-01-01T00:00:00.000+00:00",
        "end": "2026-01-01T00:30:00.000+00:00"
      }
    },
    "request": {
      "method": "PUT",
      "url": "Encounter/d4b1b12d-d74b-46de-98c2-eb5680377d61"
    }
  }, {
    "fullUrl": "https://madie.cms.gov/Observation/b4af78d0-0e8c-4f84-8934-0adb67d4e02d",
    "resource": {
      "resourceType": "Observation",
      "id": "b4af78d0-0e8c-4f84-8934-0adb67d4e02d",
      "meta": {
        "profile": [ "http://hl7.org/fhir/us/core/StructureDefinition/us-core-bmi" ]
      },
      "status": "final",
      "category": [ {
        "coding": [ {
          "system": "http://terminology.hl7.org/CodeSystem/observation-category",
          "code": "vital-signs",
          "display": "Vital Signs"
        } ]
      } ],
      "code": {
        "coding": [ {
          "system": "http://loinc.org",
          "code": "39156-5",
          "display": "Body mass index (BMI) [Ratio]",
          "userSelected": true
        } ]
      },
      "subject": {
        "reference": "Patient/050201c2-c2c4-46e6-8288-a34f99caebdc"
      },
      "effectiveDateTime": "2026-01-01T00:30:00.000+00:00",
      "valueQuantity": {
        "value": 25.1,
        "unit": "kg/m2",
        "system": "http://unitsofmeasure.org",
        "code": "kg/m2"
      }
    },
    "request": {
      "method": "PUT",
      "url": "Observation/b4af78d0-0e8c-4f84-8934-0adb67d4e02d"
    }
  }, {
    "fullUrl": "https://madie.cms.gov/MedicationRequest/5ac8fbcf-0706-4677-82a4-b465fa5e0317",
    "resource": {
      "resourceType": "MedicationRequest",
      "id": "5ac8fbcf-0706-4677-82a4-b465fa5e0317",
      "meta": {
        "profile": [ "http://hl7.org/fhir/us/qicore/StructureDefinition/qicore-medicationrequest" ]
      },
      "status": "active",
      "intent": "order",
      "medicationCodeableConcept": {
        "coding": [ {
          "system": "http://www.nlm.nih.gov/research/umls/rxnorm",
          "code": "1112982",
          "display": "phentermine hydrochloride 15 MG Disintegrating Oral Tablet",
          "userSelected": true
        } ]
      },
      "subject": {
        "reference": "Patient/050201c2-c2c4-46e6-8288-a34f99caebdc"
      },
      "authoredOn": "2026-01-01T00:30:00.000+00:00",
      "requester": {
        "reference": "Practitioner/f007",
        "display": "Patrick Pump"
      },
      "reasonCode": [ {
        "coding": [ {
          "system": "http://hl7.org/fhir/sid/icd-10-cm",
          "code": "E66.01",
          "display": "Morbid (severe) obesity due to excess calories",
          "userSelected": true
        } ]
      } ]
    },
    "request": {
      "method": "PUT",
      "url": "MedicationRequest/5ac8fbcf-0706-4677-82a4-b465fa5e0317"
    }
  }, {
    "fullUrl": "https://madie.cms.gov/Coverage/36f7be9f-b4e3-4471-a46c-9cdd0c1433e6",
    "resource": {
      "resourceType": "Coverage",
      "id": "36f7be9f-b4e3-4471-a46c-9cdd0c1433e6",
      "meta": {
        "profile": [ "http://hl7.org/fhir/us/qicore/StructureDefinition/qicore-coverage" ]
      },
      "status": "active",
      "beneficiary": {
        "reference": "Patient/050201c2-c2c4-46e6-8288-a34f99caebdc"
      },
      "payor": [ {
        "reference": "Organization/b4ac0380-f5a2-4dba-a404-58f09e406077"
      } ]
    },
    "request": {
      "method": "PUT",
      "url": "Coverage/36f7be9f-b4e3-4471-a46c-9cdd0c1433e6"
    }
  }, {
    "fullUrl": "https://madie.cms.gov/Organization/b4ac0380-f5a2-4dba-a404-58f09e406077",
    "resource": {
      "resourceType": "Organization",
      "id": "b4ac0380-f5a2-4dba-a404-58f09e406077",
      "meta": {
        "profile": [ "http://hl7.org/fhir/us/qicore/StructureDefinition/qicore-organization" ]
      },
      "identifier": [ {
        "use": "temp",
        "system": "urn:oid:2.16.840.1.113883.4.4",
        "value": "21-3259825"
      } ],
      "active": true,
      "type": [ {
        "coding": [ {
          "system": "http://terminology.hl7.org/CodeSystem/organization-type",
          "code": "pay",
          "display": "Payer"
        } ]
      } ],
      "name": "Blue Cross Blue Shield of Texas",
      "telecom": [ {
        "system": "phone",
        "value": "(+1) 972-766-6900"
      } ],
      "address": [ {
        "use": "billing",
        "type": "postal",
        "line": [ "P.O. Box 660044" ],
        "city": "Dallas",
        "state": "TX",
        "postalCode": "75266-0044",
        "country": "USA"
      } ]
    },
    "request": {
      "method": "PUT",
      "url": "Organization/b4ac0380-f5a2-4dba-a404-58f09e406077"
    }
  }, {
    "fullUrl": "https://madie.cms.gov/MeasureReport/614238a6-f0ca-47cd-b95d-b278c0a1d23f",
    "resource": {
      "resourceType": "MeasureReport",
      "id": "614238a6-f0ca-47cd-b95d-b278c0a1d23f",
      "meta": {
        "profile": [ "http://hl7.org/fhir/us/cqfmeasures/StructureDefinition/test-case-cqfm" ]
      },
      "contained": [ {
        "resourceType": "Parameters",
        "id": "36167509-3c36-4fa6-8c4b-9eea8d73daae-parameters",
        "parameter": [ {
          "name": "subject",
          "valueString": "050201c2-c2c4-46e6-8288-a34f99caebdc"
        } ]
      } ],
      "extension": [ {
        "url": "http://hl7.org/fhir/StructureDefinition/cqf-inputParameters",
        "valueReference": {
          "reference": "#36167509-3c36-4fa6-8c4b-9eea8d73daae-parameters"
        }
      }, {
        "url": "http://hl7.org/fhir/us/cqfmeasures/StructureDefinition/cqfm-testCaseDescription",
        "valueMarkdown": "Enc first day of MP,  BMI  high at 25.1 kg/m2 with intervention ordered - medications, and a reason code"
      } ],
      "modifierExtension": [ {
        "url": "http://hl7.org/fhir/us/cqfmeasures/StructureDefinition/cqfm-isTestCase",
        "valueBoolean": true
      } ],
      "status": "complete",
      "type": "individual",
      "measure": "https://madie.cms.gov/Measure/CMS69FHIRPCSBMIScreenAndFollowUp",
      "period": {
        "start": "2026-01-01",
        "end": "2026-12-31"
      },
      "group": [ {
        "id": "Group_1",
        "population": [ {
          "id": "InitialPopulation_1",
          "code": {
            "coding": [ {
              "system": "http://terminology.hl7.org/CodeSystem/measure-population",
              "code": "initial-population",
              "display": "Initial Population"
            } ]
          },
          "count": 1
        }, {
          "id": "Denominator_1",
          "code": {
            "coding": [ {
              "system": "http://terminology.hl7.org/CodeSystem/measure-population",
              "code": "denominator",
              "display": "Denominator"
            } ]
          },
          "count": 1
        }, {
          "id": "DenominatorExclusion_1",
          "code": {
            "coding": [ {
              "system": "http://terminology.hl7.org/CodeSystem/measure-population",
              "code": "denominator-exclusion",
              "display": "Denominator Exclusion"
            } ]
          },
          "count": 0
        }, {
          "id": "Numerator_1",
          "code": {
            "coding": [ {
              "system": "http://terminology.hl7.org/CodeSystem/measure-population",
              "code": "numerator",
              "display": "Numerator"
            } ]
          },
          "count": 1
        }, {
          "id": "DenominatorException_1",
          "code": {
            "coding": [ {
              "system": "http://terminology.hl7.org/CodeSystem/measure-population",
              "code": "denominator-exception",
              "display": "Denominator Exception"
            } ]
          },
          "count": 0
        } ],
        "measureScore": {
          "value": 1.0
        }
      } ],
      "evaluatedResource": [ {
        "reference": "Patient/050201c2-c2c4-46e6-8288-a34f99caebdc"
      }, {
        "reference": "Encounter/d4b1b12d-d74b-46de-98c2-eb5680377d61"
      }, {
        "reference": "Observation/b4af78d0-0e8c-4f84-8934-0adb67d4e02d"
      }, {
        "reference": "MedicationRequest/5ac8fbcf-0706-4677-82a4-b465fa5e0317"
      }, {
        "reference": "Coverage/36f7be9f-b4e3-4471-a46c-9cdd0c1433e6"
      }, {
        "reference": "Organization/b4ac0380-f5a2-4dba-a404-58f09e406077"
      } ]
    },
    "request": {
      "method": "PUT",
      "url": "MeasureReport/614238a6-f0ca-47cd-b95d-b278c0a1d23f"
    }
  } ]
}