{
  "resourceType": "Bundle",
  "id": "62f65ba65efef5272905e708",
  "type": "transaction",
  "entry": [ {
    "fullUrl": "https://madie.cms.gov/Patient/a09d5edf-2c0a-4b39-86bf-312109f357c0",
    "resource": {
      "resourceType": "Patient",
      "id": "a09d5edf-2c0a-4b39-86bf-312109f357c0",
      "meta": {
        "profile": [ "http://hl7.org/fhir/us/qicore/StructureDefinition/qicore-patient" ]
      },
      "extension": [ {
        "url": "http://hl7.org/fhir/us/core/StructureDefinition/us-core-race",
        "extension": [ {
          "url": "ombCategory",
          "valueCoding": {
            "system": "urn:oid:2.16.840.1.113883.6.238",
            "code": "1002-5",
            "display": "American Indian or Alaska Native",
            "userSelected": true
          }
        }, {
          "url": "text",
          "valueString": "American Indian or Alaska Native"
        } ]
      }, {
        "url": "http://hl7.org/fhir/us/core/StructureDefinition/us-core-ethnicity",
        "extension": [ {
          "url": "ombCategory",
          "valueCoding": {
            "system": "urn:oid:2.16.840.1.113883.6.238",
            "code": "2135-2",
            "display": "Hispanic or Latino",
            "userSelected": true
          }
        }, {
          "url": "text",
          "valueString": "Hispanic or Latino"
        } ]
      } ],
      "identifier": [ {
        "type": {
          "coding": [ {
            "system": "http://terminology.hl7.org/CodeSystem/v2-0203",
            "code": "MR"
          } ]
        },
        "system": "https://bonnie-fhir.healthit.gov/",
        "value": "62f65ba65efef5272905e708"
      } ],
      "name": [ {
        "family": "DENEXCEPFail",
        "given": [ "AdolPtReasonForNoDepScreenandHadDepScreenAWeekAgo" ]
      } ],
      "gender": "male",
      "birthDate": "2014-01-01"
    },
    "request": {
      "method": "PUT",
      "url": "Patient/a09d5edf-2c0a-4b39-86bf-312109f357c0"
    }
  }, {
    "fullUrl": "https://madie.cms.gov/Encounter/779ced9d-d895-468e-8663-65d21dab87db",
    "resource": {
      "resourceType": "Encounter",
      "id": "779ced9d-d895-468e-8663-65d21dab87db",
      "meta": {
        "profile": [ "http://hl7.org/fhir/us/qicore/StructureDefinition/qicore-encounter" ]
      },
      "status": "finished",
      "class": {
        "system": "http://terminology.hl7.org/CodeSystem/v3-ActCode",
        "code": "AMB",
        "display": "ambulatory"
      },
      "type": [ {
        "coding": [ {
          "system": "http://snomed.info/sct",
          "version": "2021-09",
          "code": "10197000",
          "display": "Psychiatric interview and evaluation (procedure)",
          "userSelected": true
        } ]
      } ],
      "subject": {
        "reference": "Patient/a09d5edf-2c0a-4b39-86bf-312109f357c0"
      },
      "period": {
        "start": "2026-06-28T08:00:00.000+00:00",
        "end": "2026-06-28T08:15:00.000+00:00"
      }
    },
    "request": {
      "method": "PUT",
      "url": "Encounter/779ced9d-d895-468e-8663-65d21dab87db"
    }
  }, {
    "fullUrl": "https://madie.cms.gov/Observation/b21c1ebd-0972-4758-92e6-33561673e086",
    "resource": {
      "resourceType": "Observation",
      "id": "b21c1ebd-0972-4758-92e6-33561673e086",
      "meta": {
        "profile": [ "http://hl7.org/fhir/us/qicore/StructureDefinition/qicore-observationcancelled" ]
      },
      "extension": [ {
        "url": "http://hl7.org/fhir/us/qicore/StructureDefinition/qicore-notDoneReason",
        "valueCodeableConcept": {
          "coding": [ {
            "system": "http://snomed.info/sct",
            "code": "720834000",
            "display": "Depression screening declined (situation)",
            "userSelected": true
          } ]
        }
      } ],
      "status": "cancelled",
      "category": [ {
        "coding": [ {
          "system": "http://terminology.hl7.org/CodeSystem/observation-category",
          "code": "procedure",
          "display": "Procedure"
        } ]
      } ],
      "code": {
        "coding": [ {
          "system": "http://loinc.org",
          "code": "73831-0",
          "display": "Adolescent depression screening assessment",
          "userSelected": true
        } ]
      },
      "subject": {
        "reference": "Patient/a09d5edf-2c0a-4b39-86bf-312109f357c0"
      },
      "issued": "2026-06-28T08:00:00.000+00:00",
      "valueBoolean": true
    },
    "request": {
      "method": "PUT",
      "url": "Observation/b21c1ebd-0972-4758-92e6-33561673e086"
    }
  }, {
    "fullUrl": "https://madie.cms.gov/Observation/8103fa99-f409-4d53-8ff2-4ae3ea349dce",
    "resource": {
      "resourceType": "Observation",
      "id": "8103fa99-f409-4d53-8ff2-4ae3ea349dce",
      "meta": {
        "profile": [ "http://hl7.org/fhir/us/qicore/StructureDefinition/qicore-observation-screening-assessment" ]
      },
      "status": "final",
      "category": [ {
        "coding": [ {
          "system": "http://terminology.hl7.org/CodeSystem/observation-category",
          "code": "procedure",
          "display": "Procedure"
        } ]
      } ],
      "code": {
        "coding": [ {
          "system": "http://loinc.org",
          "code": "73831-0",
          "display": "Adolescent depression screening assessment",
          "userSelected": true
        } ]
      },
      "subject": {
        "reference": "Patient/a09d5edf-2c0a-4b39-86bf-312109f357c0"
      },
      "effectiveDateTime": "2026-06-21T08:00:00.000+00:00",
      "issued": "2026-06-20T08:00:00.000+00:00",
      "valueBoolean": true
    },
    "request": {
      "method": "PUT",
      "url": "Observation/8103fa99-f409-4d53-8ff2-4ae3ea349dce"
    }
  }, {
    "fullUrl": "https://madie.cms.gov/Coverage/70901892-0c5d-479e-8d89-58caf51f548d",
    "resource": {
      "resourceType": "Coverage",
      "id": "70901892-0c5d-479e-8d89-58caf51f548d",
      "meta": {
        "profile": [ "http://hl7.org/fhir/us/qicore/StructureDefinition/qicore-coverage" ]
      },
      "status": "active",
      "beneficiary": {
        "reference": "Patient/a09d5edf-2c0a-4b39-86bf-312109f357c0"
      },
      "payor": [ {
        "reference": "Organization/5c3a172d-e21f-49be-b99c-aad7120ae6ce"
      } ]
    },
    "request": {
      "method": "PUT",
      "url": "Coverage/70901892-0c5d-479e-8d89-58caf51f548d"
    }
  }, {
    "fullUrl": "https://madie.cms.gov/Organization/5c3a172d-e21f-49be-b99c-aad7120ae6ce",
    "resource": {
      "resourceType": "Organization",
      "id": "5c3a172d-e21f-49be-b99c-aad7120ae6ce",
      "meta": {
        "profile": [ "http://hl7.org/fhir/us/qicore/StructureDefinition/qicore-organization" ]
      },
      "identifier": [ {
        "use": "temp",
        "system": "urn:oid:2.16.840.1.113883.4.4",
        "value": "21-3259825"
      } ],
      "active": true,
      "type": [ {
        "coding": [ {
          "system": "http://terminology.hl7.org/CodeSystem/organization-type",
          "code": "pay",
          "display": "Payer"
        } ]
      } ],
      "name": "Blue Cross Blue Shield of Texas",
      "telecom": [ {
        "system": "phone",
        "value": "(+1) 972-766-6900"
      } ],
      "address": [ {
        "use": "billing",
        "type": "postal",
        "line": [ "P.O. Box 660044" ],
        "city": "Dallas",
        "state": "TX",
        "postalCode": "75266-0044",
        "country": "USA"
      } ]
    },
    "request": {
      "method": "PUT",
      "url": "Organization/5c3a172d-e21f-49be-b99c-aad7120ae6ce"
    }
  }, {
    "fullUrl": "https://madie.cms.gov/Practitioner/ae4f6a2c-e8ed-460d-b270-f0e2e670924d",
    "resource": {
      "resourceType": "Practitioner",
      "id": "ae4f6a2c-e8ed-460d-b270-f0e2e670924d",
      "meta": {
        "profile": [ "http://hl7.org/fhir/us/qicore/StructureDefinition/qicore-practitioner" ]
      },
      "identifier": [ {
        "system": "http://hl7.org/fhir/sid/us-npi",
        "value": "123456"
      } ],
      "name": [ {
        "family": "Evil",
        "prefix": [ "Dr" ]
      } ]
    },
    "request": {
      "method": "PUT",
      "url": "Practitioner/ae4f6a2c-e8ed-460d-b270-f0e2e670924d"
    }
  }, {
    "fullUrl": "https://madie.cms.gov/MeasureReport/e561f954-9968-48e4-9780-9b3edf70f12f",
    "resource": {
      "resourceType": "MeasureReport",
      "id": "e561f954-9968-48e4-9780-9b3edf70f12f",
      "meta": {
        "profile": [ "http://hl7.org/fhir/us/cqfmeasures/StructureDefinition/test-case-cqfm" ]
      },
      "contained": [ {
        "resourceType": "Parameters",
        "id": "24e25da1-5050-456f-ade9-d629291c9e69-parameters",
        "parameter": [ {
          "name": "subject",
          "valueString": "a09d5edf-2c0a-4b39-86bf-312109f357c0"
        } ]
      } ],
      "extension": [ {
        "url": "http://hl7.org/fhir/StructureDefinition/cqf-inputParameters",
        "valueReference": {
          "reference": "#24e25da1-5050-456f-ade9-d629291c9e69-parameters"
        }
      }, {
        "url": "http://hl7.org/fhir/us/cqfmeasures/StructureDefinition/cqfm-testCaseDescription",
        "valueMarkdown": "12 yo male with patient reason for not screening for depression and had screening done a week ago"
      } ],
      "modifierExtension": [ {
        "url": "http://hl7.org/fhir/us/cqfmeasures/StructureDefinition/cqfm-isTestCase",
        "valueBoolean": true
      } ],
      "status": "complete",
      "type": "individual",
      "measure": "https://madie.cms.gov/Measure/CMS2FHIRPCSDepressionScreenAndFollowUp",
      "period": {
        "start": "2026-01-01",
        "end": "2026-12-31"
      },
      "group": [ {
        "id": "Group_1",
        "population": [ {
          "id": "InitialPopulation_1",
          "code": {
            "coding": [ {
              "system": "http://terminology.hl7.org/CodeSystem/measure-population",
              "code": "initial-population",
              "display": "Initial Population"
            } ]
          },
          "count": 1
        }, {
          "id": "Denominator_1",
          "code": {
            "coding": [ {
              "system": "http://terminology.hl7.org/CodeSystem/measure-population",
              "code": "denominator",
              "display": "Denominator"
            } ]
          },
          "count": 1
        }, {
          "id": "DenominatorExclusion_1",
          "code": {
            "coding": [ {
              "system": "http://terminology.hl7.org/CodeSystem/measure-population",
              "code": "denominator-exclusion",
              "display": "Denominator Exclusion"
            } ]
          },
          "count": 0
        }, {
          "id": "Numerator_1",
          "code": {
            "coding": [ {
              "system": "http://terminology.hl7.org/CodeSystem/measure-population",
              "code": "numerator",
              "display": "Numerator"
            } ]
          },
          "count": 0
        }, {
          "id": "DenominatorException_1",
          "code": {
            "coding": [ {
              "system": "http://terminology.hl7.org/CodeSystem/measure-population",
              "code": "denominator-exception",
              "display": "Denominator Exception"
            } ]
          },
          "count": 0
        } ],
        "measureScore": {
          "value": 1.0
        }
      } ],
      "evaluatedResource": [ {
        "reference": "Patient/a09d5edf-2c0a-4b39-86bf-312109f357c0"
      }, {
        "reference": "Encounter/779ced9d-d895-468e-8663-65d21dab87db"
      }, {
        "reference": "Observation/b21c1ebd-0972-4758-92e6-33561673e086"
      }, {
        "reference": "Observation/8103fa99-f409-4d53-8ff2-4ae3ea349dce"
      }, {
        "reference": "Coverage/70901892-0c5d-479e-8d89-58caf51f548d"
      }, {
        "reference": "Organization/5c3a172d-e21f-49be-b99c-aad7120ae6ce"
      }, {
        "reference": "Practitioner/ae4f6a2c-e8ed-460d-b270-f0e2e670924d"
      } ]
    },
    "request": {
      "method": "PUT",
      "url": "MeasureReport/e561f954-9968-48e4-9780-9b3edf70f12f"
    }
  } ]
}