{
  "resourceType": "Bundle",
  "id": "1634131634135131",
  "type": "transaction",
  "entry": [ {
    "fullUrl": "https://madie.cms.gov/Patient/7d6436cb-995e-4672-b5bb-04cb996b2949",
    "resource": {
      "resourceType": "Patient",
      "id": "7d6436cb-995e-4672-b5bb-04cb996b2949",
      "meta": {
        "profile": [ "http://hl7.org/fhir/us/qicore/StructureDefinition/qicore-patient" ]
      },
      "extension": [ {
        "url": "http://hl7.org/fhir/us/core/StructureDefinition/us-core-race",
        "extension": [ {
          "url": "ombCategory",
          "valueCoding": {
            "system": "urn:oid:2.16.840.1.113883.6.238",
            "code": "2054-5",
            "display": "Black or African American"
          }
        }, {
          "url": "text",
          "valueString": "Black or African American"
        } ]
      }, {
        "url": "http://hl7.org/fhir/us/core/StructureDefinition/us-core-ethnicity",
        "extension": [ {
          "url": "ombCategory",
          "valueCoding": {
            "system": "urn:oid:2.16.840.1.113883.6.238",
            "code": "2186-5",
            "display": "Not Hispanic or Latino"
          }
        }, {
          "url": "text",
          "valueString": "Not Hispanic or Latino"
        } ]
      } ],
      "identifier": [ {
        "type": {
          "coding": [ {
            "system": "http://terminology.hl7.org/CodeSystem/v2-0203",
            "code": "MR"
          } ]
        },
        "system": "https://bonnie-fhir.healthit.gov/",
        "value": "60abda28bf0a01003e3f76bd"
      } ],
      "name": [ {
        "family": "NUMERFail",
        "given": [ "DEXAGreaterThan2YearsBeforeADT" ]
      } ],
      "gender": "male",
      "birthDate": "1930-06-15"
    },
    "request": {
      "method": "PUT",
      "url": "Patient/7d6436cb-995e-4672-b5bb-04cb996b2949"
    }
  }, {
    "fullUrl": "https://madie.cms.gov/Encounter/c612d573-7257-468a-837c-0f883236fa58",
    "resource": {
      "resourceType": "Encounter",
      "id": "c612d573-7257-468a-837c-0f883236fa58",
      "meta": {
        "profile": [ "http://hl7.org/fhir/us/qicore/StructureDefinition/qicore-encounter" ]
      },
      "status": "finished",
      "class": {
        "system": "http://terminology.hl7.org/CodeSystem/v3-ActCode",
        "code": "AMB",
        "display": "ambulatory"
      },
      "type": [ {
        "coding": [ {
          "system": "http://snomed.info/sct",
          "version": "http://snomed.info/sct/731000124108/version/20240301",
          "code": "185463005",
          "display": "Visit out of hours (procedure)"
        } ]
      } ],
      "subject": {
        "reference": "Patient/7d6436cb-995e-4672-b5bb-04cb996b2949"
      },
      "period": {
        "start": "2026-04-04T08:00:00.000+00:00",
        "end": "2026-04-04T08:15:00.000+00:00"
      }
    },
    "request": {
      "method": "PUT",
      "url": "Encounter/c612d573-7257-468a-837c-0f883236fa58"
    }
  }, {
    "fullUrl": "https://madie.cms.gov/Condition/e4249082-20ce-4751-8a65-e70d1597e289",
    "resource": {
      "resourceType": "Condition",
      "id": "e4249082-20ce-4751-8a65-e70d1597e289",
      "meta": {
        "profile": [ "http://hl7.org/fhir/us/qicore/StructureDefinition/qicore-condition-problems-health-concerns" ]
      },
      "clinicalStatus": {
        "coding": [ {
          "system": "http://terminology.hl7.org/CodeSystem/condition-clinical",
          "code": "active",
          "display": "Active"
        } ]
      },
      "verificationStatus": {
        "coding": [ {
          "system": "http://terminology.hl7.org/CodeSystem/condition-ver-status",
          "code": "confirmed"
        } ]
      },
      "category": [ {
        "coding": [ {
          "system": "http://terminology.hl7.org/CodeSystem/condition-category",
          "code": "problem-list-item",
          "display": "Problem List Item"
        } ]
      } ],
      "code": {
        "coding": [ {
          "system": "http://snomed.info/sct",
          "version": "http://snomed.info/sct/731000124108/version/20240301",
          "code": "254900004",
          "display": "Carcinoma of prostate (disorder)"
        } ]
      },
      "subject": {
        "reference": "Patient/7d6436cb-995e-4672-b5bb-04cb996b2949"
      },
      "onsetPeriod": {
        "start": "2026-04-04T08:00:00.000+00:00"
      }
    },
    "request": {
      "method": "PUT",
      "url": "Condition/e4249082-20ce-4751-8a65-e70d1597e289"
    }
  }, {
    "fullUrl": "https://madie.cms.gov/Observation/2760c92d-5abd-4177-b597-e7c809d15482",
    "resource": {
      "resourceType": "Observation",
      "id": "2760c92d-5abd-4177-b597-e7c809d15482",
      "meta": {
        "profile": [ "http://hl7.org/fhir/us/qicore/StructureDefinition/qicore-observation-lab" ]
      },
      "status": "final",
      "category": [ {
        "coding": [ {
          "system": "http://terminology.hl7.org/CodeSystem/observation-category",
          "code": "imaging",
          "display": "Imaging"
        } ]
      } ],
      "code": {
        "coding": [ {
          "system": "http://loinc.org",
          "version": "2.76",
          "code": "38265-5",
          "display": "DXA Radius and Ulna [T-score] Bone density"
        } ]
      },
      "subject": {
        "reference": "Patient/7d6436cb-995e-4672-b5bb-04cb996b2949"
      },
      "effectivePeriod": {
        "start": "2023-02-04T10:00:00.000+00:00"
      }
    },
    "request": {
      "method": "PUT",
      "url": "Observation/2760c92d-5abd-4177-b597-e7c809d15482"
    }
  }, {
    "fullUrl": "https://madie.cms.gov/Practitioner/f2be04c1-bc46-430b-b00c-2bd75b69379a",
    "resource": {
      "resourceType": "Practitioner",
      "id": "f2be04c1-bc46-430b-b00c-2bd75b69379a",
      "meta": {
        "profile": [ "http://hl7.org/fhir/us/qicore/StructureDefinition/qicore-practitioner" ]
      },
      "identifier": [ {
        "use": "temp",
        "system": "urn:oid:2.16.840.1.113883.4.336",
        "value": "Practitioner-23"
      } ],
      "active": true,
      "name": [ {
        "family": "Careful",
        "given": [ "Adam" ],
        "prefix": [ "Dr" ]
      } ],
      "address": [ {
        "use": "home",
        "line": [ "534 Erewhon St" ],
        "city": "PleasantVille",
        "state": "UT",
        "postalCode": "84414"
      } ],
      "qualification": [ {
        "identifier": [ {
          "system": "http://example.org/UniversityIdentifier",
          "value": "12345"
        } ],
        "code": {
          "coding": [ {
            "system": "http://terminology.hl7.org/CodeSystem/v2-0360|2.7",
            "code": "BS",
            "display": "Bachelor of Science"
          } ],
          "text": "Bachelor of Science"
        },
        "period": {
          "start": "1996"
        },
        "issuer": {
          "display": "Example University"
        }
      } ]
    },
    "request": {
      "method": "PUT",
      "url": "Practitioner/f2be04c1-bc46-430b-b00c-2bd75b69379a"
    }
  }, {
    "fullUrl": "https://madie.cms.gov/MedicationRequest/0bea1899-56cb-46e6-aea8-b7bce197a184",
    "resource": {
      "resourceType": "MedicationRequest",
      "id": "0bea1899-56cb-46e6-aea8-b7bce197a184",
      "meta": {
        "profile": [ "http://hl7.org/fhir/us/qicore/StructureDefinition/qicore-medicationrequest" ]
      },
      "status": "active",
      "intent": "order",
      "medicationCodeableConcept": {
        "coding": [ {
          "system": "http://www.nlm.nih.gov/research/umls/rxnorm",
          "version": "04012024",
          "code": "1115257",
          "display": "1.5 ML leuprolide acetate 30 MG/ML Prefilled Syringe"
        } ]
      },
      "subject": {
        "reference": "Patient/7d6436cb-995e-4672-b5bb-04cb996b2949"
      },
      "authoredOn": "2026-04-04T08:00:00.000+00:00",
      "requester": {
        "reference": "http://myGoodHealthcare.com/fhir/Practitioner/f2be04c1-bc46-430b-b00c-2bd75b69379a"
      },
      "dosageInstruction": [ {
        "timing": {
          "repeat": {
            "boundsPeriod": {
              "start": "2026-04-04T08:00:00.000+00:00",
              "end": "2026-05-04T08:00:00.000+00:00"
            }
          }
        }
      } ]
    },
    "request": {
      "method": "PUT",
      "url": "MedicationRequest/0bea1899-56cb-46e6-aea8-b7bce197a184"
    }
  }, {
    "fullUrl": "https://madie.cms.gov/ServiceRequest/539c7ccc-6948-4c2a-840f-3b8bbc7c3bfe",
    "resource": {
      "resourceType": "ServiceRequest",
      "id": "539c7ccc-6948-4c2a-840f-3b8bbc7c3bfe",
      "meta": {
        "profile": [ "http://hl7.org/fhir/us/qicore/StructureDefinition/qicore-servicerequest" ]
      },
      "status": "active",
      "intent": "order",
      "code": {
        "coding": [ {
          "system": "http://snomed.info/sct",
          "version": "http://snomed.info/sct/731000124108/version/20240301",
          "code": "456381000124102",
          "display": "Injection of leuprolide acetate for twelve month period (regime/therapy)"
        } ]
      },
      "subject": {
        "reference": "Patient/7d6436cb-995e-4672-b5bb-04cb996b2949"
      },
      "authoredOn": "2026-04-04T08:00:00.000+00:00"
    },
    "request": {
      "method": "PUT",
      "url": "ServiceRequest/539c7ccc-6948-4c2a-840f-3b8bbc7c3bfe"
    }
  }, {
    "fullUrl": "https://madie.cms.gov/MeasureReport/4dc59022-5299-455d-a7da-ee71382e3ffe",
    "resource": {
      "resourceType": "MeasureReport",
      "id": "4dc59022-5299-455d-a7da-ee71382e3ffe",
      "meta": {
        "profile": [ "http://hl7.org/fhir/us/cqfmeasures/StructureDefinition/test-case-cqfm" ]
      },
      "contained": [ {
        "resourceType": "Parameters",
        "id": "3884bd39-04de-490a-9007-0a01f1833f87-parameters",
        "parameter": [ {
          "name": "subject",
          "valueString": "7d6436cb-995e-4672-b5bb-04cb996b2949"
        } ]
      } ],
      "extension": [ {
        "url": "http://hl7.org/fhir/StructureDefinition/cqf-inputParameters",
        "valueReference": {
          "reference": "#3884bd39-04de-490a-9007-0a01f1833f87-parameters"
        }
      }, {
        "url": "http://hl7.org/fhir/us/cqfmeasures/StructureDefinition/cqfm-testCaseDescription",
        "valueMarkdown": "Patient DEXA performed greater than 2 years before ADT.  Failed NUMER criteria."
      } ],
      "modifierExtension": [ {
        "url": "http://hl7.org/fhir/us/cqfmeasures/StructureDefinition/cqfm-isTestCase",
        "valueBoolean": true
      } ],
      "status": "complete",
      "type": "individual",
      "measure": "https://madie.cms.gov/Measure/CMS645FHIRBoneDensityProstateCancerAndrogenDeprivationTherapy",
      "period": {
        "start": "2026-01-01",
        "end": "2026-12-31"
      },
      "group": [ {
        "id": "Group_1",
        "population": [ {
          "id": "InitialPopulation_1",
          "code": {
            "coding": [ {
              "system": "http://terminology.hl7.org/CodeSystem/measure-population",
              "code": "initial-population",
              "display": "Initial Population"
            } ]
          },
          "count": 1
        }, {
          "id": "Denominator_1",
          "code": {
            "coding": [ {
              "system": "http://terminology.hl7.org/CodeSystem/measure-population",
              "code": "denominator",
              "display": "Denominator"
            } ]
          },
          "count": 1
        }, {
          "id": "Numerator_1",
          "code": {
            "coding": [ {
              "system": "http://terminology.hl7.org/CodeSystem/measure-population",
              "code": "numerator",
              "display": "Numerator"
            } ]
          },
          "count": 0
        }, {
          "id": "DenominatorException_1",
          "code": {
            "coding": [ {
              "system": "http://terminology.hl7.org/CodeSystem/measure-population",
              "code": "denominator-exception",
              "display": "Denominator Exception"
            } ]
          },
          "count": 0
        } ],
        "measureScore": {
          "value": 1.0
        }
      } ],
      "evaluatedResource": [ {
        "reference": "Patient/7d6436cb-995e-4672-b5bb-04cb996b2949"
      }, {
        "reference": "Encounter/c612d573-7257-468a-837c-0f883236fa58"
      }, {
        "reference": "Condition/e4249082-20ce-4751-8a65-e70d1597e289"
      }, {
        "reference": "Observation/2760c92d-5abd-4177-b597-e7c809d15482"
      }, {
        "reference": "Practitioner/f2be04c1-bc46-430b-b00c-2bd75b69379a"
      }, {
        "reference": "MedicationRequest/0bea1899-56cb-46e6-aea8-b7bce197a184"
      }, {
        "reference": "ServiceRequest/539c7ccc-6948-4c2a-840f-3b8bbc7c3bfe"
      } ]
    },
    "request": {
      "method": "PUT",
      "url": "MeasureReport/4dc59022-5299-455d-a7da-ee71382e3ffe"
    }
  } ]
}