{
  "resourceType": "Bundle",
  "id": "4646131313",
  "type": "transaction",
  "entry": [ {
    "fullUrl": "https://madie.cms.gov/Patient/7f62a1c0-a39c-41b7-98b6-5877db9755b0",
    "resource": {
      "resourceType": "Patient",
      "id": "7f62a1c0-a39c-41b7-98b6-5877db9755b0",
      "meta": {
        "profile": [ "http://hl7.org/fhir/us/qicore/StructureDefinition/qicore-patient" ]
      },
      "extension": [ {
        "url": "http://hl7.org/fhir/us/core/StructureDefinition/us-core-race",
        "extension": [ {
          "url": "ombCategory",
          "valueCoding": {
            "system": "urn:oid:2.16.840.1.113883.6.238",
            "code": "1002-5",
            "display": "American Indian or Alaska Native"
          }
        }, {
          "url": "text",
          "valueString": "American Indian or Alaska Native"
        } ]
      }, {
        "url": "http://hl7.org/fhir/us/core/StructureDefinition/us-core-ethnicity",
        "extension": [ {
          "url": "ombCategory",
          "valueCoding": {
            "system": "urn:oid:2.16.840.1.113883.6.238",
            "code": "2135-2",
            "display": "Hispanic or Latino"
          }
        }, {
          "url": "text",
          "valueString": "Hispanic or Latino"
        } ]
      } ],
      "identifier": [ {
        "type": {
          "coding": [ {
            "system": "http://terminology.hl7.org/CodeSystem/v2-0203",
            "code": "MR"
          } ]
        },
        "system": "https://bonnie-fhir.healthit.gov/",
        "value": "3513413131355"
      } ],
      "active": true,
      "name": [ {
        "use": "usual",
        "family": "NUMERFail",
        "given": [ "USSImprovementof2" ]
      } ],
      "gender": "male",
      "birthDate": "1948-02-19"
    },
    "request": {
      "method": "PUT",
      "url": "Patient/7f62a1c0-a39c-41b7-98b6-5877db9755b0"
    }
  }, {
    "fullUrl": "https://madie.cms.gov/Observation/e2b8b661-2134-4659-b085-0471dca474fc",
    "resource": {
      "resourceType": "Observation",
      "id": "e2b8b661-2134-4659-b085-0471dca474fc",
      "meta": {
        "profile": [ "http://hl7.org/fhir/us/qicore/StructureDefinition/qicore-observation-screening-assessment" ]
      },
      "status": "final",
      "category": [ {
        "coding": [ {
          "system": "http://terminology.hl7.org/CodeSystem/observation-category",
          "code": "survey",
          "display": "Survey"
        } ]
      } ],
      "code": {
        "coding": [ {
          "system": "http://loinc.org",
          "version": "2.76",
          "code": "80976-4"
        } ]
      },
      "subject": {
        "reference": "Patient/7f62a1c0-a39c-41b7-98b6-5877db9755b0"
      },
      "effectivePeriod": {
        "start": "2026-01-30T08:00:00.000+00:00"
      },
      "valueInteger": 12
    },
    "request": {
      "method": "PUT",
      "url": "Observation/e2b8b661-2134-4659-b085-0471dca474fc"
    }
  }, {
    "fullUrl": "https://madie.cms.gov/Observation/baa17b4f-aa30-4b7d-9270-7e0a974aa241",
    "resource": {
      "resourceType": "Observation",
      "id": "baa17b4f-aa30-4b7d-9270-7e0a974aa241",
      "meta": {
        "profile": [ "http://hl7.org/fhir/us/qicore/StructureDefinition/qicore-observation-screening-assessment" ]
      },
      "status": "final",
      "category": [ {
        "coding": [ {
          "system": "http://terminology.hl7.org/CodeSystem/observation-category",
          "code": "survey",
          "display": "Survey"
        } ]
      } ],
      "code": {
        "coding": [ {
          "system": "http://loinc.org",
          "version": "2.76",
          "code": "80976-4"
        } ]
      },
      "subject": {
        "reference": "Patient/7f62a1c0-a39c-41b7-98b6-5877db9755b0"
      },
      "effectivePeriod": {
        "start": "2026-11-06T08:00:00.000+00:00"
      },
      "valueInteger": 10
    },
    "request": {
      "method": "PUT",
      "url": "Observation/baa17b4f-aa30-4b7d-9270-7e0a974aa241"
    }
  }, {
    "fullUrl": "https://madie.cms.gov/Condition/5052ff34-d4fa-478b-ae8c-a87545214e8b",
    "resource": {
      "resourceType": "Condition",
      "id": "5052ff34-d4fa-478b-ae8c-a87545214e8b",
      "meta": {
        "profile": [ "http://hl7.org/fhir/us/qicore/StructureDefinition/qicore-condition-problems-health-concerns" ]
      },
      "clinicalStatus": {
        "coding": [ {
          "system": "http://terminology.hl7.org/CodeSystem/condition-clinical",
          "code": "resolved"
        } ]
      },
      "verificationStatus": {
        "coding": [ {
          "system": "http://terminology.hl7.org/CodeSystem/condition-ver-status",
          "code": "confirmed"
        } ]
      },
      "category": [ {
        "coding": [ {
          "system": "http://terminology.hl7.org/CodeSystem/condition-category",
          "code": "problem-list-item",
          "display": "Problem List Item"
        } ]
      } ],
      "code": {
        "coding": [ {
          "system": "http://hl7.org/fhir/sid/icd-10-cm",
          "version": "2024",
          "code": "Z68.42"
        } ]
      },
      "subject": {
        "reference": "Patient/7f62a1c0-a39c-41b7-98b6-5877db9755b0"
      },
      "onsetDateTime": "2024-02-28T08:00:00+00:00",
      "abatementDateTime": "2025-06-28T08:15:00+00:00"
    },
    "request": {
      "method": "PUT",
      "url": "Condition/5052ff34-d4fa-478b-ae8c-a87545214e8b"
    }
  }, {
    "fullUrl": "https://madie.cms.gov/Condition/989824c9-5c82-4e98-b752-855ff88eb39e",
    "resource": {
      "resourceType": "Condition",
      "id": "989824c9-5c82-4e98-b752-855ff88eb39e",
      "meta": {
        "profile": [ "http://hl7.org/fhir/us/qicore/StructureDefinition/qicore-condition-problems-health-concerns" ]
      },
      "clinicalStatus": {
        "coding": [ {
          "system": "http://terminology.hl7.org/CodeSystem/condition-clinical",
          "code": "active"
        } ]
      },
      "verificationStatus": {
        "coding": [ {
          "system": "http://terminology.hl7.org/CodeSystem/condition-ver-status",
          "code": "confirmed"
        } ]
      },
      "category": [ {
        "coding": [ {
          "system": "http://terminology.hl7.org/CodeSystem/condition-category",
          "code": "problem-list-item",
          "display": "Problem List Item"
        } ]
      } ],
      "code": {
        "coding": [ {
          "system": "http://hl7.org/fhir/sid/icd-10-cm",
          "version": "2024",
          "code": "N40.1"
        } ]
      },
      "subject": {
        "reference": "Patient/7f62a1c0-a39c-41b7-98b6-5877db9755b0"
      },
      "onsetPeriod": {
        "start": "2025-12-30T08:00:00.000+00:00"
      }
    },
    "request": {
      "method": "PUT",
      "url": "Condition/989824c9-5c82-4e98-b752-855ff88eb39e"
    }
  }, {
    "fullUrl": "https://madie.cms.gov/Encounter/a1f03984-42df-4e64-85b0-ad54f8525589",
    "resource": {
      "resourceType": "Encounter",
      "id": "a1f03984-42df-4e64-85b0-ad54f8525589",
      "meta": {
        "profile": [ "http://hl7.org/fhir/us/qicore/StructureDefinition/qicore-encounter" ]
      },
      "status": "finished",
      "class": {
        "system": "http://terminology.hl7.org/CodeSystem/v3-ActCode",
        "code": "AMB",
        "display": "ambulatory"
      },
      "type": [ {
        "coding": [ {
          "system": "http://www.ama-assn.org/go/cpt",
          "version": "2024",
          "code": "99213"
        } ]
      } ],
      "subject": {
        "reference": "Patient/7f62a1c0-a39c-41b7-98b6-5877db9755b0"
      },
      "period": {
        "start": "2026-01-30T08:00:00+00:00",
        "end": "2026-01-30T08:15:00+00:00"
      }
    },
    "request": {
      "method": "PUT",
      "url": "Encounter/a1f03984-42df-4e64-85b0-ad54f8525589"
    }
  }, {
    "fullUrl": "https://madie.cms.gov/MeasureReport/cdef557b-38d7-4089-bc5a-a05ac7cc18b3",
    "resource": {
      "resourceType": "MeasureReport",
      "id": "cdef557b-38d7-4089-bc5a-a05ac7cc18b3",
      "meta": {
        "profile": [ "http://hl7.org/fhir/us/cqfmeasures/StructureDefinition/test-case-cqfm" ]
      },
      "contained": [ {
        "resourceType": "Parameters",
        "id": "11e64608-20ab-441e-bae8-2949585be7d0-parameters",
        "parameter": [ {
          "name": "subject",
          "valueString": "7f62a1c0-a39c-41b7-98b6-5877db9755b0"
        } ]
      } ],
      "extension": [ {
        "url": "http://hl7.org/fhir/StructureDefinition/cqf-inputParameters",
        "valueReference": {
          "reference": "#11e64608-20ab-441e-bae8-2949585be7d0-parameters"
        }
      }, {
        "url": "http://hl7.org/fhir/us/cqfmeasures/StructureDefinition/cqfm-testCaseDescription",
        "valueMarkdown": "Male Patient with BPH Diagnosis and initial and followup assessments but with the followup assessment failing a symptom score improvement of 3 required for the numerator."
      } ],
      "modifierExtension": [ {
        "url": "http://hl7.org/fhir/us/cqfmeasures/StructureDefinition/cqfm-isTestCase",
        "valueBoolean": true
      } ],
      "status": "complete",
      "type": "individual",
      "measure": "https://madie.cms.gov/Measure/CMS771FHIRUrinarySymptomScoreChangeBenignProstaticHyperplasia",
      "period": {
        "start": "2026-01-01",
        "end": "2026-12-31"
      },
      "group": [ {
        "id": "Group_1",
        "population": [ {
          "id": "InitialPopulation_1",
          "code": {
            "coding": [ {
              "system": "http://terminology.hl7.org/CodeSystem/measure-population",
              "code": "initial-population",
              "display": "Initial Population"
            } ]
          },
          "count": 1
        }, {
          "id": "Denominator_1",
          "code": {
            "coding": [ {
              "system": "http://terminology.hl7.org/CodeSystem/measure-population",
              "code": "denominator",
              "display": "Denominator"
            } ]
          },
          "count": 1
        }, {
          "id": "DenominatorExclusion_1",
          "code": {
            "coding": [ {
              "system": "http://terminology.hl7.org/CodeSystem/measure-population",
              "code": "denominator-exclusion",
              "display": "Denominator Exclusion"
            } ]
          },
          "count": 0
        }, {
          "id": "Numerator_1",
          "code": {
            "coding": [ {
              "system": "http://terminology.hl7.org/CodeSystem/measure-population",
              "code": "numerator",
              "display": "Numerator"
            } ]
          },
          "count": 0
        } ],
        "measureScore": {
          "value": 1.0
        }
      } ],
      "evaluatedResource": [ {
        "reference": "Patient/7f62a1c0-a39c-41b7-98b6-5877db9755b0"
      }, {
        "reference": "Observation/e2b8b661-2134-4659-b085-0471dca474fc"
      }, {
        "reference": "Observation/baa17b4f-aa30-4b7d-9270-7e0a974aa241"
      }, {
        "reference": "Condition/5052ff34-d4fa-478b-ae8c-a87545214e8b"
      }, {
        "reference": "Condition/989824c9-5c82-4e98-b752-855ff88eb39e"
      }, {
        "reference": "Encounter/a1f03984-42df-4e64-85b0-ad54f8525589"
      } ]
    },
    "request": {
      "method": "PUT",
      "url": "MeasureReport/cdef557b-38d7-4089-bc5a-a05ac7cc18b3"
    }
  } ]
}