{
  "resourceType": "Bundle",
  "id": "62fbef57bf5132f90ee35d41",
  "type": "transaction",
  "entry": [ {
    "fullUrl": "https://madie.cms.gov/Patient/a0aacdbc-4954-48af-aa88-361ea7e32736",
    "resource": {
      "resourceType": "Patient",
      "id": "a0aacdbc-4954-48af-aa88-361ea7e32736",
      "meta": {
        "profile": [ "http://hl7.org/fhir/us/qicore/StructureDefinition/qicore-patient" ]
      },
      "extension": [ {
        "url": "http://hl7.org/fhir/us/core/StructureDefinition/us-core-race",
        "extension": [ {
          "url": "ombCategory",
          "valueCoding": {
            "system": "urn:oid:2.16.840.1.113883.6.238",
            "code": "2106-3",
            "display": "White",
            "userSelected": true
          }
        }, {
          "url": "text",
          "valueString": "White"
        } ]
      }, {
        "url": "http://hl7.org/fhir/us/core/StructureDefinition/us-core-ethnicity",
        "extension": [ {
          "url": "ombCategory",
          "valueCoding": {
            "system": "urn:oid:2.16.840.1.113883.6.238",
            "code": "2186-5",
            "display": "Not Hispanic or Latino",
            "userSelected": true
          }
        }, {
          "url": "text",
          "valueString": "Not Hispanic or Latino"
        } ]
      } ],
      "identifier": [ {
        "type": {
          "coding": [ {
            "system": "http://terminology.hl7.org/CodeSystem/v2-0203",
            "code": "MR"
          } ]
        },
        "system": "https://bonnie-fhir.healthit.gov/",
        "value": "62fbef57bf5132f90ee35d41"
      } ],
      "name": [ {
        "family": "NUMERFail",
        "given": [ "HighBMIAndConditionEndsBeforeInterventionPerformed" ]
      } ],
      "gender": "unknown",
      "birthDate": "1957-11-07"
    },
    "request": {
      "method": "PUT",
      "url": "Patient/a0aacdbc-4954-48af-aa88-361ea7e32736"
    }
  }, {
    "fullUrl": "https://madie.cms.gov/Encounter/fb9fa886-8492-4729-998b-122419b07191",
    "resource": {
      "resourceType": "Encounter",
      "id": "fb9fa886-8492-4729-998b-122419b07191",
      "meta": {
        "profile": [ "http://hl7.org/fhir/us/qicore/StructureDefinition/qicore-encounter" ]
      },
      "status": "finished",
      "class": {
        "system": "http://terminology.hl7.org/CodeSystem/v3-ActCode",
        "code": "AMB",
        "display": "ambulatory"
      },
      "type": [ {
        "coding": [ {
          "system": "http://snomed.info/sct",
          "version": "2022-03",
          "code": "10197000",
          "display": "Psychiatric interview and evaluation (procedure)",
          "userSelected": true
        } ]
      } ],
      "subject": {
        "reference": "Patient/a0aacdbc-4954-48af-aa88-361ea7e32736"
      },
      "period": {
        "start": "2026-12-31T23:30:00.000+00:00",
        "end": "2026-12-31T23:59:00.000+00:00"
      }
    },
    "request": {
      "method": "PUT",
      "url": "Encounter/fb9fa886-8492-4729-998b-122419b07191"
    }
  }, {
    "fullUrl": "https://madie.cms.gov/Observation/0a2c9978-dd44-4455-b1a0-f6c485e3e40a",
    "resource": {
      "resourceType": "Observation",
      "id": "0a2c9978-dd44-4455-b1a0-f6c485e3e40a",
      "meta": {
        "profile": [ "http://hl7.org/fhir/us/core/StructureDefinition/us-core-bmi" ]
      },
      "status": "final",
      "category": [ {
        "coding": [ {
          "system": "http://terminology.hl7.org/CodeSystem/observation-category",
          "code": "vital-signs",
          "display": "Vital Signs"
        } ]
      } ],
      "code": {
        "coding": [ {
          "system": "http://loinc.org",
          "code": "39156-5",
          "display": "Body mass index (BMI) [Ratio]",
          "userSelected": true
        } ]
      },
      "subject": {
        "reference": "Patient/a0aacdbc-4954-48af-aa88-361ea7e32736"
      },
      "effectiveDateTime": "2026-06-15T08:05:00.000+00:00",
      "valueQuantity": {
        "value": 30.0,
        "unit": "kg/m2",
        "system": "http://unitsofmeasure.org",
        "code": "kg/m2"
      }
    },
    "request": {
      "method": "PUT",
      "url": "Observation/0a2c9978-dd44-4455-b1a0-f6c485e3e40a"
    }
  }, {
    "fullUrl": "https://madie.cms.gov/Procedure/3294ff10-29e0-4fc3-a3f7-3cbd6b3b4fb2",
    "resource": {
      "resourceType": "Procedure",
      "id": "3294ff10-29e0-4fc3-a3f7-3cbd6b3b4fb2",
      "meta": {
        "profile": [ "http://hl7.org/fhir/us/qicore/StructureDefinition/qicore-procedure" ]
      },
      "extension": [ {
        "url": "http://hl7.org/fhir/us/qicore/StructureDefinition/qicore-recorded",
        "valueDateTime": "2026-12-31T23:59:00.000+00:00"
      } ],
      "status": "completed",
      "code": {
        "coding": [ {
          "system": "http://snomed.info/sct",
          "version": "2022-03",
          "code": "182922004",
          "display": "Dietary regime (regime/therapy)",
          "userSelected": true
        } ]
      },
      "subject": {
        "reference": "Patient/a0aacdbc-4954-48af-aa88-361ea7e32736"
      },
      "performedDateTime": "2026-12-31T23:59:00.000+00:00"
    },
    "request": {
      "method": "PUT",
      "url": "Procedure/3294ff10-29e0-4fc3-a3f7-3cbd6b3b4fb2"
    }
  }, {
    "fullUrl": "https://madie.cms.gov/Condition/c0d2555d-6ad9-47be-bcb8-b8aea758eb25",
    "resource": {
      "resourceType": "Condition",
      "id": "c0d2555d-6ad9-47be-bcb8-b8aea758eb25",
      "meta": {
        "profile": [ "http://hl7.org/fhir/us/qicore/StructureDefinition/qicore-condition-problems-health-concerns" ]
      },
      "clinicalStatus": {
        "coding": [ {
          "system": "http://terminology.hl7.org/CodeSystem/condition-clinical",
          "code": "inactive",
          "display": "inactive",
          "userSelected": true
        } ]
      },
      "category": [ {
        "coding": [ {
          "system": "http://terminology.hl7.org/CodeSystem/condition-category",
          "code": "problem-list-item",
          "display": "Problem List Item"
        }, {
          "system": "http://snomed.info/sct",
          "code": "439401001",
          "display": "Diagnosis"
        } ]
      } ],
      "code": {
        "coding": [ {
          "system": "http://snomed.info/sct",
          "version": "2022-03",
          "code": "162863004",
          "display": "Body mass index 25-29 - overweight (finding)",
          "userSelected": true
        } ]
      },
      "subject": {
        "reference": "Patient/a0aacdbc-4954-48af-aa88-361ea7e32736"
      },
      "abatementPeriod": {
        "start": "2024-07-25T08:00:00.000+00:00",
        "end": "2026-12-30T08:15:00.000+00:00"
      }
    },
    "request": {
      "method": "PUT",
      "url": "Condition/c0d2555d-6ad9-47be-bcb8-b8aea758eb25"
    }
  }, {
    "fullUrl": "https://madie.cms.gov/Coverage/5c67ddca-506c-4c26-8a02-e7ffee843834",
    "resource": {
      "resourceType": "Coverage",
      "id": "5c67ddca-506c-4c26-8a02-e7ffee843834",
      "meta": {
        "profile": [ "http://hl7.org/fhir/us/qicore/StructureDefinition/qicore-coverage" ]
      },
      "status": "active",
      "beneficiary": {
        "reference": "Patient/a0aacdbc-4954-48af-aa88-361ea7e32736"
      },
      "payor": [ {
        "reference": "Organization/65000ee0-e3d2-4909-a469-a1f608501a27"
      } ]
    },
    "request": {
      "method": "PUT",
      "url": "Coverage/5c67ddca-506c-4c26-8a02-e7ffee843834"
    }
  }, {
    "fullUrl": "https://madie.cms.gov/Organization/65000ee0-e3d2-4909-a469-a1f608501a27",
    "resource": {
      "resourceType": "Organization",
      "id": "65000ee0-e3d2-4909-a469-a1f608501a27",
      "meta": {
        "profile": [ "http://hl7.org/fhir/us/qicore/StructureDefinition/qicore-organization" ]
      },
      "identifier": [ {
        "use": "temp",
        "system": "urn:oid:2.16.840.1.113883.4.4",
        "value": "21-3259825"
      } ],
      "active": true,
      "type": [ {
        "coding": [ {
          "system": "http://terminology.hl7.org/CodeSystem/organization-type",
          "code": "pay",
          "display": "Payer"
        } ]
      } ],
      "name": "Blue Cross Blue Shield of Texas",
      "telecom": [ {
        "system": "phone",
        "value": "(+1) 972-766-6900"
      } ],
      "address": [ {
        "use": "billing",
        "type": "postal",
        "line": [ "P.O. Box 660044" ],
        "city": "Dallas",
        "state": "TX",
        "postalCode": "75266-0044",
        "country": "USA"
      } ]
    },
    "request": {
      "method": "PUT",
      "url": "Organization/65000ee0-e3d2-4909-a469-a1f608501a27"
    }
  }, {
    "fullUrl": "https://madie.cms.gov/MeasureReport/326ec81d-42ff-45a0-8f20-3b8ad2381866",
    "resource": {
      "resourceType": "MeasureReport",
      "id": "326ec81d-42ff-45a0-8f20-3b8ad2381866",
      "meta": {
        "profile": [ "http://hl7.org/fhir/us/cqfmeasures/StructureDefinition/test-case-cqfm" ]
      },
      "contained": [ {
        "resourceType": "Parameters",
        "id": "6b7f68b4-72f6-4440-be8a-07ab83abf46c-parameters",
        "parameter": [ {
          "name": "subject",
          "valueString": "a0aacdbc-4954-48af-aa88-361ea7e32736"
        } ]
      } ],
      "extension": [ {
        "url": "http://hl7.org/fhir/StructureDefinition/cqf-inputParameters",
        "valueReference": {
          "reference": "#6b7f68b4-72f6-4440-be8a-07ab83abf46c-parameters"
        }
      }, {
        "url": "http://hl7.org/fhir/us/cqfmeasures/StructureDefinition/cqfm-testCaseDescription",
        "valueMarkdown": "Enc last day of MP @23:30-23:59, BMI 30 kg/m2 during enc, Obese dx 7/25/23, inactive 12/30, intervention after dx inactive, expected to fail the numer "
      } ],
      "modifierExtension": [ {
        "url": "http://hl7.org/fhir/us/cqfmeasures/StructureDefinition/cqfm-isTestCase",
        "valueBoolean": true
      } ],
      "status": "complete",
      "type": "individual",
      "measure": "https://madie.cms.gov/Measure/CMS69FHIRPCSBMIScreenAndFollowUp",
      "period": {
        "start": "2026-01-01",
        "end": "2026-12-31"
      },
      "group": [ {
        "id": "Group_1",
        "population": [ {
          "id": "InitialPopulation_1",
          "code": {
            "coding": [ {
              "system": "http://terminology.hl7.org/CodeSystem/measure-population",
              "code": "initial-population",
              "display": "Initial Population"
            } ]
          },
          "count": 1
        }, {
          "id": "Denominator_1",
          "code": {
            "coding": [ {
              "system": "http://terminology.hl7.org/CodeSystem/measure-population",
              "code": "denominator",
              "display": "Denominator"
            } ]
          },
          "count": 1
        }, {
          "id": "DenominatorExclusion_1",
          "code": {
            "coding": [ {
              "system": "http://terminology.hl7.org/CodeSystem/measure-population",
              "code": "denominator-exclusion",
              "display": "Denominator Exclusion"
            } ]
          },
          "count": 0
        }, {
          "id": "Numerator_1",
          "code": {
            "coding": [ {
              "system": "http://terminology.hl7.org/CodeSystem/measure-population",
              "code": "numerator",
              "display": "Numerator"
            } ]
          },
          "count": 0
        }, {
          "id": "DenominatorException_1",
          "code": {
            "coding": [ {
              "system": "http://terminology.hl7.org/CodeSystem/measure-population",
              "code": "denominator-exception",
              "display": "Denominator Exception"
            } ]
          },
          "count": 0
        } ],
        "measureScore": {
          "value": 1.0
        }
      } ],
      "evaluatedResource": [ {
        "reference": "Patient/a0aacdbc-4954-48af-aa88-361ea7e32736"
      }, {
        "reference": "Encounter/fb9fa886-8492-4729-998b-122419b07191"
      }, {
        "reference": "Observation/0a2c9978-dd44-4455-b1a0-f6c485e3e40a"
      }, {
        "reference": "Procedure/3294ff10-29e0-4fc3-a3f7-3cbd6b3b4fb2"
      }, {
        "reference": "Condition/c0d2555d-6ad9-47be-bcb8-b8aea758eb25"
      }, {
        "reference": "Coverage/5c67ddca-506c-4c26-8a02-e7ffee843834"
      }, {
        "reference": "Organization/65000ee0-e3d2-4909-a469-a1f608501a27"
      } ]
    },
    "request": {
      "method": "PUT",
      "url": "MeasureReport/326ec81d-42ff-45a0-8f20-3b8ad2381866"
    }
  } ]
}