{
  "resourceType": "Bundle",
  "id": "62fd4b6a0968f8012246b316",
  "type": "transaction",
  "entry": [ {
    "fullUrl": "https://madie.cms.gov/Patient/3041ca48-5558-4fa4-829f-c3d6129bdd54",
    "resource": {
      "resourceType": "Patient",
      "id": "3041ca48-5558-4fa4-829f-c3d6129bdd54",
      "meta": {
        "profile": [ "http://hl7.org/fhir/us/qicore/StructureDefinition/qicore-patient" ]
      },
      "extension": [ {
        "url": "http://hl7.org/fhir/us/core/StructureDefinition/us-core-race",
        "extension": [ {
          "url": "ombCategory",
          "valueCoding": {
            "system": "urn:oid:2.16.840.1.113883.6.238",
            "code": "1002-5",
            "display": "American Indian or Alaska Native",
            "userSelected": true
          }
        }, {
          "url": "text",
          "valueString": "American Indian or Alaska Native"
        } ]
      }, {
        "url": "http://hl7.org/fhir/us/core/StructureDefinition/us-core-ethnicity",
        "extension": [ {
          "url": "ombCategory",
          "valueCoding": {
            "system": "urn:oid:2.16.840.1.113883.6.238",
            "code": "2135-2",
            "display": "Hispanic or Latino",
            "userSelected": true
          }
        }, {
          "url": "text",
          "valueString": "Hispanic or Latino"
        } ]
      } ],
      "identifier": [ {
        "type": {
          "coding": [ {
            "system": "http://terminology.hl7.org/CodeSystem/v2-0203",
            "code": "MR"
          } ]
        },
        "system": "https://bonnie-fhir.healthit.gov/",
        "value": "62fd4b6a0968f8012246b316"
      } ],
      "name": [ {
        "family": "NUMERPass",
        "given": [ "2Referrals1MinApartBothClosed" ]
      } ],
      "gender": "female",
      "birthDate": "1990-12-31"
    },
    "request": {
      "method": "PUT",
      "url": "Patient/3041ca48-5558-4fa4-829f-c3d6129bdd54"
    }
  }, {
    "fullUrl": "https://madie.cms.gov/Task/54d588d5-8c0e-4c82-8e8a-45e2eafbab98",
    "resource": {
      "resourceType": "Task",
      "id": "54d588d5-8c0e-4c82-8e8a-45e2eafbab98",
      "meta": {
        "profile": [ "http://hl7.org/fhir/us/qicore/StructureDefinition/qicore-task" ]
      },
      "identifier": [ {
        "use": "official",
        "system": "http:/goodhealth.org/identifiers",
        "value": "20170201-002"
      } ],
      "basedOn": [ {
        "reference": "ServiceRequest/debedf2c-ada9-46dc-ab98-6b5f144e45d1"
      } ],
      "status": "completed",
      "intent": "order",
      "priority": "routine",
      "code": {
        "coding": [ {
          "system": "http://loinc.org",
          "version": "2.72",
          "code": "11488-4",
          "display": "Consult note",
          "userSelected": true
        } ]
      },
      "for": {
        "reference": "Patient/3041ca48-5558-4fa4-829f-c3d6129bdd54"
      },
      "executionPeriod": {
        "start": "2026-07-06T08:00:00.000+00:00",
        "end": "2026-07-06T08:10:00.000+00:00"
      }
    },
    "request": {
      "method": "PUT",
      "url": "Task/54d588d5-8c0e-4c82-8e8a-45e2eafbab98"
    }
  }, {
    "fullUrl": "https://madie.cms.gov/ServiceRequest/debedf2c-ada9-46dc-ab98-6b5f144e45d1",
    "resource": {
      "resourceType": "ServiceRequest",
      "id": "debedf2c-ada9-46dc-ab98-6b5f144e45d1",
      "meta": {
        "profile": [ "http://hl7.org/fhir/us/qicore/StructureDefinition/qicore-servicerequest" ]
      },
      "status": "active",
      "intent": "order",
      "code": {
        "coding": [ {
          "system": "http://snomed.info/sct",
          "version": "2022-03",
          "code": "103696004",
          "display": "Patient referral to specialist (procedure)",
          "userSelected": true
        } ]
      },
      "subject": {
        "reference": "Patient/3041ca48-5558-4fa4-829f-c3d6129bdd54"
      },
      "authoredOn": "2026-06-06T08:00:00.000+00:00"
    },
    "request": {
      "method": "PUT",
      "url": "ServiceRequest/debedf2c-ada9-46dc-ab98-6b5f144e45d1"
    }
  }, {
    "fullUrl": "https://madie.cms.gov/Task/51f8f63d-f724-4dbe-90b6-f433761b84d1",
    "resource": {
      "resourceType": "Task",
      "id": "51f8f63d-f724-4dbe-90b6-f433761b84d1",
      "meta": {
        "profile": [ "http://hl7.org/fhir/us/qicore/StructureDefinition/qicore-task" ]
      },
      "identifier": [ {
        "use": "official",
        "system": "http:/goodhealth.org/identifiers",
        "value": "20170201-002"
      } ],
      "basedOn": [ {
        "reference": "ServiceRequest/59531a32-8e73-4d50-9b60-c0f9072aee58"
      } ],
      "status": "completed",
      "intent": "order",
      "priority": "routine",
      "code": {
        "coding": [ {
          "system": "http://loinc.org",
          "version": "2.72",
          "code": "11488-4",
          "display": "Consult note",
          "userSelected": true
        } ]
      },
      "for": {
        "reference": "Patient/3041ca48-5558-4fa4-829f-c3d6129bdd54"
      },
      "executionPeriod": {
        "start": "2026-07-06T08:01:00.000+00:00",
        "end": "2026-07-06T08:15:00.000+00:00"
      }
    },
    "request": {
      "method": "PUT",
      "url": "Task/51f8f63d-f724-4dbe-90b6-f433761b84d1"
    }
  }, {
    "fullUrl": "https://madie.cms.gov/ServiceRequest/59531a32-8e73-4d50-9b60-c0f9072aee58",
    "resource": {
      "resourceType": "ServiceRequest",
      "id": "59531a32-8e73-4d50-9b60-c0f9072aee58",
      "meta": {
        "profile": [ "http://hl7.org/fhir/us/qicore/StructureDefinition/qicore-servicerequest" ]
      },
      "status": "active",
      "intent": "order",
      "code": {
        "coding": [ {
          "system": "http://snomed.info/sct",
          "version": "2022-03",
          "code": "103696004",
          "display": "Patient referral to specialist (procedure)",
          "userSelected": true
        } ]
      },
      "subject": {
        "reference": "Patient/3041ca48-5558-4fa4-829f-c3d6129bdd54"
      },
      "authoredOn": "2026-06-06T08:01:00.000+00:00"
    },
    "request": {
      "method": "PUT",
      "url": "ServiceRequest/59531a32-8e73-4d50-9b60-c0f9072aee58"
    }
  }, {
    "fullUrl": "https://madie.cms.gov/Encounter/74b728ef-d3ad-48bd-91ec-8fd7aab28c5a",
    "resource": {
      "resourceType": "Encounter",
      "id": "74b728ef-d3ad-48bd-91ec-8fd7aab28c5a",
      "meta": {
        "profile": [ "http://hl7.org/fhir/us/qicore/StructureDefinition/qicore-encounter" ]
      },
      "status": "finished",
      "class": {
        "system": "http://terminology.hl7.org/CodeSystem/v3-ActCode",
        "code": "AMB",
        "display": "ambulatory"
      },
      "type": [ {
        "coding": [ {
          "system": "http://snomed.info/sct",
          "version": "2022-03",
          "code": "359960003",
          "display": "Ophthalmologic examination and evaluation under general anesthesia, limited (procedure)",
          "userSelected": true
        } ]
      } ],
      "subject": {
        "reference": "Patient/3041ca48-5558-4fa4-829f-c3d6129bdd54"
      },
      "period": {
        "start": "2026-05-27T08:00:00.000+00:00",
        "end": "2026-05-27T09:15:00.000+00:00"
      }
    },
    "request": {
      "method": "PUT",
      "url": "Encounter/74b728ef-d3ad-48bd-91ec-8fd7aab28c5a"
    }
  }, {
    "fullUrl": "https://madie.cms.gov/Coverage/c34a37ff-f7f0-4260-a07e-9f7316fe0f00",
    "resource": {
      "resourceType": "Coverage",
      "id": "c34a37ff-f7f0-4260-a07e-9f7316fe0f00",
      "meta": {
        "profile": [ "http://hl7.org/fhir/us/qicore/StructureDefinition/qicore-coverage" ]
      },
      "status": "active",
      "beneficiary": {
        "reference": "Patient/3041ca48-5558-4fa4-829f-c3d6129bdd54"
      },
      "payor": [ {
        "reference": "Organization/b624449f-c04d-4680-8c3d-395a685466f4"
      } ]
    },
    "request": {
      "method": "PUT",
      "url": "Coverage/c34a37ff-f7f0-4260-a07e-9f7316fe0f00"
    }
  }, {
    "fullUrl": "https://madie.cms.gov/Organization/b624449f-c04d-4680-8c3d-395a685466f4",
    "resource": {
      "resourceType": "Organization",
      "id": "b624449f-c04d-4680-8c3d-395a685466f4",
      "meta": {
        "profile": [ "http://hl7.org/fhir/us/qicore/StructureDefinition/qicore-organization" ]
      },
      "identifier": [ {
        "use": "temp",
        "system": "urn:oid:2.16.840.1.113883.4.4",
        "value": "21-3259825"
      } ],
      "active": true,
      "type": [ {
        "coding": [ {
          "system": "http://terminology.hl7.org/CodeSystem/organization-type",
          "code": "pay",
          "display": "Payer"
        } ]
      } ],
      "name": "Blue Cross Blue Shield of Texas",
      "telecom": [ {
        "system": "phone",
        "value": "(+1) 972-766-6900"
      } ],
      "address": [ {
        "use": "billing",
        "type": "postal",
        "line": [ "P.O. Box 660044" ],
        "city": "Dallas",
        "state": "TX",
        "postalCode": "75266-0044",
        "country": "USA"
      } ]
    },
    "request": {
      "method": "PUT",
      "url": "Organization/b624449f-c04d-4680-8c3d-395a685466f4"
    }
  }, {
    "fullUrl": "https://madie.cms.gov/Practitioner/499ee80e-a556-497c-b121-054f471aca15",
    "resource": {
      "resourceType": "Practitioner",
      "id": "499ee80e-a556-497c-b121-054f471aca15",
      "meta": {
        "profile": [ "http://hl7.org/fhir/us/qicore/StructureDefinition/qicore-practitioner" ]
      },
      "identifier": [ {
        "system": "http://hl7.org/fhir/sid/us-npi",
        "value": "123456"
      } ],
      "name": [ {
        "family": "Evil",
        "prefix": [ "Dr" ]
      } ]
    },
    "request": {
      "method": "PUT",
      "url": "Practitioner/499ee80e-a556-497c-b121-054f471aca15"
    }
  }, {
    "fullUrl": "https://madie.cms.gov/MeasureReport/fcd58985-25f6-450a-bd26-19833bad866a",
    "resource": {
      "resourceType": "MeasureReport",
      "id": "fcd58985-25f6-450a-bd26-19833bad866a",
      "meta": {
        "profile": [ "http://hl7.org/fhir/us/cqfmeasures/StructureDefinition/test-case-cqfm" ]
      },
      "contained": [ {
        "resourceType": "Parameters",
        "id": "174aaf07-27c0-448e-ad5b-83df74e41dda-parameters",
        "parameter": [ {
          "name": "subject",
          "valueString": "3041ca48-5558-4fa4-829f-c3d6129bdd54"
        } ]
      } ],
      "extension": [ {
        "url": "http://hl7.org/fhir/StructureDefinition/cqf-inputParameters",
        "valueReference": {
          "reference": "#174aaf07-27c0-448e-ad5b-83df74e41dda-parameters"
        }
      }, {
        "url": "http://hl7.org/fhir/us/cqfmeasures/StructureDefinition/cqfm-testCaseDescription",
        "valueMarkdown": "2 referrals on same day 1 minute apart both referrals  receiving a consultant report.  "
      } ],
      "modifierExtension": [ {
        "url": "http://hl7.org/fhir/us/cqfmeasures/StructureDefinition/cqfm-isTestCase",
        "valueBoolean": true
      } ],
      "status": "complete",
      "type": "individual",
      "measure": "https://madie.cms.gov/Measure/CMS50FHIRCRLReceiptofSpecialistReport",
      "period": {
        "start": "2026-01-01",
        "end": "2026-12-31"
      },
      "group": [ {
        "id": "Group_1",
        "population": [ {
          "id": "InitialPopulation_1",
          "code": {
            "coding": [ {
              "system": "http://terminology.hl7.org/CodeSystem/measure-population",
              "code": "initial-population",
              "display": "Initial Population"
            } ]
          },
          "count": 1
        }, {
          "id": "Denominator_1",
          "code": {
            "coding": [ {
              "system": "http://terminology.hl7.org/CodeSystem/measure-population",
              "code": "denominator",
              "display": "Denominator"
            } ]
          },
          "count": 1
        }, {
          "id": "Numerator_1",
          "code": {
            "coding": [ {
              "system": "http://terminology.hl7.org/CodeSystem/measure-population",
              "code": "numerator",
              "display": "Numerator"
            } ]
          },
          "count": 1
        } ],
        "measureScore": {
          "value": 1.0
        }
      } ],
      "evaluatedResource": [ {
        "reference": "Patient/3041ca48-5558-4fa4-829f-c3d6129bdd54"
      }, {
        "reference": "Task/54d588d5-8c0e-4c82-8e8a-45e2eafbab98"
      }, {
        "reference": "ServiceRequest/debedf2c-ada9-46dc-ab98-6b5f144e45d1"
      }, {
        "reference": "Task/51f8f63d-f724-4dbe-90b6-f433761b84d1"
      }, {
        "reference": "ServiceRequest/59531a32-8e73-4d50-9b60-c0f9072aee58"
      }, {
        "reference": "Encounter/74b728ef-d3ad-48bd-91ec-8fd7aab28c5a"
      }, {
        "reference": "Coverage/c34a37ff-f7f0-4260-a07e-9f7316fe0f00"
      }, {
        "reference": "Organization/b624449f-c04d-4680-8c3d-395a685466f4"
      }, {
        "reference": "Practitioner/499ee80e-a556-497c-b121-054f471aca15"
      } ]
    },
    "request": {
      "method": "PUT",
      "url": "MeasureReport/fcd58985-25f6-450a-bd26-19833bad866a"
    }
  } ]
}