{
  "resourceType": "Bundle",
  "id": "61168b8798086b77ef9c5ecc",
  "type": "transaction",
  "entry": [ {
    "fullUrl": "https://madie.cms.gov/Patient/d9840e8c-3359-42c2-b354-4b236c3c1b15",
    "resource": {
      "resourceType": "Patient",
      "id": "d9840e8c-3359-42c2-b354-4b236c3c1b15",
      "meta": {
        "profile": [ "http://hl7.org/fhir/us/qicore/StructureDefinition/qicore-patient" ]
      },
      "extension": [ {
        "url": "http://hl7.org/fhir/us/core/StructureDefinition/us-core-race",
        "extension": [ {
          "url": "ombCategory",
          "valueCoding": {
            "system": "urn:oid:2.16.840.1.113883.6.238",
            "code": "1002-5",
            "display": "American Indian or Alaska Native",
            "userSelected": true
          }
        }, {
          "url": "text",
          "valueString": "American Indian or Alaska Native"
        } ]
      }, {
        "url": "http://hl7.org/fhir/us/core/StructureDefinition/us-core-ethnicity",
        "extension": [ {
          "url": "ombCategory",
          "valueCoding": {
            "system": "urn:oid:2.16.840.1.113883.6.238",
            "code": "2186-5",
            "display": "Not Hispanic or Latino",
            "userSelected": true
          }
        }, {
          "url": "text",
          "valueString": "Not Hispanic or Latino"
        } ]
      } ],
      "identifier": [ {
        "type": {
          "coding": [ {
            "system": "http://terminology.hl7.org/CodeSystem/v2-0203",
            "code": "MR"
          } ]
        },
        "system": "https://bonnie-fhir.healthit.gov/",
        "value": "61168b8798086b77ef9c5ecc"
      } ],
      "active": true,
      "name": [ {
        "use": "usual",
        "family": "DENEXCEPPass",
        "given": [ "CommEdemaAbsentNotDoneMR" ]
      } ],
      "gender": "male",
      "birthDate": "1973-08-29"
    },
    "request": {
      "method": "PUT",
      "url": "Patient/d9840e8c-3359-42c2-b354-4b236c3c1b15"
    }
  }, {
    "fullUrl": "https://madie.cms.gov/Communication/57b4a5e1-5f1d-4258-8c3e-8b3612a75040",
    "resource": {
      "resourceType": "Communication",
      "id": "57b4a5e1-5f1d-4258-8c3e-8b3612a75040",
      "meta": {
        "profile": [ "http://hl7.org/fhir/us/qicore/StructureDefinition/qicore-communicationnotdone" ]
      },
      "extension": [ {
        "url": "http://hl7.org/fhir/us/qicore/StructureDefinition/qicore-recorded",
        "valueDateTime": "2014-07-02T15:00:00.000+00:00"
      } ],
      "modifierExtension": [ {
        "url": "http://hl7.org/fhir/us/qicore/StructureDefinition/qicore-notDone",
        "valueBoolean": true
      }, {
        "url": "http://hl7.org/fhir/us/qicore/StructureDefinition/qicore-notDone",
        "valueBoolean": true
      } ],
      "status": "not-done",
      "statusReason": {
        "coding": [ {
          "system": "http://snomed.info/sct",
          "code": "183932001",
          "display": "Procedure contraindicated (situation)",
          "userSelected": true
        } ]
      },
      "subject": {
        "reference": "Patient/d9840e8c-3359-42c2-b354-4b236c3c1b15"
      },
      "sent": "2026-08-02T08:00:00.000+00:00",
      "reasonCode": [ {
        "coding": [ {
          "system": "http://snomed.info/sct",
          "code": "428341000124108"
        } ]
      } ]
    },
    "request": {
      "method": "PUT",
      "url": "Communication/57b4a5e1-5f1d-4258-8c3e-8b3612a75040"
    }
  }, {
    "fullUrl": "https://madie.cms.gov/Condition/3131f3e0-6de4-409d-a121-ffbc966533fe",
    "resource": {
      "resourceType": "Condition",
      "id": "3131f3e0-6de4-409d-a121-ffbc966533fe",
      "meta": {
        "profile": [ "http://hl7.org/fhir/us/qicore/StructureDefinition/qicore-condition-problems-health-concerns" ]
      },
      "clinicalStatus": {
        "coding": [ {
          "system": "http://terminology.hl7.org/CodeSystem/condition-clinical",
          "code": "active",
          "display": "active",
          "userSelected": true
        } ]
      },
      "verificationStatus": {
        "coding": [ {
          "system": "http://terminology.hl7.org/CodeSystem/condition-ver-status",
          "code": "confirmed"
        } ]
      },
      "category": [ {
        "coding": [ {
          "system": "http://terminology.hl7.org/CodeSystem/condition-category",
          "code": "problem-list-item",
          "display": "Problem List Item"
        } ]
      } ],
      "code": {
        "coding": [ {
          "system": "http://snomed.info/sct",
          "code": "193349004",
          "display": "Preproliferative retinopathy due to diabetes mellitus"
        }, {
          "system": "http://hl7.org/fhir/sid/icd-10-cm",
          "version": "2023",
          "code": "E08.311"
        } ]
      },
      "subject": {
        "reference": "Patient/d9840e8c-3359-42c2-b354-4b236c3c1b15"
      },
      "onsetDateTime": "2025-07-01T15:00:00.000+00:00"
    },
    "request": {
      "method": "PUT",
      "url": "Condition/3131f3e0-6de4-409d-a121-ffbc966533fe"
    }
  }, {
    "fullUrl": "https://madie.cms.gov/Observation/b5cb11ac-9088-48fa-bd2f-5c45d7a4e090",
    "resource": {
      "resourceType": "Observation",
      "id": "b5cb11ac-9088-48fa-bd2f-5c45d7a4e090",
      "meta": {
        "profile": [ "http://hl7.org/fhir/us/qicore/StructureDefinition/qicore-observation-clinical-result" ]
      },
      "status": "final",
      "category": [ {
        "coding": [ {
          "system": "http://terminology.hl7.org/CodeSystem/observation-category",
          "code": "vital-signs",
          "display": "Vital Signs"
        } ]
      } ],
      "code": {
        "coding": [ {
          "system": "http://loinc.org",
          "version": "2.73",
          "code": "32451-7"
        } ]
      },
      "subject": {
        "reference": "Patient/d9840e8c-3359-42c2-b354-4b236c3c1b15"
      },
      "effectiveDateTime": "2026-07-09T08:00:00.000+00:00",
      "valueBoolean": true
    },
    "request": {
      "method": "PUT",
      "url": "Observation/b5cb11ac-9088-48fa-bd2f-5c45d7a4e090"
    }
  }, {
    "fullUrl": "https://madie.cms.gov/Encounter/43dd1df6-3d75-4109-99c6-aff0113a1ac5",
    "resource": {
      "resourceType": "Encounter",
      "id": "43dd1df6-3d75-4109-99c6-aff0113a1ac5",
      "meta": {
        "profile": [ "http://hl7.org/fhir/us/qicore/StructureDefinition/qicore-encounter" ]
      },
      "status": "finished",
      "class": {
        "system": "http://terminology.hl7.org/CodeSystem/v3-ActCode",
        "code": "AMB"
      },
      "type": [ {
        "coding": [ {
          "system": "http://www.ama-assn.org/go/cpt",
          "version": "2023",
          "code": "99205"
        } ]
      } ],
      "subject": {
        "reference": "Patient/d9840e8c-3359-42c2-b354-4b236c3c1b15"
      },
      "period": {
        "start": "2026-07-02T15:00:00.000+00:00",
        "end": "2026-08-02T16:00:00.000+00:00"
      }
    },
    "request": {
      "method": "PUT",
      "url": "Encounter/43dd1df6-3d75-4109-99c6-aff0113a1ac5"
    }
  }, {
    "fullUrl": "https://madie.cms.gov/Communication/c89b9a85-be29-4833-bbbb-543b6f8ee391",
    "resource": {
      "resourceType": "Communication",
      "id": "c89b9a85-be29-4833-bbbb-543b6f8ee391",
      "meta": {
        "profile": [ "http://hl7.org/fhir/us/qicore/StructureDefinition/qicore-communicationnotdone" ]
      },
      "extension": [ {
        "url": "http://hl7.org/fhir/us/qicore/StructureDefinition/qicore-recorded",
        "valueDateTime": "2026-07-09T08:00:00.000+00:00"
      } ],
      "status": "not-done",
      "statusReason": {
        "coding": [ {
          "system": "http://snomed.info/sct",
          "code": "713247000",
          "display": "Procedure discontinued by patient (situation)",
          "userSelected": true
        } ]
      },
      "category": [ {
        "coding": [ {
          "system": "http://snomed.info/sct",
          "code": "312903003",
          "display": "Mild nonproliferative retinopathy due to diabetes mellitus (disorder)",
          "userSelected": true
        } ]
      } ],
      "sent": "2026-08-02T08:00:00.000+00:00",
      "reasonCode": [ {
        "coding": [ {
          "system": "http://snomed.info/sct",
          "code": "312903003",
          "display": "Level of Severity of Retinopathy Findings"
        } ]
      } ]
    },
    "request": {
      "method": "PUT",
      "url": "Communication/c89b9a85-be29-4833-bbbb-543b6f8ee391"
    }
  }, {
    "fullUrl": "https://madie.cms.gov/MeasureReport/478022c9-2a9f-444e-b980-111f0ef2388a",
    "resource": {
      "resourceType": "MeasureReport",
      "id": "478022c9-2a9f-444e-b980-111f0ef2388a",
      "meta": {
        "profile": [ "http://hl7.org/fhir/us/cqfmeasures/StructureDefinition/test-case-cqfm" ]
      },
      "contained": [ {
        "resourceType": "Parameters",
        "id": "9cf998c5-b13f-4b13-b212-b05140389f40-parameters",
        "parameter": [ {
          "name": "subject",
          "valueString": "d9840e8c-3359-42c2-b354-4b236c3c1b15"
        } ]
      } ],
      "extension": [ {
        "url": "http://hl7.org/fhir/StructureDefinition/cqf-inputParameters",
        "valueReference": {
          "reference": "#9cf998c5-b13f-4b13-b212-b05140389f40-parameters"
        }
      }, {
        "url": "http://hl7.org/fhir/us/cqfmeasures/StructureDefinition/cqfm-testCaseDescription",
        "valueMarkdown": "Communication for Edema Absent Not done and documented\n\n"
      } ],
      "modifierExtension": [ {
        "url": "http://hl7.org/fhir/us/cqfmeasures/StructureDefinition/cqfm-isTestCase",
        "valueBoolean": true
      } ],
      "status": "complete",
      "type": "individual",
      "measure": "https://madie.cms.gov/Measure/CMS142FHIRDRCommunicationWithPhysicianManagingDiabetes",
      "period": {
        "start": "2026-01-01",
        "end": "2026-12-31"
      },
      "group": [ {
        "id": "Group_1",
        "population": [ {
          "id": "InitialPopulation_1",
          "code": {
            "coding": [ {
              "system": "http://terminology.hl7.org/CodeSystem/measure-population",
              "code": "initial-population",
              "display": "Initial Population"
            } ]
          },
          "count": 1
        }, {
          "id": "Denominator_1",
          "code": {
            "coding": [ {
              "system": "http://terminology.hl7.org/CodeSystem/measure-population",
              "code": "denominator",
              "display": "Denominator"
            } ]
          },
          "count": 1
        }, {
          "id": "Numerator_1",
          "code": {
            "coding": [ {
              "system": "http://terminology.hl7.org/CodeSystem/measure-population",
              "code": "numerator",
              "display": "Numerator"
            } ]
          },
          "count": 0
        }, {
          "id": "DenominatorException_1",
          "code": {
            "coding": [ {
              "system": "http://terminology.hl7.org/CodeSystem/measure-population",
              "code": "denominator-exception",
              "display": "Denominator Exception"
            } ]
          },
          "count": 1
        } ],
        "measureScore": {
          "value": 1.0
        }
      } ],
      "evaluatedResource": [ {
        "reference": "Patient/d9840e8c-3359-42c2-b354-4b236c3c1b15"
      }, {
        "reference": "Communication/57b4a5e1-5f1d-4258-8c3e-8b3612a75040"
      }, {
        "reference": "Condition/3131f3e0-6de4-409d-a121-ffbc966533fe"
      }, {
        "reference": "Observation/b5cb11ac-9088-48fa-bd2f-5c45d7a4e090"
      }, {
        "reference": "Encounter/43dd1df6-3d75-4109-99c6-aff0113a1ac5"
      }, {
        "reference": "Communication/c89b9a85-be29-4833-bbbb-543b6f8ee391"
      } ]
    },
    "request": {
      "method": "PUT",
      "url": "MeasureReport/478022c9-2a9f-444e-b980-111f0ef2388a"
    }
  } ]
}