{
  "resourceType": "Bundle",
  "id": "6109658e98086b538055b9d0",
  "type": "transaction",
  "entry": [ {
    "fullUrl": "https://madie.cms.gov/Patient/9394a368-dd04-495b-a810-ee4e9a32e8a0",
    "resource": {
      "resourceType": "Patient",
      "id": "9394a368-dd04-495b-a810-ee4e9a32e8a0",
      "meta": {
        "profile": [ "http://hl7.org/fhir/us/qicore/StructureDefinition/qicore-patient" ]
      },
      "extension": [ {
        "url": "http://hl7.org/fhir/us/core/StructureDefinition/us-core-race",
        "extension": [ {
          "url": "ombCategory",
          "valueCoding": {
            "system": "urn:oid:2.16.840.1.113883.6.238",
            "code": "1002-5",
            "display": "American Indian or Alaska Native",
            "userSelected": true
          }
        }, {
          "url": "text",
          "valueString": "American Indian or Alaska Native"
        }, {
          "url": "detailed",
          "valueCoding": {
            "system": "urn:oid:2.16.840.1.113883.6.238",
            "code": "1653-5",
            "display": "Tohono O'Odham"
          }
        } ]
      }, {
        "url": "http://hl7.org/fhir/us/core/StructureDefinition/us-core-ethnicity",
        "extension": [ {
          "url": "ombCategory",
          "valueCoding": {
            "system": "urn:oid:2.16.840.1.113883.6.238",
            "code": "2135-2",
            "display": "Hispanic or Latino",
            "userSelected": true
          }
        }, {
          "url": "text",
          "valueString": "Not Hispanic or Latino"
        }, {
          "url": "detailed",
          "valueCoding": {
            "system": "urn:oid:2.16.840.1.113883.6.238",
            "code": "2153-5",
            "display": "Mexican American Indian"
          }
        } ]
      } ],
      "identifier": [ {
        "type": {
          "coding": [ {
            "system": "http://terminology.hl7.org/CodeSystem/v2-0203",
            "code": "MR"
          } ]
        },
        "system": "https://bonnie-fhir.healthit.gov/",
        "value": "6109658e98086b538055b9d0"
      } ],
      "active": true,
      "name": [ {
        "use": "usual",
        "family": "NUMERFail",
        "given": [ "OpticExamsB4Enc" ]
      } ],
      "gender": "female",
      "birthDate": "1948-09-18"
    },
    "request": {
      "method": "PUT",
      "url": "Patient/9394a368-dd04-495b-a810-ee4e9a32e8a0"
    }
  }, {
    "fullUrl": "https://madie.cms.gov/Condition/0131cac0-b475-4614-a3ec-a0a464aa2611",
    "resource": {
      "resourceType": "Condition",
      "id": "0131cac0-b475-4614-a3ec-a0a464aa2611",
      "meta": {
        "profile": [ "http://hl7.org/fhir/us/qicore/StructureDefinition/qicore-condition-problems-health-concerns" ]
      },
      "clinicalStatus": {
        "coding": [ {
          "system": "http://terminology.hl7.org/CodeSystem/condition-clinical",
          "code": "active",
          "display": "active",
          "userSelected": true
        } ]
      },
      "category": [ {
        "coding": [ {
          "system": "http://terminology.hl7.org/CodeSystem/condition-category",
          "code": "problem-list-item",
          "display": "problem-list-item",
          "userSelected": true
        } ]
      } ],
      "code": {
        "coding": [ {
          "system": "http://hl7.org/fhir/sid/icd-10-cm",
          "code": "H40.10X0"
        } ]
      },
      "subject": {
        "reference": "Patient/9394a368-dd04-495b-a810-ee4e9a32e8a0"
      },
      "onsetDateTime": "2016-06-15T07:00:00+00:00"
    },
    "request": {
      "method": "PUT",
      "url": "Condition/0131cac0-b475-4614-a3ec-a0a464aa2611"
    }
  }, {
    "fullUrl": "https://madie.cms.gov/Observation/b5ded5e8-88c1-4206-adf3-eb2726f6c211",
    "resource": {
      "resourceType": "Observation",
      "id": "b5ded5e8-88c1-4206-adf3-eb2726f6c211",
      "meta": {
        "profile": [ "http://hl7.org/fhir/us/qicore/StructureDefinition/qicore-observation-clinical-result" ]
      },
      "status": "final",
      "category": [ {
        "coding": [ {
          "system": "http://terminology.hl7.org/CodeSystem/observation-category",
          "code": "laboratory",
          "display": "laboratory",
          "userSelected": true
        } ]
      } ],
      "code": {
        "coding": [ {
          "system": "http://loinc.org",
          "version": "2.73",
          "code": "71486-5"
        } ]
      },
      "subject": {
        "reference": "Patient/9394a368-dd04-495b-a810-ee4e9a32e8a0"
      },
      "effectiveDateTime": "2026-01-22T08:00:00.000+00:00",
      "valueString": "Optic disc neural rim asymmetry of the two eyes consistent with loss of neural tissue"
    },
    "request": {
      "method": "PUT",
      "url": "Observation/b5ded5e8-88c1-4206-adf3-eb2726f6c211"
    }
  }, {
    "fullUrl": "https://madie.cms.gov/Observation/1d4315b8-101b-4d54-b6c1-1d88cb9ade38",
    "resource": {
      "resourceType": "Observation",
      "id": "1d4315b8-101b-4d54-b6c1-1d88cb9ade38",
      "meta": {
        "profile": [ "http://hl7.org/fhir/us/qicore/StructureDefinition/qicore-observation-clinical-result" ]
      },
      "status": "final",
      "category": [ {
        "coding": [ {
          "system": "http://terminology.hl7.org/CodeSystem/observation-category",
          "code": "laboratory",
          "display": "laboratory",
          "userSelected": true
        } ]
      } ],
      "code": {
        "coding": [ {
          "system": "http://loinc.org",
          "version": "2.73",
          "code": "71484-0"
        } ]
      },
      "subject": {
        "reference": "Patient/9394a368-dd04-495b-a810-ee4e9a32e8a0"
      },
      "effectiveDateTime": "2026-01-22T08:00:00.000+00:00",
      "valueQuantity": {
        "value": 0.7
      }
    },
    "request": {
      "method": "PUT",
      "url": "Observation/1d4315b8-101b-4d54-b6c1-1d88cb9ade38"
    }
  }, {
    "fullUrl": "https://madie.cms.gov/Encounter/efe56726-34fd-4d30-a667-42ad2598e9c2",
    "resource": {
      "resourceType": "Encounter",
      "id": "efe56726-34fd-4d30-a667-42ad2598e9c2",
      "meta": {
        "profile": [ "http://hl7.org/fhir/us/qicore/StructureDefinition/qicore-encounter" ]
      },
      "status": "finished",
      "class": {
        "system": "http://terminology.hl7.org/CodeSystem/v3-ActCode",
        "code": "AMB",
        "display": "ambulatory",
        "userSelected": true
      },
      "type": [ {
        "coding": [ {
          "system": "http://www.ama-assn.org/go/cpt",
          "version": "2023",
          "code": "99213"
        } ]
      } ],
      "subject": {
        "reference": "Patient/9394a368-dd04-495b-a810-ee4e9a32e8a0"
      },
      "period": {
        "start": "2026-01-24T08:00:00.000+00:00",
        "end": "2026-01-24T08:00:00.000+00:00"
      },
      "length": {
        "value": 0.0,
        "unit": "days"
      }
    },
    "request": {
      "method": "PUT",
      "url": "Encounter/efe56726-34fd-4d30-a667-42ad2598e9c2"
    }
  }, {
    "fullUrl": "https://madie.cms.gov/MeasureReport/543ad3ba-103b-44a5-aae7-521e3882c64f",
    "resource": {
      "resourceType": "MeasureReport",
      "id": "543ad3ba-103b-44a5-aae7-521e3882c64f",
      "meta": {
        "profile": [ "http://hl7.org/fhir/us/cqfmeasures/StructureDefinition/test-case-cqfm" ]
      },
      "contained": [ {
        "resourceType": "Parameters",
        "id": "939195fa-fffa-475c-a19a-b2623a821c5b-parameters",
        "parameter": [ {
          "name": "subject",
          "valueString": "9394a368-dd04-495b-a810-ee4e9a32e8a0"
        } ]
      } ],
      "extension": [ {
        "url": "http://hl7.org/fhir/StructureDefinition/cqf-inputParameters",
        "valueReference": {
          "reference": "#939195fa-fffa-475c-a19a-b2623a821c5b-parameters"
        }
      }, {
        "url": "http://hl7.org/fhir/us/cqfmeasures/StructureDefinition/cqfm-testCaseDescription",
        "valueMarkdown": "Patient with glaucoma, both diagnostic studies done but before encounter"
      } ],
      "modifierExtension": [ {
        "url": "http://hl7.org/fhir/us/cqfmeasures/StructureDefinition/cqfm-isTestCase",
        "valueBoolean": true
      } ],
      "status": "complete",
      "type": "individual",
      "measure": "https://madie.cms.gov/Measure/CMS143FHIRPOAGOpticNerveEvaluation",
      "period": {
        "start": "2026-01-01",
        "end": "2026-12-31"
      },
      "group": [ {
        "id": "Group_1",
        "population": [ {
          "id": "InitialPopulation_1",
          "code": {
            "coding": [ {
              "system": "http://terminology.hl7.org/CodeSystem/measure-population",
              "code": "initial-population",
              "display": "Initial Population"
            } ]
          },
          "count": 1
        }, {
          "id": "Denominator_1",
          "code": {
            "coding": [ {
              "system": "http://terminology.hl7.org/CodeSystem/measure-population",
              "code": "denominator",
              "display": "Denominator"
            } ]
          },
          "count": 1
        }, {
          "id": "Numerator_1",
          "code": {
            "coding": [ {
              "system": "http://terminology.hl7.org/CodeSystem/measure-population",
              "code": "numerator",
              "display": "Numerator"
            } ]
          },
          "count": 0
        }, {
          "id": "DenominatorException_1",
          "code": {
            "coding": [ {
              "system": "http://terminology.hl7.org/CodeSystem/measure-population",
              "code": "denominator-exception",
              "display": "Denominator Exception"
            } ]
          },
          "count": 0
        } ],
        "measureScore": {
          "value": 1.0
        }
      } ],
      "evaluatedResource": [ {
        "reference": "Patient/9394a368-dd04-495b-a810-ee4e9a32e8a0"
      }, {
        "reference": "Condition/0131cac0-b475-4614-a3ec-a0a464aa2611"
      }, {
        "reference": "Observation/b5ded5e8-88c1-4206-adf3-eb2726f6c211"
      }, {
        "reference": "Observation/1d4315b8-101b-4d54-b6c1-1d88cb9ade38"
      }, {
        "reference": "Encounter/efe56726-34fd-4d30-a667-42ad2598e9c2"
      } ]
    },
    "request": {
      "method": "PUT",
      "url": "MeasureReport/543ad3ba-103b-44a5-aae7-521e3882c64f"
    }
  } ]
}