{
  "resourceType": "Bundle",
  "id": "62fa89c3d13907679e12d618",
  "type": "transaction",
  "entry": [ {
    "fullUrl": "https://madie.cms.gov/Patient/631fbecb-2bdc-4e1e-a9e1-52357222474a",
    "resource": {
      "resourceType": "Patient",
      "id": "631fbecb-2bdc-4e1e-a9e1-52357222474a",
      "meta": {
        "profile": [ "http://hl7.org/fhir/us/qicore/StructureDefinition/qicore-patient" ]
      },
      "extension": [ {
        "url": "http://hl7.org/fhir/us/core/StructureDefinition/us-core-race",
        "extension": [ {
          "url": "ombCategory",
          "valueCoding": {
            "system": "urn:oid:2.16.840.1.113883.6.238",
            "code": "2028-9",
            "display": "Asian",
            "userSelected": true
          }
        }, {
          "url": "text",
          "valueString": "Asian"
        } ]
      }, {
        "url": "http://hl7.org/fhir/us/core/StructureDefinition/us-core-ethnicity",
        "extension": [ {
          "url": "ombCategory",
          "valueCoding": {
            "system": "urn:oid:2.16.840.1.113883.6.238",
            "code": "2186-5",
            "display": "Not Hispanic or Latino",
            "userSelected": true
          }
        }, {
          "url": "text",
          "valueString": "Not Hispanic or Latino"
        } ]
      } ],
      "identifier": [ {
        "type": {
          "coding": [ {
            "system": "http://terminology.hl7.org/CodeSystem/v2-0203",
            "code": "MR"
          } ]
        },
        "system": "https://bonnie-fhir.healthit.gov/",
        "value": "62fa89c3d13907679e12d618"
      } ],
      "name": [ {
        "family": "NUMERFail",
        "given": [ "NormalBPStatusEnteredInError" ]
      } ],
      "gender": "female",
      "birthDate": "2006-01-31"
    },
    "request": {
      "method": "PUT",
      "url": "Patient/631fbecb-2bdc-4e1e-a9e1-52357222474a"
    }
  }, {
    "fullUrl": "https://madie.cms.gov/Encounter/bf7ba0ef-c56a-4e51-a12d-d45ee43e71a0",
    "resource": {
      "resourceType": "Encounter",
      "id": "bf7ba0ef-c56a-4e51-a12d-d45ee43e71a0",
      "meta": {
        "profile": [ "http://hl7.org/fhir/us/qicore/StructureDefinition/qicore-encounter" ]
      },
      "status": "finished",
      "class": {
        "system": "http://terminology.hl7.org/CodeSystem/v3-ActCode",
        "code": "AMB",
        "display": "ambulatory"
      },
      "type": [ {
        "coding": [ {
          "system": "http://snomed.info/sct",
          "version": "2022-03",
          "code": "103705002",
          "display": "Patient status observation (procedure)",
          "userSelected": true
        } ]
      } ],
      "subject": {
        "reference": "Patient/631fbecb-2bdc-4e1e-a9e1-52357222474a"
      },
      "period": {
        "start": "2026-01-01T08:00:00.000+00:00",
        "end": "2026-01-01T11:30:00.000+00:00"
      }
    },
    "request": {
      "method": "PUT",
      "url": "Encounter/bf7ba0ef-c56a-4e51-a12d-d45ee43e71a0"
    }
  }, {
    "fullUrl": "https://madie.cms.gov/Observation/ce6a9d6e-ba80-424e-8da1-6ab2f4d36d9e",
    "resource": {
      "resourceType": "Observation",
      "id": "ce6a9d6e-ba80-424e-8da1-6ab2f4d36d9e",
      "meta": {
        "profile": [ "http://hl7.org/fhir/us/core/StructureDefinition/us-core-blood-pressure" ]
      },
      "status": "entered-in-error",
      "category": [ {
        "coding": [ {
          "system": "http://terminology.hl7.org/CodeSystem/observation-category",
          "code": "vital-signs",
          "display": "Vital Signs"
        } ],
        "text": "Vital Signs"
      } ],
      "code": {
        "coding": [ {
          "system": "http://loinc.org",
          "code": "85354-9",
          "display": "Blood pressure panel with all children optional"
        } ],
        "text": "Blood pressure systolic and diastolic"
      },
      "subject": {
        "reference": "Patient/631fbecb-2bdc-4e1e-a9e1-52357222474a"
      },
      "effectiveDateTime": "2026-01-01T08:05:00.000+00:00",
      "component": [ {
        "code": {
          "coding": [ {
            "system": "http://loinc.org",
            "code": "8480-6",
            "display": "Systolic blood pressure"
          } ],
          "text": "Systolic blood pressure"
        },
        "valueQuantity": {
          "value": 119.0,
          "unit": "mmHg",
          "system": "http://unitsofmeasure.org",
          "code": "mm[Hg]"
        }
      }, {
        "code": {
          "coding": [ {
            "system": "http://loinc.org",
            "code": "8462-4",
            "display": "Diastolic blood pressure"
          } ],
          "text": "Diastolic blood pressure"
        },
        "valueQuantity": {
          "value": 79.0,
          "unit": "mmHg",
          "system": "http://unitsofmeasure.org",
          "code": "mm[Hg]"
        }
      } ]
    },
    "request": {
      "method": "PUT",
      "url": "Observation/ce6a9d6e-ba80-424e-8da1-6ab2f4d36d9e"
    }
  }, {
    "fullUrl": "https://madie.cms.gov/Coverage/727c7fe8-0d56-44cb-82d6-632a1df2a001",
    "resource": {
      "resourceType": "Coverage",
      "id": "727c7fe8-0d56-44cb-82d6-632a1df2a001",
      "meta": {
        "profile": [ "http://hl7.org/fhir/us/qicore/StructureDefinition/qicore-coverage" ]
      },
      "status": "active",
      "beneficiary": {
        "reference": "Patient/631fbecb-2bdc-4e1e-a9e1-52357222474a"
      },
      "payor": [ {
        "reference": "Organization/08d39482-9775-4676-8dcd-7ddca04e2e41"
      } ]
    },
    "request": {
      "method": "PUT",
      "url": "Coverage/727c7fe8-0d56-44cb-82d6-632a1df2a001"
    }
  }, {
    "fullUrl": "https://madie.cms.gov/Organization/08d39482-9775-4676-8dcd-7ddca04e2e41",
    "resource": {
      "resourceType": "Organization",
      "id": "08d39482-9775-4676-8dcd-7ddca04e2e41",
      "meta": {
        "profile": [ "http://hl7.org/fhir/us/qicore/StructureDefinition/qicore-organization" ]
      },
      "identifier": [ {
        "use": "temp",
        "system": "urn:oid:2.16.840.1.113883.4.4",
        "value": "21-3259825"
      } ],
      "active": true,
      "type": [ {
        "coding": [ {
          "system": "http://terminology.hl7.org/CodeSystem/organization-type",
          "code": "pay",
          "display": "Payer"
        } ]
      } ],
      "name": "Blue Cross Blue Shield of Texas",
      "telecom": [ {
        "system": "phone",
        "value": "(+1) 972-766-6900"
      } ],
      "address": [ {
        "use": "billing",
        "type": "postal",
        "line": [ "P.O. Box 660044" ],
        "city": "Dallas",
        "state": "TX",
        "postalCode": "75266-0044",
        "country": "USA"
      } ]
    },
    "request": {
      "method": "PUT",
      "url": "Organization/08d39482-9775-4676-8dcd-7ddca04e2e41"
    }
  }, {
    "fullUrl": "https://madie.cms.gov/Practitioner/1890c237-7bb4-4b97-bb09-75e70d0105cf",
    "resource": {
      "resourceType": "Practitioner",
      "id": "1890c237-7bb4-4b97-bb09-75e70d0105cf",
      "meta": {
        "profile": [ "http://hl7.org/fhir/us/qicore/StructureDefinition/qicore-practitioner" ]
      },
      "identifier": [ {
        "system": "http://hl7.org/fhir/sid/us-npi",
        "value": "123456"
      } ],
      "name": [ {
        "family": "Evil",
        "prefix": [ "Dr" ]
      } ]
    },
    "request": {
      "method": "PUT",
      "url": "Practitioner/1890c237-7bb4-4b97-bb09-75e70d0105cf"
    }
  }, {
    "fullUrl": "https://madie.cms.gov/MeasureReport/4906f077-20a2-44f4-89f5-b52d3b08ca33",
    "resource": {
      "resourceType": "MeasureReport",
      "id": "4906f077-20a2-44f4-89f5-b52d3b08ca33",
      "meta": {
        "profile": [ "http://hl7.org/fhir/us/cqfmeasures/StructureDefinition/test-case-cqfm" ]
      },
      "contained": [ {
        "resourceType": "Parameters",
        "id": "921cef2e-4c0a-420f-8521-99e9e2453f3b-parameters",
        "parameter": [ {
          "name": "subject",
          "valueString": "631fbecb-2bdc-4e1e-a9e1-52357222474a"
        } ]
      } ],
      "extension": [ {
        "url": "http://hl7.org/fhir/StructureDefinition/cqf-inputParameters",
        "valueReference": {
          "reference": "#921cef2e-4c0a-420f-8521-99e9e2453f3b-parameters"
        }
      }, {
        "url": "http://hl7.org/fhir/us/cqfmeasures/StructureDefinition/cqfm-testCaseDescription",
        "valueMarkdown": "Age 18 or older, encounter first day of MP, Normal BP reading but systolic status \"entered in error\". "
      } ],
      "modifierExtension": [ {
        "url": "http://hl7.org/fhir/us/cqfmeasures/StructureDefinition/cqfm-isTestCase",
        "valueBoolean": true
      } ],
      "status": "complete",
      "type": "individual",
      "measure": "https://madie.cms.gov/Measure/CMS22FHIRPCSBPScreeningFollowUp",
      "period": {
        "start": "2026-01-01",
        "end": "2026-12-31"
      },
      "group": [ {
        "id": "Group_1",
        "population": [ {
          "id": "InitialPopulation_1",
          "code": {
            "coding": [ {
              "system": "http://terminology.hl7.org/CodeSystem/measure-population",
              "code": "initial-population",
              "display": "Initial Population"
            } ]
          },
          "count": 1
        }, {
          "id": "Denominator_1",
          "code": {
            "coding": [ {
              "system": "http://terminology.hl7.org/CodeSystem/measure-population",
              "code": "denominator",
              "display": "Denominator"
            } ]
          },
          "count": 1
        }, {
          "id": "DenominatorExclusion_1",
          "code": {
            "coding": [ {
              "system": "http://terminology.hl7.org/CodeSystem/measure-population",
              "code": "denominator-exclusion",
              "display": "Denominator Exclusion"
            } ]
          },
          "count": 0
        }, {
          "id": "Numerator_1",
          "code": {
            "coding": [ {
              "system": "http://terminology.hl7.org/CodeSystem/measure-population",
              "code": "numerator",
              "display": "Numerator"
            } ]
          },
          "count": 0
        }, {
          "id": "DenominatorException_1",
          "code": {
            "coding": [ {
              "system": "http://terminology.hl7.org/CodeSystem/measure-population",
              "code": "denominator-exception",
              "display": "Denominator Exception"
            } ]
          },
          "count": 0
        } ],
        "measureScore": {
          "value": 0.0
        }
      } ],
      "evaluatedResource": [ {
        "reference": "Patient/631fbecb-2bdc-4e1e-a9e1-52357222474a"
      }, {
        "reference": "Encounter/bf7ba0ef-c56a-4e51-a12d-d45ee43e71a0"
      }, {
        "reference": "Observation/ce6a9d6e-ba80-424e-8da1-6ab2f4d36d9e"
      }, {
        "reference": "Coverage/727c7fe8-0d56-44cb-82d6-632a1df2a001"
      }, {
        "reference": "Organization/08d39482-9775-4676-8dcd-7ddca04e2e41"
      }, {
        "reference": "Practitioner/1890c237-7bb4-4b97-bb09-75e70d0105cf"
      } ]
    },
    "request": {
      "method": "PUT",
      "url": "MeasureReport/4906f077-20a2-44f4-89f5-b52d3b08ca33"
    }
  } ]
}