{
  "resourceType": "Bundle",
  "id": "62d73464c22c612899b40d69",
  "type": "transaction",
  "entry": [ {
    "fullUrl": "https://madie.cms.gov/Patient/8b62d275-3bc3-4d2a-b307-4b5287e86687",
    "resource": {
      "resourceType": "Patient",
      "id": "8b62d275-3bc3-4d2a-b307-4b5287e86687",
      "meta": {
        "profile": [ "http://hl7.org/fhir/us/qicore/StructureDefinition/qicore-patient" ]
      },
      "extension": [ {
        "url": "http://hl7.org/fhir/us/core/StructureDefinition/us-core-race",
        "extension": [ {
          "url": "ombCategory",
          "valueCoding": {
            "system": "urn:oid:2.16.840.1.113883.6.238",
            "code": "2106-3",
            "display": "White",
            "userSelected": true
          }
        }, {
          "url": "text",
          "valueString": "White"
        } ]
      }, {
        "url": "http://hl7.org/fhir/us/core/StructureDefinition/us-core-ethnicity",
        "extension": [ {
          "url": "ombCategory",
          "valueCoding": {
            "system": "urn:oid:2.16.840.1.113883.6.238",
            "code": "2186-5",
            "display": "Not Hispanic or Latino",
            "userSelected": true
          }
        }, {
          "url": "text",
          "valueString": "Not Hispanic or Latino"
        } ]
      } ],
      "identifier": [ {
        "type": {
          "coding": [ {
            "system": "http://terminology.hl7.org/CodeSystem/v2-0203",
            "code": "MR"
          } ]
        },
        "system": "https://bonnie-fhir.healthit.gov/",
        "value": "62d73464c22c612899b40d69"
      } ],
      "name": [ {
        "family": "NUMERPass",
        "given": [ "ElevatedBP2to3Mo" ]
      } ],
      "gender": "male",
      "birthDate": "2006-12-31"
    },
    "request": {
      "method": "PUT",
      "url": "Patient/8b62d275-3bc3-4d2a-b307-4b5287e86687"
    }
  }, {
    "fullUrl": "https://madie.cms.gov/Encounter/f91d7bba-1b00-4e0a-89d1-d6c150a7efff",
    "resource": {
      "resourceType": "Encounter",
      "id": "f91d7bba-1b00-4e0a-89d1-d6c150a7efff",
      "meta": {
        "profile": [ "http://hl7.org/fhir/us/qicore/StructureDefinition/qicore-encounter" ]
      },
      "status": "finished",
      "class": {
        "system": "http://terminology.hl7.org/CodeSystem/v3-ActCode",
        "code": "AMB",
        "display": "ambulatory"
      },
      "type": [ {
        "coding": [ {
          "system": "http://snomed.info/sct",
          "version": "2022-03",
          "code": "103705002",
          "display": "Patient status observation (procedure)",
          "userSelected": true
        } ]
      } ],
      "subject": {
        "reference": "Patient/8b62d275-3bc3-4d2a-b307-4b5287e86687"
      },
      "period": {
        "start": "2026-01-01T08:00:00.000+00:00",
        "end": "2026-01-01T08:30:00.000+00:00"
      }
    },
    "request": {
      "method": "PUT",
      "url": "Encounter/f91d7bba-1b00-4e0a-89d1-d6c150a7efff"
    }
  }, {
    "fullUrl": "https://madie.cms.gov/Observation/691487d2-06a6-4780-a65a-9d8dda018958",
    "resource": {
      "resourceType": "Observation",
      "id": "691487d2-06a6-4780-a65a-9d8dda018958",
      "meta": {
        "profile": [ "http://hl7.org/fhir/us/core/StructureDefinition/us-core-blood-pressure" ]
      },
      "status": "final",
      "category": [ {
        "coding": [ {
          "system": "http://terminology.hl7.org/CodeSystem/observation-category",
          "code": "vital-signs",
          "display": "Vital Signs"
        } ],
        "text": "Vital Signs"
      } ],
      "code": {
        "coding": [ {
          "system": "http://loinc.org",
          "code": "85354-9",
          "display": "Blood pressure panel"
        } ]
      },
      "subject": {
        "reference": "Patient/8b62d275-3bc3-4d2a-b307-4b5287e86687"
      },
      "effectiveDateTime": "2026-01-01T08:05:00.000+00:00",
      "component": [ {
        "code": {
          "coding": [ {
            "system": "http://loinc.org",
            "code": "8480-6",
            "display": "Systolic blood pressure"
          } ]
        },
        "valueQuantity": {
          "value": 120,
          "unit": "mmHg",
          "system": "http://unitsofmeasure.org",
          "code": "mm[Hg]"
        }
      }, {
        "code": {
          "coding": [ {
            "system": "http://loinc.org",
            "code": "8462-4",
            "display": "Diastolic blood pressure"
          } ]
        },
        "valueQuantity": {
          "value": 79,
          "unit": "mmHg",
          "system": "http://unitsofmeasure.org",
          "code": "mm[Hg]"
        }
      } ]
    },
    "request": {
      "method": "PUT",
      "url": "Observation/691487d2-06a6-4780-a65a-9d8dda018958"
    }
  }, {
    "fullUrl": "https://madie.cms.gov/ServiceRequest/ad1ddca1-1eea-4450-961b-570e30fa7187",
    "resource": {
      "resourceType": "ServiceRequest",
      "id": "ad1ddca1-1eea-4450-961b-570e30fa7187",
      "meta": {
        "profile": [ "http://hl7.org/fhir/us/qicore/StructureDefinition/qicore-servicerequest" ]
      },
      "status": "active",
      "intent": "order",
      "code": {
        "coding": [ {
          "system": "http://snomed.info/sct",
          "code": "183624006",
          "display": "Follow-up 2-3 months (finding)",
          "userSelected": true
        } ]
      },
      "subject": {
        "reference": "Patient/8b62d275-3bc3-4d2a-b307-4b5287e86687"
      },
      "authoredOn": "2026-01-01T08:25:00.000+00:00"
    },
    "request": {
      "method": "PUT",
      "url": "ServiceRequest/ad1ddca1-1eea-4450-961b-570e30fa7187"
    }
  }, {
    "fullUrl": "https://madie.cms.gov/ServiceRequest/2cc813b2-54e8-46e5-80ba-0b5a69c624f9",
    "resource": {
      "resourceType": "ServiceRequest",
      "id": "2cc813b2-54e8-46e5-80ba-0b5a69c624f9",
      "meta": {
        "profile": [ "http://hl7.org/fhir/us/qicore/StructureDefinition/qicore-servicerequest" ]
      },
      "status": "active",
      "intent": "order",
      "code": {
        "coding": [ {
          "system": "http://snomed.info/sct",
          "version": "2022-03",
          "code": "281090004",
          "display": "Recommendation to exercise (procedure)",
          "userSelected": true
        } ]
      },
      "subject": {
        "reference": "Patient/8b62d275-3bc3-4d2a-b307-4b5287e86687"
      },
      "authoredOn": "2026-01-01T08:25:00.000+00:00"
    },
    "request": {
      "method": "PUT",
      "url": "ServiceRequest/2cc813b2-54e8-46e5-80ba-0b5a69c624f9"
    }
  }, {
    "fullUrl": "https://madie.cms.gov/Coverage/ec4fbbc9-6c24-4087-88b6-7240d2011ea0",
    "resource": {
      "resourceType": "Coverage",
      "id": "ec4fbbc9-6c24-4087-88b6-7240d2011ea0",
      "meta": {
        "profile": [ "http://hl7.org/fhir/us/qicore/StructureDefinition/qicore-coverage" ]
      },
      "status": "active",
      "beneficiary": {
        "reference": "Patient/8b62d275-3bc3-4d2a-b307-4b5287e86687"
      },
      "payor": [ {
        "reference": "Organization/2cb11619-f22b-4346-8272-3c6180adf96e"
      } ]
    },
    "request": {
      "method": "PUT",
      "url": "Coverage/ec4fbbc9-6c24-4087-88b6-7240d2011ea0"
    }
  }, {
    "fullUrl": "https://madie.cms.gov/Organization/2cb11619-f22b-4346-8272-3c6180adf96e",
    "resource": {
      "resourceType": "Organization",
      "id": "2cb11619-f22b-4346-8272-3c6180adf96e",
      "meta": {
        "profile": [ "http://hl7.org/fhir/us/qicore/StructureDefinition/qicore-organization" ]
      },
      "identifier": [ {
        "use": "temp",
        "system": "urn:oid:2.16.840.1.113883.4.4",
        "value": "21-3259825"
      } ],
      "active": true,
      "type": [ {
        "coding": [ {
          "system": "http://terminology.hl7.org/CodeSystem/organization-type",
          "code": "pay",
          "display": "Payer"
        } ]
      } ],
      "name": "Blue Cross Blue Shield of Texas",
      "telecom": [ {
        "system": "phone",
        "value": "(+1) 972-766-6900"
      } ],
      "address": [ {
        "use": "billing",
        "type": "postal",
        "line": [ "P.O. Box 660044" ],
        "city": "Dallas",
        "state": "TX",
        "postalCode": "75266-0044",
        "country": "USA"
      } ]
    },
    "request": {
      "method": "PUT",
      "url": "Organization/2cb11619-f22b-4346-8272-3c6180adf96e"
    }
  }, {
    "fullUrl": "https://madie.cms.gov/MeasureReport/b11fafe2-2252-4e9a-a675-4b9eaff4fd55",
    "resource": {
      "resourceType": "MeasureReport",
      "id": "b11fafe2-2252-4e9a-a675-4b9eaff4fd55",
      "meta": {
        "profile": [ "http://hl7.org/fhir/us/cqfmeasures/StructureDefinition/test-case-cqfm" ]
      },
      "contained": [ {
        "resourceType": "Parameters",
        "id": "26244b12-844c-47ff-bcfe-6d43b77a6ea6-parameters",
        "parameter": [ {
          "name": "subject",
          "valueString": "8b62d275-3bc3-4d2a-b307-4b5287e86687"
        } ]
      } ],
      "extension": [ {
        "url": "http://hl7.org/fhir/StructureDefinition/cqf-inputParameters",
        "valueReference": {
          "reference": "#26244b12-844c-47ff-bcfe-6d43b77a6ea6-parameters"
        }
      }, {
        "url": "http://hl7.org/fhir/us/cqfmeasures/StructureDefinition/cqfm-testCaseDescription",
        "valueMarkdown": "Age 18 one day before encounter which was the first day of the MP, Elevated 01/01 @0800 -0830; BP  120/79 return visit in 2 -3 months for review. "
      } ],
      "modifierExtension": [ {
        "url": "http://hl7.org/fhir/us/cqfmeasures/StructureDefinition/cqfm-isTestCase",
        "valueBoolean": true
      } ],
      "status": "complete",
      "type": "individual",
      "measure": "https://madie.cms.gov/Measure/CMS22FHIRPCSBPScreeningFollowUp",
      "period": {
        "start": "2026-01-01",
        "end": "2026-12-31"
      },
      "group": [ {
        "id": "Group_1",
        "population": [ {
          "id": "InitialPopulation_1",
          "code": {
            "coding": [ {
              "system": "http://terminology.hl7.org/CodeSystem/measure-population",
              "code": "initial-population",
              "display": "Initial Population"
            } ]
          },
          "count": 1
        }, {
          "id": "Denominator_1",
          "code": {
            "coding": [ {
              "system": "http://terminology.hl7.org/CodeSystem/measure-population",
              "code": "denominator",
              "display": "Denominator"
            } ]
          },
          "count": 1
        }, {
          "id": "DenominatorExclusion_1",
          "code": {
            "coding": [ {
              "system": "http://terminology.hl7.org/CodeSystem/measure-population",
              "code": "denominator-exclusion",
              "display": "Denominator Exclusion"
            } ]
          },
          "count": 0
        }, {
          "id": "Numerator_1",
          "code": {
            "coding": [ {
              "system": "http://terminology.hl7.org/CodeSystem/measure-population",
              "code": "numerator",
              "display": "Numerator"
            } ]
          },
          "count": 1
        }, {
          "id": "DenominatorException_1",
          "code": {
            "coding": [ {
              "system": "http://terminology.hl7.org/CodeSystem/measure-population",
              "code": "denominator-exception",
              "display": "Denominator Exception"
            } ]
          },
          "count": 0
        } ],
        "measureScore": {
          "value": 0.0
        }
      } ],
      "evaluatedResource": [ {
        "reference": "Patient/8b62d275-3bc3-4d2a-b307-4b5287e86687"
      }, {
        "reference": "Encounter/f91d7bba-1b00-4e0a-89d1-d6c150a7efff"
      }, {
        "reference": "Observation/691487d2-06a6-4780-a65a-9d8dda018958"
      }, {
        "reference": "ServiceRequest/ad1ddca1-1eea-4450-961b-570e30fa7187"
      }, {
        "reference": "ServiceRequest/2cc813b2-54e8-46e5-80ba-0b5a69c624f9"
      }, {
        "reference": "Coverage/ec4fbbc9-6c24-4087-88b6-7240d2011ea0"
      }, {
        "reference": "Organization/2cb11619-f22b-4346-8272-3c6180adf96e"
      } ]
    },
    "request": {
      "method": "PUT",
      "url": "MeasureReport/b11fafe2-2252-4e9a-a675-4b9eaff4fd55"
    }
  } ]
}