{
  "resourceType": "Bundle",
  "id": "64270cbea7ffa60ebe02488e",
  "type": "transaction",
  "entry": [ {
    "fullUrl": "https://madie.cms.gov/Patient/e00c927a-f454-4611-97b2-e3e2bdfed182",
    "resource": {
      "resourceType": "Patient",
      "id": "e00c927a-f454-4611-97b2-e3e2bdfed182",
      "meta": {
        "profile": [ "http://hl7.org/fhir/us/qicore/StructureDefinition/qicore-patient" ]
      },
      "extension": [ {
        "url": "http://hl7.org/fhir/us/core/StructureDefinition/us-core-race",
        "extension": [ {
          "url": "ombCategory",
          "valueCoding": {
            "system": "urn:oid:2.16.840.1.113883.6.238",
            "code": "2106-3",
            "display": "White",
            "userSelected": true
          }
        }, {
          "url": "text",
          "valueString": "White"
        } ]
      }, {
        "url": "http://hl7.org/fhir/us/core/StructureDefinition/us-core-ethnicity",
        "extension": [ {
          "url": "ombCategory",
          "valueCoding": {
            "system": "urn:oid:2.16.840.1.113883.6.238",
            "code": "2135-2",
            "display": "Hispanic or Latino",
            "userSelected": true
          }
        }, {
          "url": "text",
          "valueString": "Hispanic or Latino"
        } ]
      } ],
      "identifier": [ {
        "type": {
          "coding": [ {
            "system": "http://terminology.hl7.org/CodeSystem/v2-0203",
            "code": "MR"
          } ]
        },
        "system": "https://goodhealth.healthit.gov/",
        "value": "64270cbea7ffa60ebe02488e"
      } ],
      "name": [ {
        "family": "IPFail",
        "given": [ "DementiaDxUnconfirmed" ]
      } ],
      "gender": "male",
      "birthDate": "1949-06-02"
    },
    "request": {
      "method": "PUT",
      "url": "Patient/e00c927a-f454-4611-97b2-e3e2bdfed182"
    }
  }, {
    "fullUrl": "https://madie.cms.gov/Condition/8548274f-90bf-440d-80ed-c662bca72aa8",
    "resource": {
      "resourceType": "Condition",
      "id": "8548274f-90bf-440d-80ed-c662bca72aa8",
      "meta": {
        "profile": [ "http://hl7.org/fhir/us/qicore/StructureDefinition/qicore-condition-problems-health-concerns" ]
      },
      "clinicalStatus": {
        "coding": [ {
          "system": "http://terminology.hl7.org/CodeSystem/condition-clinical",
          "code": "active",
          "display": "Active",
          "userSelected": true
        } ]
      },
      "verificationStatus": {
        "coding": [ {
          "system": "http://terminology.hl7.org/CodeSystem/condition-ver-status",
          "code": "unconfirmed",
          "display": "Unconfirmed",
          "userSelected": true
        } ]
      },
      "category": [ {
        "coding": [ {
          "system": "http://terminology.hl7.org/CodeSystem/condition-category",
          "code": "encounter-diagnosis",
          "display": "Encounter Diagnosis",
          "userSelected": true
        } ]
      } ],
      "code": {
        "coding": [ {
          "system": "http://snomed.info/sct",
          "version": "http://snomed.info/sct/731000124108/version/20230301",
          "code": "191463004",
          "display": "Uncomplicated arteriosclerotic dementia (disorder)"
        } ]
      },
      "subject": {
        "reference": "Patient/69e641df-d0f6-47b7-82e3-7fd6251554d5"
      },
      "onsetPeriod": {
        "start": "2025-01-15T08:00:00.000+00:00"
      }
    },
    "request": {
      "method": "PUT",
      "url": "Condition/8548274f-90bf-440d-80ed-c662bca72aa8"
    }
  }, {
    "fullUrl": "https://madie.cms.gov/Encounter/faacd0d4-9c3a-40c6-b207-cae0ec3f651a",
    "resource": {
      "resourceType": "Encounter",
      "id": "faacd0d4-9c3a-40c6-b207-cae0ec3f651a",
      "meta": {
        "profile": [ "http://hl7.org/fhir/us/qicore/StructureDefinition/qicore-encounter" ]
      },
      "status": "finished",
      "class": {
        "system": "http://terminology.hl7.org/CodeSystem/v3-ActCode",
        "code": "AMB",
        "display": "ambulatory",
        "userSelected": true
      },
      "type": [ {
        "coding": [ {
          "system": "http://www.ama-assn.org/go/cpt",
          "version": "2023",
          "code": "99212",
          "userSelected": true
        } ]
      } ],
      "subject": {
        "reference": "Patient/69e641df-d0f6-47b7-82e3-7fd6251554d5"
      },
      "period": {
        "start": "2026-03-02T08:00:00.000+00:00",
        "end": "2026-03-02T08:35:00.000+00:00"
      }
    },
    "request": {
      "method": "PUT",
      "url": "Encounter/faacd0d4-9c3a-40c6-b207-cae0ec3f651a"
    }
  }, {
    "fullUrl": "https://madie.cms.gov/Encounter/ce037457-d4cc-48ce-81a6-2ef075fa3748",
    "resource": {
      "resourceType": "Encounter",
      "id": "ce037457-d4cc-48ce-81a6-2ef075fa3748",
      "meta": {
        "profile": [ "http://hl7.org/fhir/us/qicore/StructureDefinition/qicore-encounter" ]
      },
      "status": "finished",
      "class": {
        "system": "http://terminology.hl7.org/CodeSystem/v3-ActCode",
        "code": "AMB",
        "display": "ambulatory",
        "userSelected": true
      },
      "type": [ {
        "coding": [ {
          "system": "http://snomed.info/sct",
          "version": "http://snomed.info/sct/731000124108/version/20230301",
          "code": "77406008",
          "display": "Confirmatory medical consultation (procedure)"
        } ]
      } ],
      "subject": {
        "reference": "Patient/69e641df-d0f6-47b7-82e3-7fd6251554d5"
      },
      "period": {
        "start": "2026-08-15T08:00:00.000+00:00",
        "end": "2026-08-15T08:35:00.000+00:00"
      }
    },
    "request": {
      "method": "PUT",
      "url": "Encounter/ce037457-d4cc-48ce-81a6-2ef075fa3748"
    }
  }, {
    "fullUrl": "https://madie.cms.gov/MeasureReport/cc10171e-92b3-452f-bb64-c3767a1e6f13",
    "resource": {
      "resourceType": "MeasureReport",
      "id": "cc10171e-92b3-452f-bb64-c3767a1e6f13",
      "meta": {
        "profile": [ "http://hl7.org/fhir/us/cqfmeasures/StructureDefinition/test-case-cqfm" ]
      },
      "contained": [ {
        "resourceType": "Parameters",
        "id": "b9806058-4770-4911-8937-0dc3228b82f7-parameters",
        "parameter": [ {
          "name": "subject",
          "valueString": "e00c927a-f454-4611-97b2-e3e2bdfed182"
        } ]
      } ],
      "extension": [ {
        "url": "http://hl7.org/fhir/StructureDefinition/cqf-inputParameters",
        "valueReference": {
          "reference": "#b9806058-4770-4911-8937-0dc3228b82f7-parameters"
        }
      }, {
        "url": "http://hl7.org/fhir/us/cqfmeasures/StructureDefinition/cqfm-testCaseDescription",
        "valueMarkdown": "Dementia Diagnosis verification status is unconfirmed and ineligible for Initial Population/Denominator"
      } ],
      "modifierExtension": [ {
        "url": "http://hl7.org/fhir/us/cqfmeasures/StructureDefinition/cqfm-isTestCase",
        "valueBoolean": true
      } ],
      "status": "complete",
      "type": "individual",
      "measure": "https://madie.cms.gov/Measure/CMS149FHIRDementiaCognitiveAssessment",
      "period": {
        "start": "2026-01-01",
        "end": "2026-12-31"
      },
      "group": [ {
        "id": "Group_1",
        "population": [ {
          "id": "InitialPopulation_1",
          "code": {
            "coding": [ {
              "system": "http://terminology.hl7.org/CodeSystem/measure-population",
              "code": "initial-population",
              "display": "Initial Population"
            } ]
          },
          "count": 0
        }, {
          "id": "Denominator_1",
          "code": {
            "coding": [ {
              "system": "http://terminology.hl7.org/CodeSystem/measure-population",
              "code": "denominator",
              "display": "Denominator"
            } ]
          },
          "count": 0
        }, {
          "id": "Numerator_1",
          "code": {
            "coding": [ {
              "system": "http://terminology.hl7.org/CodeSystem/measure-population",
              "code": "numerator",
              "display": "Numerator"
            } ]
          },
          "count": 0
        }, {
          "id": "DenominatorException_1",
          "code": {
            "coding": [ {
              "system": "http://terminology.hl7.org/CodeSystem/measure-population",
              "code": "denominator-exception",
              "display": "Denominator Exception"
            } ]
          },
          "count": 0
        } ],
        "measureScore": {
          "value": 1.0
        }
      } ],
      "evaluatedResource": [ {
        "reference": "Patient/e00c927a-f454-4611-97b2-e3e2bdfed182"
      }, {
        "reference": "Condition/8548274f-90bf-440d-80ed-c662bca72aa8"
      }, {
        "reference": "Encounter/faacd0d4-9c3a-40c6-b207-cae0ec3f651a"
      }, {
        "reference": "Encounter/ce037457-d4cc-48ce-81a6-2ef075fa3748"
      } ]
    },
    "request": {
      "method": "PUT",
      "url": "MeasureReport/cc10171e-92b3-452f-bb64-c3767a1e6f13"
    }
  } ]
}