{
  "resourceType": "Bundle",
  "id": "62df0f195db91778f87ca907",
  "type": "transaction",
  "entry": [ {
    "fullUrl": "https://madie.cms.gov/Patient/9d92be1d-6fc8-40f2-99a0-4be9ce1f244b",
    "resource": {
      "resourceType": "Patient",
      "id": "9d92be1d-6fc8-40f2-99a0-4be9ce1f244b",
      "meta": {
        "profile": [ "http://hl7.org/fhir/us/qicore/StructureDefinition/qicore-patient" ]
      },
      "extension": [ {
        "url": "http://hl7.org/fhir/us/core/StructureDefinition/us-core-race",
        "extension": [ {
          "url": "ombCategory",
          "valueCoding": {
            "system": "urn:oid:2.16.840.1.113883.6.238",
            "code": "2106-3",
            "display": "White",
            "userSelected": true
          }
        }, {
          "url": "text",
          "valueString": "White"
        } ]
      }, {
        "url": "http://hl7.org/fhir/us/core/StructureDefinition/us-core-ethnicity",
        "extension": [ {
          "url": "ombCategory",
          "valueCoding": {
            "system": "urn:oid:2.16.840.1.113883.6.238",
            "code": "2186-5",
            "display": "Not Hispanic or Latino",
            "userSelected": true
          }
        }, {
          "url": "text",
          "valueString": "Not Hispanic or Latino"
        } ]
      } ],
      "identifier": [ {
        "type": {
          "coding": [ {
            "system": "http://terminology.hl7.org/CodeSystem/v2-0203",
            "code": "MR"
          } ]
        },
        "system": "https://bonnie-fhir.healthit.gov/",
        "value": "62df0f195db91778f87ca907"
      } ],
      "name": [ {
        "family": "NUMERPass",
        "given": [ "HighBMIAndInterventionPerformedCondition" ]
      } ],
      "gender": "unknown",
      "birthDate": "1957-11-07"
    },
    "request": {
      "method": "PUT",
      "url": "Patient/9d92be1d-6fc8-40f2-99a0-4be9ce1f244b"
    }
  }, {
    "fullUrl": "https://madie.cms.gov/Encounter/6173549d-f56d-46aa-b714-7c4b0666691b",
    "resource": {
      "resourceType": "Encounter",
      "id": "6173549d-f56d-46aa-b714-7c4b0666691b",
      "meta": {
        "profile": [ "http://hl7.org/fhir/us/qicore/StructureDefinition/qicore-encounter" ]
      },
      "status": "finished",
      "class": {
        "system": "http://terminology.hl7.org/CodeSystem/v3-ActCode",
        "code": "AMB",
        "display": "ambulatory"
      },
      "type": [ {
        "coding": [ {
          "system": "http://snomed.info/sct",
          "version": "2022-03",
          "code": "10197000",
          "display": "Psychiatric interview and evaluation (procedure)",
          "userSelected": true
        } ]
      } ],
      "subject": {
        "reference": "Patient/9d92be1d-6fc8-40f2-99a0-4be9ce1f244b"
      },
      "period": {
        "start": "2026-01-01T00:00:00.000+00:00",
        "end": "2026-01-01T00:30:00.000+00:00"
      }
    },
    "request": {
      "method": "PUT",
      "url": "Encounter/6173549d-f56d-46aa-b714-7c4b0666691b"
    }
  }, {
    "fullUrl": "https://madie.cms.gov/Observation/d5594692-8188-4d89-8b03-21d74b88fbc3",
    "resource": {
      "resourceType": "Observation",
      "id": "d5594692-8188-4d89-8b03-21d74b88fbc3",
      "meta": {
        "profile": [ "http://hl7.org/fhir/us/core/StructureDefinition/us-core-bmi" ]
      },
      "status": "final",
      "category": [ {
        "coding": [ {
          "system": "http://terminology.hl7.org/CodeSystem/observation-category",
          "code": "vital-signs",
          "display": "Vital Signs"
        } ]
      } ],
      "code": {
        "coding": [ {
          "system": "http://loinc.org",
          "code": "39156-5",
          "display": "Body mass index (BMI) [Ratio]",
          "userSelected": true
        } ]
      },
      "subject": {
        "reference": "Patient/9d92be1d-6fc8-40f2-99a0-4be9ce1f244b"
      },
      "effectiveDateTime": "2026-01-01T00:01:00.000+00:00",
      "valueQuantity": {
        "value": 25.0,
        "unit": "kg/m2",
        "system": "http://unitsofmeasure.org",
        "code": "kg/m2"
      }
    },
    "request": {
      "method": "PUT",
      "url": "Observation/d5594692-8188-4d89-8b03-21d74b88fbc3"
    }
  }, {
    "fullUrl": "https://madie.cms.gov/Procedure/bddefdc8-ec4c-4695-bd42-835bd3e7915c",
    "resource": {
      "resourceType": "Procedure",
      "id": "bddefdc8-ec4c-4695-bd42-835bd3e7915c",
      "meta": {
        "profile": [ "http://hl7.org/fhir/us/qicore/StructureDefinition/qicore-procedure" ]
      },
      "extension": [ {
        "url": "http://hl7.org/fhir/us/qicore/StructureDefinition/qicore-recorded",
        "valueDateTime": "2026-01-01T00:30:00.000+00:00"
      } ],
      "status": "completed",
      "code": {
        "coding": [ {
          "system": "http://snomed.info/sct",
          "version": "2022-03",
          "code": "182922004",
          "display": "Dietary regime (regime/therapy)",
          "userSelected": true
        } ]
      },
      "subject": {
        "reference": "Patient/9d92be1d-6fc8-40f2-99a0-4be9ce1f244b"
      },
      "performedDateTime": "2026-01-01T00:30:00.000+00:00"
    },
    "request": {
      "method": "PUT",
      "url": "Procedure/bddefdc8-ec4c-4695-bd42-835bd3e7915c"
    }
  }, {
    "fullUrl": "https://madie.cms.gov/Condition/98bb7bd5-70a5-4e66-873f-75c2706e84ef",
    "resource": {
      "resourceType": "Condition",
      "id": "98bb7bd5-70a5-4e66-873f-75c2706e84ef",
      "meta": {
        "profile": [ "http://hl7.org/fhir/us/qicore/StructureDefinition/qicore-condition-problems-health-concerns" ]
      },
      "clinicalStatus": {
        "coding": [ {
          "system": "http://terminology.hl7.org/CodeSystem/condition-clinical",
          "code": "active",
          "display": "active",
          "userSelected": true
        } ]
      },
      "category": [ {
        "coding": [ {
          "system": "http://hl7.org/fhir/us/core/CodeSystem/condition-category",
          "code": "health-concern",
          "display": "Health Concern"
        }, {
          "system": "http://snomed.info/sct",
          "code": "439401001",
          "display": "Diagnosis"
        } ]
      } ],
      "code": {
        "coding": [ {
          "system": "http://snomed.info/sct",
          "version": "2022-03",
          "code": "162863004",
          "display": "Body mass index 25-29 - overweight (finding)",
          "userSelected": true
        } ]
      },
      "subject": {
        "reference": "Patient/9d92be1d-6fc8-40f2-99a0-4be9ce1f244b"
      },
      "onsetDateTime": "2026-01-01T00:30:00.000+00:00",
      "recordedDate": "2026-01-01T00:30:00.000+00:00"
    },
    "request": {
      "method": "PUT",
      "url": "Condition/98bb7bd5-70a5-4e66-873f-75c2706e84ef"
    }
  }, {
    "fullUrl": "https://madie.cms.gov/Coverage/bd446ba8-8dea-47a3-8ead-02cae24f66d0",
    "resource": {
      "resourceType": "Coverage",
      "id": "bd446ba8-8dea-47a3-8ead-02cae24f66d0",
      "meta": {
        "profile": [ "http://hl7.org/fhir/us/qicore/StructureDefinition/qicore-coverage" ]
      },
      "status": "active",
      "beneficiary": {
        "reference": "Patient/9d92be1d-6fc8-40f2-99a0-4be9ce1f244b"
      },
      "payor": [ {
        "reference": "Organization/f8d2eb57-d62d-46f7-a1df-a90bc2b7c712"
      } ]
    },
    "request": {
      "method": "PUT",
      "url": "Coverage/bd446ba8-8dea-47a3-8ead-02cae24f66d0"
    }
  }, {
    "fullUrl": "https://madie.cms.gov/Organization/f8d2eb57-d62d-46f7-a1df-a90bc2b7c712",
    "resource": {
      "resourceType": "Organization",
      "id": "f8d2eb57-d62d-46f7-a1df-a90bc2b7c712",
      "meta": {
        "profile": [ "http://hl7.org/fhir/us/qicore/StructureDefinition/qicore-organization" ]
      },
      "identifier": [ {
        "use": "temp",
        "system": "urn:oid:2.16.840.1.113883.4.4",
        "value": "21-3259825"
      } ],
      "active": true,
      "type": [ {
        "coding": [ {
          "system": "http://terminology.hl7.org/CodeSystem/organization-type",
          "code": "pay",
          "display": "Payer"
        } ]
      } ],
      "name": "Blue Cross Blue Shield of Texas",
      "telecom": [ {
        "system": "phone",
        "value": "(+1) 972-766-6900"
      } ],
      "address": [ {
        "use": "billing",
        "type": "postal",
        "line": [ "P.O. Box 660044" ],
        "city": "Dallas",
        "state": "TX",
        "postalCode": "75266-0044",
        "country": "USA"
      } ]
    },
    "request": {
      "method": "PUT",
      "url": "Organization/f8d2eb57-d62d-46f7-a1df-a90bc2b7c712"
    }
  }, {
    "fullUrl": "https://madie.cms.gov/MeasureReport/0b0c5ad8-934b-4365-8fd8-9b76516f10c4",
    "resource": {
      "resourceType": "MeasureReport",
      "id": "0b0c5ad8-934b-4365-8fd8-9b76516f10c4",
      "meta": {
        "profile": [ "http://hl7.org/fhir/us/cqfmeasures/StructureDefinition/test-case-cqfm" ]
      },
      "contained": [ {
        "resourceType": "Parameters",
        "id": "a856e1a4-2199-4e1c-b14a-90ef5900ed42-parameters",
        "parameter": [ {
          "name": "subject",
          "valueString": "9d92be1d-6fc8-40f2-99a0-4be9ce1f244b"
        } ]
      } ],
      "extension": [ {
        "url": "http://hl7.org/fhir/StructureDefinition/cqf-inputParameters",
        "valueReference": {
          "reference": "#a856e1a4-2199-4e1c-b14a-90ef5900ed42-parameters"
        }
      }, {
        "url": "http://hl7.org/fhir/us/cqfmeasures/StructureDefinition/cqfm-testCaseDescription",
        "valueMarkdown": " Enc. midnight 01/01 to 0030 during MP, BMI 25 kg/m2 dateTime, dietary recommendations datetime, dx overweight/obese"
      } ],
      "modifierExtension": [ {
        "url": "http://hl7.org/fhir/us/cqfmeasures/StructureDefinition/cqfm-isTestCase",
        "valueBoolean": true
      } ],
      "status": "complete",
      "type": "individual",
      "measure": "https://madie.cms.gov/Measure/CMS69FHIRPCSBMIScreenAndFollowUp",
      "period": {
        "start": "2026-01-01",
        "end": "2026-12-31"
      },
      "group": [ {
        "id": "Group_1",
        "population": [ {
          "id": "InitialPopulation_1",
          "code": {
            "coding": [ {
              "system": "http://terminology.hl7.org/CodeSystem/measure-population",
              "code": "initial-population",
              "display": "Initial Population"
            } ]
          },
          "count": 1
        }, {
          "id": "Denominator_1",
          "code": {
            "coding": [ {
              "system": "http://terminology.hl7.org/CodeSystem/measure-population",
              "code": "denominator",
              "display": "Denominator"
            } ]
          },
          "count": 1
        }, {
          "id": "DenominatorExclusion_1",
          "code": {
            "coding": [ {
              "system": "http://terminology.hl7.org/CodeSystem/measure-population",
              "code": "denominator-exclusion",
              "display": "Denominator Exclusion"
            } ]
          },
          "count": 0
        }, {
          "id": "Numerator_1",
          "code": {
            "coding": [ {
              "system": "http://terminology.hl7.org/CodeSystem/measure-population",
              "code": "numerator",
              "display": "Numerator"
            } ]
          },
          "count": 1
        }, {
          "id": "DenominatorException_1",
          "code": {
            "coding": [ {
              "system": "http://terminology.hl7.org/CodeSystem/measure-population",
              "code": "denominator-exception",
              "display": "Denominator Exception"
            } ]
          },
          "count": 0
        } ],
        "measureScore": {
          "value": 1.0
        }
      } ],
      "evaluatedResource": [ {
        "reference": "Patient/9d92be1d-6fc8-40f2-99a0-4be9ce1f244b"
      }, {
        "reference": "Encounter/6173549d-f56d-46aa-b714-7c4b0666691b"
      }, {
        "reference": "Observation/d5594692-8188-4d89-8b03-21d74b88fbc3"
      }, {
        "reference": "Procedure/bddefdc8-ec4c-4695-bd42-835bd3e7915c"
      }, {
        "reference": "Condition/98bb7bd5-70a5-4e66-873f-75c2706e84ef"
      }, {
        "reference": "Coverage/bd446ba8-8dea-47a3-8ead-02cae24f66d0"
      }, {
        "reference": "Organization/f8d2eb57-d62d-46f7-a1df-a90bc2b7c712"
      } ]
    },
    "request": {
      "method": "PUT",
      "url": "MeasureReport/0b0c5ad8-934b-4365-8fd8-9b76516f10c4"
    }
  } ]
}