{
  "resourceType": "Bundle",
  "id": "62f65aa75efef5272905e706",
  "type": "transaction",
  "entry": [ {
    "fullUrl": "https://madie.cms.gov/Patient/6f17c306-5df4-431a-8364-d44ab5bad34a",
    "resource": {
      "resourceType": "Patient",
      "id": "6f17c306-5df4-431a-8364-d44ab5bad34a",
      "meta": {
        "profile": [ "http://hl7.org/fhir/us/qicore/StructureDefinition/qicore-patient" ]
      },
      "extension": [ {
        "url": "http://hl7.org/fhir/us/core/StructureDefinition/us-core-race",
        "extension": [ {
          "url": "ombCategory",
          "valueCoding": {
            "system": "urn:oid:2.16.840.1.113883.6.238",
            "code": "1002-5",
            "display": "American Indian or Alaska Native",
            "userSelected": true
          }
        }, {
          "url": "text",
          "valueString": "American Indian or Alaska Native"
        } ]
      }, {
        "url": "http://hl7.org/fhir/us/core/StructureDefinition/us-core-ethnicity",
        "extension": [ {
          "url": "ombCategory",
          "valueCoding": {
            "system": "urn:oid:2.16.840.1.113883.6.238",
            "code": "2135-2",
            "display": "Hispanic or Latino",
            "userSelected": true
          }
        }, {
          "url": "text",
          "valueString": "Hispanic or Latino"
        } ]
      } ],
      "identifier": [ {
        "type": {
          "coding": [ {
            "system": "http://terminology.hl7.org/CodeSystem/v2-0203",
            "code": "MR"
          } ]
        },
        "system": "https://bonnie-fhir.healthit.gov/",
        "value": "62f65aa75efef5272905e706"
      } ],
      "name": [ {
        "family": "DENEXCEPFail",
        "given": [ "AdultPtReasonForNoDepScreenandDepScreenAWeekAgo" ]
      } ],
      "gender": "male",
      "birthDate": "2008-01-01"
    },
    "request": {
      "method": "PUT",
      "url": "Patient/6f17c306-5df4-431a-8364-d44ab5bad34a"
    }
  }, {
    "fullUrl": "https://madie.cms.gov/Encounter/389f7502-8bed-4ace-b3b9-996fb2b55638",
    "resource": {
      "resourceType": "Encounter",
      "id": "389f7502-8bed-4ace-b3b9-996fb2b55638",
      "meta": {
        "profile": [ "http://hl7.org/fhir/us/qicore/StructureDefinition/qicore-encounter" ]
      },
      "status": "finished",
      "class": {
        "system": "http://terminology.hl7.org/CodeSystem/v3-ActCode",
        "code": "AMB",
        "display": "ambulatory"
      },
      "type": [ {
        "coding": [ {
          "system": "http://snomed.info/sct",
          "version": "2021-09",
          "code": "10197000",
          "display": "Psychiatric interview and evaluation (procedure)",
          "userSelected": true
        } ]
      } ],
      "subject": {
        "reference": "Patient/6f17c306-5df4-431a-8364-d44ab5bad34a"
      },
      "period": {
        "start": "2026-06-28T08:00:00.000+00:00",
        "end": "2026-06-28T08:15:00.000+00:00"
      }
    },
    "request": {
      "method": "PUT",
      "url": "Encounter/389f7502-8bed-4ace-b3b9-996fb2b55638"
    }
  }, {
    "fullUrl": "https://madie.cms.gov/Observation/36b518b3-6bc8-4253-8b70-2e74de08d2f7",
    "resource": {
      "resourceType": "Observation",
      "id": "36b518b3-6bc8-4253-8b70-2e74de08d2f7",
      "meta": {
        "profile": [ "http://hl7.org/fhir/us/qicore/StructureDefinition/qicore-observationcancelled" ]
      },
      "extension": [ {
        "url": "http://hl7.org/fhir/us/qicore/StructureDefinition/qicore-notDoneReason",
        "valueCodeableConcept": {
          "coding": [ {
            "system": "http://snomed.info/sct",
            "code": "720834000",
            "display": "Depression screening declined (situation)",
            "userSelected": true
          } ]
        }
      } ],
      "status": "cancelled",
      "category": [ {
        "coding": [ {
          "system": "http://terminology.hl7.org/CodeSystem/observation-category",
          "code": "procedure",
          "display": "Procedure"
        } ]
      } ],
      "code": {
        "coding": [ {
          "system": "http://loinc.org",
          "code": "73832-8",
          "display": "Adult depression screening assessment",
          "userSelected": true
        } ]
      },
      "subject": {
        "reference": "Patient/6f17c306-5df4-431a-8364-d44ab5bad34a"
      },
      "issued": "2026-06-28T08:00:00.000+00:00",
      "valueBoolean": true
    },
    "request": {
      "method": "PUT",
      "url": "Observation/36b518b3-6bc8-4253-8b70-2e74de08d2f7"
    }
  }, {
    "fullUrl": "https://madie.cms.gov/Observation/e4188a33-e6e4-48f3-91aa-c28f16580a9b",
    "resource": {
      "resourceType": "Observation",
      "id": "e4188a33-e6e4-48f3-91aa-c28f16580a9b",
      "meta": {
        "profile": [ "http://hl7.org/fhir/us/qicore/StructureDefinition/qicore-observation-screening-assessment" ]
      },
      "status": "final",
      "category": [ {
        "coding": [ {
          "system": "http://terminology.hl7.org/CodeSystem/observation-category",
          "code": "procedure",
          "display": "Procedure"
        } ]
      } ],
      "code": {
        "coding": [ {
          "system": "http://loinc.org",
          "code": "73832-8",
          "display": "Adult depression screening assessment",
          "userSelected": true
        } ]
      },
      "subject": {
        "reference": "Patient/6f17c306-5df4-431a-8364-d44ab5bad34a"
      },
      "effectiveDateTime": "2026-06-21T08:00:00.000+00:00",
      "issued": "2026-06-20T08:00:00.000+00:00",
      "valueBoolean": true
    },
    "request": {
      "method": "PUT",
      "url": "Observation/e4188a33-e6e4-48f3-91aa-c28f16580a9b"
    }
  }, {
    "fullUrl": "https://madie.cms.gov/Coverage/261589bc-5af8-45fc-a433-3775ad7af1ff",
    "resource": {
      "resourceType": "Coverage",
      "id": "261589bc-5af8-45fc-a433-3775ad7af1ff",
      "meta": {
        "profile": [ "http://hl7.org/fhir/us/qicore/StructureDefinition/qicore-coverage" ]
      },
      "status": "active",
      "beneficiary": {
        "reference": "Patient/6f17c306-5df4-431a-8364-d44ab5bad34a"
      },
      "payor": [ {
        "reference": "Organization/457f50f8-770f-48b2-a1a0-187943a6a398"
      } ]
    },
    "request": {
      "method": "PUT",
      "url": "Coverage/261589bc-5af8-45fc-a433-3775ad7af1ff"
    }
  }, {
    "fullUrl": "https://madie.cms.gov/Organization/457f50f8-770f-48b2-a1a0-187943a6a398",
    "resource": {
      "resourceType": "Organization",
      "id": "457f50f8-770f-48b2-a1a0-187943a6a398",
      "meta": {
        "profile": [ "http://hl7.org/fhir/us/qicore/StructureDefinition/qicore-organization" ]
      },
      "identifier": [ {
        "use": "temp",
        "system": "urn:oid:2.16.840.1.113883.4.4",
        "value": "21-3259825"
      } ],
      "active": true,
      "type": [ {
        "coding": [ {
          "system": "http://terminology.hl7.org/CodeSystem/organization-type",
          "code": "pay",
          "display": "Payer"
        } ]
      } ],
      "name": "Blue Cross Blue Shield of Texas",
      "telecom": [ {
        "system": "phone",
        "value": "(+1) 972-766-6900"
      } ],
      "address": [ {
        "use": "billing",
        "type": "postal",
        "line": [ "P.O. Box 660044" ],
        "city": "Dallas",
        "state": "TX",
        "postalCode": "75266-0044",
        "country": "USA"
      } ]
    },
    "request": {
      "method": "PUT",
      "url": "Organization/457f50f8-770f-48b2-a1a0-187943a6a398"
    }
  }, {
    "fullUrl": "https://madie.cms.gov/Practitioner/d52cec9c-91b3-463b-b68c-a46635840059",
    "resource": {
      "resourceType": "Practitioner",
      "id": "d52cec9c-91b3-463b-b68c-a46635840059",
      "meta": {
        "profile": [ "http://hl7.org/fhir/us/qicore/StructureDefinition/qicore-practitioner" ]
      },
      "identifier": [ {
        "system": "http://hl7.org/fhir/sid/us-npi",
        "value": "123456"
      } ],
      "name": [ {
        "family": "Evil",
        "prefix": [ "Dr" ]
      } ]
    },
    "request": {
      "method": "PUT",
      "url": "Practitioner/d52cec9c-91b3-463b-b68c-a46635840059"
    }
  }, {
    "fullUrl": "https://madie.cms.gov/MeasureReport/4430a7b6-736a-47f9-8783-cf39c605dddb",
    "resource": {
      "resourceType": "MeasureReport",
      "id": "4430a7b6-736a-47f9-8783-cf39c605dddb",
      "meta": {
        "profile": [ "http://hl7.org/fhir/us/cqfmeasures/StructureDefinition/test-case-cqfm" ]
      },
      "contained": [ {
        "resourceType": "Parameters",
        "id": "7fec48f0-4e28-41f0-a839-cd9958614368-parameters",
        "parameter": [ {
          "name": "subject",
          "valueString": "6f17c306-5df4-431a-8364-d44ab5bad34a"
        } ]
      } ],
      "extension": [ {
        "url": "http://hl7.org/fhir/StructureDefinition/cqf-inputParameters",
        "valueReference": {
          "reference": "#7fec48f0-4e28-41f0-a839-cd9958614368-parameters"
        }
      }, {
        "url": "http://hl7.org/fhir/us/cqfmeasures/StructureDefinition/cqfm-testCaseDescription",
        "valueMarkdown": "18 yo male with patient reason for not screening for depression and had screening done a week ago."
      } ],
      "modifierExtension": [ {
        "url": "http://hl7.org/fhir/us/cqfmeasures/StructureDefinition/cqfm-isTestCase",
        "valueBoolean": true
      } ],
      "status": "complete",
      "type": "individual",
      "measure": "https://madie.cms.gov/Measure/CMS2FHIRPCSDepressionScreenAndFollowUp",
      "period": {
        "start": "2026-01-01",
        "end": "2026-12-31"
      },
      "group": [ {
        "id": "Group_1",
        "population": [ {
          "id": "InitialPopulation_1",
          "code": {
            "coding": [ {
              "system": "http://terminology.hl7.org/CodeSystem/measure-population",
              "code": "initial-population",
              "display": "Initial Population"
            } ]
          },
          "count": 1
        }, {
          "id": "Denominator_1",
          "code": {
            "coding": [ {
              "system": "http://terminology.hl7.org/CodeSystem/measure-population",
              "code": "denominator",
              "display": "Denominator"
            } ]
          },
          "count": 1
        }, {
          "id": "DenominatorExclusion_1",
          "code": {
            "coding": [ {
              "system": "http://terminology.hl7.org/CodeSystem/measure-population",
              "code": "denominator-exclusion",
              "display": "Denominator Exclusion"
            } ]
          },
          "count": 0
        }, {
          "id": "Numerator_1",
          "code": {
            "coding": [ {
              "system": "http://terminology.hl7.org/CodeSystem/measure-population",
              "code": "numerator",
              "display": "Numerator"
            } ]
          },
          "count": 0
        }, {
          "id": "DenominatorException_1",
          "code": {
            "coding": [ {
              "system": "http://terminology.hl7.org/CodeSystem/measure-population",
              "code": "denominator-exception",
              "display": "Denominator Exception"
            } ]
          },
          "count": 0
        } ],
        "measureScore": {
          "value": 1.0
        }
      } ],
      "evaluatedResource": [ {
        "reference": "Patient/6f17c306-5df4-431a-8364-d44ab5bad34a"
      }, {
        "reference": "Encounter/389f7502-8bed-4ace-b3b9-996fb2b55638"
      }, {
        "reference": "Observation/36b518b3-6bc8-4253-8b70-2e74de08d2f7"
      }, {
        "reference": "Observation/e4188a33-e6e4-48f3-91aa-c28f16580a9b"
      }, {
        "reference": "Coverage/261589bc-5af8-45fc-a433-3775ad7af1ff"
      }, {
        "reference": "Organization/457f50f8-770f-48b2-a1a0-187943a6a398"
      }, {
        "reference": "Practitioner/d52cec9c-91b3-463b-b68c-a46635840059"
      } ]
    },
    "request": {
      "method": "PUT",
      "url": "MeasureReport/4430a7b6-736a-47f9-8783-cf39c605dddb"
    }
  } ]
}