{
  "resourceType": "Bundle",
  "id": "630307cd0968f801224786f4",
  "type": "transaction",
  "entry": [ {
    "fullUrl": "https://madie.cms.gov/Patient/3650cd70-613a-445f-a924-534a05a5a5c0",
    "resource": {
      "resourceType": "Patient",
      "id": "3650cd70-613a-445f-a924-534a05a5a5c0",
      "meta": {
        "profile": [ "http://hl7.org/fhir/us/qicore/StructureDefinition/qicore-patient" ]
      },
      "extension": [ {
        "url": "http://hl7.org/fhir/us/core/StructureDefinition/us-core-race",
        "extension": [ {
          "url": "ombCategory",
          "valueCoding": {
            "system": "urn:oid:2.16.840.1.113883.6.238",
            "code": "2106-3",
            "display": "White"
          }
        }, {
          "url": "text",
          "valueString": "White"
        } ]
      }, {
        "url": "http://hl7.org/fhir/us/core/StructureDefinition/us-core-ethnicity",
        "extension": [ {
          "url": "ombCategory",
          "valueCoding": {
            "system": "urn:oid:2.16.840.1.113883.6.238",
            "code": "2186-5",
            "display": "Not Hispanic or Latino"
          }
        }, {
          "url": "text",
          "valueString": "Not Hispanic or Latino"
        } ]
      } ],
      "identifier": [ {
        "type": {
          "coding": [ {
            "system": "http://terminology.hl7.org/CodeSystem/v2-0203",
            "code": "MR"
          } ]
        },
        "system": "https://bonnie-fhir.healthit.gov/",
        "value": "630307cd0968f801224786f4"
      } ],
      "name": [ {
        "family": "DENOMPopStrat1Pass",
        "given": [ "SecondAssessmentStatusUnknown" ]
      } ],
      "gender": "female",
      "birthDate": "2011-01-01"
    },
    "request": {
      "method": "PUT",
      "url": "Patient/3650cd70-613a-445f-a924-534a05a5a5c0"
    }
  }, {
    "fullUrl": "https://madie.cms.gov/Encounter/672ce1d7-96c9-44a0-9257-ca6c7ad4d731",
    "resource": {
      "resourceType": "Encounter",
      "id": "672ce1d7-96c9-44a0-9257-ca6c7ad4d731",
      "meta": {
        "profile": [ "http://hl7.org/fhir/us/qicore/StructureDefinition/qicore-encounter" ]
      },
      "status": "finished",
      "class": {
        "system": "http://terminology.hl7.org/CodeSystem/v3-ActCode",
        "code": "AMB",
        "display": "ambulatory"
      },
      "type": [ {
        "coding": [ {
          "system": "http://www.ama-assn.org/go/cpt",
          "version": "2024",
          "code": "90791"
        } ]
      } ],
      "subject": {
        "reference": "Patient/3650cd70-613a-445f-a924-534a05a5a5c0"
      },
      "period": {
        "start": "2025-02-25T14:30:00+00:00",
        "end": "2025-02-25T14:50:00+00:00"
      },
      "length": {
        "value": 0,
        "unit": "days"
      }
    },
    "request": {
      "method": "PUT",
      "url": "Encounter/672ce1d7-96c9-44a0-9257-ca6c7ad4d731"
    }
  }, {
    "fullUrl": "https://madie.cms.gov/Observation/91a4a0c3-4732-4d0d-91cd-9a4bd79d2043",
    "resource": {
      "resourceType": "Observation",
      "id": "91a4a0c3-4732-4d0d-91cd-9a4bd79d2043",
      "meta": {
        "profile": [ "http://hl7.org/fhir/us/qicore/StructureDefinition/qicore-observation-screening-assessment" ]
      },
      "status": "final",
      "category": [ {
        "coding": [ {
          "system": "http://terminology.hl7.org/CodeSystem/observation-category",
          "code": "survey",
          "display": "Survey"
        } ]
      } ],
      "code": {
        "coding": [ {
          "system": "http://loinc.org",
          "version": "2.76",
          "code": "44261-6"
        } ]
      },
      "subject": {
        "reference": "Patient/3650cd70-613a-445f-a924-534a05a5a5c0"
      },
      "effectiveDateTime": "2025-02-25T14:35:00+00:00",
      "valueInteger": 20
    },
    "request": {
      "method": "PUT",
      "url": "Observation/91a4a0c3-4732-4d0d-91cd-9a4bd79d2043"
    }
  }, {
    "fullUrl": "https://madie.cms.gov/Observation/31ea3645-e4e1-43e1-ad39-b4322f20fcac",
    "resource": {
      "resourceType": "Observation",
      "id": "31ea3645-e4e1-43e1-ad39-b4322f20fcac",
      "meta": {
        "profile": [ "http://hl7.org/fhir/us/qicore/StructureDefinition/qicore-observation-screening-assessment" ]
      },
      "status": "unknown",
      "category": [ {
        "coding": [ {
          "system": "http://terminology.hl7.org/CodeSystem/observation-category",
          "code": "survey",
          "display": "Survey"
        } ]
      } ],
      "code": {
        "coding": [ {
          "system": "http://loinc.org",
          "version": "2.76",
          "code": "44261-6"
        } ]
      },
      "subject": {
        "reference": "Patient/3650cd70-613a-445f-a924-534a05a5a5c0"
      },
      "effectiveDateTime": "2026-02-19T14:30:00+00:00",
      "valueInteger": 4
    },
    "request": {
      "method": "PUT",
      "url": "Observation/31ea3645-e4e1-43e1-ad39-b4322f20fcac"
    }
  }, {
    "fullUrl": "https://madie.cms.gov/Condition/cabdfa1a-c583-44f3-a05c-297f31e48018",
    "resource": {
      "resourceType": "Condition",
      "id": "cabdfa1a-c583-44f3-a05c-297f31e48018",
      "meta": {
        "profile": [ "http://hl7.org/fhir/us/qicore/StructureDefinition/qicore-condition-problems-health-concerns" ]
      },
      "clinicalStatus": {
        "coding": [ {
          "system": "http://terminology.hl7.org/CodeSystem/condition-clinical",
          "code": "active",
          "display": "active"
        } ]
      },
      "verificationStatus": {
        "coding": [ {
          "system": "http://terminology.hl7.org/CodeSystem/condition-ver-status",
          "code": "confirmed"
        } ]
      },
      "category": [ {
        "coding": [ {
          "system": "http://terminology.hl7.org/CodeSystem/condition-category",
          "code": "problem-list-item",
          "display": "Problem List Item"
        } ]
      } ],
      "code": {
        "coding": [ {
          "system": "http://hl7.org/fhir/sid/icd-10-cm",
          "version": "2024",
          "code": "F32.9",
          "display": "Major Depressive Disorder"
        } ]
      },
      "subject": {
        "reference": "Patient/3650cd70-613a-445f-a924-534a05a5a5c0"
      },
      "onsetDateTime": "2025-02-25T14:30:00+00:00"
    },
    "request": {
      "method": "PUT",
      "url": "Condition/cabdfa1a-c583-44f3-a05c-297f31e48018"
    }
  }, {
    "fullUrl": "https://madie.cms.gov/MeasureReport/26c52540-0d21-462f-8ef8-c88f97104fbb",
    "resource": {
      "resourceType": "MeasureReport",
      "id": "26c52540-0d21-462f-8ef8-c88f97104fbb",
      "meta": {
        "profile": [ "http://hl7.org/fhir/us/cqfmeasures/StructureDefinition/test-case-cqfm" ]
      },
      "contained": [ {
        "resourceType": "Parameters",
        "id": "f67508d0-e1bb-4edf-a4c7-77fc0fe582f5-parameters",
        "parameter": [ {
          "name": "subject",
          "valueString": "3650cd70-613a-445f-a924-534a05a5a5c0"
        } ]
      } ],
      "extension": [ {
        "url": "http://hl7.org/fhir/StructureDefinition/cqf-inputParameters",
        "valueReference": {
          "reference": "#f67508d0-e1bb-4edf-a4c7-77fc0fe582f5-parameters"
        }
      }, {
        "url": "http://hl7.org/fhir/us/cqfmeasures/StructureDefinition/cqfm-testCaseDescription",
        "valueMarkdown": "Patient is 15 and has a Major Depression diagnosis and PHQ-9>9 during the denom ID period. Had follow up assessment with no recorded timing. Patient should be in denominator for strat 2. "
      } ],
      "modifierExtension": [ {
        "url": "http://hl7.org/fhir/us/cqfmeasures/StructureDefinition/cqfm-isTestCase",
        "valueBoolean": true
      } ],
      "status": "complete",
      "type": "individual",
      "measure": "https://madie.cms.gov/Measure/CMS159FHIRDepressionRemissionatTwelveMonths",
      "period": {
        "start": "2026-01-01",
        "end": "2026-12-31"
      },
      "group": [ {
        "id": "Group_1",
        "population": [ {
          "id": "InitialPopulation_1",
          "code": {
            "coding": [ {
              "system": "http://terminology.hl7.org/CodeSystem/measure-population",
              "code": "initial-population",
              "display": "Initial Population"
            } ]
          },
          "count": 1
        }, {
          "id": "Denominator_1",
          "code": {
            "coding": [ {
              "system": "http://terminology.hl7.org/CodeSystem/measure-population",
              "code": "denominator",
              "display": "Denominator"
            } ]
          },
          "count": 1
        }, {
          "id": "DenominatorExclusion_1",
          "code": {
            "coding": [ {
              "system": "http://terminology.hl7.org/CodeSystem/measure-population",
              "code": "denominator-exclusion",
              "display": "Denominator Exclusion"
            } ]
          },
          "count": 0
        }, {
          "id": "Numerator_1",
          "code": {
            "coding": [ {
              "system": "http://terminology.hl7.org/CodeSystem/measure-population",
              "code": "numerator",
              "display": "Numerator"
            } ]
          },
          "count": 0
        } ],
        "measureScore": {
          "value": 1.0
        }
      } ],
      "evaluatedResource": [ {
        "reference": "Patient/3650cd70-613a-445f-a924-534a05a5a5c0"
      }, {
        "reference": "Encounter/672ce1d7-96c9-44a0-9257-ca6c7ad4d731"
      }, {
        "reference": "Observation/91a4a0c3-4732-4d0d-91cd-9a4bd79d2043"
      }, {
        "reference": "Observation/31ea3645-e4e1-43e1-ad39-b4322f20fcac"
      }, {
        "reference": "Condition/cabdfa1a-c583-44f3-a05c-297f31e48018"
      } ]
    },
    "request": {
      "method": "PUT",
      "url": "MeasureReport/26c52540-0d21-462f-8ef8-c88f97104fbb"
    }
  } ]
}