{
  "resourceType": "Bundle",
  "id": "62cdd64162b2323a168e975e",
  "type": "transaction",
  "entry": [ {
    "fullUrl": "https://madie.cms.gov/Patient/831a0ba9-8b96-4414-901c-70add57d2cc4",
    "resource": {
      "resourceType": "Patient",
      "id": "831a0ba9-8b96-4414-901c-70add57d2cc4",
      "meta": {
        "profile": [ "http://hl7.org/fhir/us/qicore/StructureDefinition/qicore-patient" ]
      },
      "extension": [ {
        "url": "http://hl7.org/fhir/us/core/StructureDefinition/us-core-race",
        "extension": [ {
          "url": "ombCategory",
          "valueCoding": {
            "system": "urn:oid:2.16.840.1.113883.6.238",
            "code": "1002-5",
            "display": "American Indian or Alaska Native",
            "userSelected": true
          }
        }, {
          "url": "text",
          "valueString": "American Indian or Alaska Native"
        } ]
      }, {
        "url": "http://hl7.org/fhir/us/core/StructureDefinition/us-core-ethnicity",
        "extension": [ {
          "url": "ombCategory",
          "valueCoding": {
            "system": "urn:oid:2.16.840.1.113883.6.238",
            "code": "2135-2",
            "display": "Hispanic or Latino",
            "userSelected": true
          }
        }, {
          "url": "text",
          "valueString": "Hispanic or Latino"
        } ]
      } ],
      "identifier": [ {
        "type": {
          "coding": [ {
            "system": "http://terminology.hl7.org/CodeSystem/v2-0203",
            "code": "MR"
          } ]
        },
        "system": "https://bonnie-fhir.healthit.gov/",
        "value": "62cdd64162b2323a168e975e"
      } ],
      "name": [ {
        "family": "NUMERFail",
        "given": [ "SystolicNoDiastolic" ]
      } ],
      "gender": "male",
      "birthDate": "1976-12-31"
    },
    "request": {
      "method": "PUT",
      "url": "Patient/831a0ba9-8b96-4414-901c-70add57d2cc4"
    }
  }, {
    "fullUrl": "https://madie.cms.gov/Encounter/e57734f3-fad4-4b0f-9bc7-7e4f3f03ae6f",
    "resource": {
      "resourceType": "Encounter",
      "id": "e57734f3-fad4-4b0f-9bc7-7e4f3f03ae6f",
      "meta": {
        "profile": [ "http://hl7.org/fhir/us/qicore/StructureDefinition/qicore-encounter" ]
      },
      "status": "finished",
      "class": {
        "system": "http://terminology.hl7.org/CodeSystem/v3-ActCode",
        "code": "AMB",
        "display": "ambulatory"
      },
      "type": [ {
        "coding": [ {
          "system": "http://snomed.info/sct",
          "version": "2022-03",
          "code": "103705002",
          "display": "Patient status observation (procedure)",
          "userSelected": true
        } ]
      } ],
      "subject": {
        "reference": "Patient/831a0ba9-8b96-4414-901c-70add57d2cc4"
      },
      "period": {
        "start": "2026-12-31T08:00:00.000+00:00",
        "end": "2026-12-31T08:45:00.000+00:00"
      }
    },
    "request": {
      "method": "PUT",
      "url": "Encounter/e57734f3-fad4-4b0f-9bc7-7e4f3f03ae6f"
    }
  }, {
    "fullUrl": "https://madie.cms.gov/Observation/63521ac9-aa24-48a2-a692-9236610088f3",
    "resource": {
      "resourceType": "Observation",
      "id": "63521ac9-aa24-48a2-a692-9236610088f3",
      "meta": {
        "profile": [ "http://hl7.org/fhir/us/qicore/StructureDefinition/qicore-simple-observation" ]
      },
      "status": "final",
      "category": [ {
        "coding": [ {
          "system": "http://terminology.hl7.org/CodeSystem/observation-category",
          "code": "procedure",
          "display": "Procedure"
        } ]
      } ],
      "code": {
        "coding": [ {
          "system": "http://loinc.org",
          "code": "8480-6",
          "display": "Systolic blood pressure",
          "userSelected": true
        } ]
      },
      "subject": {
        "reference": "Patient/831a0ba9-8b96-4414-901c-70add57d2cc4"
      },
      "effectiveDateTime": "2026-12-31T08:05:00.000+00:00",
      "valueQuantity": {
        "value": 160.0,
        "unit": "mm[Hg]"
      }
    },
    "request": {
      "method": "PUT",
      "url": "Observation/63521ac9-aa24-48a2-a692-9236610088f3"
    }
  }, {
    "fullUrl": "https://madie.cms.gov/ServiceRequest/fad19d4f-015a-4cb4-9928-879254e1a5c6",
    "resource": {
      "resourceType": "ServiceRequest",
      "id": "fad19d4f-015a-4cb4-9928-879254e1a5c6",
      "meta": {
        "profile": [ "http://hl7.org/fhir/us/qicore/StructureDefinition/qicore-servicerequest" ]
      },
      "status": "active",
      "intent": "order",
      "code": {
        "coding": [ {
          "system": "http://snomed.info/sct",
          "version": "2022-03",
          "code": "183617005",
          "display": "Follow-up 1 day (finding)",
          "userSelected": true
        } ]
      },
      "subject": {
        "reference": "Patient/831a0ba9-8b96-4414-901c-70add57d2cc4"
      },
      "authoredOn": "2026-12-31T08:30:00.000+00:00"
    },
    "request": {
      "method": "PUT",
      "url": "ServiceRequest/fad19d4f-015a-4cb4-9928-879254e1a5c6"
    }
  }, {
    "fullUrl": "https://madie.cms.gov/ServiceRequest/6bd76da6-a9e5-4f4b-bd29-11d9a18ff82c",
    "resource": {
      "resourceType": "ServiceRequest",
      "id": "6bd76da6-a9e5-4f4b-bd29-11d9a18ff82c",
      "meta": {
        "profile": [ "http://hl7.org/fhir/us/qicore/StructureDefinition/qicore-servicerequest" ]
      },
      "status": "active",
      "intent": "order",
      "code": {
        "coding": [ {
          "system": "http://snomed.info/sct",
          "version": "2022-03",
          "code": "103699006",
          "display": "Patient referral to dietitian (procedure)",
          "userSelected": true
        } ]
      },
      "subject": {
        "reference": "Patient/831a0ba9-8b96-4414-901c-70add57d2cc4"
      },
      "authoredOn": "2026-12-31T08:30:00.000+00:00"
    },
    "request": {
      "method": "PUT",
      "url": "ServiceRequest/6bd76da6-a9e5-4f4b-bd29-11d9a18ff82c"
    }
  }, {
    "fullUrl": "https://madie.cms.gov/Coverage/6730aecf-0944-496b-b531-a200171835a2",
    "resource": {
      "resourceType": "Coverage",
      "id": "6730aecf-0944-496b-b531-a200171835a2",
      "meta": {
        "profile": [ "http://hl7.org/fhir/us/qicore/StructureDefinition/qicore-coverage" ]
      },
      "status": "active",
      "beneficiary": {
        "reference": "Patient/831a0ba9-8b96-4414-901c-70add57d2cc4"
      },
      "payor": [ {
        "reference": "Organization/32b57f85-f95a-45fc-a2fb-f103875fe306"
      } ]
    },
    "request": {
      "method": "PUT",
      "url": "Coverage/6730aecf-0944-496b-b531-a200171835a2"
    }
  }, {
    "fullUrl": "https://madie.cms.gov/Organization/32b57f85-f95a-45fc-a2fb-f103875fe306",
    "resource": {
      "resourceType": "Organization",
      "id": "32b57f85-f95a-45fc-a2fb-f103875fe306",
      "meta": {
        "profile": [ "http://hl7.org/fhir/us/qicore/StructureDefinition/qicore-organization" ]
      },
      "identifier": [ {
        "use": "temp",
        "system": "urn:oid:2.16.840.1.113883.4.4",
        "value": "21-3259825"
      } ],
      "active": true,
      "type": [ {
        "coding": [ {
          "system": "http://terminology.hl7.org/CodeSystem/organization-type",
          "code": "pay",
          "display": "Payer"
        } ]
      } ],
      "name": "Blue Cross Blue Shield of Texas",
      "telecom": [ {
        "system": "phone",
        "value": "(+1) 972-766-6900"
      } ],
      "address": [ {
        "use": "billing",
        "type": "postal",
        "line": [ "P.O. Box 660044" ],
        "city": "Dallas",
        "state": "TX",
        "postalCode": "75266-0044",
        "country": "USA"
      } ]
    },
    "request": {
      "method": "PUT",
      "url": "Organization/32b57f85-f95a-45fc-a2fb-f103875fe306"
    }
  }, {
    "fullUrl": "https://madie.cms.gov/Practitioner/a4b4a8f4-b978-4be6-867a-98bdcca95094",
    "resource": {
      "resourceType": "Practitioner",
      "id": "a4b4a8f4-b978-4be6-867a-98bdcca95094",
      "meta": {
        "profile": [ "http://hl7.org/fhir/us/qicore/StructureDefinition/qicore-practitioner" ]
      },
      "identifier": [ {
        "system": "http://hl7.org/fhir/sid/us-npi",
        "value": "123456"
      } ],
      "name": [ {
        "family": "Evil",
        "prefix": [ "Dr" ]
      } ]
    },
    "request": {
      "method": "PUT",
      "url": "Practitioner/a4b4a8f4-b978-4be6-867a-98bdcca95094"
    }
  }, {
    "fullUrl": "https://madie.cms.gov/MeasureReport/50b67193-9023-4f06-bef0-bcb3d22fd963",
    "resource": {
      "resourceType": "MeasureReport",
      "id": "50b67193-9023-4f06-bef0-bcb3d22fd963",
      "meta": {
        "profile": [ "http://hl7.org/fhir/us/cqfmeasures/StructureDefinition/test-case-cqfm" ]
      },
      "contained": [ {
        "resourceType": "Parameters",
        "id": "898b366d-2e8a-4445-b42a-7cc5df96b877-parameters",
        "parameter": [ {
          "name": "subject",
          "valueString": "831a0ba9-8b96-4414-901c-70add57d2cc4"
        } ]
      } ],
      "extension": [ {
        "url": "http://hl7.org/fhir/StructureDefinition/cqf-inputParameters",
        "valueReference": {
          "reference": "#898b366d-2e8a-4445-b42a-7cc5df96b877-parameters"
        }
      }, {
        "url": "http://hl7.org/fhir/us/cqfmeasures/StructureDefinition/cqfm-testCaseDescription",
        "valueMarkdown": "Age 18+, encounter last day of MP, systolic 160 mm[Hg], but no diastolic documented. Follow up within 4 wks recommended and referred to dietician "
      } ],
      "modifierExtension": [ {
        "url": "http://hl7.org/fhir/us/cqfmeasures/StructureDefinition/cqfm-isTestCase",
        "valueBoolean": true
      } ],
      "status": "complete",
      "type": "individual",
      "measure": "https://madie.cms.gov/Measure/CMS22FHIRPCSBPScreeningFollowUp",
      "period": {
        "start": "2026-01-01",
        "end": "2026-12-31"
      },
      "group": [ {
        "id": "Group_1",
        "population": [ {
          "id": "InitialPopulation_1",
          "code": {
            "coding": [ {
              "system": "http://terminology.hl7.org/CodeSystem/measure-population",
              "code": "initial-population",
              "display": "Initial Population"
            } ]
          },
          "count": 1
        }, {
          "id": "Denominator_1",
          "code": {
            "coding": [ {
              "system": "http://terminology.hl7.org/CodeSystem/measure-population",
              "code": "denominator",
              "display": "Denominator"
            } ]
          },
          "count": 1
        }, {
          "id": "DenominatorExclusion_1",
          "code": {
            "coding": [ {
              "system": "http://terminology.hl7.org/CodeSystem/measure-population",
              "code": "denominator-exclusion",
              "display": "Denominator Exclusion"
            } ]
          },
          "count": 0
        }, {
          "id": "Numerator_1",
          "code": {
            "coding": [ {
              "system": "http://terminology.hl7.org/CodeSystem/measure-population",
              "code": "numerator",
              "display": "Numerator"
            } ]
          },
          "count": 0
        }, {
          "id": "DenominatorException_1",
          "code": {
            "coding": [ {
              "system": "http://terminology.hl7.org/CodeSystem/measure-population",
              "code": "denominator-exception",
              "display": "Denominator Exception"
            } ]
          },
          "count": 0
        } ],
        "measureScore": {
          "value": 0.0
        }
      } ],
      "evaluatedResource": [ {
        "reference": "Patient/831a0ba9-8b96-4414-901c-70add57d2cc4"
      }, {
        "reference": "Encounter/e57734f3-fad4-4b0f-9bc7-7e4f3f03ae6f"
      }, {
        "reference": "Observation/63521ac9-aa24-48a2-a692-9236610088f3"
      }, {
        "reference": "ServiceRequest/fad19d4f-015a-4cb4-9928-879254e1a5c6"
      }, {
        "reference": "ServiceRequest/6bd76da6-a9e5-4f4b-bd29-11d9a18ff82c"
      }, {
        "reference": "Coverage/6730aecf-0944-496b-b531-a200171835a2"
      }, {
        "reference": "Organization/32b57f85-f95a-45fc-a2fb-f103875fe306"
      }, {
        "reference": "Practitioner/a4b4a8f4-b978-4be6-867a-98bdcca95094"
      } ]
    },
    "request": {
      "method": "PUT",
      "url": "MeasureReport/50b67193-9023-4f06-bef0-bcb3d22fd963"
    }
  } ]
}