{
  "resourceType": "Bundle",
  "id": "NUMPass-InitHOOSSameDayAsTHAFUHOOS300DaysAfterTHA",
  "type": "transaction",
  "entry": [ {
    "fullUrl": "https://madie.cms.gov/Patient/c19b82ba-741a-4125-8118-5558010a0016",
    "resource": {
      "resourceType": "Patient",
      "id": "c19b82ba-741a-4125-8118-5558010a0016",
      "meta": {
        "profile": [ "http://hl7.org/fhir/us/qicore/StructureDefinition/qicore-patient" ]
      },
      "extension": [ {
        "url": "http://hl7.org/fhir/us/core/StructureDefinition/us-core-race",
        "extension": [ {
          "url": "ombCategory",
          "valueCoding": {
            "system": "urn:oid:2.16.840.1.113883.6.238",
            "code": "2028-9",
            "display": "Asian"
          }
        }, {
          "url": "text",
          "valueString": "Asian"
        } ]
      }, {
        "url": "http://hl7.org/fhir/us/core/StructureDefinition/us-core-ethnicity",
        "extension": [ {
          "url": "ombCategory",
          "valueCoding": {
            "system": "urn:oid:2.16.840.1.113883.6.238",
            "code": "2135-2",
            "display": "Hispanic or Latino"
          }
        }, {
          "url": "text",
          "valueString": "Hispanic or Latino"
        } ]
      } ],
      "identifier": [ {
        "system": "http://hospital.smarthealthit.org",
        "value": "999999995"
      } ],
      "name": [ {
        "family": "Bertha",
        "given": [ "Betty" ]
      } ],
      "gender": "female",
      "birthDate": "2007-01-01"
    },
    "request": {
      "method": "PUT",
      "url": "Patient/c19b82ba-741a-4125-8118-5558010a0016"
    }
  }, {
    "fullUrl": "https://madie.cms.gov/Procedure/98029757-8895-4c12-8a21-8b4151115973",
    "resource": {
      "resourceType": "Procedure",
      "id": "98029757-8895-4c12-8a21-8b4151115973",
      "meta": {
        "profile": [ "http://hl7.org/fhir/us/qicore/StructureDefinition/qicore-procedure" ]
      },
      "extension": [ {
        "url": "http://hl7.org/fhir/us/qicore/StructureDefinition/qicore-recorded",
        "valueDateTime": "2024-11-01T00:00:00.000Z"
      } ],
      "status": "completed",
      "code": {
        "coding": [ {
          "system": "http://www.cms.gov/Medicare/Coding/ICD10",
          "code": "0SR9019",
          "display": "Replacement of Right Hip Joint with Metal Synthetic Substitute, Cemented, Open Approach"
        } ]
      },
      "subject": {
        "reference": "Patient/c19b82ba-741a-4125-8118-5558010a0016"
      },
      "performedPeriod": {
        "start": "2024-11-01T00:00:00.000Z",
        "end": "2024-11-01T01:00:00.000Z"
      }
    },
    "request": {
      "method": "PUT",
      "url": "Procedure/98029757-8895-4c12-8a21-8b4151115973"
    }
  }, {
    "fullUrl": "https://madie.cms.gov/Encounter/995ea66d-a17f-4c5c-9db1-9005bf8dfb0e",
    "resource": {
      "resourceType": "Encounter",
      "id": "995ea66d-a17f-4c5c-9db1-9005bf8dfb0e",
      "meta": {
        "profile": [ "http://hl7.org/fhir/us/qicore/StructureDefinition/qicore-encounter" ]
      },
      "status": "finished",
      "class": {
        "system": "http://terminology.hl7.org/CodeSystem/v3-ActCode",
        "code": "AMB",
        "display": "ambulatory"
      },
      "type": [ {
        "coding": [ {
          "system": "http://snomed.info/sct",
          "code": "281036007",
          "display": "Follow-up consultation (procedure)"
        } ]
      } ],
      "subject": {
        "reference": "Patient/c19b82ba-741a-4125-8118-5558010a0016"
      },
      "period": {
        "start": "2025-11-01T00:00:00.000Z",
        "end": "2025-11-01T01:15:00.000Z"
      }
    },
    "request": {
      "method": "PUT",
      "url": "Encounter/995ea66d-a17f-4c5c-9db1-9005bf8dfb0e"
    }
  }, {
    "fullUrl": "https://madie.cms.gov/Observation/cd174fc4-2291-4c99-8a6a-e3a57eb30ad5",
    "resource": {
      "resourceType": "Observation",
      "id": "cd174fc4-2291-4c99-8a6a-e3a57eb30ad5",
      "meta": {
        "profile": [ "http://hl7.org/fhir/us/qicore/StructureDefinition/qicore-observation-screening-assessment" ]
      },
      "status": "final",
      "category": [ {
        "coding": [ {
          "system": "http://terminology.hl7.org/CodeSystem/observation-category",
          "code": "survey"
        } ]
      } ],
      "code": {
        "coding": [ {
          "system": "http://loinc.org",
          "code": "72093-8",
          "display": "Quality of life score [HOOS]"
        } ]
      },
      "subject": {
        "reference": "Patient/c19b82ba-741a-4125-8118-5558010a0016"
      },
      "effectivePeriod": {
        "start": "2024-11-01T00:00:00.000Z",
        "end": "2024-11-01T01:00:00.000Z"
      },
      "valueInteger": 60
    },
    "request": {
      "method": "PUT",
      "url": "Observation/cd174fc4-2291-4c99-8a6a-e3a57eb30ad5"
    }
  }, {
    "fullUrl": "https://madie.cms.gov/Observation/599cb186-0c27-4458-b34e-50e829b58c9a",
    "resource": {
      "resourceType": "Observation",
      "id": "599cb186-0c27-4458-b34e-50e829b58c9a",
      "meta": {
        "profile": [ "http://hl7.org/fhir/us/qicore/StructureDefinition/qicore-observation-screening-assessment" ]
      },
      "status": "final",
      "category": [ {
        "coding": [ {
          "system": "http://terminology.hl7.org/CodeSystem/observation-category",
          "code": "survey"
        } ]
      } ],
      "code": {
        "coding": [ {
          "system": "http://loinc.org",
          "code": "72094-6",
          "display": "Sport-recreation score [HOOS]"
        } ]
      },
      "subject": {
        "reference": "Patient/c19b82ba-741a-4125-8118-5558010a0016"
      },
      "effectivePeriod": {
        "start": "2024-11-01T00:00:00.000Z",
        "end": "2024-11-01T01:00:00.000Z"
      },
      "valueInteger": 60
    },
    "request": {
      "method": "PUT",
      "url": "Observation/599cb186-0c27-4458-b34e-50e829b58c9a"
    }
  }, {
    "fullUrl": "https://madie.cms.gov/Observation/4840c811-6ef3-4703-9146-1275b34a67e5",
    "resource": {
      "resourceType": "Observation",
      "id": "4840c811-6ef3-4703-9146-1275b34a67e5",
      "meta": {
        "profile": [ "http://hl7.org/fhir/us/qicore/StructureDefinition/qicore-observation-screening-assessment" ]
      },
      "status": "final",
      "category": [ {
        "coding": [ {
          "system": "http://terminology.hl7.org/CodeSystem/observation-category",
          "code": "survey"
        } ]
      } ],
      "code": {
        "coding": [ {
          "system": "http://loinc.org",
          "code": "72095-3",
          "display": "Activities of daily living score [HOOS]"
        } ]
      },
      "subject": {
        "reference": "Patient/c19b82ba-741a-4125-8118-5558010a0016"
      },
      "effectivePeriod": {
        "start": "2024-11-01T00:00:00.000Z",
        "end": "2024-11-01T01:00:00.000Z"
      },
      "valueInteger": 60
    },
    "request": {
      "method": "PUT",
      "url": "Observation/4840c811-6ef3-4703-9146-1275b34a67e5"
    }
  }, {
    "fullUrl": "https://madie.cms.gov/Observation/9cb76296-3a78-426e-921c-9cd169c48b31",
    "resource": {
      "resourceType": "Observation",
      "id": "9cb76296-3a78-426e-921c-9cd169c48b31",
      "meta": {
        "profile": [ "http://hl7.org/fhir/us/qicore/StructureDefinition/qicore-observation-screening-assessment" ]
      },
      "status": "final",
      "category": [ {
        "coding": [ {
          "system": "http://terminology.hl7.org/CodeSystem/observation-category",
          "code": "survey"
        } ]
      } ],
      "code": {
        "coding": [ {
          "system": "http://loinc.org",
          "code": "72096-1",
          "display": "Symptoms score [HOOS]"
        } ]
      },
      "subject": {
        "reference": "Patient/c19b82ba-741a-4125-8118-5558010a0016"
      },
      "effectivePeriod": {
        "start": "2024-11-01T00:00:00.000Z",
        "end": "2024-11-01T01:00:00.000Z"
      },
      "valueInteger": 60
    },
    "request": {
      "method": "PUT",
      "url": "Observation/9cb76296-3a78-426e-921c-9cd169c48b31"
    }
  }, {
    "fullUrl": "https://madie.cms.gov/Observation/8473adf9-1465-4931-a2b6-bf5149146a61",
    "resource": {
      "resourceType": "Observation",
      "id": "8473adf9-1465-4931-a2b6-bf5149146a61",
      "meta": {
        "profile": [ "http://hl7.org/fhir/us/qicore/StructureDefinition/qicore-observation-screening-assessment" ]
      },
      "status": "final",
      "category": [ {
        "coding": [ {
          "system": "http://terminology.hl7.org/CodeSystem/observation-category",
          "code": "survey"
        } ]
      } ],
      "code": {
        "coding": [ {
          "system": "http://loinc.org",
          "code": "72097-9",
          "display": "Pain score [HOOS]"
        } ]
      },
      "subject": {
        "reference": "Patient/c19b82ba-741a-4125-8118-5558010a0016"
      },
      "effectivePeriod": {
        "start": "2024-11-01T00:00:00.000Z",
        "end": "2024-11-01T01:00:00.000Z"
      },
      "valueInteger": 60
    },
    "request": {
      "method": "PUT",
      "url": "Observation/8473adf9-1465-4931-a2b6-bf5149146a61"
    }
  }, {
    "fullUrl": "https://madie.cms.gov/Observation/36ba1456-52fc-42c0-a50c-ae4486930d7f",
    "resource": {
      "resourceType": "Observation",
      "id": "36ba1456-52fc-42c0-a50c-ae4486930d7f",
      "meta": {
        "profile": [ "http://hl7.org/fhir/us/qicore/StructureDefinition/qicore-observation-screening-assessment" ]
      },
      "status": "final",
      "category": [ {
        "coding": [ {
          "system": "http://terminology.hl7.org/CodeSystem/observation-category",
          "code": "survey"
        } ]
      } ],
      "code": {
        "coding": [ {
          "system": "http://loinc.org",
          "code": "72093-8",
          "display": "Quality of life score [HOOS]"
        } ]
      },
      "subject": {
        "reference": "Patient/c19b82ba-741a-4125-8118-5558010a0016"
      },
      "effectivePeriod": {
        "start": "2025-08-28T00:00:00.000Z",
        "end": "2025-08-28T01:00:00.000Z"
      },
      "valueInteger": 60
    },
    "request": {
      "method": "PUT",
      "url": "Observation/36ba1456-52fc-42c0-a50c-ae4486930d7f"
    }
  }, {
    "fullUrl": "https://madie.cms.gov/Observation/7e9c5690-f140-4ddd-8da0-4a5cfa0668e5",
    "resource": {
      "resourceType": "Observation",
      "id": "7e9c5690-f140-4ddd-8da0-4a5cfa0668e5",
      "meta": {
        "profile": [ "http://hl7.org/fhir/us/qicore/StructureDefinition/qicore-observation-screening-assessment" ]
      },
      "status": "final",
      "category": [ {
        "coding": [ {
          "system": "http://terminology.hl7.org/CodeSystem/observation-category",
          "code": "survey"
        } ]
      } ],
      "code": {
        "coding": [ {
          "system": "http://loinc.org",
          "code": "72094-6",
          "display": "Sport-recreation score [HOOS]"
        } ]
      },
      "subject": {
        "reference": "Patient/c19b82ba-741a-4125-8118-5558010a0016"
      },
      "effectivePeriod": {
        "start": "2025-08-28T00:00:00.000Z",
        "end": "2025-08-28T01:00:00.000Z"
      },
      "valueInteger": 60
    },
    "request": {
      "method": "PUT",
      "url": "Observation/7e9c5690-f140-4ddd-8da0-4a5cfa0668e5"
    }
  }, {
    "fullUrl": "https://madie.cms.gov/Observation/7dc13a28-e900-4dff-ac6d-3dca024cda49",
    "resource": {
      "resourceType": "Observation",
      "id": "7dc13a28-e900-4dff-ac6d-3dca024cda49",
      "meta": {
        "profile": [ "http://hl7.org/fhir/us/qicore/StructureDefinition/qicore-observation-screening-assessment" ]
      },
      "status": "final",
      "category": [ {
        "coding": [ {
          "system": "http://terminology.hl7.org/CodeSystem/observation-category",
          "code": "survey"
        } ]
      } ],
      "code": {
        "coding": [ {
          "system": "http://loinc.org",
          "code": "72095-3",
          "display": "Activities of daily living score [HOOS]"
        } ]
      },
      "subject": {
        "reference": "Patient/c19b82ba-741a-4125-8118-5558010a0016"
      },
      "effectivePeriod": {
        "start": "2025-08-28T00:00:00.000Z",
        "end": "2025-08-28T01:00:00.000Z"
      },
      "valueInteger": 60
    },
    "request": {
      "method": "PUT",
      "url": "Observation/7dc13a28-e900-4dff-ac6d-3dca024cda49"
    }
  }, {
    "fullUrl": "https://madie.cms.gov/Observation/ac7d220b-64e8-47d0-bb25-1b2e15c7b556",
    "resource": {
      "resourceType": "Observation",
      "id": "ac7d220b-64e8-47d0-bb25-1b2e15c7b556",
      "meta": {
        "profile": [ "http://hl7.org/fhir/us/qicore/StructureDefinition/qicore-observation-screening-assessment" ]
      },
      "status": "final",
      "category": [ {
        "coding": [ {
          "system": "http://terminology.hl7.org/CodeSystem/observation-category",
          "code": "survey"
        } ]
      } ],
      "code": {
        "coding": [ {
          "system": "http://loinc.org",
          "code": "72096-1",
          "display": "Symptoms score [HOOS]"
        } ]
      },
      "subject": {
        "reference": "Patient/c19b82ba-741a-4125-8118-5558010a0016"
      },
      "effectivePeriod": {
        "start": "2025-08-28T00:00:00.000Z",
        "end": "2025-08-28T01:00:00.000Z"
      },
      "valueInteger": 60
    },
    "request": {
      "method": "PUT",
      "url": "Observation/ac7d220b-64e8-47d0-bb25-1b2e15c7b556"
    }
  }, {
    "fullUrl": "https://madie.cms.gov/Observation/6ad775ab-7b5a-4212-8f39-24213632595e",
    "resource": {
      "resourceType": "Observation",
      "id": "6ad775ab-7b5a-4212-8f39-24213632595e",
      "meta": {
        "profile": [ "http://hl7.org/fhir/us/qicore/StructureDefinition/qicore-observation-screening-assessment" ]
      },
      "status": "final",
      "category": [ {
        "coding": [ {
          "system": "http://terminology.hl7.org/CodeSystem/observation-category",
          "code": "survey"
        } ]
      } ],
      "code": {
        "coding": [ {
          "system": "http://loinc.org",
          "code": "72097-9",
          "display": "Pain score [HOOS]"
        } ]
      },
      "subject": {
        "reference": "Patient/c19b82ba-741a-4125-8118-5558010a0016"
      },
      "effectivePeriod": {
        "start": "2025-08-28T00:00:00.000Z",
        "end": "2025-08-28T01:00:00.000Z"
      },
      "valueInteger": 60
    },
    "request": {
      "method": "PUT",
      "url": "Observation/6ad775ab-7b5a-4212-8f39-24213632595e"
    }
  }, {
    "fullUrl": "https://madie.cms.gov/MeasureReport/91e0ea03-5837-40d6-b1c2-4f461fcda537",
    "resource": {
      "resourceType": "MeasureReport",
      "id": "91e0ea03-5837-40d6-b1c2-4f461fcda537",
      "meta": {
        "profile": [ "http://hl7.org/fhir/us/cqfmeasures/StructureDefinition/test-case-cqfm" ]
      },
      "contained": [ {
        "resourceType": "Parameters",
        "id": "d9aa5ae5-1408-4281-80a4-fc8aa962b7fa-parameters",
        "parameter": [ {
          "name": "subject",
          "valueString": "c19b82ba-741a-4125-8118-5558010a0016"
        } ]
      } ],
      "extension": [ {
        "url": "http://hl7.org/fhir/StructureDefinition/cqf-inputParameters",
        "valueReference": {
          "reference": "#d9aa5ae5-1408-4281-80a4-fc8aa962b7fa-parameters"
        }
      }, {
        "url": "http://hl7.org/fhir/us/cqfmeasures/StructureDefinition/cqfm-testCaseDescription",
        "valueMarkdown": "Patient w/ a THA Procedure 11/1, Initial Hip Assessment HOOS Same day as THA Procedure(11/1), and FollowUp Hip Assessment HOOS 300 days after THA Procedure (8/27)"
      } ],
      "modifierExtension": [ {
        "url": "http://hl7.org/fhir/us/cqfmeasures/StructureDefinition/cqfm-isTestCase",
        "valueBoolean": true
      } ],
      "status": "complete",
      "type": "individual",
      "measure": "https://madie.cms.gov/Measure/CMS56FHIRFunctionalStatusAssessmentforTotalHipReplacement",
      "period": {
        "start": "2026-01-01",
        "end": "2026-12-31"
      },
      "group": [ {
        "id": "Group_1",
        "population": [ {
          "id": "InitialPopulation_1",
          "code": {
            "coding": [ {
              "system": "http://terminology.hl7.org/CodeSystem/measure-population",
              "code": "initial-population",
              "display": "Initial Population"
            } ]
          },
          "count": 1
        }, {
          "id": "Denominator_1",
          "code": {
            "coding": [ {
              "system": "http://terminology.hl7.org/CodeSystem/measure-population",
              "code": "denominator",
              "display": "Denominator"
            } ]
          },
          "count": 1
        }, {
          "id": "DenominatorExclusion_1",
          "code": {
            "coding": [ {
              "system": "http://terminology.hl7.org/CodeSystem/measure-population",
              "code": "denominator-exclusion",
              "display": "Denominator Exclusion"
            } ]
          },
          "count": 0
        }, {
          "id": "Numerator_1",
          "code": {
            "coding": [ {
              "system": "http://terminology.hl7.org/CodeSystem/measure-population",
              "code": "numerator",
              "display": "Numerator"
            } ]
          },
          "count": 1
        } ],
        "measureScore": {
          "value": 1.0
        }
      } ],
      "evaluatedResource": [ {
        "reference": "Patient/c19b82ba-741a-4125-8118-5558010a0016"
      }, {
        "reference": "Procedure/98029757-8895-4c12-8a21-8b4151115973"
      }, {
        "reference": "Encounter/995ea66d-a17f-4c5c-9db1-9005bf8dfb0e"
      }, {
        "reference": "Observation/cd174fc4-2291-4c99-8a6a-e3a57eb30ad5"
      }, {
        "reference": "Observation/599cb186-0c27-4458-b34e-50e829b58c9a"
      }, {
        "reference": "Observation/4840c811-6ef3-4703-9146-1275b34a67e5"
      }, {
        "reference": "Observation/9cb76296-3a78-426e-921c-9cd169c48b31"
      }, {
        "reference": "Observation/8473adf9-1465-4931-a2b6-bf5149146a61"
      }, {
        "reference": "Observation/36ba1456-52fc-42c0-a50c-ae4486930d7f"
      }, {
        "reference": "Observation/7e9c5690-f140-4ddd-8da0-4a5cfa0668e5"
      }, {
        "reference": "Observation/7dc13a28-e900-4dff-ac6d-3dca024cda49"
      }, {
        "reference": "Observation/ac7d220b-64e8-47d0-bb25-1b2e15c7b556"
      }, {
        "reference": "Observation/6ad775ab-7b5a-4212-8f39-24213632595e"
      } ]
    },
    "request": {
      "method": "PUT",
      "url": "MeasureReport/91e0ea03-5837-40d6-b1c2-4f461fcda537"
    }
  } ]
}