{
  "resourceType": "Bundle",
  "id": "64270cbea7ffa60ebe02488f",
  "type": "transaction",
  "entry": [ {
    "fullUrl": "https://madie.cms.gov/Patient/83ef16cb-ad8a-4ce0-a8c8-c0ff7346d83c",
    "resource": {
      "resourceType": "Patient",
      "id": "83ef16cb-ad8a-4ce0-a8c8-c0ff7346d83c",
      "meta": {
        "profile": [ "http://hl7.org/fhir/us/qicore/StructureDefinition/qicore-patient" ]
      },
      "extension": [ {
        "url": "http://hl7.org/fhir/us/core/StructureDefinition/us-core-race",
        "extension": [ {
          "url": "ombCategory",
          "valueCoding": {
            "system": "urn:oid:2.16.840.1.113883.6.238",
            "code": "2106-3",
            "display": "White",
            "userSelected": true
          }
        }, {
          "url": "text",
          "valueString": "White"
        } ]
      }, {
        "url": "http://hl7.org/fhir/us/core/StructureDefinition/us-core-ethnicity",
        "extension": [ {
          "url": "ombCategory",
          "valueCoding": {
            "system": "urn:oid:2.16.840.1.113883.6.238",
            "code": "2135-2",
            "display": "Hispanic or Latino",
            "userSelected": true
          }
        }, {
          "url": "text",
          "valueString": "Hispanic or Latino"
        } ]
      }, {
        "url": "http://hl7.org/fhir/us/core/StructureDefinition/us-core-sex",
        "valueCode": "248152002"
      } ],
      "identifier": [ {
        "type": {
          "coding": [ {
            "system": "http://terminology.hl7.org/CodeSystem/v2-0203",
            "code": "MR"
          } ]
        },
        "system": "https://goodhealth.healthit.gov/",
        "value": "64270cbea7ffa60ebe02488f"
      } ],
      "name": [ {
        "family": "IPFail",
        "given": [ "EncEnds1MinAfterMPEnd" ]
      } ],
      "gender": "female",
      "birthDate": "1998-03-02"
    },
    "request": {
      "method": "PUT",
      "url": "Patient/83ef16cb-ad8a-4ce0-a8c8-c0ff7346d83c"
    }
  }, {
    "fullUrl": "https://madie.cms.gov/Condition/38f95f63-4a4a-4ba2-84fd-496764614ea6",
    "resource": {
      "resourceType": "Condition",
      "id": "38f95f63-4a4a-4ba2-84fd-496764614ea6",
      "meta": {
        "profile": [ "http://hl7.org/fhir/us/qicore/StructureDefinition/qicore-condition-problems-health-concerns" ]
      },
      "clinicalStatus": {
        "coding": [ {
          "system": "http://terminology.hl7.org/CodeSystem/condition-clinical",
          "code": "active",
          "display": "Active",
          "userSelected": true
        } ]
      },
      "verificationStatus": {
        "coding": [ {
          "system": "http://terminology.hl7.org/CodeSystem/condition-ver-status",
          "code": "confirmed",
          "display": "Confirmed",
          "userSelected": true
        } ]
      },
      "category": [ {
        "coding": [ {
          "system": "http://terminology.hl7.org/CodeSystem/condition-category",
          "code": "encounter-diagnosis",
          "display": "Encounter Diagnosis",
          "userSelected": true
        } ]
      } ],
      "code": {
        "coding": [ {
          "system": "http://hl7.org/fhir/sid/icd-10-cm",
          "version": "2023",
          "code": "G31.83",
          "userSelected": true
        } ]
      },
      "subject": {
        "reference": "Patient/83ef16cb-ad8a-4ce0-a8c8-c0ff7346d83c"
      },
      "onsetPeriod": {
        "start": "2025-12-31T08:00:00.000+00:00"
      }
    },
    "request": {
      "method": "PUT",
      "url": "Condition/38f95f63-4a4a-4ba2-84fd-496764614ea6"
    }
  }, {
    "fullUrl": "https://madie.cms.gov/Encounter/7b2c154a-4711-4ad5-9b22-7adddef77018",
    "resource": {
      "resourceType": "Encounter",
      "id": "7b2c154a-4711-4ad5-9b22-7adddef77018",
      "meta": {
        "profile": [ "http://hl7.org/fhir/us/qicore/StructureDefinition/qicore-encounter" ]
      },
      "status": "finished",
      "class": {
        "system": "http://terminology.hl7.org/CodeSystem/v3-ActCode",
        "code": "AMB",
        "display": "ambulatory",
        "userSelected": true
      },
      "type": [ {
        "coding": [ {
          "system": "http://www.ama-assn.org/go/cpt",
          "version": "2023",
          "code": "99212",
          "userSelected": true
        } ]
      } ],
      "subject": {
        "reference": "Patient/83ef16cb-ad8a-4ce0-a8c8-c0ff7346d83c"
      },
      "period": {
        "start": "2026-03-31T08:00:00.000+00:00",
        "end": "2026-03-31T08:35:00.000+00:00"
      }
    },
    "request": {
      "method": "PUT",
      "url": "Encounter/7b2c154a-4711-4ad5-9b22-7adddef77018"
    }
  }, {
    "fullUrl": "https://madie.cms.gov/Encounter/0d29d527-9fc2-4ec5-9c44-d891e333e31a",
    "resource": {
      "resourceType": "Encounter",
      "id": "0d29d527-9fc2-4ec5-9c44-d891e333e31a",
      "meta": {
        "profile": [ "http://hl7.org/fhir/us/qicore/StructureDefinition/qicore-encounter" ]
      },
      "status": "finished",
      "class": {
        "system": "http://terminology.hl7.org/CodeSystem/v3-ActCode",
        "code": "AMB",
        "display": "ambulatory",
        "userSelected": true
      },
      "type": [ {
        "coding": [ {
          "system": "http://snomed.info/sct",
          "version": "http://snomed.info/sct/731000124108/version/20230301",
          "code": "410155007",
          "display": "Occupational therapy assessment (procedure)"
        } ]
      } ],
      "subject": {
        "reference": "Patient/83ef16cb-ad8a-4ce0-a8c8-c0ff7346d83c"
      },
      "period": {
        "start": "2026-12-31T11:30:00.000+00:00",
        "end": "2027-01-01T00:00:00.000+00:00"
      }
    },
    "request": {
      "method": "PUT",
      "url": "Encounter/0d29d527-9fc2-4ec5-9c44-d891e333e31a"
    }
  }, {
    "fullUrl": "https://madie.cms.gov/MeasureReport/8b571730-301d-4430-bdc9-f609b843015c",
    "resource": {
      "resourceType": "MeasureReport",
      "id": "8b571730-301d-4430-bdc9-f609b843015c",
      "meta": {
        "profile": [ "http://hl7.org/fhir/us/cqfmeasures/StructureDefinition/test-case-cqfm" ]
      },
      "contained": [ {
        "resourceType": "Parameters",
        "id": "139592c8-985a-4eff-8267-ac3c031d25cf-parameters",
        "parameter": [ {
          "name": "subject",
          "valueString": "83ef16cb-ad8a-4ce0-a8c8-c0ff7346d83c"
        } ]
      } ],
      "extension": [ {
        "url": "http://hl7.org/fhir/StructureDefinition/cqf-inputParameters",
        "valueReference": {
          "reference": "#139592c8-985a-4eff-8267-ac3c031d25cf-parameters"
        }
      }, {
        "url": "http://hl7.org/fhir/us/cqfmeasures/StructureDefinition/cqfm-testCaseDescription",
        "valueMarkdown": "Visit End period is 1 minute after End of Measurement Period and will not meet IP criteria"
      } ],
      "modifierExtension": [ {
        "url": "http://hl7.org/fhir/us/cqfmeasures/StructureDefinition/cqfm-isTestCase",
        "valueBoolean": true
      } ],
      "status": "complete",
      "type": "individual",
      "measure": "https://madie.cms.gov/Measure/CMS149FHIRDementiaCognitiveAssessment",
      "period": {
        "start": "2026-01-01",
        "end": "2026-12-31"
      },
      "group": [ {
        "id": "Group_1",
        "population": [ {
          "id": "InitialPopulation_1",
          "code": {
            "coding": [ {
              "system": "http://terminology.hl7.org/CodeSystem/measure-population",
              "code": "initial-population",
              "display": "Initial Population"
            } ]
          },
          "count": 0
        }, {
          "id": "Denominator_1",
          "code": {
            "coding": [ {
              "system": "http://terminology.hl7.org/CodeSystem/measure-population",
              "code": "denominator",
              "display": "Denominator"
            } ]
          },
          "count": 0
        }, {
          "id": "Numerator_1",
          "code": {
            "coding": [ {
              "system": "http://terminology.hl7.org/CodeSystem/measure-population",
              "code": "numerator",
              "display": "Numerator"
            } ]
          },
          "count": 0
        }, {
          "id": "DenominatorException_1",
          "code": {
            "coding": [ {
              "system": "http://terminology.hl7.org/CodeSystem/measure-population",
              "code": "denominator-exception",
              "display": "Denominator Exception"
            } ]
          },
          "count": 0
        } ],
        "measureScore": {
          "value": 1.0
        }
      } ],
      "evaluatedResource": [ {
        "reference": "Patient/83ef16cb-ad8a-4ce0-a8c8-c0ff7346d83c"
      }, {
        "reference": "Condition/38f95f63-4a4a-4ba2-84fd-496764614ea6"
      }, {
        "reference": "Encounter/7b2c154a-4711-4ad5-9b22-7adddef77018"
      }, {
        "reference": "Encounter/0d29d527-9fc2-4ec5-9c44-d891e333e31a"
      } ]
    },
    "request": {
      "method": "PUT",
      "url": "MeasureReport/8b571730-301d-4430-bdc9-f609b843015c"
    }
  } ]
}