{
  "resourceType": "Bundle",
  "id": "62d7354fc22c612899b40d6c1",
  "type": "transaction",
  "entry": [ {
    "fullUrl": "https://madie.cms.gov/Patient/1f16120b-56c9-4d72-8dd4-01d8a0175d77",
    "resource": {
      "resourceType": "Patient",
      "id": "1f16120b-56c9-4d72-8dd4-01d8a0175d77",
      "meta": {
        "profile": [ "http://hl7.org/fhir/us/qicore/StructureDefinition/qicore-patient" ]
      },
      "extension": [ {
        "url": "http://hl7.org/fhir/us/core/StructureDefinition/us-core-race",
        "extension": [ {
          "url": "ombCategory",
          "valueCoding": {
            "system": "urn:oid:2.16.840.1.113883.6.238",
            "code": "2106-3",
            "display": "White",
            "userSelected": true
          }
        }, {
          "url": "text",
          "valueString": "White"
        } ]
      }, {
        "url": "http://hl7.org/fhir/us/core/StructureDefinition/us-core-ethnicity",
        "extension": [ {
          "url": "ombCategory",
          "valueCoding": {
            "system": "urn:oid:2.16.840.1.113883.6.238",
            "code": "2186-5",
            "display": "Not Hispanic or Latino",
            "userSelected": true
          }
        }, {
          "url": "text",
          "valueString": "Not Hispanic or Latino"
        } ]
      } ],
      "identifier": [ {
        "type": {
          "coding": [ {
            "system": "http://terminology.hl7.org/CodeSystem/v2-0203",
            "code": "MR"
          } ]
        },
        "system": "https://bonnie-fhir.healthit.gov/",
        "value": "62d7354fc22c612899b40d6c1"
      } ],
      "name": [ {
        "family": "DENEXCEPPass",
        "given": [ "ElevatedDeclineFU" ]
      } ],
      "gender": "male",
      "birthDate": "2006-01-01"
    },
    "request": {
      "method": "PUT",
      "url": "Patient/1f16120b-56c9-4d72-8dd4-01d8a0175d77"
    }
  }, {
    "fullUrl": "https://madie.cms.gov/Encounter/dec7bce2-379c-4373-8937-eaec98968b3c",
    "resource": {
      "resourceType": "Encounter",
      "id": "dec7bce2-379c-4373-8937-eaec98968b3c",
      "meta": {
        "profile": [ "http://hl7.org/fhir/us/qicore/StructureDefinition/qicore-encounter" ]
      },
      "status": "finished",
      "class": {
        "system": "http://terminology.hl7.org/CodeSystem/v3-ActCode",
        "code": "AMB",
        "display": "ambulatory"
      },
      "type": [ {
        "coding": [ {
          "system": "http://snomed.info/sct",
          "version": "2022-03",
          "code": "103705002",
          "display": "Patient status observation (procedure)",
          "userSelected": true
        } ]
      } ],
      "subject": {
        "reference": "Patient/1f16120b-56c9-4d72-8dd4-01d8a0175d77"
      },
      "period": {
        "start": "2026-01-01T08:00:00.000+00:00",
        "end": "2026-01-01T08:30:00.000+00:00"
      }
    },
    "request": {
      "method": "PUT",
      "url": "Encounter/dec7bce2-379c-4373-8937-eaec98968b3c"
    }
  }, {
    "fullUrl": "https://madie.cms.gov/Observation/b36b4f19-7541-4abd-a2dd-e342e83c6464",
    "resource": {
      "resourceType": "Observation",
      "id": "b36b4f19-7541-4abd-a2dd-e342e83c6464",
      "meta": {
        "profile": [ "http://hl7.org/fhir/us/core/StructureDefinition/us-core-blood-pressure" ]
      },
      "status": "amended",
      "category": [ {
        "coding": [ {
          "system": "http://terminology.hl7.org/CodeSystem/observation-category",
          "code": "vital-signs",
          "display": "Vital Signs"
        } ],
        "text": "Vital Signs"
      } ],
      "code": {
        "coding": [ {
          "system": "http://loinc.org",
          "code": "85354-9",
          "display": "Blood pressure panel"
        } ]
      },
      "subject": {
        "reference": "Patient/1f16120b-56c9-4d72-8dd4-01d8a0175d77"
      },
      "effectiveDateTime": "2026-01-01T08:05:00.000+00:00",
      "component": [ {
        "code": {
          "coding": [ {
            "system": "http://loinc.org",
            "code": "8480-6",
            "display": "Systolic blood pressure"
          } ]
        },
        "valueQuantity": {
          "value": 120,
          "unit": "mmHg",
          "system": "http://unitsofmeasure.org",
          "code": "mm[Hg]"
        }
      }, {
        "code": {
          "coding": [ {
            "system": "http://loinc.org",
            "code": "8462-4",
            "display": "Diastolic blood pressure"
          } ]
        },
        "valueQuantity": {
          "value": 79,
          "unit": "mmHg",
          "system": "http://unitsofmeasure.org",
          "code": "mm[Hg]"
        }
      } ]
    },
    "request": {
      "method": "PUT",
      "url": "Observation/b36b4f19-7541-4abd-a2dd-e342e83c6464"
    }
  }, {
    "fullUrl": "https://madie.cms.gov/ServiceRequest/389b3df6-97d2-401e-94d8-c2d5004e8fd9",
    "resource": {
      "resourceType": "ServiceRequest",
      "id": "389b3df6-97d2-401e-94d8-c2d5004e8fd9",
      "meta": {
        "profile": [ "http://hl7.org/fhir/us/qicore/StructureDefinition/qicore-servicenotrequested" ]
      },
      "extension": [ {
        "url": "http://hl7.org/fhir/us/qicore/StructureDefinition/qicore-doNotPerformReason",
        "valueCodeableConcept": {
          "coding": [ {
            "system": "http://snomed.info/sct",
            "code": "1296859006",
            "display": "Procedure declined by patient (situation)",
            "userSelected": true
          } ]
        }
      } ],
      "status": "completed",
      "intent": "order",
      "doNotPerform": true,
      "code": {
        "coding": [ {
          "system": "http://snomed.info/sct",
          "code": "308470006",
          "display": "Referral to general physician (procedure)",
          "userSelected": true
        } ]
      },
      "subject": {
        "reference": "Patient/1f16120b-56c9-4d72-8dd4-01d8a0175d77"
      },
      "authoredOn": "2026-01-01T08:20:00.000+00:00"
    },
    "request": {
      "method": "PUT",
      "url": "ServiceRequest/389b3df6-97d2-401e-94d8-c2d5004e8fd9"
    }
  }, {
    "fullUrl": "https://madie.cms.gov/Coverage/f80e62e5-6ced-4574-8a36-907d7d705894",
    "resource": {
      "resourceType": "Coverage",
      "id": "f80e62e5-6ced-4574-8a36-907d7d705894",
      "meta": {
        "profile": [ "http://hl7.org/fhir/us/qicore/StructureDefinition/qicore-coverage" ]
      },
      "status": "active",
      "beneficiary": {
        "reference": "Patient/1f16120b-56c9-4d72-8dd4-01d8a0175d77"
      },
      "payor": [ {
        "reference": "Organization/f50b7463-14c0-4d5c-9398-55614b40c0f2"
      } ]
    },
    "request": {
      "method": "PUT",
      "url": "Coverage/f80e62e5-6ced-4574-8a36-907d7d705894"
    }
  }, {
    "fullUrl": "https://madie.cms.gov/Organization/f50b7463-14c0-4d5c-9398-55614b40c0f2",
    "resource": {
      "resourceType": "Organization",
      "id": "f50b7463-14c0-4d5c-9398-55614b40c0f2",
      "meta": {
        "profile": [ "http://hl7.org/fhir/us/qicore/StructureDefinition/qicore-organization" ]
      },
      "identifier": [ {
        "use": "temp",
        "system": "urn:oid:2.16.840.1.113883.4.4",
        "value": "21-3259825"
      } ],
      "active": true,
      "type": [ {
        "coding": [ {
          "system": "http://terminology.hl7.org/CodeSystem/organization-type",
          "code": "pay",
          "display": "Payer"
        } ]
      } ],
      "name": "Blue Cross Blue Shield of Texas",
      "telecom": [ {
        "system": "phone",
        "value": "(+1) 972-766-6900"
      } ],
      "address": [ {
        "use": "billing",
        "type": "postal",
        "line": [ "P.O. Box 660044" ],
        "city": "Dallas",
        "state": "TX",
        "postalCode": "75266-0044",
        "country": "USA"
      } ]
    },
    "request": {
      "method": "PUT",
      "url": "Organization/f50b7463-14c0-4d5c-9398-55614b40c0f2"
    }
  }, {
    "fullUrl": "https://madie.cms.gov/Practitioner/5131c2a1-c996-4b56-9f0c-a3c15546b7e9",
    "resource": {
      "resourceType": "Practitioner",
      "id": "5131c2a1-c996-4b56-9f0c-a3c15546b7e9",
      "meta": {
        "profile": [ "http://hl7.org/fhir/us/qicore/StructureDefinition/qicore-practitioner" ]
      },
      "identifier": [ {
        "system": "http://hl7.org/fhir/sid/us-npi",
        "value": "123456"
      } ],
      "name": [ {
        "family": "Evil",
        "prefix": [ "Dr" ]
      } ]
    },
    "request": {
      "method": "PUT",
      "url": "Practitioner/5131c2a1-c996-4b56-9f0c-a3c15546b7e9"
    }
  }, {
    "fullUrl": "https://madie.cms.gov/MeasureReport/0b0d9877-6616-4d36-a32e-800cdaf222ba",
    "resource": {
      "resourceType": "MeasureReport",
      "id": "0b0d9877-6616-4d36-a32e-800cdaf222ba",
      "meta": {
        "profile": [ "http://hl7.org/fhir/us/cqfmeasures/StructureDefinition/test-case-cqfm" ]
      },
      "contained": [ {
        "resourceType": "Parameters",
        "id": "0dccea57-bb16-402c-a443-8dc8df050ddc-parameters",
        "parameter": [ {
          "name": "subject",
          "valueString": "1f16120b-56c9-4d72-8dd4-01d8a0175d77"
        } ]
      } ],
      "extension": [ {
        "url": "http://hl7.org/fhir/StructureDefinition/cqf-inputParameters",
        "valueReference": {
          "reference": "#0dccea57-bb16-402c-a443-8dc8df050ddc-parameters"
        }
      }, {
        "url": "http://hl7.org/fhir/us/cqfmeasures/StructureDefinition/cqfm-testCaseDescription",
        "valueMarkdown": "Encounter first day of MP BP 120/79, declined referral to primary care/alternate"
      } ],
      "modifierExtension": [ {
        "url": "http://hl7.org/fhir/us/cqfmeasures/StructureDefinition/cqfm-isTestCase",
        "valueBoolean": true
      } ],
      "status": "complete",
      "type": "individual",
      "measure": "https://madie.cms.gov/Measure/CMS22FHIRPCSBPScreeningFollowUp",
      "period": {
        "start": "2026-01-01",
        "end": "2026-12-31"
      },
      "group": [ {
        "id": "Group_1",
        "population": [ {
          "id": "InitialPopulation_1",
          "code": {
            "coding": [ {
              "system": "http://terminology.hl7.org/CodeSystem/measure-population",
              "code": "initial-population",
              "display": "Initial Population"
            } ]
          },
          "count": 1
        }, {
          "id": "Denominator_1",
          "code": {
            "coding": [ {
              "system": "http://terminology.hl7.org/CodeSystem/measure-population",
              "code": "denominator",
              "display": "Denominator"
            } ]
          },
          "count": 1
        }, {
          "id": "DenominatorExclusion_1",
          "code": {
            "coding": [ {
              "system": "http://terminology.hl7.org/CodeSystem/measure-population",
              "code": "denominator-exclusion",
              "display": "Denominator Exclusion"
            } ]
          },
          "count": 0
        }, {
          "id": "Numerator_1",
          "code": {
            "coding": [ {
              "system": "http://terminology.hl7.org/CodeSystem/measure-population",
              "code": "numerator",
              "display": "Numerator"
            } ]
          },
          "count": 0
        }, {
          "id": "DenominatorException_1",
          "code": {
            "coding": [ {
              "system": "http://terminology.hl7.org/CodeSystem/measure-population",
              "code": "denominator-exception",
              "display": "Denominator Exception"
            } ]
          },
          "count": 1
        } ],
        "measureScore": {
          "value": 0.0
        }
      } ],
      "evaluatedResource": [ {
        "reference": "Patient/1f16120b-56c9-4d72-8dd4-01d8a0175d77"
      }, {
        "reference": "Encounter/dec7bce2-379c-4373-8937-eaec98968b3c"
      }, {
        "reference": "Observation/b36b4f19-7541-4abd-a2dd-e342e83c6464"
      }, {
        "reference": "ServiceRequest/389b3df6-97d2-401e-94d8-c2d5004e8fd9"
      }, {
        "reference": "Coverage/f80e62e5-6ced-4574-8a36-907d7d705894"
      }, {
        "reference": "Organization/f50b7463-14c0-4d5c-9398-55614b40c0f2"
      }, {
        "reference": "Practitioner/5131c2a1-c996-4b56-9f0c-a3c15546b7e9"
      } ]
    },
    "request": {
      "method": "PUT",
      "url": "MeasureReport/0b0d9877-6616-4d36-a32e-800cdaf222ba"
    }
  } ]
}