{
  "resourceType": "Bundle",
  "id": "62fd4b660968f8012246b012",
  "type": "transaction",
  "entry": [ {
    "fullUrl": "https://madie.cms.gov/Patient/12c82f74-5184-450f-9de1-ea211f3bf47a",
    "resource": {
      "resourceType": "Patient",
      "id": "12c82f74-5184-450f-9de1-ea211f3bf47a",
      "meta": {
        "profile": [ "http://hl7.org/fhir/us/qicore/StructureDefinition/qicore-patient" ]
      },
      "extension": [ {
        "url": "http://hl7.org/fhir/us/core/StructureDefinition/us-core-race",
        "extension": [ {
          "url": "ombCategory",
          "valueCoding": {
            "system": "urn:oid:2.16.840.1.113883.6.238",
            "code": "2028-9",
            "display": "Asian",
            "userSelected": true
          }
        }, {
          "url": "text",
          "valueString": "Asian"
        } ]
      }, {
        "url": "http://hl7.org/fhir/us/core/StructureDefinition/us-core-ethnicity",
        "extension": [ {
          "url": "ombCategory",
          "valueCoding": {
            "system": "urn:oid:2.16.840.1.113883.6.238",
            "code": "2186-5",
            "display": "Not Hispanic or Latino",
            "userSelected": true
          }
        }, {
          "url": "text",
          "valueString": "Not Hispanic or Latino"
        } ]
      } ],
      "identifier": [ {
        "type": {
          "coding": [ {
            "system": "http://terminology.hl7.org/CodeSystem/v2-0203",
            "code": "MR"
          } ]
        },
        "system": "https://bonnie-fhir.healthit.gov/",
        "value": "62fd4b660968f8012246b012"
      } ],
      "name": [ {
        "family": "DenomPass",
        "given": [ "EncRefNewPsychDRC" ]
      } ],
      "gender": "female",
      "birthDate": "1989-11-29"
    },
    "request": {
      "method": "PUT",
      "url": "Patient/12c82f74-5184-450f-9de1-ea211f3bf47a"
    }
  }, {
    "fullUrl": "https://madie.cms.gov/ServiceRequest/cff6c3b4-1213-4907-a498-19a63758c9d3",
    "resource": {
      "resourceType": "ServiceRequest",
      "id": "cff6c3b4-1213-4907-a498-19a63758c9d3",
      "meta": {
        "profile": [ "http://hl7.org/fhir/us/qicore/StructureDefinition/qicore-servicerequest" ]
      },
      "status": "completed",
      "intent": "order",
      "code": {
        "coding": [ {
          "system": "http://snomed.info/sct",
          "version": "2022-03",
          "code": "103696004",
          "display": "Patient referral to specialist (procedure)",
          "userSelected": true
        } ]
      },
      "subject": {
        "reference": "Patient/12c82f74-5184-450f-9de1-ea211f3bf47a"
      },
      "authoredOn": "2026-01-01T00:00:00.000+00:00"
    },
    "request": {
      "method": "PUT",
      "url": "ServiceRequest/cff6c3b4-1213-4907-a498-19a63758c9d3"
    }
  }, {
    "fullUrl": "https://madie.cms.gov/Procedure/9fcf2511-0d4f-417a-a1fa-baca09598bef",
    "resource": {
      "resourceType": "Procedure",
      "id": "9fcf2511-0d4f-417a-a1fa-baca09598bef",
      "meta": {
        "profile": [ "http://hl7.org/fhir/us/qicore/StructureDefinition/qicore-procedure" ]
      },
      "extension": [ {
        "url": "http://hl7.org/fhir/us/qicore/StructureDefinition/qicore-recorded",
        "valueDateTime": "2026-01-01T00:00:00.000+00:00"
      } ],
      "status": "completed",
      "code": {
        "coding": [ {
          "system": "http://www.ama-assn.org/go/cpt",
          "version": "2021",
          "code": "90839",
          "display": "Psychotherapy for crisis; first 60 minutes",
          "userSelected": true
        } ]
      },
      "subject": {
        "reference": "Patient/12c82f74-5184-450f-9de1-ea211f3bf47a"
      },
      "performedDateTime": "2026-01-01T00:00:00.000+00:00"
    },
    "request": {
      "method": "PUT",
      "url": "Procedure/9fcf2511-0d4f-417a-a1fa-baca09598bef"
    }
  }, {
    "fullUrl": "https://madie.cms.gov/Coverage/cea6f6cb-b440-4c10-b9e6-2ad8fbe78789",
    "resource": {
      "resourceType": "Coverage",
      "id": "cea6f6cb-b440-4c10-b9e6-2ad8fbe78789",
      "meta": {
        "profile": [ "http://hl7.org/fhir/us/qicore/StructureDefinition/qicore-coverage" ]
      },
      "status": "active",
      "beneficiary": {
        "reference": "Patient/12c82f74-5184-450f-9de1-ea211f3bf47a"
      },
      "payor": [ {
        "reference": "Organization/7c7818af-7903-4fef-832d-622430701044"
      } ]
    },
    "request": {
      "method": "PUT",
      "url": "Coverage/cea6f6cb-b440-4c10-b9e6-2ad8fbe78789"
    }
  }, {
    "fullUrl": "https://madie.cms.gov/Organization/7c7818af-7903-4fef-832d-622430701044",
    "resource": {
      "resourceType": "Organization",
      "id": "7c7818af-7903-4fef-832d-622430701044",
      "meta": {
        "profile": [ "http://hl7.org/fhir/us/qicore/StructureDefinition/qicore-organization" ]
      },
      "identifier": [ {
        "use": "temp",
        "system": "urn:oid:2.16.840.1.113883.4.4",
        "value": "21-3259825"
      } ],
      "active": true,
      "type": [ {
        "coding": [ {
          "system": "http://terminology.hl7.org/CodeSystem/organization-type",
          "code": "pay",
          "display": "Payer"
        } ]
      } ],
      "name": "Blue Cross Blue Shield of Texas",
      "telecom": [ {
        "system": "phone",
        "value": "(+1) 972-766-6900"
      } ],
      "address": [ {
        "use": "billing",
        "type": "postal",
        "line": [ "P.O. Box 660044" ],
        "city": "Dallas",
        "state": "TX",
        "postalCode": "75266-0044",
        "country": "USA"
      } ]
    },
    "request": {
      "method": "PUT",
      "url": "Organization/7c7818af-7903-4fef-832d-622430701044"
    }
  }, {
    "fullUrl": "https://madie.cms.gov/Practitioner/ded66bf2-0332-4382-a748-121823c768dc",
    "resource": {
      "resourceType": "Practitioner",
      "id": "ded66bf2-0332-4382-a748-121823c768dc",
      "meta": {
        "profile": [ "http://hl7.org/fhir/us/qicore/StructureDefinition/qicore-practitioner" ]
      },
      "identifier": [ {
        "system": "http://hl7.org/fhir/sid/us-npi",
        "value": "123456"
      } ],
      "name": [ {
        "family": "Evil",
        "prefix": [ "Dr" ]
      } ]
    },
    "request": {
      "method": "PUT",
      "url": "Practitioner/ded66bf2-0332-4382-a748-121823c768dc"
    }
  }, {
    "fullUrl": "https://madie.cms.gov/MeasureReport/fed6c756-450d-4df0-bb7f-ded37df4dcdd",
    "resource": {
      "resourceType": "MeasureReport",
      "id": "fed6c756-450d-4df0-bb7f-ded37df4dcdd",
      "meta": {
        "profile": [ "http://hl7.org/fhir/us/cqfmeasures/StructureDefinition/test-case-cqfm" ]
      },
      "contained": [ {
        "resourceType": "Parameters",
        "id": "feb7103b-8e77-404a-9db8-9aa614a5a511-parameters",
        "parameter": [ {
          "name": "subject",
          "valueString": "12c82f74-5184-450f-9de1-ea211f3bf47a"
        } ]
      } ],
      "extension": [ {
        "url": "http://hl7.org/fhir/StructureDefinition/cqf-inputParameters",
        "valueReference": {
          "reference": "#feb7103b-8e77-404a-9db8-9aa614a5a511-parameters"
        }
      }, {
        "url": "http://hl7.org/fhir/us/cqfmeasures/StructureDefinition/cqfm-testCaseDescription",
        "valueMarkdown": "Psychotherapy enc first hour of MP with a referral. "
      } ],
      "modifierExtension": [ {
        "url": "http://hl7.org/fhir/us/cqfmeasures/StructureDefinition/cqfm-isTestCase",
        "valueBoolean": true
      } ],
      "status": "complete",
      "type": "individual",
      "measure": "https://madie.cms.gov/Measure/CMS50FHIRCRLReceiptofSpecialistReport",
      "period": {
        "start": "2026-01-01",
        "end": "2026-12-31"
      },
      "group": [ {
        "id": "Group_1",
        "population": [ {
          "id": "InitialPopulation_1",
          "code": {
            "coding": [ {
              "system": "http://terminology.hl7.org/CodeSystem/measure-population",
              "code": "initial-population",
              "display": "Initial Population"
            } ]
          },
          "count": 1
        }, {
          "id": "Denominator_1",
          "code": {
            "coding": [ {
              "system": "http://terminology.hl7.org/CodeSystem/measure-population",
              "code": "denominator",
              "display": "Denominator"
            } ]
          },
          "count": 1
        }, {
          "id": "Numerator_1",
          "code": {
            "coding": [ {
              "system": "http://terminology.hl7.org/CodeSystem/measure-population",
              "code": "numerator",
              "display": "Numerator"
            } ]
          },
          "count": 0
        } ],
        "measureScore": {
          "value": 1.0
        }
      } ],
      "evaluatedResource": [ {
        "reference": "Patient/12c82f74-5184-450f-9de1-ea211f3bf47a"
      }, {
        "reference": "ServiceRequest/cff6c3b4-1213-4907-a498-19a63758c9d3"
      }, {
        "reference": "Procedure/9fcf2511-0d4f-417a-a1fa-baca09598bef"
      }, {
        "reference": "Coverage/cea6f6cb-b440-4c10-b9e6-2ad8fbe78789"
      }, {
        "reference": "Organization/7c7818af-7903-4fef-832d-622430701044"
      }, {
        "reference": "Practitioner/ded66bf2-0332-4382-a748-121823c768dc"
      } ]
    },
    "request": {
      "method": "PUT",
      "url": "MeasureReport/fed6c756-450d-4df0-bb7f-ded37df4dcdd"
    }
  } ]
}