{
  "resourceType": "Bundle",
  "id": "IPFail-19wTHAProcNov1OPConsultJuly31",
  "type": "transaction",
  "entry": [ {
    "fullUrl": "https://madie.cms.gov/Patient/920c34f4-b903-43bd-a69c-f3b3742d90e9",
    "resource": {
      "resourceType": "Patient",
      "id": "920c34f4-b903-43bd-a69c-f3b3742d90e9",
      "meta": {
        "profile": [ "http://hl7.org/fhir/us/qicore/StructureDefinition/qicore-patient" ]
      },
      "extension": [ {
        "url": "http://hl7.org/fhir/us/core/StructureDefinition/us-core-race",
        "extension": [ {
          "url": "ombCategory",
          "valueCoding": {
            "system": "urn:oid:2.16.840.1.113883.6.238",
            "code": "2028-9",
            "display": "Asian"
          }
        }, {
          "url": "text",
          "valueString": "Asian"
        } ]
      }, {
        "url": "http://hl7.org/fhir/us/core/StructureDefinition/us-core-ethnicity",
        "extension": [ {
          "url": "ombCategory",
          "valueCoding": {
            "system": "urn:oid:2.16.840.1.113883.6.238",
            "code": "2135-2",
            "display": "Hispanic or Latino"
          }
        }, {
          "url": "text",
          "valueString": "Hispanic or Latino"
        } ]
      } ],
      "identifier": [ {
        "system": "http://hospital.smarthealthit.org",
        "value": "999999995"
      } ],
      "name": [ {
        "family": "Bertha",
        "given": [ "Betty" ]
      } ],
      "gender": "female",
      "birthDate": "2007-01-01"
    },
    "request": {
      "method": "PUT",
      "url": "Patient/920c34f4-b903-43bd-a69c-f3b3742d90e9"
    }
  }, {
    "fullUrl": "https://madie.cms.gov/Procedure/bda7e013-8b75-4a40-af77-5bb44bfdbf00",
    "resource": {
      "resourceType": "Procedure",
      "id": "bda7e013-8b75-4a40-af77-5bb44bfdbf00",
      "meta": {
        "profile": [ "http://hl7.org/fhir/us/qicore/StructureDefinition/qicore-procedure" ]
      },
      "extension": [ {
        "url": "http://hl7.org/fhir/us/qicore/StructureDefinition/qicore-recorded",
        "valueDateTime": "2024-11-01T00:00:00.000Z"
      } ],
      "status": "completed",
      "code": {
        "coding": [ {
          "system": "http://www.cms.gov/Medicare/Coding/ICD10",
          "code": "0SR9019",
          "display": "Replacement of Right Hip Joint with Metal Synthetic Substitute, Cemented, Open Approach"
        } ]
      },
      "subject": {
        "reference": "Patient/920c34f4-b903-43bd-a69c-f3b3742d90e9"
      },
      "performedPeriod": {
        "start": "2024-11-01T00:00:00.000Z",
        "end": "2024-11-01T01:00:00.000Z"
      }
    },
    "request": {
      "method": "PUT",
      "url": "Procedure/bda7e013-8b75-4a40-af77-5bb44bfdbf00"
    }
  }, {
    "fullUrl": "https://madie.cms.gov/Encounter/704544ff-7ada-4209-9eb5-cd6642110db0",
    "resource": {
      "resourceType": "Encounter",
      "id": "704544ff-7ada-4209-9eb5-cd6642110db0",
      "meta": {
        "profile": [ "http://hl7.org/fhir/us/qicore/StructureDefinition/qicore-encounter" ]
      },
      "status": "finished",
      "class": {
        "system": "http://terminology.hl7.org/CodeSystem/v3-ActCode",
        "code": "AMB",
        "display": "ambulatory"
      },
      "type": [ {
        "coding": [ {
          "system": "http://snomed.info/sct",
          "code": "281036007",
          "display": "Follow-up consultation (procedure)"
        } ]
      } ],
      "subject": {
        "reference": "Patient/920c34f4-b903-43bd-a69c-f3b3742d90e9"
      },
      "period": {
        "start": "2025-07-31T00:00:00.000Z",
        "end": "2025-07-31T01:15:00.000Z"
      }
    },
    "request": {
      "method": "PUT",
      "url": "Encounter/704544ff-7ada-4209-9eb5-cd6642110db0"
    }
  }, {
    "fullUrl": "https://madie.cms.gov/MeasureReport/7c5a6ab9-6063-4403-b2a2-f26503de30e6",
    "resource": {
      "resourceType": "MeasureReport",
      "id": "7c5a6ab9-6063-4403-b2a2-f26503de30e6",
      "meta": {
        "profile": [ "http://hl7.org/fhir/us/cqfmeasures/StructureDefinition/test-case-cqfm" ]
      },
      "contained": [ {
        "resourceType": "Parameters",
        "id": "b5f7b9e3-1261-4b20-8c70-6a50e25e9f9c-parameters",
        "parameter": [ {
          "name": "subject",
          "valueString": "920c34f4-b903-43bd-a69c-f3b3742d90e9"
        } ]
      } ],
      "extension": [ {
        "url": "http://hl7.org/fhir/StructureDefinition/cqf-inputParameters",
        "valueReference": {
          "reference": "#b5f7b9e3-1261-4b20-8c70-6a50e25e9f9c-parameters"
        }
      }, {
        "url": "http://hl7.org/fhir/us/cqfmeasures/StructureDefinition/cqfm-testCaseDescription",
        "valueMarkdown": "Patient 19yo w/ a THA Procedure 11/01 during THAProcedure Interval & Post Op Visit Outpatient Encounter on 07/31 before Qualifying Encounter Interval"
      } ],
      "modifierExtension": [ {
        "url": "http://hl7.org/fhir/us/cqfmeasures/StructureDefinition/cqfm-isTestCase",
        "valueBoolean": true
      } ],
      "status": "complete",
      "type": "individual",
      "measure": "https://madie.cms.gov/Measure/CMS56FHIRFunctionalStatusAssessmentforTotalHipReplacement",
      "period": {
        "start": "2026-01-01",
        "end": "2026-12-31"
      },
      "group": [ {
        "id": "Group_1",
        "population": [ {
          "id": "InitialPopulation_1",
          "code": {
            "coding": [ {
              "system": "http://terminology.hl7.org/CodeSystem/measure-population",
              "code": "initial-population",
              "display": "Initial Population"
            } ]
          },
          "count": 0
        }, {
          "id": "Denominator_1",
          "code": {
            "coding": [ {
              "system": "http://terminology.hl7.org/CodeSystem/measure-population",
              "code": "denominator",
              "display": "Denominator"
            } ]
          },
          "count": 0
        }, {
          "id": "DenominatorExclusion_1",
          "code": {
            "coding": [ {
              "system": "http://terminology.hl7.org/CodeSystem/measure-population",
              "code": "denominator-exclusion",
              "display": "Denominator Exclusion"
            } ]
          },
          "count": 0
        }, {
          "id": "Numerator_1",
          "code": {
            "coding": [ {
              "system": "http://terminology.hl7.org/CodeSystem/measure-population",
              "code": "numerator",
              "display": "Numerator"
            } ]
          },
          "count": 0
        } ],
        "measureScore": {
          "value": 1.0
        }
      } ],
      "evaluatedResource": [ {
        "reference": "Patient/920c34f4-b903-43bd-a69c-f3b3742d90e9"
      }, {
        "reference": "Procedure/bda7e013-8b75-4a40-af77-5bb44bfdbf00"
      }, {
        "reference": "Encounter/704544ff-7ada-4209-9eb5-cd6642110db0"
      } ]
    },
    "request": {
      "method": "PUT",
      "url": "MeasureReport/7c5a6ab9-6063-4403-b2a2-f26503de30e6"
    }
  } ]
}