{
  "resourceType": "Bundle",
  "id": "IPPPass-HomeHealthcareService",
  "type": "transaction",
  "entry": [ {
    "fullUrl": "https://madie.cms.gov/Patient/546de5d8-f614-41c7-938f-671d14e4f540",
    "resource": {
      "resourceType": "Patient",
      "id": "546de5d8-f614-41c7-938f-671d14e4f540",
      "meta": {
        "profile": [ "http://hl7.org/fhir/us/qicore/StructureDefinition/qicore-patient" ]
      },
      "extension": [ {
        "url": "http://hl7.org/fhir/us/core/StructureDefinition/us-core-race",
        "extension": [ {
          "url": "ombCategory",
          "valueCoding": {
            "system": "urn:oid:2.16.840.1.113883.6.238",
            "code": "2028-9",
            "display": "Asian"
          }
        }, {
          "url": "text",
          "valueString": "Asian"
        } ]
      }, {
        "url": "http://hl7.org/fhir/us/core/StructureDefinition/us-core-ethnicity",
        "extension": [ {
          "url": "ombCategory",
          "valueCoding": {
            "system": "urn:oid:2.16.840.1.113883.6.238",
            "code": "2135-2",
            "display": "Hispanic or Latino"
          }
        }, {
          "url": "text",
          "valueString": "Hispanic or Latino"
        } ]
      } ],
      "identifier": [ {
        "system": "http://hospital.smarthealthit.org",
        "value": "999999995"
      } ],
      "name": [ {
        "family": "IPPass",
        "given": [ "HomeHealthcareService" ]
      } ],
      "gender": "female",
      "birthDate": "2007-12-31"
    },
    "request": {
      "method": "PUT",
      "url": "Patient/546de5d8-f614-41c7-938f-671d14e4f540"
    }
  }, {
    "fullUrl": "https://madie.cms.gov/Encounter/cb8f08be-9e13-41f9-9a32-fec7607fb1df",
    "resource": {
      "resourceType": "Encounter",
      "id": "cb8f08be-9e13-41f9-9a32-fec7607fb1df",
      "meta": {
        "profile": [ "http://hl7.org/fhir/us/qicore/StructureDefinition/qicore-encounter" ]
      },
      "status": "finished",
      "class": {
        "system": "http://terminology.hl7.org/CodeSystem/v3-ActCode",
        "code": "AMB",
        "display": "ambulatory"
      },
      "type": [ {
        "coding": [ {
          "system": "http://snomed.info/sct",
          "code": "698704008",
          "display": "Home visit for rheumatology service (procedure)"
        } ]
      } ],
      "subject": {
        "reference": "Patient/546de5d8-f614-41c7-938f-671d14e4f540"
      },
      "period": {
        "start": "2026-01-01T00:00:00.000Z",
        "end": "2026-01-01T01:00:00.000Z"
      }
    },
    "request": {
      "method": "PUT",
      "url": "Encounter/cb8f08be-9e13-41f9-9a32-fec7607fb1df"
    }
  }, {
    "fullUrl": "https://madie.cms.gov/Condition/c3679f89-52e4-4eff-94ec-154bd6a91f5e",
    "resource": {
      "resourceType": "Condition",
      "id": "c3679f89-52e4-4eff-94ec-154bd6a91f5e",
      "meta": {
        "profile": [ "http://hl7.org/fhir/us/qicore/StructureDefinition/qicore-condition-encounter-diagnosis" ]
      },
      "clinicalStatus": {
        "coding": [ {
          "system": "http://terminology.hl7.org/CodeSystem/condition-clinical",
          "code": "active"
        } ]
      },
      "category": [ {
        "coding": [ {
          "system": "http://terminology.hl7.org/CodeSystem/condition-category",
          "code": "problem-list-item",
          "display": "Problem List Item"
        } ]
      } ],
      "code": {
        "coding": [ {
          "system": "http://snomed.info/sct",
          "code": "371125006",
          "display": "Labile essential hypertension (disorder)"
        } ]
      },
      "subject": {
        "reference": "Patient/546de5d8-f614-41c7-938f-671d14e4f540"
      },
      "onsetDateTime": "2026-06-30T23:59:59.000Z"
    },
    "request": {
      "method": "PUT",
      "url": "Condition/c3679f89-52e4-4eff-94ec-154bd6a91f5e"
    }
  }, {
    "fullUrl": "https://madie.cms.gov/MeasureReport/8aba3e68-ffd6-4afb-b9e4-6ae0a8aa05a7",
    "resource": {
      "resourceType": "MeasureReport",
      "id": "8aba3e68-ffd6-4afb-b9e4-6ae0a8aa05a7",
      "meta": {
        "profile": [ "http://hl7.org/fhir/us/cqfmeasures/StructureDefinition/test-case-cqfm" ]
      },
      "contained": [ {
        "resourceType": "Parameters",
        "id": "6f6b88d0-b6b7-442f-970d-f3fe349ff2dc-parameters",
        "parameter": [ {
          "name": "subject",
          "valueString": "546de5d8-f614-41c7-938f-671d14e4f540"
        } ]
      } ],
      "extension": [ {
        "url": "http://hl7.org/fhir/StructureDefinition/cqf-inputParameters",
        "valueReference": {
          "reference": "#6f6b88d0-b6b7-442f-970d-f3fe349ff2dc-parameters"
        }
      }, {
        "url": "http://hl7.org/fhir/us/cqfmeasures/StructureDefinition/cqfm-testCaseDescription",
        "valueMarkdown": "Home health care service during MP"
      } ],
      "modifierExtension": [ {
        "url": "http://hl7.org/fhir/us/cqfmeasures/StructureDefinition/cqfm-isTestCase",
        "valueBoolean": true
      } ],
      "status": "complete",
      "type": "individual",
      "measure": "https://madie.cms.gov/Measure/CMS165FHIRControllingHighBloodPressure",
      "period": {
        "start": "2026-01-01",
        "end": "2026-12-31"
      },
      "group": [ {
        "id": "Group_1",
        "population": [ {
          "id": "InitialPopulation_1",
          "code": {
            "coding": [ {
              "system": "http://terminology.hl7.org/CodeSystem/measure-population",
              "code": "initial-population",
              "display": "Initial Population"
            } ]
          },
          "count": 1
        }, {
          "id": "Denominator_1",
          "code": {
            "coding": [ {
              "system": "http://terminology.hl7.org/CodeSystem/measure-population",
              "code": "denominator",
              "display": "Denominator"
            } ]
          },
          "count": 1
        }, {
          "id": "DenominatorExclusion_1",
          "code": {
            "coding": [ {
              "system": "http://terminology.hl7.org/CodeSystem/measure-population",
              "code": "denominator-exclusion",
              "display": "Denominator Exclusion"
            } ]
          },
          "count": 0
        }, {
          "id": "Numerator_1",
          "code": {
            "coding": [ {
              "system": "http://terminology.hl7.org/CodeSystem/measure-population",
              "code": "numerator",
              "display": "Numerator"
            } ]
          },
          "count": 0
        } ],
        "measureScore": {
          "value": 1.0
        }
      } ],
      "evaluatedResource": [ {
        "reference": "Patient/546de5d8-f614-41c7-938f-671d14e4f540"
      }, {
        "reference": "Encounter/cb8f08be-9e13-41f9-9a32-fec7607fb1df"
      }, {
        "reference": "Condition/c3679f89-52e4-4eff-94ec-154bd6a91f5e"
      } ]
    },
    "request": {
      "method": "PUT",
      "url": "MeasureReport/8aba3e68-ffd6-4afb-b9e4-6ae0a8aa05a7"
    }
  } ]
}