{
  "resourceType": "Bundle",
  "id": "61095b0998086b53805591a5",
  "type": "transaction",
  "entry": [ {
    "fullUrl": "https://madie.cms.gov/Patient/cb570eec-4de5-4dd7-bd0a-9ee00bbeeb48",
    "resource": {
      "resourceType": "Patient",
      "id": "cb570eec-4de5-4dd7-bd0a-9ee00bbeeb48",
      "meta": {
        "profile": [ "http://hl7.org/fhir/us/qicore/StructureDefinition/qicore-patient" ]
      },
      "text": {
        "status": "generated",
        "div": "<div xmlns=\"http://www.w3.org/1999/xhtml\"><div class=\"hapiHeaderText\">Age@18 <b>DENOMPASS </b></div><table class=\"hapiPropertyTable\"><tbody><tr><td>Identifier</td><td>67f3e33acf17bcb386e754d726ed064ccd48ba21ff0ffb2eb678740a684398be</td></tr><tr><td>Date of birth</td><td><span>01 January 1994</span></td></tr></tbody></table></div>"
      },
      "extension": [ {
        "url": "http://hl7.org/fhir/us/core/StructureDefinition/us-core-race",
        "extension": [ {
          "url": "ombCategory",
          "valueCoding": {
            "system": "urn:oid:2.16.840.1.113883.6.238",
            "code": "1002-5",
            "display": "American Indian or Alaska Native",
            "userSelected": true
          }
        }, {
          "url": "text",
          "valueString": "American Indian or Alaska Native"
        } ]
      }, {
        "url": "http://hl7.org/fhir/us/core/StructureDefinition/us-core-ethnicity",
        "extension": [ {
          "url": "ombCategory",
          "valueCoding": {
            "system": "urn:oid:2.16.840.1.113883.6.238",
            "code": "2135-2",
            "display": "Hispanic or Latino",
            "userSelected": true
          }
        }, {
          "url": "text",
          "valueString": "Hispanic or Latino"
        } ]
      } ],
      "identifier": [ {
        "type": {
          "coding": [ {
            "system": "http://terminology.hl7.org/CodeSystem/v2-0203",
            "code": "MR"
          } ]
        },
        "system": "https://bonnie-fhir.healthit.gov/",
        "value": "61095b0998086b53805591a5"
      } ],
      "active": true,
      "name": [ {
        "use": "usual",
        "family": "DENEXPASS",
        "given": [ "CertainTypeIridOverlapsCatSurg" ]
      } ],
      "gender": "female",
      "birthDate": "1996-01-01"
    },
    "request": {
      "method": "PUT",
      "url": "Patient/cb570eec-4de5-4dd7-bd0a-9ee00bbeeb48"
    }
  }, {
    "fullUrl": "https://madie.cms.gov/Observation/03dbcbba-827f-452f-ad07-e0ee7728faf1",
    "resource": {
      "resourceType": "Observation",
      "id": "03dbcbba-827f-452f-ad07-e0ee7728faf1",
      "meta": {
        "profile": [ "http://hl7.org/fhir/us/qicore/StructureDefinition/qicore-observation-clinical-result" ]
      },
      "status": "final",
      "category": [ {
        "coding": [ {
          "system": "http://terminology.hl7.org/CodeSystem/observation-category",
          "code": "exam",
          "display": "exam"
        } ]
      } ],
      "code": {
        "coding": [ {
          "system": "http://snomed.info/sct",
          "code": "419775003"
        } ]
      },
      "subject": {
        "reference": "Patient/cb570eec-4de5-4dd7-bd0a-9ee00bbeeb48"
      },
      "effectivePeriod": {
        "start": "2026-03-13T09:00:00+00:00",
        "end": "2026-03-13T09:30:00+00:00"
      }
    },
    "request": {
      "method": "PUT",
      "url": "Observation/03dbcbba-827f-452f-ad07-e0ee7728faf1"
    }
  }, {
    "fullUrl": "https://madie.cms.gov/Procedure/4d6b247d-39f9-474d-84dd-db75ffbedc68",
    "resource": {
      "resourceType": "Procedure",
      "id": "4d6b247d-39f9-474d-84dd-db75ffbedc68",
      "meta": {
        "profile": [ "http://hl7.org/fhir/us/qicore/StructureDefinition/qicore-procedure" ]
      },
      "extension": [ {
        "url": "http://hl7.org/fhir/us/qicore/StructureDefinition/qicore-recorded",
        "valueDateTime": "2026-03-05T09:35:00-04:00"
      } ],
      "status": "completed",
      "code": {
        "coding": [ {
          "system": "http://snomed.info/sct",
          "code": "84149000"
        } ]
      },
      "subject": {
        "reference": "Patient/cb570eec-4de5-4dd7-bd0a-9ee00bbeeb48"
      },
      "performedPeriod": {
        "start": "2026-03-05T09:20:00-04:00",
        "end": "2026-04-05T10:30:00-04:00"
      }
    },
    "request": {
      "method": "PUT",
      "url": "Procedure/4d6b247d-39f9-474d-84dd-db75ffbedc68"
    }
  }, {
    "fullUrl": "https://madie.cms.gov/Condition/47b87d4c-378e-44a7-a2e0-554a8794f506",
    "resource": {
      "resourceType": "Condition",
      "id": "47b87d4c-378e-44a7-a2e0-554a8794f506",
      "meta": {
        "profile": [ "http://hl7.org/fhir/us/qicore/StructureDefinition/qicore-condition-problems-health-concerns" ]
      },
      "clinicalStatus": {
        "coding": [ {
          "system": "http://terminology.hl7.org/CodeSystem/condition-clinical",
          "code": "active",
          "display": "active",
          "userSelected": true
        } ]
      },
      "category": [ {
        "coding": [ {
          "system": "http://terminology.hl7.org/CodeSystem/condition-clinical",
          "code": "active",
          "display": "active",
          "userSelected": true
        } ]
      } ],
      "code": {
        "coding": [ {
          "system": "http://hl7.org/fhir/sid/icd-10-cm",
          "code": "H20.9",
          "userSelected": true
        }, {
          "system": "http://snomed.info/sct",
          "code": "9091006",
          "userSelected": true
        } ]
      },
      "subject": {
        "reference": "Patient/cb570eec-4de5-4dd7-bd0a-9ee00bbeeb48"
      },
      "onsetDateTime": "2024-11-01T08:00:00.000+00:00"
    },
    "request": {
      "method": "PUT",
      "url": "Condition/47b87d4c-378e-44a7-a2e0-554a8794f506"
    }
  }, {
    "fullUrl": "https://madie.cms.gov/Coverage/7c20d0ea-91a8-4aa6-b6ff-902ffcef9505",
    "resource": {
      "resourceType": "Coverage",
      "id": "7c20d0ea-91a8-4aa6-b6ff-902ffcef9505",
      "meta": {
        "profile": [ "http://hl7.org/fhir/us/qicore/StructureDefinition/qicore-coverage" ]
      },
      "status": "active",
      "beneficiary": {
        "reference": "Patient/cb570eec-4de5-4dd7-bd0a-9ee00bbeeb48"
      },
      "payor": [ {
        "reference": "Organization/942b03f6-b65c-4691-b1cf-efbf6132d588"
      } ]
    },
    "request": {
      "method": "PUT",
      "url": "Coverage/7c20d0ea-91a8-4aa6-b6ff-902ffcef9505"
    }
  }, {
    "fullUrl": "https://madie.cms.gov/Organization/942b03f6-b65c-4691-b1cf-efbf6132d588",
    "resource": {
      "resourceType": "Organization",
      "id": "942b03f6-b65c-4691-b1cf-efbf6132d588",
      "meta": {
        "profile": [ "http://hl7.org/fhir/us/qicore/StructureDefinition/qicore-organization" ]
      },
      "identifier": [ {
        "use": "temp",
        "system": "urn:oid:2.16.840.1.113883.4.4",
        "value": "21-3259825"
      } ],
      "active": true,
      "type": [ {
        "coding": [ {
          "system": "http://terminology.hl7.org/CodeSystem/organization-type",
          "code": "pay",
          "display": "Payer"
        } ]
      } ],
      "name": "Blue Cross Blue Shield of Texas",
      "telecom": [ {
        "system": "phone",
        "value": "(+1) 972-766-6900"
      } ],
      "address": [ {
        "use": "billing",
        "type": "postal",
        "line": [ "P.O. Box 660044" ],
        "city": "Dallas",
        "state": "TX",
        "postalCode": "75266-0044",
        "country": "USA"
      } ]
    },
    "request": {
      "method": "PUT",
      "url": "Organization/942b03f6-b65c-4691-b1cf-efbf6132d588"
    }
  }, {
    "fullUrl": "https://madie.cms.gov/Practitioner/1cc617cf-1842-40bd-90dc-f9a2cea24fc6",
    "resource": {
      "resourceType": "Practitioner",
      "id": "1cc617cf-1842-40bd-90dc-f9a2cea24fc6",
      "meta": {
        "profile": [ "http://hl7.org/fhir/us/qicore/StructureDefinition/qicore-practitioner" ]
      },
      "identifier": [ {
        "system": "http://hl7.org/fhir/sid/us-npi",
        "value": "123456"
      } ],
      "name": [ {
        "family": "Evil",
        "prefix": [ "Dr" ]
      } ]
    },
    "request": {
      "method": "PUT",
      "url": "Practitioner/1cc617cf-1842-40bd-90dc-f9a2cea24fc6"
    }
  }, {
    "fullUrl": "https://madie.cms.gov/MeasureReport/91fd91de-e3de-4006-8f7c-8e83ce71e0d0",
    "resource": {
      "resourceType": "MeasureReport",
      "id": "91fd91de-e3de-4006-8f7c-8e83ce71e0d0",
      "meta": {
        "profile": [ "http://hl7.org/fhir/us/cqfmeasures/StructureDefinition/test-case-cqfm" ]
      },
      "contained": [ {
        "resourceType": "Parameters",
        "id": "dcea1fa6-73a4-4b1e-8203-6a9c27392aa1-parameters",
        "parameter": [ {
          "name": "subject",
          "valueString": "cb570eec-4de5-4dd7-bd0a-9ee00bbeeb48"
        } ]
      } ],
      "extension": [ {
        "url": "http://hl7.org/fhir/StructureDefinition/cqf-inputParameters",
        "valueReference": {
          "reference": "#dcea1fa6-73a4-4b1e-8203-6a9c27392aa1-parameters"
        }
      }, {
        "url": "http://hl7.org/fhir/us/cqfmeasures/StructureDefinition/cqfm-testCaseDescription",
        "valueMarkdown": "Patient with certain types of iridocyclitis overlapping cataract surgery. "
      } ],
      "modifierExtension": [ {
        "url": "http://hl7.org/fhir/us/cqfmeasures/StructureDefinition/cqfm-isTestCase",
        "valueBoolean": true
      } ],
      "status": "complete",
      "type": "individual",
      "measure": "https://madie.cms.gov/Measure/CMS133FHIRCataracts2040BCVAwithin90Days",
      "period": {
        "start": "2026-01-01",
        "end": "2026-12-31"
      },
      "group": [ {
        "id": "Group_1",
        "population": [ {
          "id": "InitialPopulation_1",
          "code": {
            "coding": [ {
              "system": "http://terminology.hl7.org/CodeSystem/measure-population",
              "code": "initial-population",
              "display": "Initial Population"
            } ]
          },
          "count": 1
        }, {
          "id": "Denominator_1",
          "code": {
            "coding": [ {
              "system": "http://terminology.hl7.org/CodeSystem/measure-population",
              "code": "denominator",
              "display": "Denominator"
            } ]
          },
          "count": 1
        }, {
          "id": "DenominatorExclusion_1",
          "code": {
            "coding": [ {
              "system": "http://terminology.hl7.org/CodeSystem/measure-population",
              "code": "denominator-exclusion",
              "display": "Denominator Exclusion"
            } ]
          },
          "count": 1
        }, {
          "id": "Numerator_1",
          "code": {
            "coding": [ {
              "system": "http://terminology.hl7.org/CodeSystem/measure-population",
              "code": "numerator",
              "display": "Numerator"
            } ]
          },
          "count": 0
        } ],
        "measureScore": {
          "value": 0.0
        }
      } ],
      "evaluatedResource": [ {
        "reference": "Patient/cb570eec-4de5-4dd7-bd0a-9ee00bbeeb48"
      }, {
        "reference": "Observation/03dbcbba-827f-452f-ad07-e0ee7728faf1"
      }, {
        "reference": "Procedure/4d6b247d-39f9-474d-84dd-db75ffbedc68"
      }, {
        "reference": "Condition/47b87d4c-378e-44a7-a2e0-554a8794f506"
      }, {
        "reference": "Coverage/7c20d0ea-91a8-4aa6-b6ff-902ffcef9505"
      }, {
        "reference": "Organization/942b03f6-b65c-4691-b1cf-efbf6132d588"
      }, {
        "reference": "Practitioner/1cc617cf-1842-40bd-90dc-f9a2cea24fc6"
      } ]
    },
    "request": {
      "method": "PUT",
      "url": "MeasureReport/91fd91de-e3de-4006-8f7c-8e83ce71e0d0"
    }
  } ]
}