{
  "resourceType": "Bundle",
  "id": "62fbef57bf5132f90ee35d41",
  "type": "transaction",
  "entry": [ {
    "fullUrl": "https://madie.cms.gov/Patient/ca6deaeb-459d-4d1a-9daf-e454ff76a6f0",
    "resource": {
      "resourceType": "Patient",
      "id": "ca6deaeb-459d-4d1a-9daf-e454ff76a6f0",
      "meta": {
        "profile": [ "http://hl7.org/fhir/us/qicore/StructureDefinition/qicore-patient" ]
      },
      "extension": [ {
        "url": "http://hl7.org/fhir/us/core/StructureDefinition/us-core-race",
        "extension": [ {
          "url": "ombCategory",
          "valueCoding": {
            "system": "urn:oid:2.16.840.1.113883.6.238",
            "code": "2106-3",
            "display": "White",
            "userSelected": true
          }
        }, {
          "url": "text",
          "valueString": "White"
        } ]
      }, {
        "url": "http://hl7.org/fhir/us/core/StructureDefinition/us-core-ethnicity",
        "extension": [ {
          "url": "ombCategory",
          "valueCoding": {
            "system": "urn:oid:2.16.840.1.113883.6.238",
            "code": "2186-5",
            "display": "Not Hispanic or Latino",
            "userSelected": true
          }
        }, {
          "url": "text",
          "valueString": "Not Hispanic or Latino"
        } ]
      } ],
      "identifier": [ {
        "type": {
          "coding": [ {
            "system": "http://terminology.hl7.org/CodeSystem/v2-0203",
            "code": "MR"
          } ]
        },
        "system": "https://bonnie-fhir.healthit.gov/",
        "value": "62fbef57bf5132f90ee35d41"
      } ],
      "name": [ {
        "family": "DENEXPass",
        "given": [ "HospiceCondition" ]
      } ],
      "gender": "unknown",
      "birthDate": "1957-11-07"
    },
    "request": {
      "method": "PUT",
      "url": "Patient/ca6deaeb-459d-4d1a-9daf-e454ff76a6f0"
    }
  }, {
    "fullUrl": "https://madie.cms.gov/Encounter/1fc93b7e-45d6-4157-844a-0acb6962fade",
    "resource": {
      "resourceType": "Encounter",
      "id": "1fc93b7e-45d6-4157-844a-0acb6962fade",
      "meta": {
        "profile": [ "http://hl7.org/fhir/us/qicore/StructureDefinition/qicore-encounter" ]
      },
      "status": "finished",
      "class": {
        "system": "http://terminology.hl7.org/CodeSystem/v3-ActCode",
        "code": "AMB",
        "display": "ambulatory"
      },
      "type": [ {
        "coding": [ {
          "system": "http://snomed.info/sct",
          "version": "2022-03",
          "code": "10197000",
          "display": "Psychiatric interview and evaluation (procedure)",
          "userSelected": true
        } ]
      } ],
      "subject": {
        "reference": "Patient/ca6deaeb-459d-4d1a-9daf-e454ff76a6f0"
      },
      "period": {
        "start": "2026-12-31T23:30:00.000+00:00",
        "end": "2026-12-31T23:59:00.000+00:00"
      }
    },
    "request": {
      "method": "PUT",
      "url": "Encounter/1fc93b7e-45d6-4157-844a-0acb6962fade"
    }
  }, {
    "fullUrl": "https://madie.cms.gov/Procedure/880258b8-a885-4b7a-9c5c-dd7471c54b37",
    "resource": {
      "resourceType": "Procedure",
      "id": "880258b8-a885-4b7a-9c5c-dd7471c54b37",
      "meta": {
        "profile": [ "http://hl7.org/fhir/us/qicore/StructureDefinition/qicore-procedure" ]
      },
      "extension": [ {
        "url": "http://hl7.org/fhir/us/qicore/StructureDefinition/qicore-recorded",
        "valueDateTime": "2026-12-31T23:59:00.000+00:00"
      } ],
      "status": "completed",
      "code": {
        "coding": [ {
          "system": "http://snomed.info/sct",
          "version": "2022-03",
          "code": "182922004",
          "display": "Dietary regime (regime/therapy)",
          "userSelected": true
        } ]
      },
      "subject": {
        "reference": "Patient/ca6deaeb-459d-4d1a-9daf-e454ff76a6f0"
      },
      "performedDateTime": "2026-12-31T23:59:00.000+00:00"
    },
    "request": {
      "method": "PUT",
      "url": "Procedure/880258b8-a885-4b7a-9c5c-dd7471c54b37"
    }
  }, {
    "fullUrl": "https://madie.cms.gov/Condition/76be895e-fb3b-4636-be72-bde56ac42b24",
    "resource": {
      "resourceType": "Condition",
      "id": "76be895e-fb3b-4636-be72-bde56ac42b24",
      "meta": {
        "profile": [ "http://hl7.org/fhir/us/qicore/StructureDefinition/qicore-condition-encounter-diagnosis" ]
      },
      "clinicalStatus": {
        "coding": [ {
          "system": "http://terminology.hl7.org/CodeSystem/condition-clinical",
          "code": "active",
          "display": "Active",
          "userSelected": true
        } ]
      },
      "category": [ {
        "coding": [ {
          "system": "http://terminology.hl7.org/CodeSystem/condition-category",
          "code": "encounter-diagnosis",
          "display": "Encounter Diagnosis"
        }, {
          "system": "http://snomed.info/sct",
          "code": "439401001",
          "display": "Diagnosis"
        } ]
      } ],
      "code": {
        "coding": [ {
          "system": "http://snomed.info/sct",
          "version": "2022-03",
          "code": "170936009",
          "display": "Shared care - hospice and general practitioner (finding)",
          "userSelected": true
        } ]
      },
      "subject": {
        "reference": "Patient/ca6deaeb-459d-4d1a-9daf-e454ff76a6f0"
      },
      "onsetDateTime": "2024-07-25T08:00:00.000+00:00"
    },
    "request": {
      "method": "PUT",
      "url": "Condition/76be895e-fb3b-4636-be72-bde56ac42b24"
    }
  }, {
    "fullUrl": "https://madie.cms.gov/Coverage/a7f29bcd-19e7-4146-a21b-118dbea0402b",
    "resource": {
      "resourceType": "Coverage",
      "id": "a7f29bcd-19e7-4146-a21b-118dbea0402b",
      "meta": {
        "profile": [ "http://hl7.org/fhir/us/qicore/StructureDefinition/qicore-coverage" ]
      },
      "status": "active",
      "beneficiary": {
        "reference": "Patient/ca6deaeb-459d-4d1a-9daf-e454ff76a6f0"
      },
      "payor": [ {
        "reference": "Organization/97546e7d-f8f8-49d2-b77d-d2fc09432a6f"
      } ]
    },
    "request": {
      "method": "PUT",
      "url": "Coverage/a7f29bcd-19e7-4146-a21b-118dbea0402b"
    }
  }, {
    "fullUrl": "https://madie.cms.gov/Organization/97546e7d-f8f8-49d2-b77d-d2fc09432a6f",
    "resource": {
      "resourceType": "Organization",
      "id": "97546e7d-f8f8-49d2-b77d-d2fc09432a6f",
      "meta": {
        "profile": [ "http://hl7.org/fhir/us/qicore/StructureDefinition/qicore-organization" ]
      },
      "identifier": [ {
        "use": "temp",
        "system": "urn:oid:2.16.840.1.113883.4.4",
        "value": "21-3259825"
      } ],
      "active": true,
      "type": [ {
        "coding": [ {
          "system": "http://terminology.hl7.org/CodeSystem/organization-type",
          "code": "pay",
          "display": "Payer"
        } ]
      } ],
      "name": "Blue Cross Blue Shield of Texas",
      "telecom": [ {
        "system": "phone",
        "value": "(+1) 972-766-6900"
      } ],
      "address": [ {
        "use": "billing",
        "type": "postal",
        "line": [ "P.O. Box 660044" ],
        "city": "Dallas",
        "state": "TX",
        "postalCode": "75266-0044",
        "country": "USA"
      } ]
    },
    "request": {
      "method": "PUT",
      "url": "Organization/97546e7d-f8f8-49d2-b77d-d2fc09432a6f"
    }
  }, {
    "fullUrl": "https://madie.cms.gov/MeasureReport/3c25825a-7be8-4f94-a85a-6d63228111f1",
    "resource": {
      "resourceType": "MeasureReport",
      "id": "3c25825a-7be8-4f94-a85a-6d63228111f1",
      "meta": {
        "profile": [ "http://hl7.org/fhir/us/cqfmeasures/StructureDefinition/test-case-cqfm" ]
      },
      "contained": [ {
        "resourceType": "Parameters",
        "id": "ba7623af-4ddc-4c23-ab0a-b50fb8239eb8-parameters",
        "parameter": [ {
          "name": "subject",
          "valueString": "ca6deaeb-459d-4d1a-9daf-e454ff76a6f0"
        } ]
      } ],
      "extension": [ {
        "url": "http://hl7.org/fhir/StructureDefinition/cqf-inputParameters",
        "valueReference": {
          "reference": "#ba7623af-4ddc-4c23-ab0a-b50fb8239eb8-parameters"
        }
      }, {
        "url": "http://hl7.org/fhir/us/cqfmeasures/StructureDefinition/cqfm-testCaseDescription",
        "valueMarkdown": "Enc last day of MP, pt has hospice condition"
      } ],
      "modifierExtension": [ {
        "url": "http://hl7.org/fhir/us/cqfmeasures/StructureDefinition/cqfm-isTestCase",
        "valueBoolean": true
      } ],
      "status": "complete",
      "type": "individual",
      "measure": "https://madie.cms.gov/Measure/CMS69FHIRPCSBMIScreenAndFollowUp",
      "period": {
        "start": "2026-01-01",
        "end": "2026-12-31"
      },
      "group": [ {
        "id": "Group_1",
        "population": [ {
          "id": "InitialPopulation_1",
          "code": {
            "coding": [ {
              "system": "http://terminology.hl7.org/CodeSystem/measure-population",
              "code": "initial-population",
              "display": "Initial Population"
            } ]
          },
          "count": 1
        }, {
          "id": "Denominator_1",
          "code": {
            "coding": [ {
              "system": "http://terminology.hl7.org/CodeSystem/measure-population",
              "code": "denominator",
              "display": "Denominator"
            } ]
          },
          "count": 1
        }, {
          "id": "DenominatorExclusion_1",
          "code": {
            "coding": [ {
              "system": "http://terminology.hl7.org/CodeSystem/measure-population",
              "code": "denominator-exclusion",
              "display": "Denominator Exclusion"
            } ]
          },
          "count": 1
        }, {
          "id": "Numerator_1",
          "code": {
            "coding": [ {
              "system": "http://terminology.hl7.org/CodeSystem/measure-population",
              "code": "numerator",
              "display": "Numerator"
            } ]
          },
          "count": 0
        }, {
          "id": "DenominatorException_1",
          "code": {
            "coding": [ {
              "system": "http://terminology.hl7.org/CodeSystem/measure-population",
              "code": "denominator-exception",
              "display": "Denominator Exception"
            } ]
          },
          "count": 0
        } ],
        "measureScore": {
          "value": 1.0
        }
      } ],
      "evaluatedResource": [ {
        "reference": "Patient/ca6deaeb-459d-4d1a-9daf-e454ff76a6f0"
      }, {
        "reference": "Encounter/1fc93b7e-45d6-4157-844a-0acb6962fade"
      }, {
        "reference": "Procedure/880258b8-a885-4b7a-9c5c-dd7471c54b37"
      }, {
        "reference": "Condition/76be895e-fb3b-4636-be72-bde56ac42b24"
      }, {
        "reference": "Coverage/a7f29bcd-19e7-4146-a21b-118dbea0402b"
      }, {
        "reference": "Organization/97546e7d-f8f8-49d2-b77d-d2fc09432a6f"
      } ]
    },
    "request": {
      "method": "PUT",
      "url": "MeasureReport/3c25825a-7be8-4f94-a85a-6d63228111f1"
    }
  } ]
}