{
  "resourceType": "Bundle",
  "id": "62df26920056b6e23ec675a3",
  "type": "transaction",
  "entry": [ {
    "fullUrl": "https://madie.cms.gov/Patient/ddfb765a-a3fb-467f-a9d9-ac6faf4cea9a",
    "resource": {
      "resourceType": "Patient",
      "id": "ddfb765a-a3fb-467f-a9d9-ac6faf4cea9a",
      "meta": {
        "profile": [ "http://hl7.org/fhir/us/qicore/StructureDefinition/qicore-patient" ]
      },
      "extension": [ {
        "url": "http://hl7.org/fhir/us/core/StructureDefinition/us-core-race",
        "extension": [ {
          "url": "ombCategory",
          "valueCoding": {
            "system": "urn:oid:2.16.840.1.113883.6.238",
            "code": "2106-3",
            "display": "White",
            "userSelected": true
          }
        }, {
          "url": "text",
          "valueString": "White"
        } ]
      }, {
        "url": "http://hl7.org/fhir/us/core/StructureDefinition/us-core-ethnicity",
        "extension": [ {
          "url": "ombCategory",
          "valueCoding": {
            "system": "urn:oid:2.16.840.1.113883.6.238",
            "code": "2186-5",
            "display": "Not Hispanic or Latino",
            "userSelected": true
          }
        }, {
          "url": "text",
          "valueString": "Not Hispanic or Latino"
        } ]
      } ],
      "identifier": [ {
        "type": {
          "coding": [ {
            "system": "http://terminology.hl7.org/CodeSystem/v2-0203",
            "code": "MR"
          } ]
        },
        "system": "https://bonnie-fhir.healthit.gov/",
        "value": "62df26920056b6e23ec675a3"
      } ],
      "name": [ {
        "family": "NUMERPass",
        "given": [ "LowBMIAndInterventionPerformedCondition" ]
      } ],
      "gender": "unknown",
      "birthDate": "1957-11-07"
    },
    "request": {
      "method": "PUT",
      "url": "Patient/ddfb765a-a3fb-467f-a9d9-ac6faf4cea9a"
    }
  }, {
    "fullUrl": "https://madie.cms.gov/Encounter/6ed25e3f-c35b-4467-a339-5fe36b0ad05d",
    "resource": {
      "resourceType": "Encounter",
      "id": "6ed25e3f-c35b-4467-a339-5fe36b0ad05d",
      "meta": {
        "profile": [ "http://hl7.org/fhir/us/qicore/StructureDefinition/qicore-encounter" ]
      },
      "status": "finished",
      "class": {
        "system": "http://terminology.hl7.org/CodeSystem/v3-ActCode",
        "code": "AMB",
        "display": "ambulatory"
      },
      "type": [ {
        "coding": [ {
          "system": "http://snomed.info/sct",
          "version": "2022-03",
          "code": "10197000",
          "display": "Psychiatric interview and evaluation (procedure)",
          "userSelected": true
        } ]
      } ],
      "subject": {
        "reference": "Patient/ddfb765a-a3fb-467f-a9d9-ac6faf4cea9a"
      },
      "period": {
        "start": "2026-01-01T00:00:00.000+00:00",
        "end": "2026-01-01T00:30:00.000+00:00"
      }
    },
    "request": {
      "method": "PUT",
      "url": "Encounter/6ed25e3f-c35b-4467-a339-5fe36b0ad05d"
    }
  }, {
    "fullUrl": "https://madie.cms.gov/Observation/347a84c8-2b92-474a-8572-35b3981045ae",
    "resource": {
      "resourceType": "Observation",
      "id": "347a84c8-2b92-474a-8572-35b3981045ae",
      "meta": {
        "profile": [ "http://hl7.org/fhir/us/core/StructureDefinition/us-core-bmi" ]
      },
      "status": "final",
      "category": [ {
        "coding": [ {
          "system": "http://terminology.hl7.org/CodeSystem/observation-category",
          "code": "vital-signs",
          "display": "Vital Signs"
        } ]
      } ],
      "code": {
        "coding": [ {
          "system": "http://loinc.org",
          "code": "39156-5",
          "display": "Body mass index (BMI) [Ratio]",
          "userSelected": true
        } ]
      },
      "subject": {
        "reference": "Patient/ddfb765a-a3fb-467f-a9d9-ac6faf4cea9a"
      },
      "effectiveDateTime": "2026-01-01T00:30:00.000+00:00",
      "valueQuantity": {
        "value": 18,
        "unit": "kg/m2",
        "system": "http://unitsofmeasure.org",
        "code": "kg/m2"
      }
    },
    "request": {
      "method": "PUT",
      "url": "Observation/347a84c8-2b92-474a-8572-35b3981045ae"
    }
  }, {
    "fullUrl": "https://madie.cms.gov/Procedure/41500439-4994-493c-bf46-d3ed6e14228a",
    "resource": {
      "resourceType": "Procedure",
      "id": "41500439-4994-493c-bf46-d3ed6e14228a",
      "meta": {
        "profile": [ "http://hl7.org/fhir/us/qicore/StructureDefinition/qicore-procedure" ]
      },
      "extension": [ {
        "url": "http://hl7.org/fhir/us/qicore/StructureDefinition/qicore-recorded",
        "valueDateTime": "2026-01-01T00:30:00.000+00:00"
      } ],
      "status": "completed",
      "code": {
        "coding": [ {
          "system": "http://snomed.info/sct",
          "version": "2022-03",
          "code": "182922004",
          "display": "Dietary regime (regime/therapy)",
          "userSelected": true
        } ]
      },
      "subject": {
        "reference": "Patient/ddfb765a-a3fb-467f-a9d9-ac6faf4cea9a"
      },
      "performedDateTime": "2026-01-01T00:30:00.000+00:00"
    },
    "request": {
      "method": "PUT",
      "url": "Procedure/41500439-4994-493c-bf46-d3ed6e14228a"
    }
  }, {
    "fullUrl": "https://madie.cms.gov/Condition/f0b656b4-f12d-43cc-837e-a5de94bdb0d3",
    "resource": {
      "resourceType": "Condition",
      "id": "f0b656b4-f12d-43cc-837e-a5de94bdb0d3",
      "meta": {
        "profile": [ "http://hl7.org/fhir/us/qicore/StructureDefinition/qicore-condition-problems-health-concerns" ]
      },
      "clinicalStatus": {
        "coding": [ {
          "system": "http://terminology.hl7.org/CodeSystem/condition-clinical",
          "code": "inactive",
          "display": "inactive",
          "userSelected": true
        } ]
      },
      "category": [ {
        "coding": [ {
          "system": "http://hl7.org/fhir/us/core/CodeSystem/condition-category",
          "code": "health-concern",
          "display": "Health Concern"
        }, {
          "system": "http://snomed.info/sct",
          "code": "439401001",
          "display": "Diagnosis"
        } ]
      } ],
      "code": {
        "coding": [ {
          "system": "http://snomed.info/sct",
          "version": "2022-03",
          "code": "248342006",
          "display": "Underweight (finding)",
          "userSelected": true
        } ]
      },
      "subject": {
        "reference": "Patient/ddfb765a-a3fb-467f-a9d9-ac6faf4cea9a"
      },
      "onsetDateTime": "2024-01-01T00:30:00.000+00:00",
      "abatementDateTime": "2025-12-31T00:30:00.000+00:00"
    },
    "request": {
      "method": "PUT",
      "url": "Condition/f0b656b4-f12d-43cc-837e-a5de94bdb0d3"
    }
  }, {
    "fullUrl": "https://madie.cms.gov/Coverage/5392bb4d-8592-4f15-96ff-267c023d0426",
    "resource": {
      "resourceType": "Coverage",
      "id": "5392bb4d-8592-4f15-96ff-267c023d0426",
      "meta": {
        "profile": [ "http://hl7.org/fhir/us/qicore/StructureDefinition/qicore-coverage" ]
      },
      "status": "active",
      "beneficiary": {
        "reference": "Patient/ddfb765a-a3fb-467f-a9d9-ac6faf4cea9a"
      },
      "payor": [ {
        "reference": "Organization/6d3af17e-131c-4de7-a0b4-9bacf4fdc9f1"
      } ]
    },
    "request": {
      "method": "PUT",
      "url": "Coverage/5392bb4d-8592-4f15-96ff-267c023d0426"
    }
  }, {
    "fullUrl": "https://madie.cms.gov/Organization/6d3af17e-131c-4de7-a0b4-9bacf4fdc9f1",
    "resource": {
      "resourceType": "Organization",
      "id": "6d3af17e-131c-4de7-a0b4-9bacf4fdc9f1",
      "meta": {
        "profile": [ "http://hl7.org/fhir/us/qicore/StructureDefinition/qicore-organization" ]
      },
      "identifier": [ {
        "use": "temp",
        "system": "urn:oid:2.16.840.1.113883.4.4",
        "value": "21-3259825"
      } ],
      "active": true,
      "type": [ {
        "coding": [ {
          "system": "http://terminology.hl7.org/CodeSystem/organization-type",
          "code": "pay",
          "display": "Payer"
        } ]
      } ],
      "name": "Blue Cross Blue Shield of Texas",
      "telecom": [ {
        "system": "phone",
        "value": "(+1) 972-766-6900"
      } ],
      "address": [ {
        "use": "billing",
        "type": "postal",
        "line": [ "P.O. Box 660044" ],
        "city": "Dallas",
        "state": "TX",
        "postalCode": "75266-0044",
        "country": "USA"
      } ]
    },
    "request": {
      "method": "PUT",
      "url": "Organization/6d3af17e-131c-4de7-a0b4-9bacf4fdc9f1"
    }
  }, {
    "fullUrl": "https://madie.cms.gov/MeasureReport/40b9b57b-b123-4479-a6fa-a0271a2116ea",
    "resource": {
      "resourceType": "MeasureReport",
      "id": "40b9b57b-b123-4479-a6fa-a0271a2116ea",
      "meta": {
        "profile": [ "http://hl7.org/fhir/us/cqfmeasures/StructureDefinition/test-case-cqfm" ]
      },
      "contained": [ {
        "resourceType": "Parameters",
        "id": "1ef90acf-2ff2-4e55-9a0b-e2a8afb6ad3c-parameters",
        "parameter": [ {
          "name": "subject",
          "valueString": "ddfb765a-a3fb-467f-a9d9-ac6faf4cea9a"
        } ]
      } ],
      "extension": [ {
        "url": "http://hl7.org/fhir/StructureDefinition/cqf-inputParameters",
        "valueReference": {
          "reference": "#1ef90acf-2ff2-4e55-9a0b-e2a8afb6ad3c-parameters"
        }
      }, {
        "url": "http://hl7.org/fhir/us/cqfmeasures/StructureDefinition/cqfm-testCaseDescription",
        "valueMarkdown": "Enc first min of MP, BMI 18, intervention performed for below normal BMI but patient Underweight dx ended last day of prior year MP."
      } ],
      "modifierExtension": [ {
        "url": "http://hl7.org/fhir/us/cqfmeasures/StructureDefinition/cqfm-isTestCase",
        "valueBoolean": true
      } ],
      "status": "complete",
      "type": "individual",
      "measure": "https://madie.cms.gov/Measure/CMS69FHIRPCSBMIScreenAndFollowUp",
      "period": {
        "start": "2026-01-01",
        "end": "2026-12-31"
      },
      "group": [ {
        "id": "Group_1",
        "population": [ {
          "id": "InitialPopulation_1",
          "code": {
            "coding": [ {
              "system": "http://terminology.hl7.org/CodeSystem/measure-population",
              "code": "initial-population",
              "display": "Initial Population"
            } ]
          },
          "count": 1
        }, {
          "id": "Denominator_1",
          "code": {
            "coding": [ {
              "system": "http://terminology.hl7.org/CodeSystem/measure-population",
              "code": "denominator",
              "display": "Denominator"
            } ]
          },
          "count": 1
        }, {
          "id": "DenominatorExclusion_1",
          "code": {
            "coding": [ {
              "system": "http://terminology.hl7.org/CodeSystem/measure-population",
              "code": "denominator-exclusion",
              "display": "Denominator Exclusion"
            } ]
          },
          "count": 0
        }, {
          "id": "Numerator_1",
          "code": {
            "coding": [ {
              "system": "http://terminology.hl7.org/CodeSystem/measure-population",
              "code": "numerator",
              "display": "Numerator"
            } ]
          },
          "count": 0
        }, {
          "id": "DenominatorException_1",
          "code": {
            "coding": [ {
              "system": "http://terminology.hl7.org/CodeSystem/measure-population",
              "code": "denominator-exception",
              "display": "Denominator Exception"
            } ]
          },
          "count": 0
        } ],
        "measureScore": {
          "value": 1.0
        }
      } ],
      "evaluatedResource": [ {
        "reference": "Patient/ddfb765a-a3fb-467f-a9d9-ac6faf4cea9a"
      }, {
        "reference": "Encounter/6ed25e3f-c35b-4467-a339-5fe36b0ad05d"
      }, {
        "reference": "Observation/347a84c8-2b92-474a-8572-35b3981045ae"
      }, {
        "reference": "Procedure/41500439-4994-493c-bf46-d3ed6e14228a"
      }, {
        "reference": "Condition/f0b656b4-f12d-43cc-837e-a5de94bdb0d3"
      }, {
        "reference": "Coverage/5392bb4d-8592-4f15-96ff-267c023d0426"
      }, {
        "reference": "Organization/6d3af17e-131c-4de7-a0b4-9bacf4fdc9f1"
      } ]
    },
    "request": {
      "method": "PUT",
      "url": "MeasureReport/40b9b57b-b123-4479-a6fa-a0271a2116ea"
    }
  } ]
}