{
  "resourceType": "Bundle",
  "id": "46846164984615646846843",
  "type": "transaction",
  "entry": [ {
    "fullUrl": "https://madie.cms.gov/Patient/d76f4e0d-178a-4a66-9a50-bbb614819879",
    "resource": {
      "resourceType": "Patient",
      "id": "d76f4e0d-178a-4a66-9a50-bbb614819879",
      "meta": {
        "profile": [ "http://hl7.org/fhir/us/qicore/StructureDefinition/qicore-patient" ]
      },
      "extension": [ {
        "url": "http://hl7.org/fhir/us/core/StructureDefinition/us-core-race",
        "extension": [ {
          "url": "ombCategory",
          "valueCoding": {
            "system": "urn:oid:2.16.840.1.113883.6.238",
            "code": "2106-3",
            "display": "White"
          }
        }, {
          "url": "text",
          "valueString": "White"
        } ]
      }, {
        "url": "http://hl7.org/fhir/us/core/StructureDefinition/us-core-ethnicity",
        "extension": [ {
          "url": "ombCategory",
          "valueCoding": {
            "system": "urn:oid:2.16.840.1.113883.6.238",
            "code": "2186-5",
            "display": "Not Hispanic or Latino"
          }
        }, {
          "url": "text",
          "valueString": "Not Hispanic or Latino"
        } ]
      } ],
      "identifier": [ {
        "type": {
          "coding": [ {
            "system": "http://terminology.hl7.org/CodeSystem/v2-0203",
            "code": "MR"
          } ]
        },
        "system": "https://bonnie-fhir.healthit.gov/",
        "value": "630307c40968f80122477b43"
      } ],
      "name": [ {
        "family": "DENEXPopStrat1Pass",
        "given": [ "PTExpiredDuringMeasureAssessPeriod" ]
      } ],
      "gender": "male",
      "birthDate": "2009-06-06",
      "deceasedDateTime": "2026-12-10T08:00:00.000Z"
    },
    "request": {
      "method": "PUT",
      "url": "Patient/d76f4e0d-178a-4a66-9a50-bbb614819879"
    }
  }, {
    "fullUrl": "https://madie.cms.gov/Encounter/6c29511c-9f7a-46bf-9853-4ed3202e7b3d",
    "resource": {
      "resourceType": "Encounter",
      "id": "6c29511c-9f7a-46bf-9853-4ed3202e7b3d",
      "meta": {
        "profile": [ "http://hl7.org/fhir/us/qicore/StructureDefinition/qicore-encounter" ]
      },
      "status": "finished",
      "class": {
        "system": "http://www.ama-assn.org/go/cpt",
        "version": "2024",
        "code": "99205",
        "display": "Office or other outpatient visit for the evaluation and management of a new patient, which requires a medically appropriate history and/or examination and high level of medical decision making. When using time for code selection, 60-74 minutes of total time is spent on the date of the encounter."
      },
      "type": [ {
        "coding": [ {
          "system": "http://www.ama-assn.org/go/cpt",
          "version": "2024",
          "code": "90791"
        } ]
      } ],
      "subject": {
        "reference": "Patient/d76f4e0d-178a-4a66-9a50-bbb614819879"
      },
      "period": {
        "start": "2025-10-31T14:35:00+00:00",
        "end": "2025-10-31T14:45:00+00:00"
      },
      "length": {
        "value": 0,
        "unit": "days"
      }
    },
    "request": {
      "method": "PUT",
      "url": "Encounter/6c29511c-9f7a-46bf-9853-4ed3202e7b3d"
    }
  }, {
    "fullUrl": "https://madie.cms.gov/Observation/e4f81e09-0c35-4260-9ac1-2d710e1d1a39",
    "resource": {
      "resourceType": "Observation",
      "id": "e4f81e09-0c35-4260-9ac1-2d710e1d1a39",
      "meta": {
        "profile": [ "http://hl7.org/fhir/us/qicore/StructureDefinition/qicore-observation-screening-assessment" ]
      },
      "status": "final",
      "category": [ {
        "coding": [ {
          "system": "http://terminology.hl7.org/CodeSystem/observation-category",
          "code": "survey",
          "display": "Survey"
        } ]
      } ],
      "code": {
        "coding": [ {
          "system": "http://loinc.org",
          "version": "2.76",
          "code": "44261-6"
        } ]
      },
      "subject": {
        "reference": "Patient/d76f4e0d-178a-4a66-9a50-bbb614819879"
      },
      "effectiveDateTime": "2025-10-31T14:35:00+00:00",
      "valueInteger": 10
    },
    "request": {
      "method": "PUT",
      "url": "Observation/e4f81e09-0c35-4260-9ac1-2d710e1d1a39"
    }
  }, {
    "fullUrl": "https://madie.cms.gov/Condition/23a916cf-384a-401d-960a-ca83db00cf44",
    "resource": {
      "resourceType": "Condition",
      "id": "23a916cf-384a-401d-960a-ca83db00cf44",
      "meta": {
        "profile": [ "http://hl7.org/fhir/us/qicore/StructureDefinition/qicore-condition-problems-health-concerns" ]
      },
      "clinicalStatus": {
        "coding": [ {
          "system": "http://terminology.hl7.org/CodeSystem/condition-clinical",
          "code": "active",
          "display": "active"
        } ]
      },
      "verificationStatus": {
        "coding": [ {
          "system": "http://terminology.hl7.org/CodeSystem/condition-ver-status",
          "code": "confirmed"
        } ]
      },
      "category": [ {
        "coding": [ {
          "system": "http://terminology.hl7.org/CodeSystem/condition-category",
          "code": "problem-list-item",
          "display": "Problem List Item"
        } ]
      } ],
      "code": {
        "coding": [ {
          "system": "http://snomed.info/sct",
          "version": "http://snomed.info/sct/731000124108/version/20240301",
          "code": "191611001"
        } ]
      },
      "subject": {
        "reference": "Patient/d76f4e0d-178a-4a66-9a50-bbb614819879"
      },
      "onsetDateTime": "2023-10-22T14:35:00+00:00"
    },
    "request": {
      "method": "PUT",
      "url": "Condition/23a916cf-384a-401d-960a-ca83db00cf44"
    }
  }, {
    "fullUrl": "https://madie.cms.gov/MeasureReport/d4009d64-7b7c-4bf8-821f-5595f3675157",
    "resource": {
      "resourceType": "MeasureReport",
      "id": "d4009d64-7b7c-4bf8-821f-5595f3675157",
      "meta": {
        "profile": [ "http://hl7.org/fhir/us/cqfmeasures/StructureDefinition/test-case-cqfm" ]
      },
      "contained": [ {
        "resourceType": "Parameters",
        "id": "ea896947-13e4-48d6-82f3-dd718f9cbb57-parameters",
        "parameter": [ {
          "name": "subject",
          "valueString": "d76f4e0d-178a-4a66-9a50-bbb614819879"
        } ]
      } ],
      "extension": [ {
        "url": "http://hl7.org/fhir/StructureDefinition/cqf-inputParameters",
        "valueReference": {
          "reference": "#ea896947-13e4-48d6-82f3-dd718f9cbb57-parameters"
        }
      }, {
        "url": "http://hl7.org/fhir/us/cqfmeasures/StructureDefinition/cqfm-testCaseDescription",
        "valueMarkdown": "Patient is 15 years old and has a Major Depressive Dx and PHQ-9>9 during the denom ID period. Also has PHQ-9 <9. Patient expired before end of MAP. Should be in denominator exclusion for strat 1. "
      } ],
      "modifierExtension": [ {
        "url": "http://hl7.org/fhir/us/cqfmeasures/StructureDefinition/cqfm-isTestCase",
        "valueBoolean": true
      } ],
      "status": "complete",
      "type": "individual",
      "measure": "https://madie.cms.gov/Measure/CMS159FHIRDepressionRemissionatTwelveMonths",
      "period": {
        "start": "2026-01-01",
        "end": "2026-12-31"
      },
      "group": [ {
        "id": "Group_1",
        "population": [ {
          "id": "InitialPopulation_1",
          "code": {
            "coding": [ {
              "system": "http://terminology.hl7.org/CodeSystem/measure-population",
              "code": "initial-population",
              "display": "Initial Population"
            } ]
          },
          "count": 1
        }, {
          "id": "Denominator_1",
          "code": {
            "coding": [ {
              "system": "http://terminology.hl7.org/CodeSystem/measure-population",
              "code": "denominator",
              "display": "Denominator"
            } ]
          },
          "count": 1
        }, {
          "id": "DenominatorExclusion_1",
          "code": {
            "coding": [ {
              "system": "http://terminology.hl7.org/CodeSystem/measure-population",
              "code": "denominator-exclusion",
              "display": "Denominator Exclusion"
            } ]
          },
          "count": 1
        }, {
          "id": "Numerator_1",
          "code": {
            "coding": [ {
              "system": "http://terminology.hl7.org/CodeSystem/measure-population",
              "code": "numerator",
              "display": "Numerator"
            } ]
          },
          "count": 0
        } ],
        "measureScore": {
          "value": 1.0
        }
      } ],
      "evaluatedResource": [ {
        "reference": "Patient/d76f4e0d-178a-4a66-9a50-bbb614819879"
      }, {
        "reference": "Encounter/6c29511c-9f7a-46bf-9853-4ed3202e7b3d"
      }, {
        "reference": "Observation/e4f81e09-0c35-4260-9ac1-2d710e1d1a39"
      }, {
        "reference": "Condition/23a916cf-384a-401d-960a-ca83db00cf44"
      } ]
    },
    "request": {
      "method": "PUT",
      "url": "MeasureReport/d4009d64-7b7c-4bf8-821f-5595f3675157"
    }
  } ]
}