{
  "resourceType": "Bundle",
  "id": "62b1dfab3968556e5150cf35",
  "type": "transaction",
  "entry": [ {
    "fullUrl": "https://madie.cms.gov/Patient/d2cde80b-5a6c-48e9-b38a-de938f019096",
    "resource": {
      "resourceType": "Patient",
      "id": "d2cde80b-5a6c-48e9-b38a-de938f019096",
      "meta": {
        "profile": [ "http://hl7.org/fhir/us/qicore/StructureDefinition/qicore-patient" ]
      },
      "extension": [ {
        "url": "http://hl7.org/fhir/us/core/StructureDefinition/us-core-race",
        "extension": [ {
          "url": "ombCategory",
          "valueCoding": {
            "system": "urn:oid:2.16.840.1.113883.6.238",
            "code": "1002-5",
            "display": "American Indian or Alaska Native",
            "userSelected": true
          }
        }, {
          "url": "text",
          "valueString": "American Indian or Alaska Native"
        } ]
      }, {
        "url": "http://hl7.org/fhir/us/core/StructureDefinition/us-core-ethnicity",
        "extension": [ {
          "url": "ombCategory",
          "valueCoding": {
            "system": "urn:oid:2.16.840.1.113883.6.238",
            "code": "2135-2",
            "display": "Hispanic or Latino",
            "userSelected": true
          }
        }, {
          "url": "text",
          "valueString": "Hispanic or Latino"
        } ]
      } ],
      "identifier": [ {
        "type": {
          "coding": [ {
            "system": "http://terminology.hl7.org/CodeSystem/v2-0203",
            "code": "MR"
          } ]
        },
        "system": "https://bonnie-fhir.healthit.gov/",
        "value": "62b1dfab3968556e5150cf35"
      } ],
      "name": [ {
        "family": "NUMERPass",
        "given": [ "17yoPositiveAdultDepressionScreeningandFollowUp" ]
      } ],
      "gender": "male",
      "birthDate": "2009-01-01"
    },
    "request": {
      "method": "PUT",
      "url": "Patient/d2cde80b-5a6c-48e9-b38a-de938f019096"
    }
  }, {
    "fullUrl": "https://madie.cms.gov/Observation/72157efe-d4fc-46a4-8162-93158d486d8e",
    "resource": {
      "resourceType": "Observation",
      "id": "72157efe-d4fc-46a4-8162-93158d486d8e",
      "meta": {
        "profile": [ "http://hl7.org/fhir/us/qicore/StructureDefinition/qicore-observation-screening-assessment" ]
      },
      "status": "final",
      "category": [ {
        "coding": [ {
          "system": "http://terminology.hl7.org/CodeSystem/observation-category",
          "code": "procedure",
          "display": "Procedure"
        } ]
      } ],
      "code": {
        "coding": [ {
          "system": "http://loinc.org",
          "code": "73832-8",
          "display": "Adult depression screening assessment",
          "userSelected": true
        } ]
      },
      "subject": {
        "reference": "Patient/d2cde80b-5a6c-48e9-b38a-de938f019096"
      },
      "effectiveDateTime": "2026-01-01T08:00:00.000+00:00",
      "valueCodeableConcept": {
        "coding": [ {
          "system": "http://snomed.info/sct",
          "code": "428181000124104",
          "display": "Depression screening positive (finding)",
          "userSelected": true
        } ]
      }
    },
    "request": {
      "method": "PUT",
      "url": "Observation/72157efe-d4fc-46a4-8162-93158d486d8e"
    }
  }, {
    "fullUrl": "https://madie.cms.gov/Encounter/05bc021d-5c67-4a16-8607-b2c392f23a18",
    "resource": {
      "resourceType": "Encounter",
      "id": "05bc021d-5c67-4a16-8607-b2c392f23a18",
      "meta": {
        "profile": [ "http://hl7.org/fhir/us/qicore/StructureDefinition/qicore-encounter" ]
      },
      "status": "finished",
      "class": {
        "system": "http://terminology.hl7.org/CodeSystem/v3-ActCode",
        "code": "AMB",
        "display": "ambulatory"
      },
      "type": [ {
        "coding": [ {
          "system": "http://snomed.info/sct",
          "version": "2021-09",
          "code": "10197000",
          "display": "Psychiatric interview and evaluation (procedure)",
          "userSelected": true
        } ]
      } ],
      "subject": {
        "reference": "Patient/d2cde80b-5a6c-48e9-b38a-de938f019096"
      },
      "period": {
        "start": "2026-01-01T08:00:00.000+00:00",
        "end": "2026-01-01T08:15:00.000+00:00"
      }
    },
    "request": {
      "method": "PUT",
      "url": "Encounter/05bc021d-5c67-4a16-8607-b2c392f23a18"
    }
  }, {
    "fullUrl": "https://madie.cms.gov/MedicationRequest/ed00ce98-f01a-410b-8142-93f1e6c1da16",
    "resource": {
      "resourceType": "MedicationRequest",
      "id": "ed00ce98-f01a-410b-8142-93f1e6c1da16",
      "meta": {
        "profile": [ "http://hl7.org/fhir/us/qicore/StructureDefinition/qicore-medicationrequest" ]
      },
      "status": "active",
      "intent": "order",
      "doNotPerform": false,
      "medicationCodeableConcept": {
        "coding": [ {
          "system": "http://www.nlm.nih.gov/research/umls/rxnorm",
          "code": "1000048",
          "display": "doxepin hydrochloride 10 MG Oral Capsule",
          "userSelected": true
        } ]
      },
      "subject": {
        "reference": "Patient/d2cde80b-5a6c-48e9-b38a-de938f019096"
      },
      "authoredOn": "2026-01-01T08:14:00.000+00:00",
      "requester": {
        "reference": "Practitioner/123456"
      },
      "dispenseRequest": {
        "expectedSupplyDuration": {
          "value": 30,
          "system": "http://unitsofmeasure.org",
          "code": "days"
        }
      }
    },
    "request": {
      "method": "PUT",
      "url": "MedicationRequest/ed00ce98-f01a-410b-8142-93f1e6c1da16"
    }
  }, {
    "fullUrl": "https://madie.cms.gov/Coverage/82241f5b-6c7a-42ef-ab99-03f9858ed1d2",
    "resource": {
      "resourceType": "Coverage",
      "id": "82241f5b-6c7a-42ef-ab99-03f9858ed1d2",
      "meta": {
        "profile": [ "http://hl7.org/fhir/us/qicore/StructureDefinition/qicore-coverage" ]
      },
      "status": "active",
      "beneficiary": {
        "reference": "Patient/d2cde80b-5a6c-48e9-b38a-de938f019096"
      },
      "payor": [ {
        "reference": "Organization/30c1f699-0c55-4993-b6f7-20f3c830bc1f"
      } ]
    },
    "request": {
      "method": "PUT",
      "url": "Coverage/82241f5b-6c7a-42ef-ab99-03f9858ed1d2"
    }
  }, {
    "fullUrl": "https://madie.cms.gov/Organization/30c1f699-0c55-4993-b6f7-20f3c830bc1f",
    "resource": {
      "resourceType": "Organization",
      "id": "30c1f699-0c55-4993-b6f7-20f3c830bc1f",
      "meta": {
        "profile": [ "http://hl7.org/fhir/us/qicore/StructureDefinition/qicore-organization" ]
      },
      "identifier": [ {
        "use": "temp",
        "system": "urn:oid:2.16.840.1.113883.4.4",
        "value": "21-3259825"
      } ],
      "active": true,
      "type": [ {
        "coding": [ {
          "system": "http://terminology.hl7.org/CodeSystem/organization-type",
          "code": "pay",
          "display": "Payer"
        } ]
      } ],
      "name": "Blue Cross Blue Shield of Texas",
      "telecom": [ {
        "system": "phone",
        "value": "(+1) 972-766-6900"
      } ],
      "address": [ {
        "use": "billing",
        "type": "postal",
        "line": [ "P.O. Box 660044" ],
        "city": "Dallas",
        "state": "TX",
        "postalCode": "75266-0044",
        "country": "USA"
      } ]
    },
    "request": {
      "method": "PUT",
      "url": "Organization/30c1f699-0c55-4993-b6f7-20f3c830bc1f"
    }
  }, {
    "fullUrl": "https://madie.cms.gov/Practitioner/4292d3ae-ff62-48b3-bc9e-950df32f1e9d",
    "resource": {
      "resourceType": "Practitioner",
      "id": "4292d3ae-ff62-48b3-bc9e-950df32f1e9d",
      "meta": {
        "profile": [ "http://hl7.org/fhir/us/qicore/StructureDefinition/qicore-practitioner" ]
      },
      "identifier": [ {
        "system": "http://hl7.org/fhir/sid/us-npi",
        "value": "123456"
      } ],
      "name": [ {
        "family": "Evil",
        "prefix": [ "Dr" ]
      } ]
    },
    "request": {
      "method": "PUT",
      "url": "Practitioner/4292d3ae-ff62-48b3-bc9e-950df32f1e9d"
    }
  }, {
    "fullUrl": "https://madie.cms.gov/MeasureReport/cde5219c-094f-4fb1-b48d-06d6f0e1ac88",
    "resource": {
      "resourceType": "MeasureReport",
      "id": "cde5219c-094f-4fb1-b48d-06d6f0e1ac88",
      "meta": {
        "profile": [ "http://hl7.org/fhir/us/cqfmeasures/StructureDefinition/test-case-cqfm" ]
      },
      "contained": [ {
        "resourceType": "Parameters",
        "id": "b43348c0-dbbf-4509-8a31-7c8ab41b74f4-parameters",
        "parameter": [ {
          "name": "subject",
          "valueString": "d2cde80b-5a6c-48e9-b38a-de938f019096"
        } ]
      } ],
      "extension": [ {
        "url": "http://hl7.org/fhir/StructureDefinition/cqf-inputParameters",
        "valueReference": {
          "reference": "#b43348c0-dbbf-4509-8a31-7c8ab41b74f4-parameters"
        }
      }, {
        "url": "http://hl7.org/fhir/us/cqfmeasures/StructureDefinition/cqfm-testCaseDescription",
        "valueMarkdown": "17yo with previous positive adult depression screening and medication active"
      } ],
      "modifierExtension": [ {
        "url": "http://hl7.org/fhir/us/cqfmeasures/StructureDefinition/cqfm-isTestCase",
        "valueBoolean": true
      } ],
      "status": "complete",
      "type": "individual",
      "measure": "https://madie.cms.gov/Measure/CMS2FHIRPCSDepressionScreenAndFollowUp",
      "period": {
        "start": "2026-01-01",
        "end": "2026-12-31"
      },
      "group": [ {
        "id": "Group_1",
        "population": [ {
          "id": "InitialPopulation_1",
          "code": {
            "coding": [ {
              "system": "http://terminology.hl7.org/CodeSystem/measure-population",
              "code": "initial-population",
              "display": "Initial Population"
            } ]
          },
          "count": 1
        }, {
          "id": "Denominator_1",
          "code": {
            "coding": [ {
              "system": "http://terminology.hl7.org/CodeSystem/measure-population",
              "code": "denominator",
              "display": "Denominator"
            } ]
          },
          "count": 1
        }, {
          "id": "DenominatorExclusion_1",
          "code": {
            "coding": [ {
              "system": "http://terminology.hl7.org/CodeSystem/measure-population",
              "code": "denominator-exclusion",
              "display": "Denominator Exclusion"
            } ]
          },
          "count": 0
        }, {
          "id": "Numerator_1",
          "code": {
            "coding": [ {
              "system": "http://terminology.hl7.org/CodeSystem/measure-population",
              "code": "numerator",
              "display": "Numerator"
            } ]
          },
          "count": 1
        }, {
          "id": "DenominatorException_1",
          "code": {
            "coding": [ {
              "system": "http://terminology.hl7.org/CodeSystem/measure-population",
              "code": "denominator-exception",
              "display": "Denominator Exception"
            } ]
          },
          "count": 0
        } ],
        "measureScore": {
          "value": 1.0
        }
      } ],
      "evaluatedResource": [ {
        "reference": "Patient/d2cde80b-5a6c-48e9-b38a-de938f019096"
      }, {
        "reference": "Observation/72157efe-d4fc-46a4-8162-93158d486d8e"
      }, {
        "reference": "Encounter/05bc021d-5c67-4a16-8607-b2c392f23a18"
      }, {
        "reference": "MedicationRequest/ed00ce98-f01a-410b-8142-93f1e6c1da16"
      }, {
        "reference": "Coverage/82241f5b-6c7a-42ef-ab99-03f9858ed1d2"
      }, {
        "reference": "Organization/30c1f699-0c55-4993-b6f7-20f3c830bc1f"
      }, {
        "reference": "Practitioner/4292d3ae-ff62-48b3-bc9e-950df32f1e9d"
      } ]
    },
    "request": {
      "method": "PUT",
      "url": "MeasureReport/cde5219c-094f-4fb1-b48d-06d6f0e1ac88"
    }
  } ]
}