{
  "resourceType": "Bundle",
  "id": "61095b0998086b53805591a5",
  "type": "transaction",
  "entry": [ {
    "fullUrl": "https://madie.cms.gov/Patient/474db000-fed4-4679-b8de-be967e146299",
    "resource": {
      "resourceType": "Patient",
      "id": "474db000-fed4-4679-b8de-be967e146299",
      "meta": {
        "profile": [ "http://hl7.org/fhir/us/qicore/StructureDefinition/qicore-patient" ]
      },
      "text": {
        "status": "generated",
        "div": "<div xmlns=\"http://www.w3.org/1999/xhtml\"><div class=\"hapiHeaderText\">Age@18 <b>DENOMPASS </b></div><table class=\"hapiPropertyTable\"><tbody><tr><td>Identifier</td><td>67f3e33acf17bcb386e754d726ed064ccd48ba21ff0ffb2eb678740a684398be</td></tr><tr><td>Date of birth</td><td><span>01 January 1994</span></td></tr></tbody></table></div>"
      },
      "extension": [ {
        "url": "http://hl7.org/fhir/us/core/StructureDefinition/us-core-race",
        "extension": [ {
          "url": "ombCategory",
          "valueCoding": {
            "system": "urn:oid:2.16.840.1.113883.6.238",
            "code": "1002-5",
            "display": "American Indian or Alaska Native",
            "userSelected": true
          }
        }, {
          "url": "text",
          "valueString": "American Indian or Alaska Native"
        } ]
      }, {
        "url": "http://hl7.org/fhir/us/core/StructureDefinition/us-core-ethnicity",
        "extension": [ {
          "url": "ombCategory",
          "valueCoding": {
            "system": "urn:oid:2.16.840.1.113883.6.238",
            "code": "2135-2",
            "display": "Hispanic or Latino",
            "userSelected": true
          }
        }, {
          "url": "text",
          "valueString": "Hispanic or Latino"
        } ]
      } ],
      "identifier": [ {
        "type": {
          "coding": [ {
            "system": "http://terminology.hl7.org/CodeSystem/v2-0203",
            "code": "MR"
          } ]
        },
        "system": "https://bonnie-fhir.healthit.gov/",
        "value": "61095b0998086b53805591a5"
      } ],
      "active": true,
      "name": [ {
        "use": "usual",
        "family": "DENEXFail",
        "given": [ "FailAcuteSubacuteIridocyclitisAfterCatSurg" ]
      } ],
      "gender": "female",
      "birthDate": "1996-01-01"
    },
    "request": {
      "method": "PUT",
      "url": "Patient/474db000-fed4-4679-b8de-be967e146299"
    }
  }, {
    "fullUrl": "https://madie.cms.gov/Observation/6a0b723e-8bd1-4325-b2ab-795a926f49cc",
    "resource": {
      "resourceType": "Observation",
      "id": "6a0b723e-8bd1-4325-b2ab-795a926f49cc",
      "meta": {
        "profile": [ "http://hl7.org/fhir/us/qicore/StructureDefinition/qicore-observation-clinical-result" ]
      },
      "status": "final",
      "category": [ {
        "coding": [ {
          "system": "http://terminology.hl7.org/CodeSystem/observation-category",
          "code": "exam",
          "display": "Exam"
        } ]
      } ],
      "code": {
        "coding": [ {
          "system": "http://snomed.info/sct",
          "code": "419775003"
        } ]
      },
      "subject": {
        "reference": "Patient/474db000-fed4-4679-b8de-be967e146299"
      },
      "effectivePeriod": {
        "start": "2026-03-13T09:00:00+00:00",
        "end": "2026-03-13T09:30:00+00:00"
      }
    },
    "request": {
      "method": "PUT",
      "url": "Observation/6a0b723e-8bd1-4325-b2ab-795a926f49cc"
    }
  }, {
    "fullUrl": "https://madie.cms.gov/Procedure/4b3372c4-a9ed-4dad-99ec-bc27091c704a",
    "resource": {
      "resourceType": "Procedure",
      "id": "4b3372c4-a9ed-4dad-99ec-bc27091c704a",
      "meta": {
        "profile": [ "http://hl7.org/fhir/us/qicore/StructureDefinition/qicore-procedure" ]
      },
      "extension": [ {
        "url": "http://hl7.org/fhir/us/qicore/StructureDefinition/qicore-recorded",
        "valueDateTime": "2026-03-05T09:35:00-04:00"
      } ],
      "status": "completed",
      "code": {
        "coding": [ {
          "system": "http://snomed.info/sct",
          "code": "84149000"
        } ]
      },
      "subject": {
        "reference": "Patient/474db000-fed4-4679-b8de-be967e146299"
      },
      "performedPeriod": {
        "start": "2026-03-05T09:20:00-04:00",
        "end": "2026-04-05T10:30:00-04:00"
      }
    },
    "request": {
      "method": "PUT",
      "url": "Procedure/4b3372c4-a9ed-4dad-99ec-bc27091c704a"
    }
  }, {
    "fullUrl": "https://madie.cms.gov/Condition/be0ab250-20f8-4d7c-9c05-585418bfba09",
    "resource": {
      "resourceType": "Condition",
      "id": "be0ab250-20f8-4d7c-9c05-585418bfba09",
      "meta": {
        "profile": [ "http://hl7.org/fhir/us/qicore/StructureDefinition/qicore-condition-problems-health-concerns" ]
      },
      "clinicalStatus": {
        "coding": [ {
          "system": "http://terminology.hl7.org/CodeSystem/condition-clinical",
          "code": "active",
          "display": "active",
          "userSelected": true
        } ]
      },
      "category": [ {
        "coding": [ {
          "system": "http://terminology.hl7.org/CodeSystem/condition-clinical",
          "code": "active",
          "display": "active",
          "userSelected": true
        } ]
      } ],
      "code": {
        "coding": [ {
          "system": "http://hl7.org/fhir/sid/icd-10-cm",
          "code": "H20.013",
          "userSelected": true
        }, {
          "system": "http://snomed.info/sct",
          "code": "29050005",
          "userSelected": true
        } ]
      },
      "subject": {
        "reference": "Patient/474db000-fed4-4679-b8de-be967e146299"
      },
      "onsetDateTime": "2026-11-01T08:00:00.000+00:00"
    },
    "request": {
      "method": "PUT",
      "url": "Condition/be0ab250-20f8-4d7c-9c05-585418bfba09"
    }
  }, {
    "fullUrl": "https://madie.cms.gov/Coverage/cfffede4-9f29-4fc5-870b-4e5798c56dc8",
    "resource": {
      "resourceType": "Coverage",
      "id": "cfffede4-9f29-4fc5-870b-4e5798c56dc8",
      "meta": {
        "profile": [ "http://hl7.org/fhir/us/qicore/StructureDefinition/qicore-coverage" ]
      },
      "status": "active",
      "beneficiary": {
        "reference": "Patient/474db000-fed4-4679-b8de-be967e146299"
      },
      "payor": [ {
        "reference": "Organization/a477e336-75cb-4b1c-a928-ace958b5a386"
      } ]
    },
    "request": {
      "method": "PUT",
      "url": "Coverage/cfffede4-9f29-4fc5-870b-4e5798c56dc8"
    }
  }, {
    "fullUrl": "https://madie.cms.gov/Organization/a477e336-75cb-4b1c-a928-ace958b5a386",
    "resource": {
      "resourceType": "Organization",
      "id": "a477e336-75cb-4b1c-a928-ace958b5a386",
      "meta": {
        "profile": [ "http://hl7.org/fhir/us/qicore/StructureDefinition/qicore-organization" ]
      },
      "identifier": [ {
        "use": "temp",
        "system": "urn:oid:2.16.840.1.113883.4.4",
        "value": "21-3259825"
      } ],
      "active": true,
      "type": [ {
        "coding": [ {
          "system": "http://terminology.hl7.org/CodeSystem/organization-type",
          "code": "pay",
          "display": "Payer"
        } ]
      } ],
      "name": "Blue Cross Blue Shield of Texas",
      "telecom": [ {
        "system": "phone",
        "value": "(+1) 972-766-6900"
      } ],
      "address": [ {
        "use": "billing",
        "type": "postal",
        "line": [ "P.O. Box 660044" ],
        "city": "Dallas",
        "state": "TX",
        "postalCode": "75266-0044",
        "country": "USA"
      } ]
    },
    "request": {
      "method": "PUT",
      "url": "Organization/a477e336-75cb-4b1c-a928-ace958b5a386"
    }
  }, {
    "fullUrl": "https://madie.cms.gov/Practitioner/c8432a35-43da-42b3-913d-e42394f24eca",
    "resource": {
      "resourceType": "Practitioner",
      "id": "c8432a35-43da-42b3-913d-e42394f24eca",
      "meta": {
        "profile": [ "http://hl7.org/fhir/us/qicore/StructureDefinition/qicore-practitioner" ]
      },
      "identifier": [ {
        "system": "http://hl7.org/fhir/sid/us-npi",
        "value": "123456"
      } ],
      "name": [ {
        "family": "Evil",
        "prefix": [ "Dr" ]
      } ]
    },
    "request": {
      "method": "PUT",
      "url": "Practitioner/c8432a35-43da-42b3-913d-e42394f24eca"
    }
  }, {
    "fullUrl": "https://madie.cms.gov/MeasureReport/0b75defd-e21d-4b59-bdb9-a9a49f814043",
    "resource": {
      "resourceType": "MeasureReport",
      "id": "0b75defd-e21d-4b59-bdb9-a9a49f814043",
      "meta": {
        "profile": [ "http://hl7.org/fhir/us/cqfmeasures/StructureDefinition/test-case-cqfm" ]
      },
      "contained": [ {
        "resourceType": "Parameters",
        "id": "a7c8a7a1-c955-4daf-a2b1-3cad34b836ac-parameters",
        "parameter": [ {
          "name": "subject",
          "valueString": "474db000-fed4-4679-b8de-be967e146299"
        } ]
      } ],
      "extension": [ {
        "url": "http://hl7.org/fhir/StructureDefinition/cqf-inputParameters",
        "valueReference": {
          "reference": "#a7c8a7a1-c955-4daf-a2b1-3cad34b836ac-parameters"
        }
      }, {
        "url": "http://hl7.org/fhir/us/cqfmeasures/StructureDefinition/cqfm-testCaseDescription",
        "valueMarkdown": "Patient with Acute and Subacute Iridocyclitis starting after cataract surgery. "
      } ],
      "modifierExtension": [ {
        "url": "http://hl7.org/fhir/us/cqfmeasures/StructureDefinition/cqfm-isTestCase",
        "valueBoolean": true
      } ],
      "status": "complete",
      "type": "individual",
      "measure": "https://madie.cms.gov/Measure/CMS133FHIRCataracts2040BCVAwithin90Days",
      "period": {
        "start": "2026-01-01",
        "end": "2026-12-31"
      },
      "group": [ {
        "id": "Group_1",
        "population": [ {
          "id": "InitialPopulation_1",
          "code": {
            "coding": [ {
              "system": "http://terminology.hl7.org/CodeSystem/measure-population",
              "code": "initial-population",
              "display": "Initial Population"
            } ]
          },
          "count": 1
        }, {
          "id": "Denominator_1",
          "code": {
            "coding": [ {
              "system": "http://terminology.hl7.org/CodeSystem/measure-population",
              "code": "denominator",
              "display": "Denominator"
            } ]
          },
          "count": 1
        }, {
          "id": "DenominatorExclusion_1",
          "code": {
            "coding": [ {
              "system": "http://terminology.hl7.org/CodeSystem/measure-population",
              "code": "denominator-exclusion",
              "display": "Denominator Exclusion"
            } ]
          },
          "count": 0
        }, {
          "id": "Numerator_1",
          "code": {
            "coding": [ {
              "system": "http://terminology.hl7.org/CodeSystem/measure-population",
              "code": "numerator",
              "display": "Numerator"
            } ]
          },
          "count": 0
        } ],
        "measureScore": {
          "value": 0.0
        }
      } ],
      "evaluatedResource": [ {
        "reference": "Patient/474db000-fed4-4679-b8de-be967e146299"
      }, {
        "reference": "Observation/6a0b723e-8bd1-4325-b2ab-795a926f49cc"
      }, {
        "reference": "Procedure/4b3372c4-a9ed-4dad-99ec-bc27091c704a"
      }, {
        "reference": "Condition/be0ab250-20f8-4d7c-9c05-585418bfba09"
      }, {
        "reference": "Coverage/cfffede4-9f29-4fc5-870b-4e5798c56dc8"
      }, {
        "reference": "Organization/a477e336-75cb-4b1c-a928-ace958b5a386"
      }, {
        "reference": "Practitioner/c8432a35-43da-42b3-913d-e42394f24eca"
      } ]
    },
    "request": {
      "method": "PUT",
      "url": "MeasureReport/0b75defd-e21d-4b59-bdb9-a9a49f814043"
    }
  } ]
}