{
  "resourceType": "Bundle",
  "id": "c5b2c76c-cc6a-11ed-894b-325096b39f47",
  "type": "transaction",
  "entry": [ {
    "fullUrl": "https://madie.cms.gov/Patient/8bb45bbf-4685-45ed-ab5d-004f87214748",
    "resource": {
      "resourceType": "Patient",
      "id": "8bb45bbf-4685-45ed-ab5d-004f87214748",
      "meta": {
        "profile": [ "http://hl7.org/fhir/us/qicore/StructureDefinition/qicore-patient" ]
      },
      "extension": [ {
        "url": "http://hl7.org/fhir/us/core/StructureDefinition/us-core-race",
        "extension": [ {
          "url": "ombCategory",
          "valueCoding": {
            "system": "urn:oid:2.16.840.1.113883.6.238",
            "code": "2106-3",
            "display": "White"
          }
        }, {
          "url": "text",
          "valueString": "White"
        } ]
      }, {
        "url": "http://hl7.org/fhir/us/core/StructureDefinition/us-core-ethnicity",
        "extension": [ {
          "url": "ombCategory",
          "valueCoding": {
            "system": "urn:oid:2.16.840.1.113883.6.238",
            "code": "2135-2",
            "display": "Hispanic or Latino",
            "userSelected": true
          }
        }, {
          "url": "text",
          "valueString": "Hispanic or Latino"
        } ]
      } ],
      "identifier": [ {
        "type": {
          "coding": [ {
            "system": "http://terminology.hl7.org/CodeSystem/v2-0203",
            "code": "MR"
          } ]
        },
        "system": "https://smarthealth.com",
        "value": "900082319426"
      } ],
      "name": [ {
        "family": "DENEXPass",
        "given": [ "MorbidObesityDxOnSameDayAs2ndUSS" ]
      } ],
      "gender": "male",
      "birthDate": "1959-01-10"
    },
    "request": {
      "method": "PUT",
      "url": "Patient/8bb45bbf-4685-45ed-ab5d-004f87214748"
    }
  }, {
    "fullUrl": "https://madie.cms.gov/Encounter/9a119303-3eb2-45e1-a063-1014c163a737",
    "resource": {
      "resourceType": "Encounter",
      "id": "9a119303-3eb2-45e1-a063-1014c163a737",
      "meta": {
        "profile": [ "http://hl7.org/fhir/us/qicore/StructureDefinition/qicore-encounter" ]
      },
      "status": "finished",
      "class": {
        "system": "http://terminology.hl7.org/CodeSystem/v3-ActCode",
        "code": "AMB",
        "display": "ambulatory"
      },
      "type": [ {
        "coding": [ {
          "system": "http://snomed.info/sct",
          "version": "http://snomed.info/sct/731000124108/version/20240301",
          "code": "439740005",
          "display": "Postoperative follow-up visit (procedure)",
          "userSelected": true
        } ]
      } ],
      "subject": {
        "reference": "Patient/8bb45bbf-4685-45ed-ab5d-004f87214748"
      },
      "period": {
        "start": "2026-05-01T08:00:00.000+00:00",
        "end": "2026-05-01T08:30:00.000+00:00"
      }
    },
    "request": {
      "method": "PUT",
      "url": "Encounter/9a119303-3eb2-45e1-a063-1014c163a737"
    }
  }, {
    "fullUrl": "https://madie.cms.gov/Condition/300d1f11-7420-4c07-9210-71ce9ffefbcd",
    "resource": {
      "resourceType": "Condition",
      "id": "300d1f11-7420-4c07-9210-71ce9ffefbcd",
      "meta": {
        "profile": [ "http://hl7.org/fhir/us/qicore/StructureDefinition/qicore-condition-encounter-diagnosis" ]
      },
      "clinicalStatus": {
        "coding": [ {
          "system": "http://terminology.hl7.org/CodeSystem/condition-clinical",
          "code": "active",
          "display": "active",
          "userSelected": true
        } ]
      },
      "verificationStatus": {
        "coding": [ {
          "system": "http://terminology.hl7.org/CodeSystem/condition-ver-status",
          "code": "confirmed",
          "display": "Confirmed",
          "userSelected": true
        } ]
      },
      "category": [ {
        "coding": [ {
          "system": "http://terminology.hl7.org/CodeSystem/condition-category",
          "code": "encounter-diagnosis",
          "display": "Encounter Diagnosis"
        } ]
      } ],
      "code": {
        "coding": [ {
          "system": "http://hl7.org/fhir/sid/icd-10-cm",
          "version": "2024",
          "code": "N40.1",
          "display": "Benign prostatic hyperplasia with lower urinary tract symptoms",
          "userSelected": true
        } ]
      },
      "subject": {
        "reference": "Patient/8bb45bbf-4685-45ed-ab5d-004f87214748"
      },
      "onsetPeriod": {
        "start": "2025-12-14T15:00:00.000+00:00"
      }
    },
    "request": {
      "method": "PUT",
      "url": "Condition/300d1f11-7420-4c07-9210-71ce9ffefbcd"
    }
  }, {
    "fullUrl": "https://madie.cms.gov/Condition/f15230a5-aa9a-4f1d-91d2-15695e4d4e2c",
    "resource": {
      "resourceType": "Condition",
      "id": "f15230a5-aa9a-4f1d-91d2-15695e4d4e2c",
      "meta": {
        "profile": [ "http://hl7.org/fhir/us/qicore/StructureDefinition/qicore-condition-encounter-diagnosis" ]
      },
      "clinicalStatus": {
        "coding": [ {
          "system": "http://terminology.hl7.org/CodeSystem/condition-clinical",
          "code": "active",
          "display": "active",
          "userSelected": true
        } ]
      },
      "verificationStatus": {
        "coding": [ {
          "system": "http://terminology.hl7.org/CodeSystem/condition-ver-status",
          "code": "confirmed",
          "display": "Confirmed",
          "userSelected": true
        } ]
      },
      "category": [ {
        "coding": [ {
          "system": "http://terminology.hl7.org/CodeSystem/condition-category",
          "code": "encounter-diagnosis",
          "display": "Encounter Diagnosis"
        } ]
      } ],
      "code": {
        "coding": [ {
          "system": "http://snomed.info/sct",
          "version": "http://snomed.info/sct/731000124108/version/20240301",
          "code": "238136002",
          "display": "Morbid obesity (disorder)"
        } ]
      },
      "subject": {
        "reference": "Patient/8bb45bbf-4685-45ed-ab5d-004f87214748"
      },
      "onsetPeriod": {
        "start": "2026-12-01T08:15:00.000+00:00"
      }
    },
    "request": {
      "method": "PUT",
      "url": "Condition/f15230a5-aa9a-4f1d-91d2-15695e4d4e2c"
    }
  }, {
    "fullUrl": "https://madie.cms.gov/Observation/4d80b27b-7f88-42af-a073-9af1f91f1dd1",
    "resource": {
      "resourceType": "Observation",
      "id": "4d80b27b-7f88-42af-a073-9af1f91f1dd1",
      "meta": {
        "profile": [ "http://hl7.org/fhir/us/qicore/StructureDefinition/qicore-observation-screening-assessment" ]
      },
      "status": "final",
      "category": [ {
        "coding": [ {
          "system": "http://terminology.hl7.org/CodeSystem/observation-category",
          "code": "survey",
          "display": "Survey"
        } ]
      } ],
      "code": {
        "coding": [ {
          "system": "http://loinc.org",
          "version": "2.76",
          "code": "80976-4",
          "display": "International Prostate Symptom Score [IPSS]",
          "userSelected": true
        } ]
      },
      "subject": {
        "reference": "Patient/8bb45bbf-4685-45ed-ab5d-004f87214748"
      },
      "effectiveDateTime": "2026-01-02T08:15:00.000+00:00",
      "valueInteger": 5
    },
    "request": {
      "method": "PUT",
      "url": "Observation/4d80b27b-7f88-42af-a073-9af1f91f1dd1"
    }
  }, {
    "fullUrl": "https://madie.cms.gov/Observation/31c60c01-50be-4559-b504-e11ef6063187",
    "resource": {
      "resourceType": "Observation",
      "id": "31c60c01-50be-4559-b504-e11ef6063187",
      "meta": {
        "profile": [ "http://hl7.org/fhir/us/qicore/StructureDefinition/qicore-observation-screening-assessment" ]
      },
      "status": "final",
      "category": [ {
        "coding": [ {
          "system": "http://terminology.hl7.org/CodeSystem/observation-category",
          "code": "survey",
          "display": "Survey"
        } ]
      } ],
      "code": {
        "coding": [ {
          "system": "http://loinc.org",
          "version": "2.76",
          "code": "80976-4",
          "display": "International Prostate Symptom Score [IPSS]",
          "userSelected": true
        } ]
      },
      "subject": {
        "reference": "Patient/8bb45bbf-4685-45ed-ab5d-004f87214748"
      },
      "effectiveDateTime": "2026-12-01T08:15:00.000+00:00",
      "valueInteger": 5
    },
    "request": {
      "method": "PUT",
      "url": "Observation/31c60c01-50be-4559-b504-e11ef6063187"
    }
  }, {
    "fullUrl": "https://madie.cms.gov/MeasureReport/045077e6-5b53-4eef-a607-1f344c012c40",
    "resource": {
      "resourceType": "MeasureReport",
      "id": "045077e6-5b53-4eef-a607-1f344c012c40",
      "meta": {
        "profile": [ "http://hl7.org/fhir/us/cqfmeasures/StructureDefinition/test-case-cqfm" ]
      },
      "contained": [ {
        "resourceType": "Parameters",
        "id": "76cf3cb0-e9a9-4c22-b4dc-952402c88b3d-parameters",
        "parameter": [ {
          "name": "subject",
          "valueString": "8bb45bbf-4685-45ed-ab5d-004f87214748"
        } ]
      } ],
      "extension": [ {
        "url": "http://hl7.org/fhir/StructureDefinition/cqf-inputParameters",
        "valueReference": {
          "reference": "#76cf3cb0-e9a9-4c22-b4dc-952402c88b3d-parameters"
        }
      }, {
        "url": "http://hl7.org/fhir/us/cqfmeasures/StructureDefinition/cqfm-testCaseDescription",
        "valueMarkdown": "Patient has a dignosis of Morbid Obesity occuring same day as second urinary symptom assessment and qualifying for denominator exclusion population."
      } ],
      "modifierExtension": [ {
        "url": "http://hl7.org/fhir/us/cqfmeasures/StructureDefinition/cqfm-isTestCase",
        "valueBoolean": true
      } ],
      "status": "complete",
      "type": "individual",
      "measure": "https://madie.cms.gov/Measure/CMS771FHIRUrinarySymptomScoreChangeBenignProstaticHyperplasia",
      "period": {
        "start": "2026-01-01",
        "end": "2026-12-31"
      },
      "group": [ {
        "id": "Group_1",
        "population": [ {
          "id": "InitialPopulation_1",
          "code": {
            "coding": [ {
              "system": "http://terminology.hl7.org/CodeSystem/measure-population",
              "code": "initial-population",
              "display": "Initial Population"
            } ]
          },
          "count": 1
        }, {
          "id": "Denominator_1",
          "code": {
            "coding": [ {
              "system": "http://terminology.hl7.org/CodeSystem/measure-population",
              "code": "denominator",
              "display": "Denominator"
            } ]
          },
          "count": 1
        }, {
          "id": "DenominatorExclusion_1",
          "code": {
            "coding": [ {
              "system": "http://terminology.hl7.org/CodeSystem/measure-population",
              "code": "denominator-exclusion",
              "display": "Denominator Exclusion"
            } ]
          },
          "count": 1
        }, {
          "id": "Numerator_1",
          "code": {
            "coding": [ {
              "system": "http://terminology.hl7.org/CodeSystem/measure-population",
              "code": "numerator",
              "display": "Numerator"
            } ]
          },
          "count": 0
        } ],
        "measureScore": {
          "value": 1.0
        }
      } ],
      "evaluatedResource": [ {
        "reference": "Patient/8bb45bbf-4685-45ed-ab5d-004f87214748"
      }, {
        "reference": "Encounter/9a119303-3eb2-45e1-a063-1014c163a737"
      }, {
        "reference": "Condition/300d1f11-7420-4c07-9210-71ce9ffefbcd"
      }, {
        "reference": "Condition/f15230a5-aa9a-4f1d-91d2-15695e4d4e2c"
      }, {
        "reference": "Observation/4d80b27b-7f88-42af-a073-9af1f91f1dd1"
      }, {
        "reference": "Observation/31c60c01-50be-4559-b504-e11ef6063187"
      } ]
    },
    "request": {
      "method": "PUT",
      "url": "MeasureReport/045077e6-5b53-4eef-a607-1f344c012c40"
    }
  } ]
}