{
  "resourceType": "Bundle",
  "id": "98116841646686466847",
  "type": "transaction",
  "entry": [ {
    "fullUrl": "https://madie.cms.gov/Patient/4888e5a5-18ce-4034-b597-68b631225fc2",
    "resource": {
      "resourceType": "Patient",
      "id": "4888e5a5-18ce-4034-b597-68b631225fc2",
      "meta": {
        "profile": [ "http://hl7.org/fhir/us/qicore/StructureDefinition/qicore-patient" ]
      },
      "extension": [ {
        "url": "http://hl7.org/fhir/us/core/StructureDefinition/us-core-race",
        "extension": [ {
          "url": "ombCategory",
          "valueCoding": {
            "system": "urn:oid:2.16.840.1.113883.6.238",
            "code": "2106-3",
            "display": "White"
          }
        }, {
          "url": "text",
          "valueString": "White"
        } ]
      }, {
        "url": "http://hl7.org/fhir/us/core/StructureDefinition/us-core-ethnicity",
        "extension": [ {
          "url": "ombCategory",
          "valueCoding": {
            "system": "urn:oid:2.16.840.1.113883.6.238",
            "code": "2186-5",
            "display": "Not Hispanic or Latino"
          }
        }, {
          "url": "text",
          "valueString": "Not Hispanic or Latino"
        } ]
      } ],
      "identifier": [ {
        "type": {
          "coding": [ {
            "system": "http://terminology.hl7.org/CodeSystem/v2-0203",
            "code": "MR"
          } ]
        },
        "system": "https://bonnie-fhir.healthit.gov/",
        "value": "6546841651641616513421"
      } ],
      "name": [ {
        "family": "DENEXPopStrat2Pass",
        "given": [ "PallCareDXDuringMP" ]
      } ],
      "gender": "female",
      "birthDate": "1970-01-01"
    },
    "request": {
      "method": "PUT",
      "url": "Patient/4888e5a5-18ce-4034-b597-68b631225fc2"
    }
  }, {
    "fullUrl": "https://madie.cms.gov/Encounter/df949636-9b14-47ff-aa0a-5a8245f69881",
    "resource": {
      "resourceType": "Encounter",
      "id": "df949636-9b14-47ff-aa0a-5a8245f69881",
      "meta": {
        "profile": [ "http://hl7.org/fhir/us/qicore/StructureDefinition/qicore-encounter" ]
      },
      "status": "finished",
      "class": {
        "system": "http://terminology.hl7.org/CodeSystem/v3-ActCode",
        "code": "AMB",
        "display": "ambulatory"
      },
      "type": [ {
        "coding": [ {
          "system": "http://www.ama-assn.org/go/cpt",
          "version": "2024",
          "code": "90791"
        } ]
      } ],
      "subject": {
        "reference": "Patient/4888e5a5-18ce-4034-b597-68b631225fc2"
      },
      "period": {
        "start": "2025-02-25T14:30:00+00:00",
        "end": "2025-02-25T14:50:00+00:00"
      },
      "length": {
        "value": 0,
        "unit": "days"
      }
    },
    "request": {
      "method": "PUT",
      "url": "Encounter/df949636-9b14-47ff-aa0a-5a8245f69881"
    }
  }, {
    "fullUrl": "https://madie.cms.gov/Observation/de5903a2-34fd-43e0-b724-99090cbe914e",
    "resource": {
      "resourceType": "Observation",
      "id": "de5903a2-34fd-43e0-b724-99090cbe914e",
      "meta": {
        "profile": [ "http://hl7.org/fhir/us/qicore/StructureDefinition/qicore-observation-screening-assessment" ]
      },
      "status": "final",
      "category": [ {
        "coding": [ {
          "system": "http://terminology.hl7.org/CodeSystem/observation-category",
          "code": "survey",
          "display": "Survey"
        } ]
      } ],
      "code": {
        "coding": [ {
          "system": "http://loinc.org",
          "version": "2.76",
          "code": "44261-6"
        } ]
      },
      "subject": {
        "reference": "Patient/4888e5a5-18ce-4034-b597-68b631225fc2"
      },
      "effectiveDateTime": "2025-02-25T14:35:00+00:00",
      "valueInteger": 10
    },
    "request": {
      "method": "PUT",
      "url": "Observation/de5903a2-34fd-43e0-b724-99090cbe914e"
    }
  }, {
    "fullUrl": "https://madie.cms.gov/Observation/5e1d7482-1f00-482c-8487-5a3bb6df1d7f",
    "resource": {
      "resourceType": "Observation",
      "id": "5e1d7482-1f00-482c-8487-5a3bb6df1d7f",
      "meta": {
        "profile": [ "http://hl7.org/fhir/us/qicore/StructureDefinition/qicore-observation-screening-assessment" ]
      },
      "status": "final",
      "category": [ {
        "coding": [ {
          "system": "http://terminology.hl7.org/CodeSystem/observation-category",
          "code": "survey",
          "display": "Survey"
        } ]
      } ],
      "code": {
        "coding": [ {
          "system": "http://loinc.org",
          "version": "2.76",
          "code": "44261-6"
        } ]
      },
      "subject": {
        "reference": "Patient/4888e5a5-18ce-4034-b597-68b631225fc2"
      },
      "effectiveDateTime": "2025-02-19T14:30:00+00:00",
      "valueInteger": 3
    },
    "request": {
      "method": "PUT",
      "url": "Observation/5e1d7482-1f00-482c-8487-5a3bb6df1d7f"
    }
  }, {
    "fullUrl": "https://madie.cms.gov/Condition/7bf33cf7-f93e-44f8-8c41-7bd6538aeafc",
    "resource": {
      "resourceType": "Condition",
      "id": "7bf33cf7-f93e-44f8-8c41-7bd6538aeafc",
      "meta": {
        "profile": [ "http://hl7.org/fhir/us/qicore/StructureDefinition/qicore-condition-problems-health-concerns" ]
      },
      "clinicalStatus": {
        "coding": [ {
          "system": "http://terminology.hl7.org/CodeSystem/condition-clinical",
          "code": "active",
          "display": "active"
        } ]
      },
      "verificationStatus": {
        "coding": [ {
          "system": "http://terminology.hl7.org/CodeSystem/condition-ver-status",
          "code": "confirmed"
        } ]
      },
      "category": [ {
        "coding": [ {
          "system": "http://terminology.hl7.org/CodeSystem/condition-category",
          "code": "problem-list-item",
          "display": "Problem List Item"
        } ]
      } ],
      "code": {
        "coding": [ {
          "system": "http://hl7.org/fhir/sid/icd-10-cm",
          "version": "2024",
          "code": "F32.9"
        } ]
      },
      "subject": {
        "reference": "Patient/4888e5a5-18ce-4034-b597-68b631225fc2"
      },
      "onsetDateTime": "2025-02-25T14:35:00+00:00"
    },
    "request": {
      "method": "PUT",
      "url": "Condition/7bf33cf7-f93e-44f8-8c41-7bd6538aeafc"
    }
  }, {
    "fullUrl": "https://madie.cms.gov/Condition/37d47663-422b-41e1-becb-4a20cf790b36",
    "resource": {
      "resourceType": "Condition",
      "id": "37d47663-422b-41e1-becb-4a20cf790b36",
      "meta": {
        "profile": [ "http://hl7.org/fhir/us/qicore/StructureDefinition/qicore-condition-problems-health-concerns" ]
      },
      "clinicalStatus": {
        "coding": [ {
          "system": "http://terminology.hl7.org/CodeSystem/condition-clinical",
          "code": "active",
          "display": "active"
        } ]
      },
      "verificationStatus": {
        "coding": [ {
          "system": "http://terminology.hl7.org/CodeSystem/condition-ver-status",
          "code": "confirmed"
        } ]
      },
      "category": [ {
        "coding": [ {
          "system": "http://terminology.hl7.org/CodeSystem/condition-category",
          "code": "problem-list-item",
          "display": "Problem List Item"
        } ]
      } ],
      "code": {
        "coding": [ {
          "system": "http://hl7.org/fhir/sid/icd-10-cm",
          "version": "2024",
          "code": "Z51.5"
        } ]
      },
      "subject": {
        "reference": "Patient/4888e5a5-18ce-4034-b597-68b631225fc2"
      },
      "onsetDateTime": "2026-01-25T14:35:00+00:00"
    },
    "request": {
      "method": "PUT",
      "url": "Condition/37d47663-422b-41e1-becb-4a20cf790b36"
    }
  }, {
    "fullUrl": "https://madie.cms.gov/MeasureReport/636efcc1-9458-4009-a8f7-f5a758081fa0",
    "resource": {
      "resourceType": "MeasureReport",
      "id": "636efcc1-9458-4009-a8f7-f5a758081fa0",
      "meta": {
        "profile": [ "http://hl7.org/fhir/us/cqfmeasures/StructureDefinition/test-case-cqfm" ]
      },
      "contained": [ {
        "resourceType": "Parameters",
        "id": "34475635-fec8-4519-9064-b9754e0d4b5a-parameters",
        "parameter": [ {
          "name": "subject",
          "valueString": "4888e5a5-18ce-4034-b597-68b631225fc2"
        } ]
      } ],
      "extension": [ {
        "url": "http://hl7.org/fhir/StructureDefinition/cqf-inputParameters",
        "valueReference": {
          "reference": "#34475635-fec8-4519-9064-b9754e0d4b5a-parameters"
        }
      }, {
        "url": "http://hl7.org/fhir/us/cqfmeasures/StructureDefinition/cqfm-testCaseDescription",
        "valueMarkdown": "Patient has a Major Depressive Dx and PHQ-9>9 during the denom ID period. Patient has palliative care DX before end of MAP Should be in denominator exclusion for Strat 2. "
      } ],
      "modifierExtension": [ {
        "url": "http://hl7.org/fhir/us/cqfmeasures/StructureDefinition/cqfm-isTestCase",
        "valueBoolean": true
      } ],
      "status": "complete",
      "type": "individual",
      "measure": "https://madie.cms.gov/Measure/CMS159FHIRDepressionRemissionatTwelveMonths",
      "period": {
        "start": "2026-01-01",
        "end": "2026-12-31"
      },
      "group": [ {
        "id": "Group_1",
        "population": [ {
          "id": "InitialPopulation_1",
          "code": {
            "coding": [ {
              "system": "http://terminology.hl7.org/CodeSystem/measure-population",
              "code": "initial-population",
              "display": "Initial Population"
            } ]
          },
          "count": 1
        }, {
          "id": "Denominator_1",
          "code": {
            "coding": [ {
              "system": "http://terminology.hl7.org/CodeSystem/measure-population",
              "code": "denominator",
              "display": "Denominator"
            } ]
          },
          "count": 1
        }, {
          "id": "DenominatorExclusion_1",
          "code": {
            "coding": [ {
              "system": "http://terminology.hl7.org/CodeSystem/measure-population",
              "code": "denominator-exclusion",
              "display": "Denominator Exclusion"
            } ]
          },
          "count": 1
        }, {
          "id": "Numerator_1",
          "code": {
            "coding": [ {
              "system": "http://terminology.hl7.org/CodeSystem/measure-population",
              "code": "numerator",
              "display": "Numerator"
            } ]
          },
          "count": 0
        } ],
        "measureScore": {
          "value": 1.0
        }
      } ],
      "evaluatedResource": [ {
        "reference": "Patient/4888e5a5-18ce-4034-b597-68b631225fc2"
      }, {
        "reference": "Encounter/df949636-9b14-47ff-aa0a-5a8245f69881"
      }, {
        "reference": "Observation/de5903a2-34fd-43e0-b724-99090cbe914e"
      }, {
        "reference": "Observation/5e1d7482-1f00-482c-8487-5a3bb6df1d7f"
      }, {
        "reference": "Condition/7bf33cf7-f93e-44f8-8c41-7bd6538aeafc"
      }, {
        "reference": "Condition/37d47663-422b-41e1-becb-4a20cf790b36"
      } ]
    },
    "request": {
      "method": "PUT",
      "url": "MeasureReport/636efcc1-9458-4009-a8f7-f5a758081fa0"
    }
  } ]
}