{
  "resourceType": "Bundle",
  "id": "DENEXPass-DementiaOverlapsMP",
  "type": "transaction",
  "entry": [ {
    "fullUrl": "https://madie.cms.gov/Patient/8fefb13c-23a8-47db-9f7e-4adada2c68c0",
    "resource": {
      "resourceType": "Patient",
      "id": "8fefb13c-23a8-47db-9f7e-4adada2c68c0",
      "meta": {
        "profile": [ "http://hl7.org/fhir/us/qicore/StructureDefinition/qicore-patient" ]
      },
      "extension": [ {
        "url": "http://hl7.org/fhir/us/core/StructureDefinition/us-core-race",
        "extension": [ {
          "url": "ombCategory",
          "valueCoding": {
            "system": "urn:oid:2.16.840.1.113883.6.238",
            "code": "2028-9",
            "display": "Asian"
          }
        }, {
          "url": "text",
          "valueString": "Asian"
        } ]
      }, {
        "url": "http://hl7.org/fhir/us/core/StructureDefinition/us-core-ethnicity",
        "extension": [ {
          "url": "ombCategory",
          "valueCoding": {
            "system": "urn:oid:2.16.840.1.113883.6.238",
            "code": "2135-2",
            "display": "Hispanic or Latino"
          }
        }, {
          "url": "text",
          "valueString": "Hispanic or Latino"
        } ]
      } ],
      "identifier": [ {
        "system": "http://hospital.smarthealthit.org",
        "value": "999999995"
      } ],
      "name": [ {
        "family": "Bertha",
        "given": [ "Betty" ]
      } ],
      "gender": "female",
      "birthDate": "2007-01-01"
    },
    "request": {
      "method": "PUT",
      "url": "Patient/8fefb13c-23a8-47db-9f7e-4adada2c68c0"
    }
  }, {
    "fullUrl": "https://madie.cms.gov/Procedure/09e7f414-fa28-465c-b574-a34acbce539b",
    "resource": {
      "resourceType": "Procedure",
      "id": "09e7f414-fa28-465c-b574-a34acbce539b",
      "meta": {
        "profile": [ "http://hl7.org/fhir/us/qicore/StructureDefinition/qicore-procedure" ]
      },
      "extension": [ {
        "url": "http://hl7.org/fhir/us/qicore/StructureDefinition/qicore-recorded",
        "valueDateTime": "2026-01-15T00:00:00.000Z"
      } ],
      "status": "completed",
      "code": {
        "coding": [ {
          "system": "http://www.cms.gov/Medicare/Coding/ICD10",
          "code": "0SR9019",
          "display": "Replacement of Right Hip Joint with Metal Synthetic Substitute, Cemented, Open Approach"
        } ]
      },
      "subject": {
        "reference": "Patient/8fefb13c-23a8-47db-9f7e-4adada2c68c0"
      },
      "performedPeriod": {
        "start": "2024-11-01T00:00:00.000Z",
        "end": "2024-11-01T01:00:00.000Z"
      }
    },
    "request": {
      "method": "PUT",
      "url": "Procedure/09e7f414-fa28-465c-b574-a34acbce539b"
    }
  }, {
    "fullUrl": "https://madie.cms.gov/Encounter/05f456a9-baf2-4a61-bf26-7c20fac13e81",
    "resource": {
      "resourceType": "Encounter",
      "id": "05f456a9-baf2-4a61-bf26-7c20fac13e81",
      "meta": {
        "profile": [ "http://hl7.org/fhir/us/qicore/StructureDefinition/qicore-encounter" ]
      },
      "status": "finished",
      "class": {
        "system": "http://terminology.hl7.org/CodeSystem/v3-ActCode",
        "code": "AMB",
        "display": "ambulatory"
      },
      "type": [ {
        "coding": [ {
          "system": "http://snomed.info/sct",
          "code": "281036007",
          "display": "Follow-up consultation (procedure)"
        } ]
      } ],
      "subject": {
        "reference": "Patient/8fefb13c-23a8-47db-9f7e-4adada2c68c0"
      },
      "period": {
        "start": "2025-11-01T00:00:00.000Z",
        "end": "2025-11-01T01:15:00.000Z"
      }
    },
    "request": {
      "method": "PUT",
      "url": "Encounter/05f456a9-baf2-4a61-bf26-7c20fac13e81"
    }
  }, {
    "fullUrl": "https://madie.cms.gov/Condition/318ec44b-ed3e-45d7-a323-16324d882047",
    "resource": {
      "resourceType": "Condition",
      "id": "318ec44b-ed3e-45d7-a323-16324d882047",
      "meta": {
        "profile": [ "http://hl7.org/fhir/us/qicore/StructureDefinition/qicore-condition-encounter-diagnosis" ]
      },
      "clinicalStatus": {
        "coding": [ {
          "system": "http://terminology.hl7.org/CodeSystem/condition-clinical",
          "code": "active"
        } ]
      },
      "category": [ {
        "coding": [ {
          "system": "http://terminology.hl7.org/CodeSystem/condition-category",
          "code": "encounter-diagnosis",
          "display": "Encounter Diagnosis"
        } ]
      } ],
      "code": {
        "coding": [ {
          "system": "http://snomed.info/sct",
          "code": "702956004",
          "display": "Severe cognitive impairment (finding)"
        } ]
      },
      "subject": {
        "reference": "Patient/8fefb13c-23a8-47db-9f7e-4adada2c68c0"
      },
      "onsetDateTime": "2026-01-01T00:00:00.000Z"
    },
    "request": {
      "method": "PUT",
      "url": "Condition/318ec44b-ed3e-45d7-a323-16324d882047"
    }
  }, {
    "fullUrl": "https://madie.cms.gov/MeasureReport/dc2a8374-96bd-41db-8a58-ca1399e2c770",
    "resource": {
      "resourceType": "MeasureReport",
      "id": "dc2a8374-96bd-41db-8a58-ca1399e2c770",
      "meta": {
        "profile": [ "http://hl7.org/fhir/us/cqfmeasures/StructureDefinition/test-case-cqfm" ]
      },
      "contained": [ {
        "resourceType": "Parameters",
        "id": "7313a2fc-5e88-4bdf-a028-da215a81bd83-parameters",
        "parameter": [ {
          "name": "subject",
          "valueString": "8fefb13c-23a8-47db-9f7e-4adada2c68c0"
        } ]
      } ],
      "extension": [ {
        "url": "http://hl7.org/fhir/StructureDefinition/cqf-inputParameters",
        "valueReference": {
          "reference": "#7313a2fc-5e88-4bdf-a028-da215a81bd83-parameters"
        }
      }, {
        "url": "http://hl7.org/fhir/us/cqfmeasures/StructureDefinition/cqfm-testCaseDescription",
        "valueMarkdown": "Severe Cognitive Impairment Dx overlaps Measurement Period"
      } ],
      "modifierExtension": [ {
        "url": "http://hl7.org/fhir/us/cqfmeasures/StructureDefinition/cqfm-isTestCase",
        "valueBoolean": true
      } ],
      "status": "complete",
      "type": "individual",
      "measure": "https://madie.cms.gov/Measure/CMS56FHIRFunctionalStatusAssessmentforTotalHipReplacement",
      "period": {
        "start": "2026-01-01",
        "end": "2026-12-31"
      },
      "group": [ {
        "id": "Group_1",
        "population": [ {
          "id": "InitialPopulation_1",
          "code": {
            "coding": [ {
              "system": "http://terminology.hl7.org/CodeSystem/measure-population",
              "code": "initial-population",
              "display": "Initial Population"
            } ]
          },
          "count": 1
        }, {
          "id": "Denominator_1",
          "code": {
            "coding": [ {
              "system": "http://terminology.hl7.org/CodeSystem/measure-population",
              "code": "denominator",
              "display": "Denominator"
            } ]
          },
          "count": 1
        }, {
          "id": "DenominatorExclusion_1",
          "code": {
            "coding": [ {
              "system": "http://terminology.hl7.org/CodeSystem/measure-population",
              "code": "denominator-exclusion",
              "display": "Denominator Exclusion"
            } ]
          },
          "count": 1
        }, {
          "id": "Numerator_1",
          "code": {
            "coding": [ {
              "system": "http://terminology.hl7.org/CodeSystem/measure-population",
              "code": "numerator",
              "display": "Numerator"
            } ]
          },
          "count": 0
        } ],
        "measureScore": {
          "value": 1.0
        }
      } ],
      "evaluatedResource": [ {
        "reference": "Patient/8fefb13c-23a8-47db-9f7e-4adada2c68c0"
      }, {
        "reference": "Procedure/09e7f414-fa28-465c-b574-a34acbce539b"
      }, {
        "reference": "Encounter/05f456a9-baf2-4a61-bf26-7c20fac13e81"
      }, {
        "reference": "Condition/318ec44b-ed3e-45d7-a323-16324d882047"
      } ]
    },
    "request": {
      "method": "PUT",
      "url": "MeasureReport/dc2a8374-96bd-41db-8a58-ca1399e2c770"
    }
  } ]
}