{
  "resourceType": "Bundle",
  "id": "62b1e15a3968556e5150cf3b",
  "type": "transaction",
  "entry": [ {
    "fullUrl": "https://madie.cms.gov/Patient/cf76e904-95bd-445d-8384-62be012b76f6",
    "resource": {
      "resourceType": "Patient",
      "id": "cf76e904-95bd-445d-8384-62be012b76f6",
      "meta": {
        "profile": [ "http://hl7.org/fhir/us/qicore/StructureDefinition/qicore-patient" ]
      },
      "extension": [ {
        "url": "http://hl7.org/fhir/us/core/StructureDefinition/us-core-race",
        "extension": [ {
          "url": "ombCategory",
          "valueCoding": {
            "system": "urn:oid:2.16.840.1.113883.6.238",
            "code": "1002-5",
            "display": "American Indian or Alaska Native",
            "userSelected": true
          }
        }, {
          "url": "text",
          "valueString": "American Indian or Alaska Native"
        } ]
      }, {
        "url": "http://hl7.org/fhir/us/core/StructureDefinition/us-core-ethnicity",
        "extension": [ {
          "url": "ombCategory",
          "valueCoding": {
            "system": "urn:oid:2.16.840.1.113883.6.238",
            "code": "2135-2",
            "display": "Hispanic or Latino",
            "userSelected": true
          }
        }, {
          "url": "text",
          "valueString": "Hispanic or Latino"
        } ]
      } ],
      "identifier": [ {
        "type": {
          "coding": [ {
            "system": "http://terminology.hl7.org/CodeSystem/v2-0203",
            "code": "MR"
          } ]
        },
        "system": "https://bonnie-fhir.healthit.gov/",
        "value": "62b1e15a3968556e5150cf3b"
      } ],
      "name": [ {
        "family": "DENOMEXPass",
        "given": [ "AdolescentHistoryOfBipolarRemission" ]
      } ],
      "gender": "male",
      "birthDate": "2009-01-01"
    },
    "request": {
      "method": "PUT",
      "url": "Patient/cf76e904-95bd-445d-8384-62be012b76f6"
    }
  }, {
    "fullUrl": "https://madie.cms.gov/Encounter/9dffb4c0-8929-4807-aaf5-f947f16f9995",
    "resource": {
      "resourceType": "Encounter",
      "id": "9dffb4c0-8929-4807-aaf5-f947f16f9995",
      "meta": {
        "profile": [ "http://hl7.org/fhir/us/qicore/StructureDefinition/qicore-encounter" ]
      },
      "status": "finished",
      "class": {
        "system": "http://terminology.hl7.org/CodeSystem/v3-ActCode",
        "code": "AMB",
        "display": "ambulatory"
      },
      "type": [ {
        "coding": [ {
          "system": "http://snomed.info/sct",
          "version": "2021-09",
          "code": "10197000",
          "display": "Psychiatric interview and evaluation (procedure)",
          "userSelected": true
        } ]
      } ],
      "subject": {
        "reference": "Patient/cf76e904-95bd-445d-8384-62be012b76f6"
      },
      "period": {
        "start": "2026-01-01T08:00:00.000+00:00",
        "end": "2026-01-01T08:15:00.000+00:00"
      }
    },
    "request": {
      "method": "PUT",
      "url": "Encounter/9dffb4c0-8929-4807-aaf5-f947f16f9995"
    }
  }, {
    "fullUrl": "https://madie.cms.gov/Condition/399bc099-9228-4af0-8930-1bbf1664b462",
    "resource": {
      "resourceType": "Condition",
      "id": "399bc099-9228-4af0-8930-1bbf1664b462",
      "meta": {
        "profile": [ "http://hl7.org/fhir/us/qicore/StructureDefinition/qicore-condition-problems-health-concerns" ]
      },
      "clinicalStatus": {
        "coding": [ {
          "system": "http://terminology.hl7.org/CodeSystem/condition-clinical",
          "code": "active",
          "display": "active",
          "userSelected": true
        } ]
      },
      "category": [ {
        "coding": [ {
          "system": "http://terminology.hl7.org/CodeSystem/condition-category",
          "code": "problem-list-item",
          "display": "Problem List Item"
        } ]
      } ],
      "code": {
        "coding": [ {
          "system": "http://snomed.info/sct",
          "version": "2021-09",
          "code": "12969000",
          "display": "Severe bipolar II disorder, most recent episode major depressive, in full remission (disorder)",
          "userSelected": true
        } ]
      },
      "subject": {
        "reference": "Patient/cf76e904-95bd-445d-8384-62be012b76f6"
      },
      "onsetDateTime": "2021-12-31T23:59:00.000+00:00"
    },
    "request": {
      "method": "PUT",
      "url": "Condition/399bc099-9228-4af0-8930-1bbf1664b462"
    }
  }, {
    "fullUrl": "https://madie.cms.gov/Coverage/1a17be74-fcbc-4a89-b9cd-0f4b3dd9b530",
    "resource": {
      "resourceType": "Coverage",
      "id": "1a17be74-fcbc-4a89-b9cd-0f4b3dd9b530",
      "meta": {
        "profile": [ "http://hl7.org/fhir/us/qicore/StructureDefinition/qicore-coverage" ]
      },
      "status": "active",
      "beneficiary": {
        "reference": "Patient/cf76e904-95bd-445d-8384-62be012b76f6"
      },
      "payor": [ {
        "reference": "Organization/f4c6e973-1e65-4d75-b735-ee64b640c976"
      } ]
    },
    "request": {
      "method": "PUT",
      "url": "Coverage/1a17be74-fcbc-4a89-b9cd-0f4b3dd9b530"
    }
  }, {
    "fullUrl": "https://madie.cms.gov/Organization/f4c6e973-1e65-4d75-b735-ee64b640c976",
    "resource": {
      "resourceType": "Organization",
      "id": "f4c6e973-1e65-4d75-b735-ee64b640c976",
      "meta": {
        "profile": [ "http://hl7.org/fhir/us/qicore/StructureDefinition/qicore-organization" ]
      },
      "identifier": [ {
        "use": "temp",
        "system": "urn:oid:2.16.840.1.113883.4.4",
        "value": "21-3259825"
      } ],
      "active": true,
      "type": [ {
        "coding": [ {
          "system": "http://terminology.hl7.org/CodeSystem/organization-type",
          "code": "pay",
          "display": "Payer"
        } ]
      } ],
      "name": "Blue Cross Blue Shield of Texas",
      "telecom": [ {
        "system": "phone",
        "value": "(+1) 972-766-6900"
      } ],
      "address": [ {
        "use": "billing",
        "type": "postal",
        "line": [ "P.O. Box 660044" ],
        "city": "Dallas",
        "state": "TX",
        "postalCode": "75266-0044",
        "country": "USA"
      } ]
    },
    "request": {
      "method": "PUT",
      "url": "Organization/f4c6e973-1e65-4d75-b735-ee64b640c976"
    }
  }, {
    "fullUrl": "https://madie.cms.gov/Practitioner/047d6b88-730d-416a-8ea5-292ab0d34e55",
    "resource": {
      "resourceType": "Practitioner",
      "id": "047d6b88-730d-416a-8ea5-292ab0d34e55",
      "meta": {
        "profile": [ "http://hl7.org/fhir/us/qicore/StructureDefinition/qicore-practitioner" ]
      },
      "identifier": [ {
        "system": "http://hl7.org/fhir/sid/us-npi",
        "value": "123456"
      } ],
      "name": [ {
        "family": "Evil",
        "prefix": [ "Dr" ]
      } ]
    },
    "request": {
      "method": "PUT",
      "url": "Practitioner/047d6b88-730d-416a-8ea5-292ab0d34e55"
    }
  }, {
    "fullUrl": "https://madie.cms.gov/MeasureReport/3a7142dd-3f58-49ea-8c9b-ce66b31d4c7a",
    "resource": {
      "resourceType": "MeasureReport",
      "id": "3a7142dd-3f58-49ea-8c9b-ce66b31d4c7a",
      "meta": {
        "profile": [ "http://hl7.org/fhir/us/cqfmeasures/StructureDefinition/test-case-cqfm" ]
      },
      "contained": [ {
        "resourceType": "Parameters",
        "id": "b4e1d4aa-6c95-4eb8-9816-f0ac8047dd2b-parameters",
        "parameter": [ {
          "name": "subject",
          "valueString": "cf76e904-95bd-445d-8384-62be012b76f6"
        } ]
      } ],
      "extension": [ {
        "url": "http://hl7.org/fhir/StructureDefinition/cqf-inputParameters",
        "valueReference": {
          "reference": "#b4e1d4aa-6c95-4eb8-9816-f0ac8047dd2b-parameters"
        }
      }, {
        "url": "http://hl7.org/fhir/us/cqfmeasures/StructureDefinition/cqfm-testCaseDescription",
        "valueMarkdown": "17 yo patient on first day of MP with history of bipolar – remission day before MP starts"
      } ],
      "modifierExtension": [ {
        "url": "http://hl7.org/fhir/us/cqfmeasures/StructureDefinition/cqfm-isTestCase",
        "valueBoolean": true
      } ],
      "status": "complete",
      "type": "individual",
      "measure": "https://madie.cms.gov/Measure/CMS2FHIRPCSDepressionScreenAndFollowUp",
      "period": {
        "start": "2026-01-01",
        "end": "2026-12-31"
      },
      "group": [ {
        "id": "Group_1",
        "population": [ {
          "id": "InitialPopulation_1",
          "code": {
            "coding": [ {
              "system": "http://terminology.hl7.org/CodeSystem/measure-population",
              "code": "initial-population",
              "display": "Initial Population"
            } ]
          },
          "count": 1
        }, {
          "id": "Denominator_1",
          "code": {
            "coding": [ {
              "system": "http://terminology.hl7.org/CodeSystem/measure-population",
              "code": "denominator",
              "display": "Denominator"
            } ]
          },
          "count": 1
        }, {
          "id": "DenominatorExclusion_1",
          "code": {
            "coding": [ {
              "system": "http://terminology.hl7.org/CodeSystem/measure-population",
              "code": "denominator-exclusion",
              "display": "Denominator Exclusion"
            } ]
          },
          "count": 1
        }, {
          "id": "Numerator_1",
          "code": {
            "coding": [ {
              "system": "http://terminology.hl7.org/CodeSystem/measure-population",
              "code": "numerator",
              "display": "Numerator"
            } ]
          },
          "count": 0
        }, {
          "id": "DenominatorException_1",
          "code": {
            "coding": [ {
              "system": "http://terminology.hl7.org/CodeSystem/measure-population",
              "code": "denominator-exception",
              "display": "Denominator Exception"
            } ]
          },
          "count": 0
        } ],
        "measureScore": {
          "value": 1.0
        }
      } ],
      "evaluatedResource": [ {
        "reference": "Patient/cf76e904-95bd-445d-8384-62be012b76f6"
      }, {
        "reference": "Encounter/9dffb4c0-8929-4807-aaf5-f947f16f9995"
      }, {
        "reference": "Condition/399bc099-9228-4af0-8930-1bbf1664b462"
      }, {
        "reference": "Coverage/1a17be74-fcbc-4a89-b9cd-0f4b3dd9b530"
      }, {
        "reference": "Organization/f4c6e973-1e65-4d75-b735-ee64b640c976"
      }, {
        "reference": "Practitioner/047d6b88-730d-416a-8ea5-292ab0d34e55"
      } ]
    },
    "request": {
      "method": "PUT",
      "url": "MeasureReport/3a7142dd-3f58-49ea-8c9b-ce66b31d4c7a"
    }
  } ]
}