{
  "resourceType": "Bundle",
  "id": "657cbdc9b4f1f0343662347a",
  "type": "transaction",
  "entry": [ {
    "fullUrl": "https://madie.cms.gov/Patient/de3b49e7-ffd3-4f5a-aa3a-249aefd1f0d0",
    "resource": {
      "resourceType": "Patient",
      "id": "de3b49e7-ffd3-4f5a-aa3a-249aefd1f0d0",
      "meta": {
        "profile": [ "http://hl7.org/fhir/us/qicore/StructureDefinition/qicore-patient" ]
      },
      "extension": [ {
        "url": "http://hl7.org/fhir/us/core/StructureDefinition/us-core-race",
        "extension": [ {
          "url": "ombCategory",
          "valueCoding": {
            "system": "urn:oid:2.16.840.1.113883.6.238",
            "code": "2106-3",
            "display": "White",
            "userSelected": true
          }
        }, {
          "url": "text",
          "valueString": "White"
        } ]
      }, {
        "url": "http://hl7.org/fhir/us/core/StructureDefinition/us-core-ethnicity",
        "extension": [ {
          "url": "ombCategory",
          "valueCoding": {
            "system": "urn:oid:2.16.840.1.113883.6.238",
            "code": "2186-5",
            "display": "Not Hispanic or Latino",
            "userSelected": true
          }
        }, {
          "url": "text",
          "valueString": "Not Hispanic or Latino"
        } ]
      } ],
      "identifier": [ {
        "type": {
          "coding": [ {
            "system": "http://terminology.hl7.org/CodeSystem/v2-0203",
            "code": "MR"
          } ]
        },
        "system": "https://bonnie-fhir.healthit.gov/",
        "value": "657cbdc9b4f1f0343662347a"
      } ],
      "name": [ {
        "family": "IPOPPass",
        "given": [ "InptEncStatusEnteredInErrorLocationEncClassInptAcute" ]
      } ],
      "gender": "female",
      "birthDate": "2008-01-01"
    },
    "request": {
      "method": "PUT",
      "url": "Patient/de3b49e7-ffd3-4f5a-aa3a-249aefd1f0d0"
    }
  }, {
    "fullUrl": "https://madie.cms.gov/Encounter/88fb0946-faa9-4153-9c21-620818d4e078",
    "resource": {
      "resourceType": "Encounter",
      "id": "88fb0946-faa9-4153-9c21-620818d4e078",
      "meta": {
        "profile": [ "http://hl7.org/fhir/us/qicore/StructureDefinition/qicore-encounter" ]
      },
      "status": "entered-in-error",
      "class": {
        "system": "http://terminology.hl7.org/CodeSystem/v3-ActCode",
        "code": "ACUTE",
        "display": "inpatient acute"
      },
      "type": [ {
        "coding": [ {
          "system": "http://snomed.info/sct",
          "version": "2024",
          "code": "32485007",
          "display": "Hospital admission (procedure)",
          "userSelected": true
        } ]
      } ],
      "subject": {
        "reference": "Patient/de3b49e7-ffd3-4f5a-aa3a-249aefd1f0d0"
      },
      "period": {
        "start": "2026-01-01T08:00:00Z",
        "end": "2026-01-02T09:15:00Z"
      },
      "location": [ {
        "location": {
          "reference": "Location/95b3151d-61fd-4d75-8e44-e103cb992a92"
        },
        "period": {
          "start": "2026-01-01T00:00:00Z",
          "end": "2026-01-01T10:01:00Z"
        }
      } ]
    },
    "request": {
      "method": "PUT",
      "url": "Encounter/88fb0946-faa9-4153-9c21-620818d4e078"
    }
  }, {
    "fullUrl": "https://madie.cms.gov/Location/95b3151d-61fd-4d75-8e44-e103cb992a92",
    "resource": {
      "resourceType": "Location",
      "id": "95b3151d-61fd-4d75-8e44-e103cb992a92",
      "meta": {
        "profile": [ "http://hl7.org/fhir/us/qicore/StructureDefinition/qicore-location" ]
      },
      "identifier": [ {
        "use": "usual",
        "system": "http://exampleoflocation.com",
        "value": "B1-S.F2"
      } ],
      "name": "Medical Surgical East, first floor",
      "type": [ {
        "coding": [ {
          "system": "https://www.cdc.gov/nhsn/cdaportal/terminology/codesystem/hsloc.html",
          "code": "1025-6",
          "display": "Trauma Critical Care",
          "userSelected": true
        } ]
      } ]
    },
    "request": {
      "method": "PUT",
      "url": "Location/95b3151d-61fd-4d75-8e44-e103cb992a92"
    }
  }, {
    "fullUrl": "https://madie.cms.gov/MedicationAdministration/5431b88b-787a-4141-a54a-b37ad0571ee0",
    "resource": {
      "resourceType": "MedicationAdministration",
      "id": "5431b88b-787a-4141-a54a-b37ad0571ee0",
      "meta": {
        "profile": [ "http://hl7.org/fhir/us/qicore/StructureDefinition/qicore-medicationadministration" ]
      },
      "status": "completed",
      "medicationCodeableConcept": {
        "coding": [ {
          "system": "http://www.nlm.nih.gov/research/umls/rxnorm",
          "code": "1007184",
          "display": "insulin aspart protamine, human / insulin aspart, human"
        } ]
      },
      "subject": {
        "reference": "Patient/de3b49e7-ffd3-4f5a-aa3a-249aefd1f0d0"
      },
      "effectivePeriod": {
        "start": "2026-01-01T08:00:00Z",
        "end": "2026-01-01T08:15:00Z"
      }
    },
    "request": {
      "method": "PUT",
      "url": "MedicationAdministration/5431b88b-787a-4141-a54a-b37ad0571ee0"
    }
  }, {
    "fullUrl": "https://madie.cms.gov/Coverage/9db6f8ca-99d8-4742-acce-daf73e4cb9e8",
    "resource": {
      "resourceType": "Coverage",
      "id": "9db6f8ca-99d8-4742-acce-daf73e4cb9e8",
      "meta": {
        "profile": [ "http://hl7.org/fhir/us/qicore/StructureDefinition/qicore-coverage" ]
      },
      "identifier": [ {
        "system": "http://benefitsinc.com/certificate",
        "value": "12345"
      } ],
      "status": "active",
      "type": {
        "coding": [ {
          "system": "https://nahdo.org/sopt",
          "version": "1.0.1",
          "code": "1",
          "display": "MEDICARE",
          "userSelected": true
        } ]
      },
      "subscriberId": "AB9876",
      "beneficiary": {
        "reference": "Patient/de3b49e7-ffd3-4f5a-aa3a-249aefd1f0d0"
      },
      "relationship": {
        "coding": [ {
          "system": "http://terminology.hl7.org/CodeSystem/subscriber-relationship",
          "code": "self"
        } ]
      },
      "payor": [ {
        "reference": "Organization/39588a90-7cce-4c4f-a724-37157bf2398b"
      } ]
    },
    "request": {
      "method": "PUT",
      "url": "Coverage/9db6f8ca-99d8-4742-acce-daf73e4cb9e8"
    }
  }, {
    "fullUrl": "https://madie.cms.gov/Organization/39588a90-7cce-4c4f-a724-37157bf2398b",
    "resource": {
      "resourceType": "Organization",
      "id": "39588a90-7cce-4c4f-a724-37157bf2398b",
      "meta": {
        "profile": [ "http://hl7.org/fhir/us/qicore/StructureDefinition/qicore-organization" ]
      },
      "identifier": [ {
        "use": "temp",
        "system": "urn:oid:2.16.840.1.113883.4.4",
        "value": "21-3259825"
      } ],
      "active": true,
      "type": [ {
        "coding": [ {
          "system": "http://terminology.hl7.org/CodeSystem/organization-type",
          "code": "pay",
          "display": "Payer"
        } ]
      } ],
      "name": "Blue Cross Blue Shield of Texas",
      "telecom": [ {
        "system": "phone",
        "value": "(+1) 972-766-6900"
      } ],
      "address": [ {
        "use": "billing",
        "type": "postal",
        "line": [ "P.O. Box 660044" ],
        "city": "Dallas",
        "state": "TX",
        "postalCode": "75266-0044",
        "country": "USA"
      } ]
    },
    "request": {
      "method": "PUT",
      "url": "Organization/39588a90-7cce-4c4f-a724-37157bf2398b"
    }
  }, {
    "fullUrl": "https://madie.cms.gov/Practitioner/8c85a525-526d-48e4-9e5c-7c4e39797e1c",
    "resource": {
      "resourceType": "Practitioner",
      "id": "8c85a525-526d-48e4-9e5c-7c4e39797e1c",
      "meta": {
        "profile": [ "http://hl7.org/fhir/us/qicore/StructureDefinition/qicore-practitioner" ]
      },
      "identifier": [ {
        "system": "http://hl7.org/fhir/sid/us-npi",
        "value": "0723660813"
      } ],
      "name": [ {
        "family": "Evil",
        "prefix": [ "Dr" ]
      } ]
    },
    "request": {
      "method": "PUT",
      "url": "Practitioner/8c85a525-526d-48e4-9e5c-7c4e39797e1c"
    }
  }, {
    "fullUrl": "https://madie.cms.gov/MeasureReport/1469734e-e8aa-4355-9f8a-d34a40e59fcb",
    "resource": {
      "resourceType": "MeasureReport",
      "id": "1469734e-e8aa-4355-9f8a-d34a40e59fcb",
      "meta": {
        "profile": [ "http://hl7.org/fhir/us/cqfmeasures/StructureDefinition/test-case-cqfm" ]
      },
      "contained": [ {
        "resourceType": "Parameters",
        "id": "325662ee-795e-488f-bf41-72432db8b45b-parameters",
        "parameter": [ {
          "name": "subject",
          "valueString": "de3b49e7-ffd3-4f5a-aa3a-249aefd1f0d0"
        } ]
      } ],
      "extension": [ {
        "url": "http://hl7.org/fhir/StructureDefinition/cqf-inputParameters",
        "valueReference": {
          "reference": "#325662ee-795e-488f-bf41-72432db8b45b-parameters"
        }
      }, {
        "url": "http://hl7.org/fhir/us/cqfmeasures/StructureDefinition/cqfm-testCaseDescription",
        "valueMarkdown": "Inpatient encounter with diabetic medication administration with location- entered in error, class = inpatient acute"
      } ],
      "modifierExtension": [ {
        "url": "http://hl7.org/fhir/us/cqfmeasures/StructureDefinition/cqfm-isTestCase",
        "valueBoolean": true
      } ],
      "status": "complete",
      "type": "individual",
      "measure": "https://madie.cms.gov/Measure/NHSNGlycemicControlHypoglycemiaInitialPopulation",
      "period": {
        "start": "2026-01-01",
        "end": "2026-12-31"
      },
      "group": [ {
        "id": "Group_1",
        "population": [ {
          "id": "InitialPopulation_1",
          "code": {
            "coding": [ {
              "system": "http://terminology.hl7.org/CodeSystem/measure-population",
              "code": "initial-population",
              "display": "Initial Population"
            } ]
          },
          "count": 1
        } ],
        "measureScore": {
          "value": 0.0
        }
      } ],
      "evaluatedResource": [ {
        "reference": "Patient/de3b49e7-ffd3-4f5a-aa3a-249aefd1f0d0"
      }, {
        "reference": "Encounter/88fb0946-faa9-4153-9c21-620818d4e078"
      }, {
        "reference": "Location/95b3151d-61fd-4d75-8e44-e103cb992a92"
      }, {
        "reference": "MedicationAdministration/5431b88b-787a-4141-a54a-b37ad0571ee0"
      }, {
        "reference": "Coverage/9db6f8ca-99d8-4742-acce-daf73e4cb9e8"
      }, {
        "reference": "Organization/39588a90-7cce-4c4f-a724-37157bf2398b"
      }, {
        "reference": "Practitioner/8c85a525-526d-48e4-9e5c-7c4e39797e1c"
      } ]
    },
    "request": {
      "method": "PUT",
      "url": "MeasureReport/1469734e-e8aa-4355-9f8a-d34a40e59fcb"
    }
  } ]
}