{
  "resourceType": "Bundle",
  "id": "62ec329cea03a4ebacd6a08b",
  "type": "transaction",
  "entry": [ {
    "fullUrl": "https://madie.cms.gov/Patient/12626e98-67c8-4f3d-bac5-dbb5d57f58c8",
    "resource": {
      "resourceType": "Patient",
      "id": "12626e98-67c8-4f3d-bac5-dbb5d57f58c8",
      "meta": {
        "profile": [ "http://hl7.org/fhir/us/qicore/StructureDefinition/qicore-patient" ]
      },
      "extension": [ {
        "url": "http://hl7.org/fhir/us/core/StructureDefinition/us-core-race",
        "extension": [ {
          "url": "ombCategory",
          "valueCoding": {
            "system": "urn:oid:2.16.840.1.113883.6.238",
            "code": "1002-5",
            "display": "American Indian or Alaska Native",
            "userSelected": true
          }
        }, {
          "url": "text",
          "valueString": "American Indian or Alaska Native"
        } ]
      }, {
        "url": "http://hl7.org/fhir/us/core/StructureDefinition/us-core-ethnicity",
        "extension": [ {
          "url": "ombCategory",
          "valueCoding": {
            "system": "urn:oid:2.16.840.1.113883.6.238",
            "code": "2135-2",
            "display": "Hispanic or Latino",
            "userSelected": true
          }
        }, {
          "url": "text",
          "valueString": "Hispanic or Latino"
        } ]
      } ],
      "identifier": [ {
        "type": {
          "coding": [ {
            "system": "http://terminology.hl7.org/CodeSystem/v2-0203",
            "code": "MR"
          } ]
        },
        "system": "https://bonnie-fhir.healthit.gov/",
        "value": "62ec329cea03a4ebacd6a08b"
      } ],
      "name": [ {
        "family": "NumerPass",
        "given": [ "EncFinishedProcedureCompleted" ]
      } ],
      "gender": "unknown",
      "birthDate": "2008-01-01"
    },
    "request": {
      "method": "PUT",
      "url": "Patient/12626e98-67c8-4f3d-bac5-dbb5d57f58c8"
    }
  }, {
    "fullUrl": "https://madie.cms.gov/Encounter/d07521f9-63cd-4eca-bfdc-e190d3ce040d",
    "resource": {
      "resourceType": "Encounter",
      "id": "d07521f9-63cd-4eca-bfdc-e190d3ce040d",
      "meta": {
        "profile": [ "http://hl7.org/fhir/us/qicore/StructureDefinition/qicore-encounter" ]
      },
      "status": "finished",
      "class": {
        "system": "http://terminology.hl7.org/CodeSystem/v3-ActCode",
        "code": "IMP",
        "display": "inpatient encounter"
      },
      "type": [ {
        "coding": [ {
          "system": "http://snomed.info/sct",
          "version": "2022-03",
          "code": "10197000",
          "display": "Psychiatric interview and evaluation (procedure)",
          "userSelected": true
        } ]
      } ],
      "subject": {
        "reference": "Patient/12626e98-67c8-4f3d-bac5-dbb5d57f58c8"
      },
      "period": {
        "start": "2026-08-04T08:00:00.000+00:00",
        "end": "2026-08-04T09:15:00.000+00:00"
      }
    },
    "request": {
      "method": "PUT",
      "url": "Encounter/d07521f9-63cd-4eca-bfdc-e190d3ce040d"
    }
  }, {
    "fullUrl": "https://madie.cms.gov/Procedure/ff8ad7b2-8465-414e-8707-3929c2582ecc",
    "resource": {
      "resourceType": "Procedure",
      "id": "ff8ad7b2-8465-414e-8707-3929c2582ecc",
      "meta": {
        "profile": [ "http://hl7.org/fhir/us/qicore/StructureDefinition/qicore-procedure" ]
      },
      "extension": [ {
        "url": "http://hl7.org/fhir/us/qicore/StructureDefinition/qicore-recorded",
        "valueDateTime": "2025-02-01T09:00:00.000+00:00"
      } ],
      "status": "completed",
      "code": {
        "coding": [ {
          "system": "http://snomed.info/sct",
          "code": "428191000124101",
          "display": "Documentation of current medications (procedure)",
          "userSelected": true
        } ]
      },
      "subject": {
        "reference": "Patient/12626e98-67c8-4f3d-bac5-dbb5d57f58c8"
      },
      "performedDateTime": "2026-08-04T08:45:00.000+00:00"
    },
    "request": {
      "method": "PUT",
      "url": "Procedure/ff8ad7b2-8465-414e-8707-3929c2582ecc"
    }
  }, {
    "fullUrl": "https://madie.cms.gov/MeasureReport/5d019934-db2c-4689-99c6-e1cf7ee9aed6",
    "resource": {
      "resourceType": "MeasureReport",
      "id": "5d019934-db2c-4689-99c6-e1cf7ee9aed6",
      "meta": {
        "profile": [ "http://hl7.org/fhir/us/cqfmeasures/StructureDefinition/test-case-cqfm" ]
      },
      "contained": [ {
        "resourceType": "Parameters",
        "id": "cd94f2cb-f3f1-4ed2-ba6a-3b07755569b1-parameters",
        "parameter": [ {
          "name": "subject",
          "valueString": "12626e98-67c8-4f3d-bac5-dbb5d57f58c8"
        } ]
      } ],
      "extension": [ {
        "url": "http://hl7.org/fhir/StructureDefinition/cqf-inputParameters",
        "valueReference": {
          "reference": "#cd94f2cb-f3f1-4ed2-ba6a-3b07755569b1-parameters"
        }
      }, {
        "url": "http://hl7.org/fhir/us/cqfmeasures/StructureDefinition/cqfm-testCaseDescription",
        "valueMarkdown": "Qualifying encounter (status finished) during MP.  Medications documented during encounter period status completed."
      } ],
      "modifierExtension": [ {
        "url": "http://hl7.org/fhir/us/cqfmeasures/StructureDefinition/cqfm-isTestCase",
        "valueBoolean": true
      } ],
      "status": "complete",
      "type": "individual",
      "measure": "https://madie.cms.gov/Measure/CMS68FHIRDocumentationofCurrentMedications",
      "period": {
        "start": "2026-01-01",
        "end": "2026-12-31"
      },
      "group": [ {
        "id": "Group_1",
        "population": [ {
          "id": "InitialPopulation_1",
          "code": {
            "coding": [ {
              "system": "http://terminology.hl7.org/CodeSystem/measure-population",
              "code": "initial-population",
              "display": "Initial Population"
            } ]
          },
          "count": 1
        }, {
          "id": "Denominator_1",
          "code": {
            "coding": [ {
              "system": "http://terminology.hl7.org/CodeSystem/measure-population",
              "code": "denominator",
              "display": "Denominator"
            } ]
          },
          "count": 1
        }, {
          "id": "Numerator_1",
          "code": {
            "coding": [ {
              "system": "http://terminology.hl7.org/CodeSystem/measure-population",
              "code": "numerator",
              "display": "Numerator"
            } ]
          },
          "count": 1
        }, {
          "id": "DenominatorException_1",
          "code": {
            "coding": [ {
              "system": "http://terminology.hl7.org/CodeSystem/measure-population",
              "code": "denominator-exception",
              "display": "Denominator Exception"
            } ]
          },
          "count": 0
        } ],
        "measureScore": {
          "value": 0.0
        }
      } ],
      "evaluatedResource": [ {
        "reference": "Patient/12626e98-67c8-4f3d-bac5-dbb5d57f58c8"
      }, {
        "reference": "Encounter/d07521f9-63cd-4eca-bfdc-e190d3ce040d"
      }, {
        "reference": "Procedure/ff8ad7b2-8465-414e-8707-3929c2582ecc"
      } ]
    },
    "request": {
      "method": "PUT",
      "url": "MeasureReport/5d019934-db2c-4689-99c6-e1cf7ee9aed6"
    }
  } ]
}