{
  "resourceType": "Bundle",
  "id": "62aa5328c4be4c506d4a533c",
  "type": "transaction",
  "entry": [ {
    "fullUrl": "https://madie.cms.gov/Patient/5d34e56e-f4f1-4817-b7e4-e4c57f811300",
    "resource": {
      "resourceType": "Patient",
      "id": "5d34e56e-f4f1-4817-b7e4-e4c57f811300",
      "meta": {
        "profile": [ "http://hl7.org/fhir/us/qicore/StructureDefinition/qicore-patient" ]
      },
      "extension": [ {
        "url": "http://hl7.org/fhir/us/core/StructureDefinition/us-core-race",
        "extension": [ {
          "url": "ombCategory",
          "valueCoding": {
            "system": "urn:oid:2.16.840.1.113883.6.238",
            "code": "2028-9",
            "display": "Asian",
            "userSelected": true
          }
        }, {
          "url": "text",
          "valueString": "Asian"
        } ]
      }, {
        "url": "http://hl7.org/fhir/us/core/StructureDefinition/us-core-ethnicity",
        "extension": [ {
          "url": "ombCategory",
          "valueCoding": {
            "system": "urn:oid:2.16.840.1.113883.6.238",
            "code": "2186-5",
            "display": "Not Hispanic or Latino",
            "userSelected": true
          }
        }, {
          "url": "text",
          "valueString": "Not Hispanic or Latino"
        } ]
      } ],
      "identifier": [ {
        "type": {
          "coding": [ {
            "system": "http://terminology.hl7.org/CodeSystem/v2-0203",
            "code": "MR"
          } ]
        },
        "system": "https://bonnie-fhir.healthit.gov/",
        "value": "62aa5328c4be4c506d4a533c"
      } ],
      "name": [ {
        "family": "DENEXPass",
        "given": [ "Pregnant" ]
      } ],
      "gender": "female",
      "birthDate": "2001-01-01"
    },
    "request": {
      "method": "PUT",
      "url": "Patient/5d34e56e-f4f1-4817-b7e4-e4c57f811300"
    }
  }, {
    "fullUrl": "https://madie.cms.gov/Encounter/48360170-b379-4e43-8700-add4c631f620",
    "resource": {
      "resourceType": "Encounter",
      "id": "48360170-b379-4e43-8700-add4c631f620",
      "meta": {
        "profile": [ "http://hl7.org/fhir/us/qicore/StructureDefinition/qicore-encounter" ]
      },
      "status": "finished",
      "class": {
        "system": "http://terminology.hl7.org/CodeSystem/v3-ActCode",
        "code": "AMB",
        "display": "ambulatory"
      },
      "type": [ {
        "coding": [ {
          "system": "http://snomed.info/sct",
          "version": "2022-03",
          "code": "10197000",
          "display": "Psychiatric interview and evaluation (procedure)",
          "userSelected": true
        } ]
      } ],
      "subject": {
        "reference": "Patient/5d34e56e-f4f1-4817-b7e4-e4c57f811300"
      },
      "period": {
        "start": "2026-01-01T00:00:00.000+00:00",
        "end": "2026-01-01T00:30:00.000+00:00"
      }
    },
    "request": {
      "method": "PUT",
      "url": "Encounter/48360170-b379-4e43-8700-add4c631f620"
    }
  }, {
    "fullUrl": "https://madie.cms.gov/Condition/a1a8d182-98b3-48c4-95b2-88870b2a0080",
    "resource": {
      "resourceType": "Condition",
      "id": "a1a8d182-98b3-48c4-95b2-88870b2a0080",
      "meta": {
        "profile": [ "http://hl7.org/fhir/us/qicore/StructureDefinition/qicore-condition-encounter-diagnosis" ]
      },
      "clinicalStatus": {
        "coding": [ {
          "system": "http://terminology.hl7.org/CodeSystem/condition-clinical",
          "code": "active",
          "display": "active",
          "userSelected": true
        } ]
      },
      "category": [ {
        "coding": [ {
          "system": "http://terminology.hl7.org/CodeSystem/condition-category",
          "code": "encounter-diagnosis",
          "display": "Encounter Diagnosis"
        }, {
          "system": "http://snomed.info/sct",
          "code": "441874000",
          "display": "Diagnosis"
        } ]
      } ],
      "code": {
        "coding": [ {
          "system": "http://snomed.info/sct",
          "version": "2022-03",
          "code": "441874000",
          "display": "Seen by palliative care service (finding)",
          "userSelected": true
        } ]
      },
      "subject": {
        "reference": "Patient/5d34e56e-f4f1-4817-b7e4-e4c57f811300"
      },
      "onsetDateTime": "2026-01-01T00:30:00.000+00:00"
    },
    "request": {
      "method": "PUT",
      "url": "Condition/a1a8d182-98b3-48c4-95b2-88870b2a0080"
    }
  }, {
    "fullUrl": "https://madie.cms.gov/Coverage/ba06b578-2956-4143-b1cd-82733fb1f390",
    "resource": {
      "resourceType": "Coverage",
      "id": "ba06b578-2956-4143-b1cd-82733fb1f390",
      "meta": {
        "profile": [ "http://hl7.org/fhir/us/qicore/StructureDefinition/qicore-coverage" ]
      },
      "status": "active",
      "beneficiary": {
        "reference": "Patient/5d34e56e-f4f1-4817-b7e4-e4c57f811300"
      },
      "payor": [ {
        "reference": "Organization/5534b353-40e7-4a37-99aa-0f14fd0c3a27"
      } ]
    },
    "request": {
      "method": "PUT",
      "url": "Coverage/ba06b578-2956-4143-b1cd-82733fb1f390"
    }
  }, {
    "fullUrl": "https://madie.cms.gov/Organization/5534b353-40e7-4a37-99aa-0f14fd0c3a27",
    "resource": {
      "resourceType": "Organization",
      "id": "5534b353-40e7-4a37-99aa-0f14fd0c3a27",
      "meta": {
        "profile": [ "http://hl7.org/fhir/us/qicore/StructureDefinition/qicore-organization" ]
      },
      "identifier": [ {
        "use": "temp",
        "system": "urn:oid:2.16.840.1.113883.4.4",
        "value": "21-3259825"
      } ],
      "active": true,
      "type": [ {
        "coding": [ {
          "system": "http://terminology.hl7.org/CodeSystem/organization-type",
          "code": "pay",
          "display": "Payer"
        } ]
      } ],
      "name": "Blue Cross Blue Shield of Texas",
      "telecom": [ {
        "system": "phone",
        "value": "(+1) 972-766-6900"
      } ],
      "address": [ {
        "use": "billing",
        "type": "postal",
        "line": [ "P.O. Box 660044" ],
        "city": "Dallas",
        "state": "TX",
        "postalCode": "75266-0044",
        "country": "USA"
      } ]
    },
    "request": {
      "method": "PUT",
      "url": "Organization/5534b353-40e7-4a37-99aa-0f14fd0c3a27"
    }
  }, {
    "fullUrl": "https://madie.cms.gov/MeasureReport/4b6bf479-2299-4fa8-b95c-05b02ccda6f5",
    "resource": {
      "resourceType": "MeasureReport",
      "id": "4b6bf479-2299-4fa8-b95c-05b02ccda6f5",
      "meta": {
        "profile": [ "http://hl7.org/fhir/us/cqfmeasures/StructureDefinition/test-case-cqfm" ]
      },
      "contained": [ {
        "resourceType": "Parameters",
        "id": "84aa958a-ada9-4fe1-afa4-29f3cfa16d22-parameters",
        "parameter": [ {
          "name": "subject",
          "valueString": "5d34e56e-f4f1-4817-b7e4-e4c57f811300"
        } ]
      } ],
      "extension": [ {
        "url": "http://hl7.org/fhir/StructureDefinition/cqf-inputParameters",
        "valueReference": {
          "reference": "#84aa958a-ada9-4fe1-afa4-29f3cfa16d22-parameters"
        }
      }, {
        "url": "http://hl7.org/fhir/us/cqfmeasures/StructureDefinition/cqfm-testCaseDescription",
        "valueMarkdown": "Enc first day of MP. palliative care dx "
      } ],
      "modifierExtension": [ {
        "url": "http://hl7.org/fhir/us/cqfmeasures/StructureDefinition/cqfm-isTestCase",
        "valueBoolean": true
      } ],
      "status": "complete",
      "type": "individual",
      "measure": "https://madie.cms.gov/Measure/CMS69FHIRPCSBMIScreenAndFollowUp",
      "period": {
        "start": "2026-01-01",
        "end": "2026-12-31"
      },
      "group": [ {
        "id": "Group_1",
        "population": [ {
          "id": "InitialPopulation_1",
          "code": {
            "coding": [ {
              "system": "http://terminology.hl7.org/CodeSystem/measure-population",
              "code": "initial-population",
              "display": "Initial Population"
            } ]
          },
          "count": 1
        }, {
          "id": "Denominator_1",
          "code": {
            "coding": [ {
              "system": "http://terminology.hl7.org/CodeSystem/measure-population",
              "code": "denominator",
              "display": "Denominator"
            } ]
          },
          "count": 1
        }, {
          "id": "DenominatorExclusion_1",
          "code": {
            "coding": [ {
              "system": "http://terminology.hl7.org/CodeSystem/measure-population",
              "code": "denominator-exclusion",
              "display": "Denominator Exclusion"
            } ]
          },
          "count": 1
        }, {
          "id": "Numerator_1",
          "code": {
            "coding": [ {
              "system": "http://terminology.hl7.org/CodeSystem/measure-population",
              "code": "numerator",
              "display": "Numerator"
            } ]
          },
          "count": 0
        }, {
          "id": "DenominatorException_1",
          "code": {
            "coding": [ {
              "system": "http://terminology.hl7.org/CodeSystem/measure-population",
              "code": "denominator-exception",
              "display": "Denominator Exception"
            } ]
          },
          "count": 0
        } ],
        "measureScore": {
          "value": 1.0
        }
      } ],
      "evaluatedResource": [ {
        "reference": "Patient/5d34e56e-f4f1-4817-b7e4-e4c57f811300"
      }, {
        "reference": "Encounter/48360170-b379-4e43-8700-add4c631f620"
      }, {
        "reference": "Condition/a1a8d182-98b3-48c4-95b2-88870b2a0080"
      }, {
        "reference": "Coverage/ba06b578-2956-4143-b1cd-82733fb1f390"
      }, {
        "reference": "Organization/5534b353-40e7-4a37-99aa-0f14fd0c3a27"
      } ]
    },
    "request": {
      "method": "PUT",
      "url": "MeasureReport/4b6bf479-2299-4fa8-b95c-05b02ccda6f5"
    }
  } ]
}