{
  "resourceType": "Bundle",
  "id": "64270cbea7ffa60ebe02488f",
  "type": "transaction",
  "entry": [ {
    "fullUrl": "https://madie.cms.gov/Patient/805ca8cb-ad65-4edb-88c1-19aeec7461f2",
    "resource": {
      "resourceType": "Patient",
      "id": "805ca8cb-ad65-4edb-88c1-19aeec7461f2",
      "meta": {
        "profile": [ "http://hl7.org/fhir/us/qicore/StructureDefinition/qicore-patient" ]
      },
      "extension": [ {
        "url": "http://hl7.org/fhir/us/core/StructureDefinition/us-core-race",
        "extension": [ {
          "url": "ombCategory",
          "valueCoding": {
            "system": "urn:oid:2.16.840.1.113883.6.238",
            "code": "2106-3",
            "display": "White",
            "userSelected": true
          }
        }, {
          "url": "text",
          "valueString": "White"
        } ]
      }, {
        "url": "http://hl7.org/fhir/us/core/StructureDefinition/us-core-ethnicity",
        "extension": [ {
          "url": "ombCategory",
          "valueCoding": {
            "system": "urn:oid:2.16.840.1.113883.6.238",
            "code": "2135-2",
            "display": "Hispanic or Latino",
            "userSelected": true
          }
        }, {
          "url": "text",
          "valueString": "Hispanic or Latino"
        } ]
      } ],
      "identifier": [ {
        "type": {
          "coding": [ {
            "system": "http://terminology.hl7.org/CodeSystem/v2-0203",
            "code": "MR"
          } ]
        },
        "system": "https://goodhealth.healthit.gov/",
        "value": "64270cbea7ffa60ebe02488f"
      } ],
      "name": [ {
        "family": "IPFail",
        "given": [ "DementiaDxRefuted" ]
      } ],
      "gender": "male",
      "birthDate": "1949-06-02"
    },
    "request": {
      "method": "PUT",
      "url": "Patient/805ca8cb-ad65-4edb-88c1-19aeec7461f2"
    }
  }, {
    "fullUrl": "https://madie.cms.gov/Condition/0dead81d-0e95-47b3-8b19-082a7b4835e3",
    "resource": {
      "resourceType": "Condition",
      "id": "0dead81d-0e95-47b3-8b19-082a7b4835e3",
      "meta": {
        "profile": [ "http://hl7.org/fhir/us/qicore/StructureDefinition/qicore-condition-problems-health-concerns" ]
      },
      "clinicalStatus": {
        "coding": [ {
          "system": "http://terminology.hl7.org/CodeSystem/condition-clinical",
          "code": "active",
          "display": "Active",
          "userSelected": true
        } ]
      },
      "verificationStatus": {
        "coding": [ {
          "system": "http://terminology.hl7.org/CodeSystem/condition-ver-status",
          "code": "refuted",
          "display": "Refuted",
          "userSelected": true
        } ]
      },
      "category": [ {
        "coding": [ {
          "system": "http://terminology.hl7.org/CodeSystem/condition-category",
          "code": "encounter-diagnosis",
          "display": "Encounter Diagnosis",
          "userSelected": true
        } ]
      } ],
      "code": {
        "coding": [ {
          "system": "http://snomed.info/sct",
          "version": "http://snomed.info/sct/731000124108/version/20230301",
          "code": "191463004",
          "display": "Uncomplicated arteriosclerotic dementia (disorder)"
        } ]
      },
      "subject": {
        "reference": "Patient/805ca8cb-ad65-4edb-88c1-19aeec7461f2"
      },
      "onsetPeriod": {
        "start": "2025-01-15T08:00:00.000+00:00"
      }
    },
    "request": {
      "method": "PUT",
      "url": "Condition/0dead81d-0e95-47b3-8b19-082a7b4835e3"
    }
  }, {
    "fullUrl": "https://madie.cms.gov/Encounter/cb9fb00c-e61e-4c5d-88f9-a8d90316e3f6",
    "resource": {
      "resourceType": "Encounter",
      "id": "cb9fb00c-e61e-4c5d-88f9-a8d90316e3f6",
      "meta": {
        "profile": [ "http://hl7.org/fhir/us/qicore/StructureDefinition/qicore-encounter" ]
      },
      "status": "finished",
      "class": {
        "system": "http://terminology.hl7.org/CodeSystem/v3-ActCode",
        "code": "AMB",
        "display": "ambulatory",
        "userSelected": true
      },
      "type": [ {
        "coding": [ {
          "system": "http://www.ama-assn.org/go/cpt",
          "version": "2023",
          "code": "99212",
          "userSelected": true
        } ]
      } ],
      "subject": {
        "reference": "Patient/805ca8cb-ad65-4edb-88c1-19aeec7461f2"
      },
      "period": {
        "start": "2026-03-02T08:00:00.000+00:00",
        "end": "2026-03-02T08:35:00.000+00:00"
      }
    },
    "request": {
      "method": "PUT",
      "url": "Encounter/cb9fb00c-e61e-4c5d-88f9-a8d90316e3f6"
    }
  }, {
    "fullUrl": "https://madie.cms.gov/Encounter/c18fd3d6-57bc-4ad9-b367-c21e375aae43",
    "resource": {
      "resourceType": "Encounter",
      "id": "c18fd3d6-57bc-4ad9-b367-c21e375aae43",
      "meta": {
        "profile": [ "http://hl7.org/fhir/us/qicore/StructureDefinition/qicore-encounter" ]
      },
      "status": "finished",
      "class": {
        "system": "http://terminology.hl7.org/CodeSystem/v3-ActCode",
        "code": "AMB",
        "display": "ambulatory",
        "userSelected": true
      },
      "type": [ {
        "coding": [ {
          "system": "http://snomed.info/sct",
          "version": "http://snomed.info/sct/731000124108/version/20230301",
          "code": "77406008",
          "display": "Confirmatory medical consultation (procedure)"
        } ]
      } ],
      "subject": {
        "reference": "Patient/805ca8cb-ad65-4edb-88c1-19aeec7461f2"
      },
      "period": {
        "start": "2026-08-15T08:00:00.000+00:00",
        "end": "2026-08-15T08:35:00.000+00:00"
      }
    },
    "request": {
      "method": "PUT",
      "url": "Encounter/c18fd3d6-57bc-4ad9-b367-c21e375aae43"
    }
  }, {
    "fullUrl": "https://madie.cms.gov/MeasureReport/82f84aa7-e9b6-4e95-8f68-e30fabaf4290",
    "resource": {
      "resourceType": "MeasureReport",
      "id": "82f84aa7-e9b6-4e95-8f68-e30fabaf4290",
      "meta": {
        "profile": [ "http://hl7.org/fhir/us/cqfmeasures/StructureDefinition/test-case-cqfm" ]
      },
      "contained": [ {
        "resourceType": "Parameters",
        "id": "f70c1923-9ea0-4ffa-937c-dd8a2c475768-parameters",
        "parameter": [ {
          "name": "subject",
          "valueString": "805ca8cb-ad65-4edb-88c1-19aeec7461f2"
        } ]
      } ],
      "extension": [ {
        "url": "http://hl7.org/fhir/StructureDefinition/cqf-inputParameters",
        "valueReference": {
          "reference": "#f70c1923-9ea0-4ffa-937c-dd8a2c475768-parameters"
        }
      }, {
        "url": "http://hl7.org/fhir/us/cqfmeasures/StructureDefinition/cqfm-testCaseDescription",
        "valueMarkdown": "Dementia Diagnosis verification status is refuted and ineligible for Initial Population/Denominator"
      } ],
      "modifierExtension": [ {
        "url": "http://hl7.org/fhir/us/cqfmeasures/StructureDefinition/cqfm-isTestCase",
        "valueBoolean": true
      } ],
      "status": "complete",
      "type": "individual",
      "measure": "https://madie.cms.gov/Measure/CMS149FHIRDementiaCognitiveAssessment",
      "period": {
        "start": "2026-01-01",
        "end": "2026-12-31"
      },
      "group": [ {
        "id": "Group_1",
        "population": [ {
          "id": "InitialPopulation_1",
          "code": {
            "coding": [ {
              "system": "http://terminology.hl7.org/CodeSystem/measure-population",
              "code": "initial-population",
              "display": "Initial Population"
            } ]
          },
          "count": 0
        }, {
          "id": "Denominator_1",
          "code": {
            "coding": [ {
              "system": "http://terminology.hl7.org/CodeSystem/measure-population",
              "code": "denominator",
              "display": "Denominator"
            } ]
          },
          "count": 0
        }, {
          "id": "Numerator_1",
          "code": {
            "coding": [ {
              "system": "http://terminology.hl7.org/CodeSystem/measure-population",
              "code": "numerator",
              "display": "Numerator"
            } ]
          },
          "count": 0
        }, {
          "id": "DenominatorException_1",
          "code": {
            "coding": [ {
              "system": "http://terminology.hl7.org/CodeSystem/measure-population",
              "code": "denominator-exception",
              "display": "Denominator Exception"
            } ]
          },
          "count": 0
        } ],
        "measureScore": {
          "value": 1.0
        }
      } ],
      "evaluatedResource": [ {
        "reference": "Patient/805ca8cb-ad65-4edb-88c1-19aeec7461f2"
      }, {
        "reference": "Condition/0dead81d-0e95-47b3-8b19-082a7b4835e3"
      }, {
        "reference": "Encounter/cb9fb00c-e61e-4c5d-88f9-a8d90316e3f6"
      }, {
        "reference": "Encounter/c18fd3d6-57bc-4ad9-b367-c21e375aae43"
      } ]
    },
    "request": {
      "method": "PUT",
      "url": "MeasureReport/82f84aa7-e9b6-4e95-8f68-e30fabaf4290"
    }
  } ]
}