{
  "resourceType": "Bundle",
  "id": "610d3a53be3d5dcbc43d6777",
  "type": "transaction",
  "entry": [ {
    "fullUrl": "https://madie.cms.gov/Patient/e9a609ba-0f93-4d33-965e-4bca590af192",
    "resource": {
      "resourceType": "Patient",
      "id": "e9a609ba-0f93-4d33-965e-4bca590af192",
      "meta": {
        "profile": [ "http://hl7.org/fhir/us/qicore/StructureDefinition/qicore-patient" ]
      },
      "extension": [ {
        "url": "http://hl7.org/fhir/us/core/StructureDefinition/us-core-race",
        "extension": [ {
          "url": "ombCategory",
          "valueCoding": {
            "system": "urn:oid:2.16.840.1.113883.6.238",
            "code": "2028-9",
            "display": "Asian",
            "userSelected": true
          }
        }, {
          "url": "text",
          "valueString": "Asian"
        } ]
      }, {
        "url": "http://hl7.org/fhir/us/core/StructureDefinition/us-core-ethnicity",
        "extension": [ {
          "url": "ombCategory",
          "valueCoding": {
            "system": "urn:oid:2.16.840.1.113883.6.238",
            "code": "2186-5",
            "display": "Not Hispanic or Latino",
            "userSelected": true
          }
        }, {
          "url": "text",
          "valueString": "Not Hispanic or Latino"
        } ]
      } ],
      "identifier": [ {
        "type": {
          "coding": [ {
            "system": "http://terminology.hl7.org/CodeSystem/v2-0203",
            "code": "MR"
          } ]
        },
        "system": "https://bonnie-fhir.healthit.gov/",
        "value": "610d3a53be3d5dcbc43d6777"
      } ],
      "name": [ {
        "family": "IPFail",
        "given": [ "2ndEncounterB4MPEdge" ]
      } ],
      "gender": "female",
      "birthDate": "1979-03-02"
    },
    "request": {
      "method": "PUT",
      "url": "Patient/e9a609ba-0f93-4d33-965e-4bca590af192"
    }
  }, {
    "fullUrl": "https://madie.cms.gov/Encounter/426918aa-6c91-448e-a102-8478551b0621",
    "resource": {
      "resourceType": "Encounter",
      "id": "426918aa-6c91-448e-a102-8478551b0621",
      "meta": {
        "profile": [ "http://hl7.org/fhir/us/qicore/StructureDefinition/qicore-encounter" ]
      },
      "status": "finished",
      "class": {
        "system": "http://terminology.hl7.org/CodeSystem/v3-ActCode",
        "code": "AMB",
        "display": "ambulatory",
        "userSelected": true
      },
      "type": [ {
        "coding": [ {
          "system": "http://snomed.info/sct",
          "version": "http://snomed.info/sct/731000124108/version/202303",
          "code": "185460008",
          "display": "Home visit request by patient (procedure)",
          "userSelected": true
        } ]
      } ],
      "subject": {
        "reference": "Patient/e9a609ba-0f93-4d33-965e-4bca590af192"
      },
      "period": {
        "start": "2026-08-06T08:00:00.000+00:00",
        "end": "2026-08-10T08:15:00.000+00:00"
      }
    },
    "request": {
      "method": "PUT",
      "url": "Encounter/426918aa-6c91-448e-a102-8478551b0621"
    }
  }, {
    "fullUrl": "https://madie.cms.gov/Condition/810b3391-9b05-460c-bf0d-1d073165a47c",
    "resource": {
      "resourceType": "Condition",
      "id": "810b3391-9b05-460c-bf0d-1d073165a47c",
      "meta": {
        "profile": [ "http://hl7.org/fhir/us/qicore/StructureDefinition/qicore-condition-problems-health-concerns" ]
      },
      "clinicalStatus": {
        "coding": [ {
          "system": "http://terminology.hl7.org/CodeSystem/condition-clinical",
          "code": "active",
          "display": "active",
          "userSelected": true
        } ]
      },
      "category": [ {
        "coding": [ {
          "system": "http://terminology.hl7.org/CodeSystem/condition-category",
          "code": "problem-list-item",
          "display": "Problem List Item"
        } ]
      } ],
      "code": {
        "coding": [ {
          "system": "http://snomed.info/sct",
          "version": "http://snomed.info/sct/731000124108/version/202303",
          "code": "10349009",
          "display": "Multi-infarct dementia with delirium (disorder)",
          "userSelected": true
        } ]
      },
      "subject": {
        "reference": "Patient/e9a609ba-0f93-4d33-965e-4bca590af192"
      },
      "onsetDateTime": "2026-08-06T08:00:00.000+00:00"
    },
    "request": {
      "method": "PUT",
      "url": "Condition/810b3391-9b05-460c-bf0d-1d073165a47c"
    }
  }, {
    "fullUrl": "https://madie.cms.gov/Encounter/05942f2e-5372-475d-8835-600d5f6d010d",
    "resource": {
      "resourceType": "Encounter",
      "id": "05942f2e-5372-475d-8835-600d5f6d010d",
      "meta": {
        "profile": [ "http://hl7.org/fhir/us/qicore/StructureDefinition/qicore-encounter" ]
      },
      "status": "finished",
      "class": {
        "system": "http://terminology.hl7.org/CodeSystem/v3-ActCode",
        "code": "AMB",
        "display": "ambulatory",
        "userSelected": true
      },
      "type": [ {
        "coding": [ {
          "system": "http://snomed.info/sct",
          "version": "http://snomed.info/sct/731000124108/version/202303",
          "code": "185316007",
          "display": "Indirect encounter (procedure)",
          "userSelected": true
        } ]
      } ],
      "subject": {
        "reference": "Patient/e9a609ba-0f93-4d33-965e-4bca590af192"
      },
      "period": {
        "start": "2025-12-31T23:00:00.000+00:00",
        "end": "2025-12-31T23:15:00.000+00:00"
      },
      "diagnosis": [ {
        "condition": {
          "reference": "Condition/dementia-mental-degenerations-5d61"
        }
      } ]
    },
    "request": {
      "method": "PUT",
      "url": "Encounter/05942f2e-5372-475d-8835-600d5f6d010d"
    }
  }, {
    "fullUrl": "https://madie.cms.gov/Condition/eae53cde-c010-4746-95f4-2fe9acb083c9",
    "resource": {
      "resourceType": "Condition",
      "id": "eae53cde-c010-4746-95f4-2fe9acb083c9",
      "category": [ {
        "coding": [ {
          "system": "http://terminology.hl7.org/CodeSystem/condition-category",
          "code": "encounter-diagnosis",
          "display": "Encounter Diagnosis"
        } ]
      } ],
      "code": {
        "coding": [ {
          "system": "http://snomed.info/sct",
          "version": "http://snomed.info/sct/731000124108/version/202303",
          "code": "10349009",
          "display": "Multi-infarct dementia with delirium (disorder)",
          "userSelected": true
        } ]
      },
      "subject": {
        "reference": "Patient/e9a609ba-0f93-4d33-965e-4bca590af192"
      },
      "onsetPeriod": {
        "start": "2025-08-05T08:00:00.000+00:00",
        "end": "2025-08-11T08:15:00.000+00:00"
      }
    },
    "request": {
      "method": "PUT",
      "url": "Condition/eae53cde-c010-4746-95f4-2fe9acb083c9"
    }
  }, {
    "fullUrl": "https://madie.cms.gov/MeasureReport/93d55e1d-1fbb-4fad-af25-6bc7ba8d9301",
    "resource": {
      "resourceType": "MeasureReport",
      "id": "93d55e1d-1fbb-4fad-af25-6bc7ba8d9301",
      "meta": {
        "profile": [ "http://hl7.org/fhir/us/cqfmeasures/StructureDefinition/test-case-cqfm" ]
      },
      "contained": [ {
        "resourceType": "Parameters",
        "id": "48a322d8-1c30-4d8a-a0be-5bb7d01956a3-parameters",
        "parameter": [ {
          "name": "subject",
          "valueString": "e9a609ba-0f93-4d33-965e-4bca590af192"
        } ]
      } ],
      "extension": [ {
        "url": "http://hl7.org/fhir/StructureDefinition/cqf-inputParameters",
        "valueReference": {
          "reference": "#48a322d8-1c30-4d8a-a0be-5bb7d01956a3-parameters"
        }
      }, {
        "url": "http://hl7.org/fhir/us/cqfmeasures/StructureDefinition/cqfm-testCaseDescription",
        "valueMarkdown": "Second visit which would put patient in initial population is 1 hr before Measurement Period"
      } ],
      "modifierExtension": [ {
        "url": "http://hl7.org/fhir/us/cqfmeasures/StructureDefinition/cqfm-isTestCase",
        "valueBoolean": true
      } ],
      "status": "complete",
      "type": "individual",
      "measure": "https://madie.cms.gov/Measure/CMS149FHIRDementiaCognitiveAssessment",
      "period": {
        "start": "2026-01-01",
        "end": "2026-12-31"
      },
      "group": [ {
        "id": "Group_1",
        "population": [ {
          "id": "InitialPopulation_1",
          "code": {
            "coding": [ {
              "system": "http://terminology.hl7.org/CodeSystem/measure-population",
              "code": "initial-population",
              "display": "Initial Population"
            } ]
          },
          "count": 0
        }, {
          "id": "Denominator_1",
          "code": {
            "coding": [ {
              "system": "http://terminology.hl7.org/CodeSystem/measure-population",
              "code": "denominator",
              "display": "Denominator"
            } ]
          },
          "count": 0
        }, {
          "id": "Numerator_1",
          "code": {
            "coding": [ {
              "system": "http://terminology.hl7.org/CodeSystem/measure-population",
              "code": "numerator",
              "display": "Numerator"
            } ]
          },
          "count": 0
        }, {
          "id": "DenominatorException_1",
          "code": {
            "coding": [ {
              "system": "http://terminology.hl7.org/CodeSystem/measure-population",
              "code": "denominator-exception",
              "display": "Denominator Exception"
            } ]
          },
          "count": 0
        } ],
        "measureScore": {
          "value": 1.0
        }
      } ],
      "evaluatedResource": [ {
        "reference": "Patient/e9a609ba-0f93-4d33-965e-4bca590af192"
      }, {
        "reference": "Encounter/426918aa-6c91-448e-a102-8478551b0621"
      }, {
        "reference": "Condition/810b3391-9b05-460c-bf0d-1d073165a47c"
      }, {
        "reference": "Encounter/05942f2e-5372-475d-8835-600d5f6d010d"
      }, {
        "reference": "Condition/eae53cde-c010-4746-95f4-2fe9acb083c9"
      } ]
    },
    "request": {
      "method": "PUT",
      "url": "MeasureReport/93d55e1d-1fbb-4fad-af25-6bc7ba8d9301"
    }
  } ]
}