{
  "resourceType": "Bundle",
  "id": "DENEXPass-HospiceServicesDuringMP",
  "type": "transaction",
  "entry": [ {
    "fullUrl": "https://madie.cms.gov/Patient/289b7214-0496-425b-8ffa-14b2aaa9f771",
    "resource": {
      "resourceType": "Patient",
      "id": "289b7214-0496-425b-8ffa-14b2aaa9f771",
      "meta": {
        "profile": [ "http://hl7.org/fhir/us/qicore/StructureDefinition/qicore-patient" ]
      },
      "extension": [ {
        "url": "http://hl7.org/fhir/us/core/StructureDefinition/us-core-race",
        "extension": [ {
          "url": "ombCategory",
          "valueCoding": {
            "system": "urn:oid:2.16.840.1.113883.6.238",
            "code": "2028-9",
            "display": "Asian"
          }
        }, {
          "url": "text",
          "valueString": "Asian"
        } ]
      }, {
        "url": "http://hl7.org/fhir/us/core/StructureDefinition/us-core-ethnicity",
        "extension": [ {
          "url": "ombCategory",
          "valueCoding": {
            "system": "urn:oid:2.16.840.1.113883.6.238",
            "code": "2135-2",
            "display": "Hispanic or Latino"
          }
        }, {
          "url": "text",
          "valueString": "Hispanic or Latino"
        } ]
      } ],
      "identifier": [ {
        "system": "http://hospital.smarthealthit.org",
        "value": "999999995"
      } ],
      "name": [ {
        "family": "Bertha",
        "given": [ "Betty" ]
      } ],
      "gender": "female",
      "birthDate": "2007-01-01"
    },
    "request": {
      "method": "PUT",
      "url": "Patient/289b7214-0496-425b-8ffa-14b2aaa9f771"
    }
  }, {
    "fullUrl": "https://madie.cms.gov/Procedure/d4d23ea9-0f60-4606-8f75-53a859fe2c3f",
    "resource": {
      "resourceType": "Procedure",
      "id": "d4d23ea9-0f60-4606-8f75-53a859fe2c3f",
      "meta": {
        "profile": [ "http://hl7.org/fhir/us/qicore/StructureDefinition/qicore-procedure" ]
      },
      "extension": [ {
        "url": "http://hl7.org/fhir/us/qicore/StructureDefinition/qicore-recorded",
        "valueDateTime": "2026-01-15T00:00:00.000Z"
      } ],
      "status": "completed",
      "code": {
        "coding": [ {
          "system": "http://www.cms.gov/Medicare/Coding/ICD10",
          "code": "0SR9019",
          "display": "Replacement of Right Hip Joint with Metal Synthetic Substitute, Cemented, Open Approach"
        } ]
      },
      "subject": {
        "reference": "Patient/289b7214-0496-425b-8ffa-14b2aaa9f771"
      },
      "performedPeriod": {
        "start": "2024-11-01T00:00:00.000Z",
        "end": "2024-11-01T01:00:00.000Z"
      }
    },
    "request": {
      "method": "PUT",
      "url": "Procedure/d4d23ea9-0f60-4606-8f75-53a859fe2c3f"
    }
  }, {
    "fullUrl": "https://madie.cms.gov/Encounter/25116af2-eba0-46ec-ab51-f01b95e4881f",
    "resource": {
      "resourceType": "Encounter",
      "id": "25116af2-eba0-46ec-ab51-f01b95e4881f",
      "meta": {
        "profile": [ "http://hl7.org/fhir/us/qicore/StructureDefinition/qicore-encounter" ]
      },
      "status": "finished",
      "class": {
        "system": "http://terminology.hl7.org/CodeSystem/v3-ActCode",
        "code": "AMB",
        "display": "ambulatory"
      },
      "type": [ {
        "coding": [ {
          "system": "http://snomed.info/sct",
          "code": "281036007",
          "display": "Follow-up consultation (procedure)"
        } ]
      } ],
      "subject": {
        "reference": "Patient/289b7214-0496-425b-8ffa-14b2aaa9f771"
      },
      "period": {
        "start": "2025-11-01T00:00:00.000Z",
        "end": "2025-11-01T01:15:00.000Z"
      }
    },
    "request": {
      "method": "PUT",
      "url": "Encounter/25116af2-eba0-46ec-ab51-f01b95e4881f"
    }
  }, {
    "fullUrl": "https://madie.cms.gov/Encounter/25116af2-eba0-46ec-ab51-f01b95e4881f.1",
    "resource": {
      "resourceType": "Encounter",
      "id": "25116af2-eba0-46ec-ab51-f01b95e4881f.1",
      "meta": {
        "profile": [ "http://hl7.org/fhir/us/qicore/StructureDefinition/qicore-encounter" ]
      },
      "status": "finished",
      "class": {
        "system": "http://terminology.hl7.org/CodeSystem/v3-ActCode",
        "code": "AMB",
        "display": "ambulatory"
      },
      "type": [ {
        "coding": [ {
          "system": "http://snomed.info/sct",
          "code": "183452005",
          "display": "Emergency hospital admission (procedure)"
        } ]
      } ],
      "subject": {
        "reference": "Patient/289b7214-0496-425b-8ffa-14b2aaa9f771"
      },
      "period": {
        "start": "2025-11-01T00:00:00.000Z",
        "end": "2026-01-01T01:00:00.000Z"
      },
      "hospitalization": {
        "dischargeDisposition": {
          "coding": [ {
            "system": "http://snomed.info/sct",
            "code": "428371000124100",
            "display": "Discharge to healthcare facility for hospice care (procedure)"
          } ]
        }
      }
    },
    "request": {
      "method": "PUT",
      "url": "Encounter/25116af2-eba0-46ec-ab51-f01b95e4881f.1"
    }
  }, {
    "fullUrl": "https://madie.cms.gov/MeasureReport/befaf621-178f-414f-86eb-d3861ec50463",
    "resource": {
      "resourceType": "MeasureReport",
      "id": "befaf621-178f-414f-86eb-d3861ec50463",
      "meta": {
        "profile": [ "http://hl7.org/fhir/us/cqfmeasures/StructureDefinition/test-case-cqfm" ]
      },
      "contained": [ {
        "resourceType": "Parameters",
        "id": "92d8e9f7-39e8-4c05-b48e-4d02941f904a-parameters",
        "parameter": [ {
          "name": "subject",
          "valueString": "289b7214-0496-425b-8ffa-14b2aaa9f771"
        } ]
      } ],
      "extension": [ {
        "url": "http://hl7.org/fhir/StructureDefinition/cqf-inputParameters",
        "valueReference": {
          "reference": "#92d8e9f7-39e8-4c05-b48e-4d02941f904a-parameters"
        }
      }, {
        "url": "http://hl7.org/fhir/us/cqfmeasures/StructureDefinition/cqfm-testCaseDescription",
        "valueMarkdown": "Hospice discharge to facility during MP"
      } ],
      "modifierExtension": [ {
        "url": "http://hl7.org/fhir/us/cqfmeasures/StructureDefinition/cqfm-isTestCase",
        "valueBoolean": true
      } ],
      "status": "complete",
      "type": "individual",
      "measure": "https://madie.cms.gov/Measure/CMS56FHIRFunctionalStatusAssessmentforTotalHipReplacement",
      "period": {
        "start": "2026-01-01",
        "end": "2026-12-31"
      },
      "group": [ {
        "id": "Group_1",
        "population": [ {
          "id": "InitialPopulation_1",
          "code": {
            "coding": [ {
              "system": "http://terminology.hl7.org/CodeSystem/measure-population",
              "code": "initial-population",
              "display": "Initial Population"
            } ]
          },
          "count": 1
        }, {
          "id": "Denominator_1",
          "code": {
            "coding": [ {
              "system": "http://terminology.hl7.org/CodeSystem/measure-population",
              "code": "denominator",
              "display": "Denominator"
            } ]
          },
          "count": 1
        }, {
          "id": "DenominatorExclusion_1",
          "code": {
            "coding": [ {
              "system": "http://terminology.hl7.org/CodeSystem/measure-population",
              "code": "denominator-exclusion",
              "display": "Denominator Exclusion"
            } ]
          },
          "count": 1
        }, {
          "id": "Numerator_1",
          "code": {
            "coding": [ {
              "system": "http://terminology.hl7.org/CodeSystem/measure-population",
              "code": "numerator",
              "display": "Numerator"
            } ]
          },
          "count": 0
        } ],
        "measureScore": {
          "value": 1.0
        }
      } ],
      "evaluatedResource": [ {
        "reference": "Patient/289b7214-0496-425b-8ffa-14b2aaa9f771"
      }, {
        "reference": "Procedure/d4d23ea9-0f60-4606-8f75-53a859fe2c3f"
      }, {
        "reference": "Encounter/25116af2-eba0-46ec-ab51-f01b95e4881f"
      }, {
        "reference": "Encounter/25116af2-eba0-46ec-ab51-f01b95e4881f.1"
      } ]
    },
    "request": {
      "method": "PUT",
      "url": "MeasureReport/befaf621-178f-414f-86eb-d3861ec50463"
    }
  } ]
}