{
  "resourceType": "Bundle",
  "id": "610965b898086b538055c14c",
  "type": "transaction",
  "entry": [ {
    "fullUrl": "https://madie.cms.gov/Patient/050401cc-5f7b-432a-8194-11702adede21",
    "resource": {
      "resourceType": "Patient",
      "id": "050401cc-5f7b-432a-8194-11702adede21",
      "meta": {
        "profile": [ "http://hl7.org/fhir/us/qicore/StructureDefinition/qicore-patient" ]
      },
      "text": {
        "status": "generated",
        "div": "<div xmlns=\"http://www.w3.org/1999/xhtml\"><div class=\"hapiHeaderText\">EncOverlapsMPEnd <b>IPPFAIL </b></div><table class=\"hapiPropertyTable\"><tbody><tr><td>Identifier</td><td>fc7ee32c47e386a4be9d29feaa05e1a314dab3fb336710140e496f897a5de6a9</td></tr><tr><td>Date of birth</td><td><span>31 July 1992</span></td></tr></tbody></table></div>"
      },
      "extension": [ {
        "url": "http://hl7.org/fhir/us/core/StructureDefinition/us-core-race",
        "extension": [ {
          "url": "ombCategory",
          "valueCoding": {
            "system": "urn:oid:2.16.840.1.113883.6.238",
            "code": "1002-5",
            "display": "American Indian or Alaska Native",
            "userSelected": true
          }
        }, {
          "url": "text",
          "valueString": "American Indian or Alaska Native"
        } ]
      }, {
        "url": "http://hl7.org/fhir/us/core/StructureDefinition/us-core-ethnicity",
        "extension": [ {
          "url": "ombCategory",
          "valueCoding": {
            "system": "urn:oid:2.16.840.1.113883.6.238",
            "code": "2135-2",
            "display": "Hispanic or Latino",
            "userSelected": true
          }
        }, {
          "url": "text",
          "valueString": "Hispanic or Latino"
        } ]
      } ],
      "identifier": [ {
        "type": {
          "coding": [ {
            "system": "http://terminology.hl7.org/CodeSystem/v2-0203",
            "code": "MR"
          } ]
        },
        "system": "https://bonnie-fhir.healthit.gov/",
        "value": "610965b898086b538055c14c"
      } ],
      "active": true,
      "name": [ {
        "use": "usual",
        "family": "IPPFail",
        "given": [ "EncOverlapsMPEnd" ]
      } ],
      "gender": "female",
      "birthDate": "1994-07-31"
    },
    "request": {
      "method": "PUT",
      "url": "Patient/050401cc-5f7b-432a-8194-11702adede21"
    }
  }, {
    "fullUrl": "https://madie.cms.gov/Encounter/9b741a36-08dc-4925-9ba3-da8e0f0c9b9a",
    "resource": {
      "resourceType": "Encounter",
      "id": "9b741a36-08dc-4925-9ba3-da8e0f0c9b9a",
      "meta": {
        "profile": [ "http://hl7.org/fhir/us/qicore/StructureDefinition/qicore-encounter" ]
      },
      "status": "finished",
      "class": {
        "system": "http://terminology.hl7.org/CodeSystem/v3-ActCode",
        "code": "AMB",
        "display": "ambulatory",
        "userSelected": true
      },
      "type": [ {
        "coding": [ {
          "system": "http://www.ama-assn.org/go/cpt",
          "code": "99395"
        } ]
      } ],
      "subject": {
        "reference": "Patient/050401cc-5f7b-432a-8194-11702adede21"
      },
      "period": {
        "start": "2025-10-24T08:00:00.000+00:00",
        "end": "2026-01-01T00:00:00.000+00:00"
      }
    },
    "request": {
      "method": "PUT",
      "url": "Encounter/9b741a36-08dc-4925-9ba3-da8e0f0c9b9a"
    }
  }, {
    "fullUrl": "https://madie.cms.gov/MeasureReport/3fac8939-c13e-4aca-9c77-e92343731f6c",
    "resource": {
      "resourceType": "MeasureReport",
      "id": "3fac8939-c13e-4aca-9c77-e92343731f6c",
      "meta": {
        "profile": [ "http://hl7.org/fhir/us/cqfmeasures/StructureDefinition/test-case-cqfm" ]
      },
      "contained": [ {
        "resourceType": "Parameters",
        "id": "f68c5a9c-9a31-41a4-86ae-a321e2bcdedb-parameters",
        "parameter": [ {
          "name": "subject",
          "valueString": "050401cc-5f7b-432a-8194-11702adede21"
        } ]
      } ],
      "extension": [ {
        "url": "http://hl7.org/fhir/StructureDefinition/cqf-inputParameters",
        "valueReference": {
          "reference": "#f68c5a9c-9a31-41a4-86ae-a321e2bcdedb-parameters"
        }
      }, {
        "url": "http://hl7.org/fhir/us/cqfmeasures/StructureDefinition/cqfm-testCaseDescription",
        "valueMarkdown": "Patient qualifies by age but encounter overlaps measurement period end."
      } ],
      "modifierExtension": [ {
        "url": "http://hl7.org/fhir/us/cqfmeasures/StructureDefinition/cqfm-isTestCase",
        "valueBoolean": true
      } ],
      "status": "complete",
      "type": "individual",
      "measure": "https://madie.cms.gov/Measure/CMS349FHIRHIVScreening",
      "period": {
        "start": "2026-01-01",
        "end": "2026-12-31"
      },
      "group": [ {
        "id": "Group_1",
        "population": [ {
          "id": "InitialPopulation_1",
          "code": {
            "coding": [ {
              "system": "http://terminology.hl7.org/CodeSystem/measure-population",
              "code": "initial-population",
              "display": "Initial Population"
            } ]
          },
          "count": 0
        }, {
          "id": "Denominator_1",
          "code": {
            "coding": [ {
              "system": "http://terminology.hl7.org/CodeSystem/measure-population",
              "code": "denominator",
              "display": "Denominator"
            } ]
          },
          "count": 0
        }, {
          "id": "DenominatorExclusion_1",
          "code": {
            "coding": [ {
              "system": "http://terminology.hl7.org/CodeSystem/measure-population",
              "code": "denominator-exclusion",
              "display": "Denominator Exclusion"
            } ]
          },
          "count": 0
        }, {
          "id": "Numerator_1",
          "code": {
            "coding": [ {
              "system": "http://terminology.hl7.org/CodeSystem/measure-population",
              "code": "numerator",
              "display": "Numerator"
            } ]
          },
          "count": 0
        }, {
          "id": "DenominatorException_1",
          "code": {
            "coding": [ {
              "system": "http://terminology.hl7.org/CodeSystem/measure-population",
              "code": "denominator-exception",
              "display": "Denominator Exception"
            } ]
          },
          "count": 0
        } ],
        "measureScore": {
          "value": 1.0
        }
      } ],
      "evaluatedResource": [ {
        "reference": "Patient/050401cc-5f7b-432a-8194-11702adede21"
      }, {
        "reference": "Encounter/9b741a36-08dc-4925-9ba3-da8e0f0c9b9a"
      } ]
    },
    "request": {
      "method": "PUT",
      "url": "MeasureReport/3fac8939-c13e-4aca-9c77-e92343731f6c"
    }
  } ]
}