{
  "resourceType": "Bundle",
  "id": "62c880ec0111a60120dc2206",
  "type": "transaction",
  "entry": [ {
    "fullUrl": "https://madie.cms.gov/Patient/4bf7c1f5-8c25-4cd9-9ca8-d67e9f1283cb",
    "resource": {
      "resourceType": "Patient",
      "id": "4bf7c1f5-8c25-4cd9-9ca8-d67e9f1283cb",
      "meta": {
        "profile": [ "http://hl7.org/fhir/us/qicore/StructureDefinition/qicore-patient" ]
      },
      "text": {
        "status": "generated",
        "div": "<div xmlns=\"http://www.w3.org/1999/xhtml\"><div class=\"hapiHeaderText\">OneChemoAdministered<b>IPPFailPop1</b></div><table class=\"hapiPropertyTable\"><tbody><tr><td>Identifier</td><td>4206cb6373f43f924a14fc3f870f2e65432862568ee58c4ad128c68855defc5c</td></tr><tr><td>Date of birth</td><td><span>13 May 1937</span></td></tr></tbody></table></div>"
      },
      "extension": [ {
        "url": "http://hl7.org/fhir/us/core/StructureDefinition/us-core-race",
        "extension": [ {
          "url": "ombCategory",
          "valueCoding": {
            "system": "urn:oid:2.16.840.1.113883.6.238",
            "code": "1002-5",
            "display": "American Indian or Alaska Native",
            "userSelected": true
          }
        }, {
          "url": "text",
          "valueString": "American Indian or Alaska Native"
        } ]
      }, {
        "url": "http://hl7.org/fhir/us/core/StructureDefinition/us-core-ethnicity",
        "extension": [ {
          "url": "ombCategory",
          "valueCoding": {
            "system": "urn:oid:2.16.840.1.113883.6.238",
            "code": "2135-2",
            "display": "Hispanic or Latino",
            "userSelected": true
          }
        }, {
          "url": "text",
          "valueString": "Hispanic or Latino"
        } ]
      } ],
      "identifier": [ {
        "type": {
          "coding": [ {
            "system": "http://terminology.hl7.org/CodeSystem/v2-0203",
            "code": "MR"
          } ]
        },
        "system": "https://bonnie-fhir.healthit.gov/",
        "value": "62c880ec0111a60120dc2206"
      } ],
      "active": true,
      "name": [ {
        "use": "usual",
        "family": "IPPFailPop1",
        "given": [ "OneChemoAdministered" ]
      } ],
      "gender": "female",
      "birthDate": "1937-05-13"
    },
    "request": {
      "method": "PUT",
      "url": "Patient/4bf7c1f5-8c25-4cd9-9ca8-d67e9f1283cb"
    }
  }, {
    "fullUrl": "https://madie.cms.gov/Condition/334ed9b7-e47c-4093-906b-af238b238ec2",
    "resource": {
      "resourceType": "Condition",
      "id": "334ed9b7-e47c-4093-906b-af238b238ec2",
      "meta": {
        "profile": [ "http://hl7.org/fhir/us/qicore/StructureDefinition/qicore-condition" ]
      },
      "clinicalStatus": {
        "coding": [ {
          "system": "http://terminology.hl7.org/CodeSystem/condition-clinical",
          "code": "active",
          "display": "active"
        } ]
      },
      "verificationStatus": {
        "coding": [ {
          "system": "http://terminology.hl7.org/CodeSystem/condition-ver-status",
          "code": "confirmed",
          "display": "Confirmed"
        } ]
      },
      "category": [ {
        "coding": [ {
          "system": "http://terminology.hl7.org/CodeSystem/condition-category",
          "code": "problem-list-item",
          "display": "Problem List Item"
        } ]
      } ],
      "code": {
        "coding": [ {
          "system": "http://snomed.info/sct",
          "version": "2022-09",
          "code": "80914001"
        } ]
      },
      "subject": {
        "reference": "Patient/4bf7c1f5-8c25-4cd9-9ca8-d67e9f1283cb"
      },
      "onsetDateTime": "2023-05-01T13:30:00.000Z"
    },
    "request": {
      "method": "PUT",
      "url": "Condition/334ed9b7-e47c-4093-906b-af238b238ec2"
    }
  }, {
    "fullUrl": "https://madie.cms.gov/Encounter/1a670df4-b958-4028-b322-c7bf433263cd",
    "resource": {
      "resourceType": "Encounter",
      "id": "1a670df4-b958-4028-b322-c7bf433263cd",
      "meta": {
        "profile": [ "http://hl7.org/fhir/us/qicore/StructureDefinition/qicore-encounter" ]
      },
      "status": "finished",
      "class": {
        "system": "http://terminology.hl7.org/CodeSystem/v3-ActCode",
        "code": "AMB",
        "display": "ambulatory",
        "userSelected": true
      },
      "type": [ {
        "coding": [ {
          "system": "http://www.ama-assn.org/go/cpt",
          "code": "99205"
        } ]
      } ],
      "subject": {
        "reference": "Patient/4bf7c1f5-8c25-4cd9-9ca8-d67e9f1283cb"
      },
      "period": {
        "start": "2025-01-01T14:00:00.000Z",
        "end": "2025-01-01T15:00:00.000Z"
      }
    },
    "request": {
      "method": "PUT",
      "url": "Encounter/1a670df4-b958-4028-b322-c7bf433263cd"
    }
  }, {
    "fullUrl": "https://madie.cms.gov/Coverage/3b6677c8-3839-4a77-bf6a-0e2529411c1b",
    "resource": {
      "resourceType": "Coverage",
      "id": "3b6677c8-3839-4a77-bf6a-0e2529411c1b",
      "meta": {
        "profile": [ "http://hl7.org/fhir/us/qicore/StructureDefinition/qicore-coverage" ]
      },
      "status": "active",
      "beneficiary": {
        "reference": "Patient/4bf7c1f5-8c25-4cd9-9ca8-d67e9f1283cb"
      },
      "period": {
        "start": "1937-05-13T08:00:00.000Z"
      },
      "payor": [ {
        "reference": "Organization/61627c0d-1e8e-4090-9624-f73f610cf724"
      } ]
    },
    "request": {
      "method": "PUT",
      "url": "Coverage/3b6677c8-3839-4a77-bf6a-0e2529411c1b"
    }
  }, {
    "fullUrl": "https://madie.cms.gov/Procedure/7c99e527-1e5b-484c-ba3f-e093cb511f53",
    "resource": {
      "resourceType": "Procedure",
      "id": "7c99e527-1e5b-484c-ba3f-e093cb511f53",
      "meta": {
        "profile": [ "http://hl7.org/fhir/us/qicore/StructureDefinition/qicore-procedure" ]
      },
      "extension": [ {
        "url": "http://hl7.org/fhir/us/qicore/StructureDefinition/qicore-recorded",
        "valueDateTime": "2023-12-02T08:35:00.000Z"
      } ],
      "status": "completed",
      "code": {
        "coding": [ {
          "system": "http://snomed.info/sct",
          "code": "169396008"
        } ]
      },
      "subject": {
        "reference": "Patient/4bf7c1f5-8c25-4cd9-9ca8-d67e9f1283cb"
      },
      "performedPeriod": {
        "start": "2023-12-02T08:00:00.000Z",
        "end": "2023-12-02T08:15:00.000Z"
      }
    },
    "request": {
      "method": "PUT",
      "url": "Procedure/7c99e527-1e5b-484c-ba3f-e093cb511f53"
    }
  }, {
    "fullUrl": "https://madie.cms.gov/Organization/61627c0d-1e8e-4090-9624-f73f610cf724",
    "resource": {
      "resourceType": "Organization",
      "id": "61627c0d-1e8e-4090-9624-f73f610cf724",
      "meta": {
        "profile": [ "http://hl7.org/fhir/us/qicore/StructureDefinition/qicore-organization" ]
      },
      "identifier": [ {
        "use": "temp",
        "system": "urn:oid:2.16.840.1.113883.4.4",
        "value": "21-3259825"
      } ],
      "active": true,
      "type": [ {
        "coding": [ {
          "system": "http://terminology.hl7.org/CodeSystem/organization-type",
          "code": "pay",
          "display": "Payer"
        } ]
      } ],
      "name": "Blue Cross Blue Shield of Texas",
      "telecom": [ {
        "system": "phone",
        "value": "(+1) 972-766-6900"
      } ],
      "address": [ {
        "use": "billing",
        "type": "postal",
        "line": [ "P.O. Box 660044" ],
        "city": "Dallas",
        "state": "TX",
        "postalCode": "75266-0044",
        "country": "USA"
      } ]
    },
    "request": {
      "method": "PUT",
      "url": "Organization/61627c0d-1e8e-4090-9624-f73f610cf724"
    }
  }, {
    "fullUrl": "https://madie.cms.gov/Practitioner/40eacd62-20c0-4b66-9701-f105a279d6b2",
    "resource": {
      "resourceType": "Practitioner",
      "id": "40eacd62-20c0-4b66-9701-f105a279d6b2",
      "meta": {
        "profile": [ "http://hl7.org/fhir/us/qicore/StructureDefinition/qicore-practitioner" ]
      },
      "identifier": [ {
        "system": "http://hl7.org/fhir/sid/us-npi",
        "value": "123456"
      } ],
      "name": [ {
        "family": "Evil",
        "prefix": [ "Dr" ]
      } ]
    },
    "request": {
      "method": "PUT",
      "url": "Practitioner/40eacd62-20c0-4b66-9701-f105a279d6b2"
    }
  }, {
    "fullUrl": "https://madie.cms.gov/MeasureReport/4726991c-e2d2-4225-87e3-7670780e7ab3",
    "resource": {
      "resourceType": "MeasureReport",
      "id": "4726991c-e2d2-4225-87e3-7670780e7ab3",
      "meta": {
        "profile": [ "http://hl7.org/fhir/us/cqfmeasures/StructureDefinition/test-case-cqfm" ]
      },
      "contained": [ {
        "resourceType": "Parameters",
        "id": "10a56e65-d5eb-4b01-b726-a1124a187021-parameters",
        "parameter": [ {
          "name": "subject",
          "valueString": "4bf7c1f5-8c25-4cd9-9ca8-d67e9f1283cb"
        } ]
      } ],
      "extension": [ {
        "url": "http://hl7.org/fhir/StructureDefinition/cqf-inputParameters",
        "valueReference": {
          "reference": "#10a56e65-d5eb-4b01-b726-a1124a187021-parameters"
        }
      }, {
        "url": "http://hl7.org/fhir/us/cqfmeasures/StructureDefinition/cqfm-testCaseDescription",
        "valueMarkdown": "Patient with cancer diagnosis that overlaps the office visit during measurement period, received one administration of chemotherapy. \n"
      } ],
      "modifierExtension": [ {
        "url": "http://hl7.org/fhir/us/cqfmeasures/StructureDefinition/cqfm-isTestCase",
        "valueBoolean": true
      } ],
      "status": "complete",
      "type": "individual",
      "measure": "https://madie.cms.gov/Measure/OncologyPainIntensityQuantifiedFHIR",
      "period": {
        "start": "2026-01-01",
        "end": "2026-12-31"
      },
      "group": [ {
        "id": "Group_1",
        "population": [ {
          "id": "InitialPopulation_1",
          "code": {
            "coding": [ {
              "system": "http://terminology.hl7.org/CodeSystem/measure-population",
              "code": "initial-population",
              "display": "Initial Population"
            } ]
          },
          "count": 0
        }, {
          "id": "Denominator_1",
          "code": {
            "coding": [ {
              "system": "http://terminology.hl7.org/CodeSystem/measure-population",
              "code": "denominator",
              "display": "Denominator"
            } ]
          },
          "count": 0
        }, {
          "id": "Numerator_1",
          "code": {
            "coding": [ {
              "system": "http://terminology.hl7.org/CodeSystem/measure-population",
              "code": "numerator",
              "display": "Numerator"
            } ]
          },
          "count": 0
        } ],
        "measureScore": {
          "value": 0.0
        }
      }, {
        "id": "Group_2",
        "population": [ {
          "id": "InitialPopulation_2",
          "code": {
            "coding": [ {
              "system": "http://terminology.hl7.org/CodeSystem/measure-population",
              "code": "initial-population",
              "display": "Initial Population"
            } ]
          },
          "count": 0
        }, {
          "id": "Denominator_2",
          "code": {
            "coding": [ {
              "system": "http://terminology.hl7.org/CodeSystem/measure-population",
              "code": "denominator",
              "display": "Denominator"
            } ]
          },
          "count": 0
        }, {
          "id": "Numerator_2",
          "code": {
            "coding": [ {
              "system": "http://terminology.hl7.org/CodeSystem/measure-population",
              "code": "numerator",
              "display": "Numerator"
            } ]
          },
          "count": 0
        } ],
        "measureScore": {
          "value": 0.0
        }
      } ],
      "evaluatedResource": [ {
        "reference": "Patient/4bf7c1f5-8c25-4cd9-9ca8-d67e9f1283cb"
      }, {
        "reference": "Condition/334ed9b7-e47c-4093-906b-af238b238ec2"
      }, {
        "reference": "Encounter/1a670df4-b958-4028-b322-c7bf433263cd"
      }, {
        "reference": "Coverage/3b6677c8-3839-4a77-bf6a-0e2529411c1b"
      }, {
        "reference": "Procedure/7c99e527-1e5b-484c-ba3f-e093cb511f53"
      }, {
        "reference": "Organization/61627c0d-1e8e-4090-9624-f73f610cf724"
      }, {
        "reference": "Practitioner/40eacd62-20c0-4b66-9701-f105a279d6b2"
      } ]
    },
    "request": {
      "method": "PUT",
      "url": "MeasureReport/4726991c-e2d2-4225-87e3-7670780e7ab3"
    }
  } ]
}