{
  "resourceType": "Bundle",
  "id": "62bb3859e8081f5ef5e199f5",
  "type": "transaction",
  "entry": [ {
    "fullUrl": "https://madie.cms.gov/Patient/7acbd566-b21e-46eb-a7ef-bfd023be8e9d",
    "resource": {
      "resourceType": "Patient",
      "id": "7acbd566-b21e-46eb-a7ef-bfd023be8e9d",
      "meta": {
        "profile": [ "http://hl7.org/fhir/us/qicore/StructureDefinition/qicore-patient" ]
      },
      "extension": [ {
        "url": "http://hl7.org/fhir/us/core/StructureDefinition/us-core-race",
        "extension": [ {
          "url": "ombCategory",
          "valueCoding": {
            "system": "urn:oid:2.16.840.1.113883.6.238",
            "code": "1002-5",
            "display": "American Indian or Alaska Native",
            "userSelected": true
          }
        }, {
          "url": "text",
          "valueString": "American Indian or Alaska Native"
        } ]
      }, {
        "url": "http://hl7.org/fhir/us/core/StructureDefinition/us-core-ethnicity",
        "extension": [ {
          "url": "ombCategory",
          "valueCoding": {
            "system": "urn:oid:2.16.840.1.113883.6.238",
            "code": "2135-2",
            "display": "Hispanic or Latino",
            "userSelected": true
          }
        }, {
          "url": "text",
          "valueString": "Hispanic or Latino"
        } ]
      } ],
      "identifier": [ {
        "type": {
          "coding": [ {
            "system": "http://terminology.hl7.org/CodeSystem/v2-0203",
            "code": "MR"
          } ]
        },
        "system": "https://bonnie-fhir.healthit.gov/",
        "value": "62bb3859e8081f5ef5e199f5"
      } ],
      "name": [ {
        "family": "IPPFail",
        "given": [ "ADTActiveWithWrongADTCode" ]
      } ],
      "gender": "male",
      "birthDate": "1962-07-19"
    },
    "request": {
      "method": "PUT",
      "url": "Patient/7acbd566-b21e-46eb-a7ef-bfd023be8e9d"
    }
  }, {
    "fullUrl": "https://madie.cms.gov/Encounter/bedcbdc6-e5e9-4d80-a77d-8289513e3f5c",
    "resource": {
      "resourceType": "Encounter",
      "id": "bedcbdc6-e5e9-4d80-a77d-8289513e3f5c",
      "meta": {
        "profile": [ "http://hl7.org/fhir/us/qicore/StructureDefinition/qicore-encounter" ]
      },
      "status": "finished",
      "class": {
        "system": "http://terminology.hl7.org/CodeSystem/v3-ActCode",
        "code": "AMB",
        "display": "ambulatory"
      },
      "type": [ {
        "coding": [ {
          "system": "http://snomed.info/sct",
          "version": "http://snomed.info/sct/731000124108/version/20240401",
          "code": "185463005",
          "display": "Visit out of hours (procedure)",
          "userSelected": true
        } ]
      } ],
      "subject": {
        "reference": "Patient/7acbd566-b21e-46eb-a7ef-bfd023be8e9d"
      },
      "period": {
        "start": "2026-05-03T08:00:00.000+00:00",
        "end": "2026-05-03T08:15:00.000+00:00"
      }
    },
    "request": {
      "method": "PUT",
      "url": "Encounter/bedcbdc6-e5e9-4d80-a77d-8289513e3f5c"
    }
  }, {
    "fullUrl": "https://madie.cms.gov/Condition/5c430504-98ab-4ab7-8925-0e48ac2cce17",
    "resource": {
      "resourceType": "Condition",
      "id": "5c430504-98ab-4ab7-8925-0e48ac2cce17",
      "meta": {
        "profile": [ "http://hl7.org/fhir/us/qicore/StructureDefinition/qicore-condition-problems-health-concerns" ]
      },
      "clinicalStatus": {
        "coding": [ {
          "system": "http://terminology.hl7.org/CodeSystem/condition-clinical",
          "code": "active",
          "display": "Active",
          "userSelected": true
        } ]
      },
      "verificationStatus": {
        "coding": [ {
          "system": "http://terminology.hl7.org/CodeSystem/condition-ver-status",
          "code": "confirmed",
          "display": "Confirmed",
          "userSelected": true
        } ]
      },
      "category": [ {
        "coding": [ {
          "system": "http://terminology.hl7.org/CodeSystem/condition-category",
          "code": "problem-list-item",
          "display": "Problem List Item"
        } ]
      } ],
      "code": {
        "coding": [ {
          "system": "http://snomed.info/sct",
          "version": "http://snomed.info/sct/731000124108/version/20240401",
          "code": "254900004",
          "display": "Carcinoma of prostate (disorder)",
          "userSelected": true
        } ]
      },
      "subject": {
        "reference": "Patient/7acbd566-b21e-46eb-a7ef-bfd023be8e9d"
      },
      "onsetPeriod": {
        "start": "2026-03-03T08:00:00.000+00:00"
      }
    },
    "request": {
      "method": "PUT",
      "url": "Condition/5c430504-98ab-4ab7-8925-0e48ac2cce17"
    }
  }, {
    "fullUrl": "https://madie.cms.gov/MedicationRequest/f7261fd8-cf66-4f8e-a42f-e2567464c475",
    "resource": {
      "resourceType": "MedicationRequest",
      "id": "f7261fd8-cf66-4f8e-a42f-e2567464c475",
      "meta": {
        "profile": [ "http://hl7.org/fhir/us/qicore/StructureDefinition/qicore-medicationrequest" ]
      },
      "status": "active",
      "intent": "order",
      "medicationCodeableConcept": {
        "coding": [ {
          "system": "http://www.nlm.nih.gov/research/umls/rxnorm",
          "version": "2025-01",
          "code": "752886",
          "display": "0.375 ML leuprolide acetate 120 MG/ML Prefilled Syringe",
          "userSelected": true
        } ]
      },
      "subject": {
        "reference": "Patient/7acbd566-b21e-46eb-a7ef-bfd023be8e9d"
      },
      "authoredOn": "2026-05-05T08:00:00.000+00:00",
      "requester": {
        "reference": "http://myGoodHealthcare.com/fhir/Practitioner/646346"
      },
      "dosageInstruction": [ {
        "timing": {
          "repeat": {
            "boundsPeriod": {
              "start": "2026-05-05T08:00:00.000+00:00"
            }
          }
        }
      } ]
    },
    "request": {
      "method": "PUT",
      "url": "MedicationRequest/f7261fd8-cf66-4f8e-a42f-e2567464c475"
    }
  }, {
    "fullUrl": "https://madie.cms.gov/ServiceRequest/3542ec5a-174f-4ea9-9540-544ce9b26514",
    "resource": {
      "resourceType": "ServiceRequest",
      "id": "3542ec5a-174f-4ea9-9540-544ce9b26514",
      "meta": {
        "profile": [ "http://hl7.org/fhir/us/qicore/StructureDefinition/qicore-servicerequest" ]
      },
      "status": "active",
      "intent": "order",
      "code": {
        "coding": [ {
          "system": "http://snomed.info/sct",
          "code": "456381000124102",
          "display": "Injection of leuprolide acetate for twelve month period (regime/therapy)",
          "userSelected": true
        } ]
      },
      "subject": {
        "reference": "Patient/7acbd566-b21e-46eb-a7ef-bfd023be8e9d"
      },
      "authoredOn": "2026-05-05T08:00:00.000+00:00"
    },
    "request": {
      "method": "PUT",
      "url": "ServiceRequest/3542ec5a-174f-4ea9-9540-544ce9b26514"
    }
  }, {
    "fullUrl": "https://madie.cms.gov/MeasureReport/3b706a37-5959-4246-9ff7-8c95e333bf60",
    "resource": {
      "resourceType": "MeasureReport",
      "id": "3b706a37-5959-4246-9ff7-8c95e333bf60",
      "meta": {
        "profile": [ "http://hl7.org/fhir/us/cqfmeasures/StructureDefinition/test-case-cqfm" ]
      },
      "contained": [ {
        "resourceType": "Parameters",
        "id": "f9574912-312c-4564-9e4c-70693c8bf3b6-parameters",
        "parameter": [ {
          "name": "subject",
          "valueString": "7acbd566-b21e-46eb-a7ef-bfd023be8e9d"
        } ]
      } ],
      "extension": [ {
        "url": "http://hl7.org/fhir/StructureDefinition/cqf-inputParameters",
        "valueReference": {
          "reference": "#f9574912-312c-4564-9e4c-70693c8bf3b6-parameters"
        }
      }, {
        "url": "http://hl7.org/fhir/us/cqfmeasures/StructureDefinition/cqfm-testCaseDescription",
        "valueMarkdown": "Dx prostate cancer, ADT active but with wrong code, OV in MP and procedure order present.  Should fail IPP"
      } ],
      "modifierExtension": [ {
        "url": "http://hl7.org/fhir/us/cqfmeasures/StructureDefinition/cqfm-isTestCase",
        "valueBoolean": true
      } ],
      "status": "complete",
      "type": "individual",
      "measure": "https://madie.cms.gov/Measure/CMS645FHIRBoneDensityProstateCancerAndrogenDeprivationTherapy",
      "period": {
        "start": "2026-01-01",
        "end": "2026-12-31"
      },
      "group": [ {
        "id": "Group_1",
        "population": [ {
          "id": "InitialPopulation_1",
          "code": {
            "coding": [ {
              "system": "http://terminology.hl7.org/CodeSystem/measure-population",
              "code": "initial-population",
              "display": "Initial Population"
            } ]
          },
          "count": 0
        }, {
          "id": "Denominator_1",
          "code": {
            "coding": [ {
              "system": "http://terminology.hl7.org/CodeSystem/measure-population",
              "code": "denominator",
              "display": "Denominator"
            } ]
          },
          "count": 0
        }, {
          "id": "Numerator_1",
          "code": {
            "coding": [ {
              "system": "http://terminology.hl7.org/CodeSystem/measure-population",
              "code": "numerator",
              "display": "Numerator"
            } ]
          },
          "count": 0
        }, {
          "id": "DenominatorException_1",
          "code": {
            "coding": [ {
              "system": "http://terminology.hl7.org/CodeSystem/measure-population",
              "code": "denominator-exception",
              "display": "Denominator Exception"
            } ]
          },
          "count": 0
        } ],
        "measureScore": {
          "value": 1.0
        }
      } ],
      "evaluatedResource": [ {
        "reference": "Patient/7acbd566-b21e-46eb-a7ef-bfd023be8e9d"
      }, {
        "reference": "Encounter/bedcbdc6-e5e9-4d80-a77d-8289513e3f5c"
      }, {
        "reference": "Condition/5c430504-98ab-4ab7-8925-0e48ac2cce17"
      }, {
        "reference": "MedicationRequest/f7261fd8-cf66-4f8e-a42f-e2567464c475"
      }, {
        "reference": "ServiceRequest/3542ec5a-174f-4ea9-9540-544ce9b26514"
      } ]
    },
    "request": {
      "method": "PUT",
      "url": "MeasureReport/3b706a37-5959-4246-9ff7-8c95e333bf60"
    }
  } ]
}