{
  "resourceType": "Bundle",
  "id": "61095b0998086b53805591a5",
  "type": "transaction",
  "entry": [ {
    "fullUrl": "https://madie.cms.gov/Patient/d8a4576a-abf4-4ef5-878b-44b6333e13b5",
    "resource": {
      "resourceType": "Patient",
      "id": "d8a4576a-abf4-4ef5-878b-44b6333e13b5",
      "meta": {
        "profile": [ "http://hl7.org/fhir/us/qicore/StructureDefinition/qicore-patient" ]
      },
      "text": {
        "status": "generated",
        "div": "<div xmlns=\"http://www.w3.org/1999/xhtml\"><div class=\"hapiHeaderText\">Age@18 <b>DENOMPASS </b></div><table class=\"hapiPropertyTable\"><tbody><tr><td>Identifier</td><td>67f3e33acf17bcb386e754d726ed064ccd48ba21ff0ffb2eb678740a684398be</td></tr><tr><td>Date of birth</td><td><span>01 January 1994</span></td></tr></tbody></table></div>"
      },
      "extension": [ {
        "url": "http://hl7.org/fhir/us/core/StructureDefinition/us-core-race",
        "extension": [ {
          "url": "ombCategory",
          "valueCoding": {
            "system": "urn:oid:2.16.840.1.113883.6.238",
            "code": "1002-5",
            "display": "American Indian or Alaska Native",
            "userSelected": true
          }
        }, {
          "url": "text",
          "valueString": "American Indian or Alaska Native"
        } ]
      }, {
        "url": "http://hl7.org/fhir/us/core/StructureDefinition/us-core-ethnicity",
        "extension": [ {
          "url": "ombCategory",
          "valueCoding": {
            "system": "urn:oid:2.16.840.1.113883.6.238",
            "code": "2135-2",
            "display": "Hispanic or Latino",
            "userSelected": true
          }
        }, {
          "url": "text",
          "valueString": "Hispanic or Latino"
        } ]
      } ],
      "identifier": [ {
        "type": {
          "coding": [ {
            "system": "http://terminology.hl7.org/CodeSystem/v2-0203",
            "code": "MR"
          } ]
        },
        "system": "https://bonnie-fhir.healthit.gov/",
        "value": "61095b0998086b53805591a5"
      } ],
      "active": true,
      "name": [ {
        "use": "usual",
        "family": "DENEXPASS",
        "given": [ "InjurytoOpticNerveWithCatSurg" ]
      } ],
      "gender": "female",
      "birthDate": "1996-01-01"
    },
    "request": {
      "method": "PUT",
      "url": "Patient/d8a4576a-abf4-4ef5-878b-44b6333e13b5"
    }
  }, {
    "fullUrl": "https://madie.cms.gov/Observation/afaa6938-13e6-46bf-994e-cabcc87fcf58",
    "resource": {
      "resourceType": "Observation",
      "id": "afaa6938-13e6-46bf-994e-cabcc87fcf58",
      "meta": {
        "profile": [ "http://hl7.org/fhir/us/qicore/StructureDefinition/qicore-observation-clinical-result" ]
      },
      "status": "final",
      "category": [ {
        "coding": [ {
          "system": "http://terminology.hl7.org/CodeSystem/observation-category",
          "code": "exam",
          "display": "exam"
        } ]
      } ],
      "code": {
        "coding": [ {
          "system": "http://snomed.info/sct",
          "code": "419775003"
        } ]
      },
      "subject": {
        "reference": "Patient/d8a4576a-abf4-4ef5-878b-44b6333e13b5"
      },
      "effectivePeriod": {
        "start": "2026-03-13T09:00:00+00:00",
        "end": "2026-03-13T09:30:00+00:00"
      }
    },
    "request": {
      "method": "PUT",
      "url": "Observation/afaa6938-13e6-46bf-994e-cabcc87fcf58"
    }
  }, {
    "fullUrl": "https://madie.cms.gov/Procedure/4f933fd4-1dc0-43ef-ad69-53aff119f7e3",
    "resource": {
      "resourceType": "Procedure",
      "id": "4f933fd4-1dc0-43ef-ad69-53aff119f7e3",
      "meta": {
        "profile": [ "http://hl7.org/fhir/us/qicore/StructureDefinition/qicore-procedure" ]
      },
      "extension": [ {
        "url": "http://hl7.org/fhir/us/qicore/StructureDefinition/qicore-recorded",
        "valueDateTime": "2026-03-05T09:35:00-04:00"
      } ],
      "status": "completed",
      "code": {
        "coding": [ {
          "system": "http://snomed.info/sct",
          "code": "84149000"
        } ]
      },
      "subject": {
        "reference": "Patient/d8a4576a-abf4-4ef5-878b-44b6333e13b5"
      },
      "performedPeriod": {
        "start": "2026-03-05T09:20:00-04:00",
        "end": "2026-04-05T10:30:00-04:00"
      }
    },
    "request": {
      "method": "PUT",
      "url": "Procedure/4f933fd4-1dc0-43ef-ad69-53aff119f7e3"
    }
  }, {
    "fullUrl": "https://madie.cms.gov/Condition/1778275a-4988-4116-9c32-bc38644b1deb",
    "resource": {
      "resourceType": "Condition",
      "id": "1778275a-4988-4116-9c32-bc38644b1deb",
      "meta": {
        "profile": [ "http://hl7.org/fhir/us/qicore/StructureDefinition/qicore-condition-encounter-diagnosis" ]
      },
      "clinicalStatus": {
        "coding": [ {
          "system": "http://terminology.hl7.org/CodeSystem/condition-clinical",
          "code": "active",
          "display": "active",
          "userSelected": true
        } ]
      },
      "category": [ {
        "coding": [ {
          "system": "http://terminology.hl7.org/CodeSystem/condition-clinical",
          "code": "active",
          "display": "active",
          "userSelected": true
        } ]
      } ],
      "code": {
        "coding": [ {
          "system": "http://hl7.org/fhir/sid/icd-10-cm",
          "code": "S04.032A",
          "userSelected": true
        }, {
          "system": "http://snomed.info/sct",
          "code": "212141007",
          "userSelected": true
        } ]
      },
      "subject": {
        "reference": "Patient/d8a4576a-abf4-4ef5-878b-44b6333e13b5"
      },
      "onsetDateTime": "2024-11-01T08:00:00.000+00:00"
    },
    "request": {
      "method": "PUT",
      "url": "Condition/1778275a-4988-4116-9c32-bc38644b1deb"
    }
  }, {
    "fullUrl": "https://madie.cms.gov/Coverage/82febfa2-d542-437d-b02f-21fdca96a95f",
    "resource": {
      "resourceType": "Coverage",
      "id": "82febfa2-d542-437d-b02f-21fdca96a95f",
      "meta": {
        "profile": [ "http://hl7.org/fhir/us/qicore/StructureDefinition/qicore-coverage" ]
      },
      "status": "active",
      "beneficiary": {
        "reference": "Patient/d8a4576a-abf4-4ef5-878b-44b6333e13b5"
      },
      "payor": [ {
        "reference": "Organization/cc58ae50-eb21-4029-afc4-6c1ceb1bfcf0"
      } ]
    },
    "request": {
      "method": "PUT",
      "url": "Coverage/82febfa2-d542-437d-b02f-21fdca96a95f"
    }
  }, {
    "fullUrl": "https://madie.cms.gov/Organization/cc58ae50-eb21-4029-afc4-6c1ceb1bfcf0",
    "resource": {
      "resourceType": "Organization",
      "id": "cc58ae50-eb21-4029-afc4-6c1ceb1bfcf0",
      "meta": {
        "profile": [ "http://hl7.org/fhir/us/qicore/StructureDefinition/qicore-organization" ]
      },
      "identifier": [ {
        "use": "temp",
        "system": "urn:oid:2.16.840.1.113883.4.4",
        "value": "21-3259825"
      } ],
      "active": true,
      "type": [ {
        "coding": [ {
          "system": "http://terminology.hl7.org/CodeSystem/organization-type",
          "code": "pay",
          "display": "Payer"
        } ]
      } ],
      "name": "Blue Cross Blue Shield of Texas",
      "telecom": [ {
        "system": "phone",
        "value": "(+1) 972-766-6900"
      } ],
      "address": [ {
        "use": "billing",
        "type": "postal",
        "line": [ "P.O. Box 660044" ],
        "city": "Dallas",
        "state": "TX",
        "postalCode": "75266-0044",
        "country": "USA"
      } ]
    },
    "request": {
      "method": "PUT",
      "url": "Organization/cc58ae50-eb21-4029-afc4-6c1ceb1bfcf0"
    }
  }, {
    "fullUrl": "https://madie.cms.gov/Practitioner/781e688a-7900-4651-b44c-a95b9469b5e5",
    "resource": {
      "resourceType": "Practitioner",
      "id": "781e688a-7900-4651-b44c-a95b9469b5e5",
      "meta": {
        "profile": [ "http://hl7.org/fhir/us/qicore/StructureDefinition/qicore-practitioner" ]
      },
      "identifier": [ {
        "system": "http://hl7.org/fhir/sid/us-npi",
        "value": "123456"
      } ],
      "name": [ {
        "family": "Evil",
        "prefix": [ "Dr" ]
      } ]
    },
    "request": {
      "method": "PUT",
      "url": "Practitioner/781e688a-7900-4651-b44c-a95b9469b5e5"
    }
  }, {
    "fullUrl": "https://madie.cms.gov/MeasureReport/ce3aecfe-59e8-49fe-aef2-e33d023d3d30",
    "resource": {
      "resourceType": "MeasureReport",
      "id": "ce3aecfe-59e8-49fe-aef2-e33d023d3d30",
      "meta": {
        "profile": [ "http://hl7.org/fhir/us/cqfmeasures/StructureDefinition/test-case-cqfm" ]
      },
      "contained": [ {
        "resourceType": "Parameters",
        "id": "3769aa14-2661-401e-94e3-cd0acaacc1a6-parameters",
        "parameter": [ {
          "name": "subject",
          "valueString": "d8a4576a-abf4-4ef5-878b-44b6333e13b5"
        } ]
      } ],
      "extension": [ {
        "url": "http://hl7.org/fhir/StructureDefinition/cqf-inputParameters",
        "valueReference": {
          "reference": "#3769aa14-2661-401e-94e3-cd0acaacc1a6-parameters"
        }
      }, {
        "url": "http://hl7.org/fhir/us/cqfmeasures/StructureDefinition/cqfm-testCaseDescription",
        "valueMarkdown": "Patient with Injury to Optic Nerve with cataract surgery. "
      } ],
      "modifierExtension": [ {
        "url": "http://hl7.org/fhir/us/cqfmeasures/StructureDefinition/cqfm-isTestCase",
        "valueBoolean": true
      } ],
      "status": "complete",
      "type": "individual",
      "measure": "https://madie.cms.gov/Measure/CMS133FHIRCataracts2040BCVAwithin90Days",
      "period": {
        "start": "2026-01-01",
        "end": "2026-12-31"
      },
      "group": [ {
        "id": "Group_1",
        "population": [ {
          "id": "InitialPopulation_1",
          "code": {
            "coding": [ {
              "system": "http://terminology.hl7.org/CodeSystem/measure-population",
              "code": "initial-population",
              "display": "Initial Population"
            } ]
          },
          "count": 1
        }, {
          "id": "Denominator_1",
          "code": {
            "coding": [ {
              "system": "http://terminology.hl7.org/CodeSystem/measure-population",
              "code": "denominator",
              "display": "Denominator"
            } ]
          },
          "count": 1
        }, {
          "id": "DenominatorExclusion_1",
          "code": {
            "coding": [ {
              "system": "http://terminology.hl7.org/CodeSystem/measure-population",
              "code": "denominator-exclusion",
              "display": "Denominator Exclusion"
            } ]
          },
          "count": 1
        }, {
          "id": "Numerator_1",
          "code": {
            "coding": [ {
              "system": "http://terminology.hl7.org/CodeSystem/measure-population",
              "code": "numerator",
              "display": "Numerator"
            } ]
          },
          "count": 0
        } ],
        "measureScore": {
          "value": 0.0
        }
      } ],
      "evaluatedResource": [ {
        "reference": "Patient/d8a4576a-abf4-4ef5-878b-44b6333e13b5"
      }, {
        "reference": "Observation/afaa6938-13e6-46bf-994e-cabcc87fcf58"
      }, {
        "reference": "Procedure/4f933fd4-1dc0-43ef-ad69-53aff119f7e3"
      }, {
        "reference": "Condition/1778275a-4988-4116-9c32-bc38644b1deb"
      }, {
        "reference": "Coverage/82febfa2-d542-437d-b02f-21fdca96a95f"
      }, {
        "reference": "Organization/cc58ae50-eb21-4029-afc4-6c1ceb1bfcf0"
      }, {
        "reference": "Practitioner/781e688a-7900-4651-b44c-a95b9469b5e5"
      } ]
    },
    "request": {
      "method": "PUT",
      "url": "MeasureReport/ce3aecfe-59e8-49fe-aef2-e33d023d3d30"
    }
  } ]
}