{
  "resourceType": "Bundle",
  "id": "4c608c06-c958-11ed-aa7e-325096b39f47",
  "type": "transaction",
  "entry": [ {
    "fullUrl": "https://madie.cms.gov/Patient/ae8b8236-bf9b-47f9-9c71-4655bca14aba",
    "resource": {
      "resourceType": "Patient",
      "id": "ae8b8236-bf9b-47f9-9c71-4655bca14aba",
      "meta": {
        "profile": [ "http://hl7.org/fhir/us/qicore/StructureDefinition/qicore-patient" ]
      },
      "extension": [ {
        "url": "http://hl7.org/fhir/us/core/StructureDefinition/us-core-race",
        "extension": [ {
          "url": "ombCategory",
          "valueCoding": {
            "system": "urn:oid:2.16.840.1.113883.6.238",
            "code": "2054-5",
            "display": "Black or African American"
          }
        }, {
          "url": "text",
          "valueString": "Black or African American"
        } ]
      }, {
        "url": "http://hl7.org/fhir/us/core/StructureDefinition/us-core-ethnicity",
        "extension": [ {
          "url": "ombCategory",
          "valueCoding": {
            "system": "urn:oid:2.16.840.1.113883.6.238",
            "code": "2135-2",
            "display": "Hispanic or Latino",
            "userSelected": true
          }
        }, {
          "url": "text",
          "valueString": "Hispanic or Latino"
        } ]
      } ],
      "identifier": [ {
        "type": {
          "coding": [ {
            "system": "http://terminology.hl7.org/CodeSystem/v2-0203",
            "code": "MR"
          } ]
        },
        "system": "https://bonnie-fhir.healthit.gov/",
        "value": "900082319426"
      } ],
      "name": [ {
        "family": "DENEXPass",
        "given": [ "BPHDxDuringHospitalizationEnc" ]
      } ],
      "gender": "male",
      "birthDate": "1952-01-10"
    },
    "request": {
      "method": "PUT",
      "url": "Patient/ae8b8236-bf9b-47f9-9c71-4655bca14aba"
    }
  }, {
    "fullUrl": "https://madie.cms.gov/Encounter/d584d797-f9b5-4be7-8baf-968043170520",
    "resource": {
      "resourceType": "Encounter",
      "id": "d584d797-f9b5-4be7-8baf-968043170520",
      "meta": {
        "profile": [ "http://hl7.org/fhir/us/qicore/StructureDefinition/qicore-encounter" ]
      },
      "status": "finished",
      "class": {
        "system": "http://terminology.hl7.org/CodeSystem/v3-ActCode",
        "code": "AMB",
        "display": "ambulatory"
      },
      "type": [ {
        "coding": [ {
          "system": "http://snomed.info/sct",
          "version": "http://snomed.info/sct/731000124108/version/20240301",
          "code": "185463005",
          "display": "Visit out of hours (procedure)",
          "userSelected": true
        } ]
      } ],
      "subject": {
        "reference": "Patient/ae8b8236-bf9b-47f9-9c71-4655bca14aba"
      },
      "period": {
        "start": "2026-05-01T08:00:00.000+00:00",
        "end": "2026-05-01T08:30:00.000+00:00"
      }
    },
    "request": {
      "method": "PUT",
      "url": "Encounter/d584d797-f9b5-4be7-8baf-968043170520"
    }
  }, {
    "fullUrl": "https://madie.cms.gov/Encounter/39da0010-e4eb-47af-988c-bb07cf28bd50",
    "resource": {
      "resourceType": "Encounter",
      "id": "39da0010-e4eb-47af-988c-bb07cf28bd50",
      "meta": {
        "profile": [ "http://hl7.org/fhir/us/qicore/StructureDefinition/qicore-encounter" ]
      },
      "status": "finished",
      "class": {
        "system": "http://terminology.hl7.org/CodeSystem/v3-ActCode",
        "code": "IMP",
        "display": "inpatient encounter"
      },
      "type": [ {
        "coding": [ {
          "system": "http://www.ama-assn.org/go/cpt",
          "version": "2024",
          "code": "99223",
          "display": "Initial hospital inpatient or observation care, per day, for the evaluation and management of a patient, which requires a medically appropriate history and/or examination and high level of medical decision making. When using total time on the date of the encounter for code selection, 75 minutes must be met or exceeded.",
          "userSelected": true
        } ]
      } ],
      "subject": {
        "reference": "Patient/ae8b8236-bf9b-47f9-9c71-4655bca14aba"
      },
      "period": {
        "start": "2025-09-01T08:00:00.000+00:00",
        "end": "2025-09-03T08:30:00.000+00:00"
      }
    },
    "request": {
      "method": "PUT",
      "url": "Encounter/39da0010-e4eb-47af-988c-bb07cf28bd50"
    }
  }, {
    "fullUrl": "https://madie.cms.gov/Condition/a205fbb7-1de9-44a8-8b55-8f711ec9285e",
    "resource": {
      "resourceType": "Condition",
      "id": "a205fbb7-1de9-44a8-8b55-8f711ec9285e",
      "meta": {
        "profile": [ "http://hl7.org/fhir/us/qicore/StructureDefinition/qicore-condition-encounter-diagnosis" ]
      },
      "clinicalStatus": {
        "coding": [ {
          "system": "http://terminology.hl7.org/CodeSystem/condition-clinical",
          "code": "active",
          "display": "active",
          "userSelected": true
        } ]
      },
      "verificationStatus": {
        "coding": [ {
          "system": "http://terminology.hl7.org/CodeSystem/condition-ver-status",
          "code": "confirmed",
          "display": "Confirmed",
          "userSelected": true
        } ]
      },
      "category": [ {
        "coding": [ {
          "system": "http://terminology.hl7.org/CodeSystem/condition-category",
          "code": "encounter-diagnosis",
          "display": "Encounter Diagnosis"
        } ]
      } ],
      "code": {
        "coding": [ {
          "system": "http://hl7.org/fhir/sid/icd-10-cm",
          "version": "2024",
          "code": "N40.1",
          "display": "Benign prostatic hyperplasia with lower urinary tract symptoms",
          "userSelected": true
        } ]
      },
      "subject": {
        "reference": "Patient/ae8b8236-bf9b-47f9-9c71-4655bca14aba"
      },
      "encounter": {
        "reference": "Encounter/55509251"
      },
      "onsetPeriod": {
        "start": "2025-09-01T08:55:00.000+00:00"
      }
    },
    "request": {
      "method": "PUT",
      "url": "Condition/a205fbb7-1de9-44a8-8b55-8f711ec9285e"
    }
  }, {
    "fullUrl": "https://madie.cms.gov/Observation/37733d1b-f702-4227-ac4d-37969983a848",
    "resource": {
      "resourceType": "Observation",
      "id": "37733d1b-f702-4227-ac4d-37969983a848",
      "meta": {
        "profile": [ "http://hl7.org/fhir/us/qicore/StructureDefinition/qicore-observation-screening-assessment" ]
      },
      "status": "final",
      "category": [ {
        "coding": [ {
          "system": "http://terminology.hl7.org/CodeSystem/observation-category",
          "code": "survey",
          "display": "Survey"
        } ]
      } ],
      "code": {
        "coding": [ {
          "system": "http://loinc.org",
          "version": "2.76",
          "code": "80976-4",
          "display": "International Prostate Symptom Score [IPSS]",
          "userSelected": true
        } ]
      },
      "subject": {
        "reference": "Patient/ae8b8236-bf9b-47f9-9c71-4655bca14aba"
      },
      "effectiveDateTime": "2025-10-01T08:15:00.000+00:00",
      "valueInteger": 5
    },
    "request": {
      "method": "PUT",
      "url": "Observation/37733d1b-f702-4227-ac4d-37969983a848"
    }
  }, {
    "fullUrl": "https://madie.cms.gov/Observation/5a4a72d3-eedd-4ae3-95e5-715c1e932ed5",
    "resource": {
      "resourceType": "Observation",
      "id": "5a4a72d3-eedd-4ae3-95e5-715c1e932ed5",
      "meta": {
        "profile": [ "http://hl7.org/fhir/us/qicore/StructureDefinition/qicore-observation-screening-assessment" ]
      },
      "status": "final",
      "category": [ {
        "coding": [ {
          "system": "http://terminology.hl7.org/CodeSystem/observation-category",
          "code": "survey",
          "display": "Survey"
        } ]
      } ],
      "code": {
        "coding": [ {
          "system": "http://loinc.org",
          "version": "2.76",
          "code": "80976-4",
          "display": "International Prostate Symptom Score [IPSS]",
          "userSelected": true
        } ]
      },
      "subject": {
        "reference": "Patient/ae8b8236-bf9b-47f9-9c71-4655bca14aba"
      },
      "effectiveDateTime": "2026-06-01T08:15:00.000+00:00",
      "valueInteger": 2
    },
    "request": {
      "method": "PUT",
      "url": "Observation/5a4a72d3-eedd-4ae3-95e5-715c1e932ed5"
    }
  }, {
    "fullUrl": "https://madie.cms.gov/MeasureReport/d7d9471b-8c69-410f-bf16-6fe4f1e2bb59",
    "resource": {
      "resourceType": "MeasureReport",
      "id": "d7d9471b-8c69-410f-bf16-6fe4f1e2bb59",
      "meta": {
        "profile": [ "http://hl7.org/fhir/us/cqfmeasures/StructureDefinition/test-case-cqfm" ]
      },
      "contained": [ {
        "resourceType": "Parameters",
        "id": "86b6b37a-5418-4665-a5a4-60224f58911d-parameters",
        "parameter": [ {
          "name": "subject",
          "valueString": "ae8b8236-bf9b-47f9-9c71-4655bca14aba"
        } ]
      } ],
      "extension": [ {
        "url": "http://hl7.org/fhir/StructureDefinition/cqf-inputParameters",
        "valueReference": {
          "reference": "#86b6b37a-5418-4665-a5a4-60224f58911d-parameters"
        }
      }, {
        "url": "http://hl7.org/fhir/us/cqfmeasures/StructureDefinition/cqfm-testCaseDescription",
        "valueMarkdown": "Male Patient  with, Initial and Followup USS assessment but whose required BPH diagnosis occurs during a hospitalization ecncounter which qualifies as denominator exception"
      } ],
      "modifierExtension": [ {
        "url": "http://hl7.org/fhir/us/cqfmeasures/StructureDefinition/cqfm-isTestCase",
        "valueBoolean": true
      } ],
      "status": "complete",
      "type": "individual",
      "measure": "https://madie.cms.gov/Measure/CMS771FHIRUrinarySymptomScoreChangeBenignProstaticHyperplasia",
      "period": {
        "start": "2026-01-01",
        "end": "2026-12-31"
      },
      "group": [ {
        "id": "Group_1",
        "population": [ {
          "id": "InitialPopulation_1",
          "code": {
            "coding": [ {
              "system": "http://terminology.hl7.org/CodeSystem/measure-population",
              "code": "initial-population",
              "display": "Initial Population"
            } ]
          },
          "count": 1
        }, {
          "id": "Denominator_1",
          "code": {
            "coding": [ {
              "system": "http://terminology.hl7.org/CodeSystem/measure-population",
              "code": "denominator",
              "display": "Denominator"
            } ]
          },
          "count": 1
        }, {
          "id": "DenominatorExclusion_1",
          "code": {
            "coding": [ {
              "system": "http://terminology.hl7.org/CodeSystem/measure-population",
              "code": "denominator-exclusion",
              "display": "Denominator Exclusion"
            } ]
          },
          "count": 1
        }, {
          "id": "Numerator_1",
          "code": {
            "coding": [ {
              "system": "http://terminology.hl7.org/CodeSystem/measure-population",
              "code": "numerator",
              "display": "Numerator"
            } ]
          },
          "count": 0
        } ],
        "measureScore": {
          "value": 1.0
        }
      } ],
      "evaluatedResource": [ {
        "reference": "Patient/ae8b8236-bf9b-47f9-9c71-4655bca14aba"
      }, {
        "reference": "Encounter/d584d797-f9b5-4be7-8baf-968043170520"
      }, {
        "reference": "Encounter/39da0010-e4eb-47af-988c-bb07cf28bd50"
      }, {
        "reference": "Condition/a205fbb7-1de9-44a8-8b55-8f711ec9285e"
      }, {
        "reference": "Observation/37733d1b-f702-4227-ac4d-37969983a848"
      }, {
        "reference": "Observation/5a4a72d3-eedd-4ae3-95e5-715c1e932ed5"
      } ]
    },
    "request": {
      "method": "PUT",
      "url": "MeasureReport/d7d9471b-8c69-410f-bf16-6fe4f1e2bb59"
    }
  } ]
}