{
  "resourceType": "Bundle",
  "id": "642713b678c9438489949adf",
  "type": "transaction",
  "entry": [ {
    "fullUrl": "https://madie.cms.gov/Patient/04c67cc9-bf23-4f31-988c-8bac7e96f938",
    "resource": {
      "resourceType": "Patient",
      "id": "04c67cc9-bf23-4f31-988c-8bac7e96f938",
      "meta": {
        "profile": [ "http://hl7.org/fhir/us/qicore/StructureDefinition/qicore-patient" ]
      },
      "extension": [ {
        "url": "http://hl7.org/fhir/us/core/StructureDefinition/us-core-race",
        "extension": [ {
          "url": "ombCategory",
          "valueCoding": {
            "system": "urn:oid:2.16.840.1.113883.6.238",
            "code": "1002-5",
            "display": "American Indian or Alaska Native",
            "userSelected": true
          }
        }, {
          "url": "text",
          "valueString": "American Indian or Alaska Native"
        } ]
      }, {
        "url": "http://hl7.org/fhir/us/core/StructureDefinition/us-core-ethnicity",
        "extension": [ {
          "url": "ombCategory",
          "valueCoding": {
            "system": "urn:oid:2.16.840.1.113883.6.238",
            "code": "2135-2",
            "display": "Hispanic or Latino",
            "userSelected": true
          }
        }, {
          "url": "text",
          "valueString": "Hispanic or Latino"
        } ]
      } ],
      "identifier": [ {
        "type": {
          "coding": [ {
            "system": "http://terminology.hl7.org/CodeSystem/v2-0203",
            "code": "MR"
          } ]
        },
        "system": "https://bonnie-fhir.healthit.gov/",
        "value": "642713b678c9438489949adf"
      } ],
      "name": [ {
        "family": "NUMERFail",
        "given": [ "AssessmentAfterEnc" ]
      } ],
      "gender": "female",
      "birthDate": "1979-01-02"
    },
    "request": {
      "method": "PUT",
      "url": "Patient/04c67cc9-bf23-4f31-988c-8bac7e96f938"
    }
  }, {
    "fullUrl": "https://madie.cms.gov/Condition/1c54680a-ace8-4a9b-a204-71c5c277b0f2",
    "resource": {
      "resourceType": "Condition",
      "id": "1c54680a-ace8-4a9b-a204-71c5c277b0f2",
      "meta": {
        "profile": [ "http://hl7.org/fhir/us/qicore/StructureDefinition/qicore-condition-problems-health-concerns" ]
      },
      "clinicalStatus": {
        "coding": [ {
          "system": "http://terminology.hl7.org/CodeSystem/condition-clinical",
          "code": "active",
          "display": "Active",
          "userSelected": true
        } ]
      },
      "verificationStatus": {
        "coding": [ {
          "system": "http://terminology.hl7.org/CodeSystem/condition-ver-status",
          "code": "confirmed",
          "display": "Confirmed",
          "userSelected": true
        } ]
      },
      "category": [ {
        "coding": [ {
          "system": "http://terminology.hl7.org/CodeSystem/condition-category",
          "code": "encounter-diagnosis",
          "display": "Encounter Diagnosis",
          "userSelected": true
        } ]
      } ],
      "code": {
        "coding": [ {
          "system": "http://hl7.org/fhir/sid/icd-10-cm",
          "version": "2023",
          "code": "G31.83",
          "userSelected": true
        } ]
      },
      "subject": {
        "reference": "Patient/04c67cc9-bf23-4f31-988c-8bac7e96f938"
      },
      "onsetPeriod": {
        "start": "2023-03-30T08:00:00.000+00:00"
      }
    },
    "request": {
      "method": "PUT",
      "url": "Condition/1c54680a-ace8-4a9b-a204-71c5c277b0f2"
    }
  }, {
    "fullUrl": "https://madie.cms.gov/Encounter/51f7ece5-1302-4bfb-862f-a6c1f91697e5",
    "resource": {
      "resourceType": "Encounter",
      "id": "51f7ece5-1302-4bfb-862f-a6c1f91697e5",
      "meta": {
        "profile": [ "http://hl7.org/fhir/us/qicore/StructureDefinition/qicore-encounter" ]
      },
      "status": "finished",
      "class": {
        "system": "http://terminology.hl7.org/CodeSystem/v3-ActCode",
        "code": "AMB",
        "display": "ambulatory",
        "userSelected": true
      },
      "type": [ {
        "coding": [ {
          "system": "http://www.ama-assn.org/go/cpt",
          "version": "2023",
          "code": "99212",
          "userSelected": true
        } ]
      } ],
      "subject": {
        "reference": "Patient/04c67cc9-bf23-4f31-988c-8bac7e96f938"
      },
      "period": {
        "start": "2026-03-31T08:00:00.000+00:00",
        "end": "2026-03-31T08:35:00.000+00:00"
      }
    },
    "request": {
      "method": "PUT",
      "url": "Encounter/51f7ece5-1302-4bfb-862f-a6c1f91697e5"
    }
  }, {
    "fullUrl": "https://madie.cms.gov/Encounter/3906a163-4240-4584-86da-482c5db0a2da",
    "resource": {
      "resourceType": "Encounter",
      "id": "3906a163-4240-4584-86da-482c5db0a2da",
      "meta": {
        "profile": [ "http://hl7.org/fhir/us/qicore/StructureDefinition/qicore-encounter" ]
      },
      "status": "finished",
      "class": {
        "system": "http://terminology.hl7.org/CodeSystem/v3-ActCode",
        "code": "AMB",
        "display": "ambulatory",
        "userSelected": true
      },
      "type": [ {
        "coding": [ {
          "system": "http://snomed.info/sct",
          "version": "http://snomed.info/sct/731000124108/version/202303",
          "code": "185463005",
          "display": "Visit out of hours (procedure)",
          "userSelected": true
        } ]
      } ],
      "subject": {
        "reference": "Patient/04c67cc9-bf23-4f31-988c-8bac7e96f938"
      },
      "period": {
        "start": "2026-08-31T08:00:00.000+00:00",
        "end": "2026-08-31T08:35:00.000+00:00"
      }
    },
    "request": {
      "method": "PUT",
      "url": "Encounter/3906a163-4240-4584-86da-482c5db0a2da"
    }
  }, {
    "fullUrl": "https://madie.cms.gov/Observation/af30d048-38cf-4482-b8c3-9e8cdb4e395f",
    "resource": {
      "resourceType": "Observation",
      "id": "af30d048-38cf-4482-b8c3-9e8cdb4e395f",
      "meta": {
        "profile": [ "http://hl7.org/fhir/us/qicore/StructureDefinition/qicore-observation-screening-assessment" ]
      },
      "status": "final",
      "category": [ {
        "coding": [ {
          "system": "http://terminology.hl7.org/CodeSystem/observation-category",
          "code": "survey",
          "display": "Survey",
          "userSelected": true
        } ]
      } ],
      "code": {
        "coding": [ {
          "system": "http://loinc.org",
          "version": "2.73",
          "code": "58151-2",
          "display": "Prior assessment Brief Interview for Mental Status (BIMS) summary score [MDSv3]",
          "userSelected": true
        } ]
      },
      "subject": {
        "reference": "Patient/04c67cc9-bf23-4f31-988c-8bac7e96f938"
      },
      "effectiveDateTime": "2026-10-31T08:00:00.000+00:00",
      "issued": "2026-10-31T08:00:00.000+00:00",
      "valueInteger": 26
    },
    "request": {
      "method": "PUT",
      "url": "Observation/af30d048-38cf-4482-b8c3-9e8cdb4e395f"
    }
  }, {
    "fullUrl": "https://madie.cms.gov/Coverage/ccb1a6e7-1559-45fa-bf46-20161a5a7740",
    "resource": {
      "resourceType": "Coverage",
      "id": "ccb1a6e7-1559-45fa-bf46-20161a5a7740",
      "meta": {
        "profile": [ "http://hl7.org/fhir/us/qicore/StructureDefinition/qicore-coverage" ]
      },
      "status": "active",
      "beneficiary": {
        "reference": "Patient/04c67cc9-bf23-4f31-988c-8bac7e96f938"
      },
      "payor": [ {
        "reference": "Organization/38cebe1b-af45-4eb0-b129-e65fb2e53ba0"
      } ]
    },
    "request": {
      "method": "PUT",
      "url": "Coverage/ccb1a6e7-1559-45fa-bf46-20161a5a7740"
    }
  }, {
    "fullUrl": "https://madie.cms.gov/Organization/38cebe1b-af45-4eb0-b129-e65fb2e53ba0",
    "resource": {
      "resourceType": "Organization",
      "id": "38cebe1b-af45-4eb0-b129-e65fb2e53ba0",
      "meta": {
        "profile": [ "http://hl7.org/fhir/us/qicore/StructureDefinition/qicore-organization" ]
      },
      "identifier": [ {
        "use": "temp",
        "system": "urn:oid:2.16.840.1.113883.4.4",
        "value": "21-3259825"
      } ],
      "active": true,
      "type": [ {
        "coding": [ {
          "system": "http://terminology.hl7.org/CodeSystem/organization-type",
          "code": "pay",
          "display": "Payer"
        } ]
      } ],
      "name": "Blue Cross Blue Shield of Texas",
      "telecom": [ {
        "system": "phone",
        "value": "(+1) 972-766-6900"
      } ],
      "address": [ {
        "use": "billing",
        "type": "postal",
        "line": [ "P.O. Box 660044" ],
        "city": "Dallas",
        "state": "TX",
        "postalCode": "75266-0044",
        "country": "USA"
      } ]
    },
    "request": {
      "method": "PUT",
      "url": "Organization/38cebe1b-af45-4eb0-b129-e65fb2e53ba0"
    }
  }, {
    "fullUrl": "https://madie.cms.gov/Practitioner/68599d69-d859-49d3-8339-f2ce58dbd552",
    "resource": {
      "resourceType": "Practitioner",
      "id": "68599d69-d859-49d3-8339-f2ce58dbd552",
      "identifier": [ {
        "system": "http://hl7.org/fhir/sid/us-npi",
        "value": "123456"
      } ],
      "name": [ {
        "family": "Evil",
        "prefix": [ "Dr" ]
      } ]
    },
    "request": {
      "method": "PUT",
      "url": "Practitioner/68599d69-d859-49d3-8339-f2ce58dbd552"
    }
  }, {
    "fullUrl": "https://madie.cms.gov/MeasureReport/5b385698-fef2-4e9a-b323-38d8858ef267",
    "resource": {
      "resourceType": "MeasureReport",
      "id": "5b385698-fef2-4e9a-b323-38d8858ef267",
      "meta": {
        "profile": [ "http://hl7.org/fhir/us/cqfmeasures/StructureDefinition/test-case-cqfm" ]
      },
      "contained": [ {
        "resourceType": "Parameters",
        "id": "853ab4e4-8fc3-424d-b1c0-f49fd903f4b5-parameters",
        "parameter": [ {
          "name": "subject",
          "valueString": "04c67cc9-bf23-4f31-988c-8bac7e96f938"
        } ]
      } ],
      "extension": [ {
        "url": "http://hl7.org/fhir/StructureDefinition/cqf-inputParameters",
        "valueReference": {
          "reference": "#853ab4e4-8fc3-424d-b1c0-f49fd903f4b5-parameters"
        }
      }, {
        "url": "http://hl7.org/fhir/us/cqfmeasures/StructureDefinition/cqfm-testCaseDescription",
        "valueMarkdown": "Assessment issued after dementia encounter failing numerator window 12months through encounter"
      } ],
      "modifierExtension": [ {
        "url": "http://hl7.org/fhir/us/cqfmeasures/StructureDefinition/cqfm-isTestCase",
        "valueBoolean": true
      } ],
      "status": "complete",
      "type": "individual",
      "measure": "https://madie.cms.gov/Measure/CMS149FHIRDementiaCognitiveAssessment",
      "period": {
        "start": "2026-01-01",
        "end": "2026-12-31"
      },
      "group": [ {
        "id": "Group_1",
        "population": [ {
          "id": "InitialPopulation_1",
          "code": {
            "coding": [ {
              "system": "http://terminology.hl7.org/CodeSystem/measure-population",
              "code": "initial-population",
              "display": "Initial Population"
            } ]
          },
          "count": 1
        }, {
          "id": "Denominator_1",
          "code": {
            "coding": [ {
              "system": "http://terminology.hl7.org/CodeSystem/measure-population",
              "code": "denominator",
              "display": "Denominator"
            } ]
          },
          "count": 1
        }, {
          "id": "Numerator_1",
          "code": {
            "coding": [ {
              "system": "http://terminology.hl7.org/CodeSystem/measure-population",
              "code": "numerator",
              "display": "Numerator"
            } ]
          },
          "count": 0
        }, {
          "id": "DenominatorException_1",
          "code": {
            "coding": [ {
              "system": "http://terminology.hl7.org/CodeSystem/measure-population",
              "code": "denominator-exception",
              "display": "Denominator Exception"
            } ]
          },
          "count": 0
        } ],
        "measureScore": {
          "value": 1.0
        }
      } ],
      "evaluatedResource": [ {
        "reference": "Patient/04c67cc9-bf23-4f31-988c-8bac7e96f938"
      }, {
        "reference": "Condition/1c54680a-ace8-4a9b-a204-71c5c277b0f2"
      }, {
        "reference": "Encounter/51f7ece5-1302-4bfb-862f-a6c1f91697e5"
      }, {
        "reference": "Encounter/3906a163-4240-4584-86da-482c5db0a2da"
      }, {
        "reference": "Observation/af30d048-38cf-4482-b8c3-9e8cdb4e395f"
      }, {
        "reference": "Coverage/ccb1a6e7-1559-45fa-bf46-20161a5a7740"
      }, {
        "reference": "Organization/38cebe1b-af45-4eb0-b129-e65fb2e53ba0"
      }, {
        "reference": "Practitioner/68599d69-d859-49d3-8339-f2ce58dbd552"
      } ]
    },
    "request": {
      "method": "PUT",
      "url": "MeasureReport/5b385698-fef2-4e9a-b323-38d8858ef267"
    }
  } ]
}