{
  "resourceType": "Bundle",
  "id": "61095b0998086b53805591b6",
  "type": "transaction",
  "entry": [ {
    "fullUrl": "https://madie.cms.gov/Patient/a329e073-6577-4a43-95ed-ef09e8d5d1d1",
    "resource": {
      "resourceType": "Patient",
      "id": "a329e073-6577-4a43-95ed-ef09e8d5d1d1",
      "meta": {
        "profile": [ "http://hl7.org/fhir/us/qicore/StructureDefinition/qicore-patient" ]
      },
      "extension": [ {
        "url": "http://hl7.org/fhir/us/core/StructureDefinition/us-core-race",
        "extension": [ {
          "url": "ombCategory",
          "valueCoding": {
            "system": "urn:oid:2.16.840.1.113883.6.238",
            "code": "1002-5",
            "display": "American Indian or Alaska Native",
            "userSelected": true
          }
        }, {
          "url": "text",
          "valueString": "American Indian or Alaska Native"
        } ]
      }, {
        "url": "http://hl7.org/fhir/us/core/StructureDefinition/us-core-ethnicity",
        "extension": [ {
          "url": "ombCategory",
          "valueCoding": {
            "system": "urn:oid:2.16.840.1.113883.6.238",
            "code": "2135-2",
            "display": "Hispanic or Latino",
            "userSelected": true
          }
        }, {
          "url": "text",
          "valueString": "Hispanic or Latino"
        } ]
      } ],
      "identifier": [ {
        "type": {
          "coding": [ {
            "system": "http://terminology.hl7.org/CodeSystem/v2-0203",
            "code": "MR"
          } ]
        },
        "system": "https://bonnie-fhir.healthit.gov/",
        "value": "61095b0998086b53805591b6"
      } ],
      "active": true,
      "name": [ {
        "use": "usual",
        "family": "DENEXPASS",
        "given": [ "DisordersOverlapsCatSurg" ]
      } ],
      "gender": "female",
      "birthDate": "1996-01-01"
    },
    "request": {
      "method": "PUT",
      "url": "Patient/a329e073-6577-4a43-95ed-ef09e8d5d1d1"
    }
  }, {
    "fullUrl": "https://madie.cms.gov/Observation/a5450649-7de3-4b49-bbc7-480b4070d1a0",
    "resource": {
      "resourceType": "Observation",
      "id": "a5450649-7de3-4b49-bbc7-480b4070d1a0",
      "meta": {
        "profile": [ "http://hl7.org/fhir/us/qicore/StructureDefinition/qicore-observation-clinical-result" ]
      },
      "status": "final",
      "category": [ {
        "coding": [ {
          "system": "http://terminology.hl7.org/CodeSystem/observation-category",
          "code": "exam",
          "display": "Exam"
        } ]
      } ],
      "code": {
        "coding": [ {
          "system": "http://snomed.info/sct",
          "code": "419775003"
        } ]
      },
      "subject": {
        "reference": "Patient/a329e073-6577-4a43-95ed-ef09e8d5d1d1"
      },
      "effectivePeriod": {
        "start": "2026-03-13T09:00:00+00:00",
        "end": "2026-03-13T09:30:00+00:00"
      }
    },
    "request": {
      "method": "PUT",
      "url": "Observation/a5450649-7de3-4b49-bbc7-480b4070d1a0"
    }
  }, {
    "fullUrl": "https://madie.cms.gov/Procedure/2b4a911d-8600-4391-9319-26f957f4ae67",
    "resource": {
      "resourceType": "Procedure",
      "id": "2b4a911d-8600-4391-9319-26f957f4ae67",
      "meta": {
        "profile": [ "http://hl7.org/fhir/us/qicore/StructureDefinition/qicore-procedure" ]
      },
      "extension": [ {
        "url": "http://hl7.org/fhir/us/qicore/StructureDefinition/qicore-recorded",
        "valueDateTime": "2026-03-05T09:35:00-04:00"
      } ],
      "status": "completed",
      "code": {
        "coding": [ {
          "system": "http://snomed.info/sct",
          "code": "84149000"
        } ]
      },
      "subject": {
        "reference": "Patient/a329e073-6577-4a43-95ed-ef09e8d5d1d1"
      },
      "performedPeriod": {
        "start": "2026-03-05T09:20:00-04:00",
        "end": "2026-04-05T10:30:00-04:00"
      }
    },
    "request": {
      "method": "PUT",
      "url": "Procedure/2b4a911d-8600-4391-9319-26f957f4ae67"
    }
  }, {
    "fullUrl": "https://madie.cms.gov/Condition/c784559c-a029-40b0-9a6c-6f7a4a85d0e1",
    "resource": {
      "resourceType": "Condition",
      "id": "c784559c-a029-40b0-9a6c-6f7a4a85d0e1",
      "meta": {
        "profile": [ "http://hl7.org/fhir/us/qicore/StructureDefinition/qicore-condition-encounter-diagnosis" ]
      },
      "clinicalStatus": {
        "coding": [ {
          "system": "http://terminology.hl7.org/CodeSystem/condition-clinical",
          "code": "active",
          "display": "active",
          "userSelected": true
        } ]
      },
      "category": [ {
        "coding": [ {
          "system": "http://terminology.hl7.org/CodeSystem/condition-clinical",
          "code": "active",
          "display": "active",
          "userSelected": true
        } ]
      } ],
      "code": {
        "coding": [ {
          "system": "http://hl7.org/fhir/sid/icd-10-cm",
          "code": "H35.50",
          "userSelected": true
        }, {
          "system": "http://hl7.org/fhir/sid/icd-10-cm",
          "code": "H44.40",
          "userSelected": true
        }, {
          "system": "http://hl7.org/fhir/sid/icd-10-cm",
          "code": "H44.002",
          "userSelected": true
        }, {
          "system": "http://hl7.org/fhir/sid/icd-10-cm",
          "code": "H34.232",
          "userSelected": true
        } ]
      },
      "subject": {
        "reference": "Patient/a329e073-6577-4a43-95ed-ef09e8d5d1d1"
      },
      "onsetDateTime": "2024-11-01T08:00:00.000+00:00"
    },
    "request": {
      "method": "PUT",
      "url": "Condition/c784559c-a029-40b0-9a6c-6f7a4a85d0e1"
    }
  }, {
    "fullUrl": "https://madie.cms.gov/Coverage/d6ba982c-4c27-4f97-905f-8fbd2aa4b32b",
    "resource": {
      "resourceType": "Coverage",
      "id": "d6ba982c-4c27-4f97-905f-8fbd2aa4b32b",
      "meta": {
        "profile": [ "http://hl7.org/fhir/us/qicore/StructureDefinition/qicore-coverage" ]
      },
      "status": "active",
      "beneficiary": {
        "reference": "Patient/a329e073-6577-4a43-95ed-ef09e8d5d1d1"
      },
      "payor": [ {
        "reference": "Organization/8c46728f-c6b7-47e6-8eb3-0ce29a60af1c"
      } ]
    },
    "request": {
      "method": "PUT",
      "url": "Coverage/d6ba982c-4c27-4f97-905f-8fbd2aa4b32b"
    }
  }, {
    "fullUrl": "https://madie.cms.gov/Organization/8c46728f-c6b7-47e6-8eb3-0ce29a60af1c",
    "resource": {
      "resourceType": "Organization",
      "id": "8c46728f-c6b7-47e6-8eb3-0ce29a60af1c",
      "meta": {
        "profile": [ "http://hl7.org/fhir/us/qicore/StructureDefinition/qicore-organization" ]
      },
      "identifier": [ {
        "use": "temp",
        "system": "urn:oid:2.16.840.1.113883.4.4",
        "value": "21-3259825"
      } ],
      "active": true,
      "type": [ {
        "coding": [ {
          "system": "http://terminology.hl7.org/CodeSystem/organization-type",
          "code": "pay",
          "display": "Payer"
        } ]
      } ],
      "name": "Blue Cross Blue Shield of Texas",
      "telecom": [ {
        "system": "phone",
        "value": "(+1) 972-766-6900"
      } ],
      "address": [ {
        "use": "billing",
        "type": "postal",
        "line": [ "P.O. Box 660044" ],
        "city": "Dallas",
        "state": "TX",
        "postalCode": "75266-0044",
        "country": "USA"
      } ]
    },
    "request": {
      "method": "PUT",
      "url": "Organization/8c46728f-c6b7-47e6-8eb3-0ce29a60af1c"
    }
  }, {
    "fullUrl": "https://madie.cms.gov/Practitioner/fcbf77d4-28f7-4ce8-b0df-2994c8e27be9",
    "resource": {
      "resourceType": "Practitioner",
      "id": "fcbf77d4-28f7-4ce8-b0df-2994c8e27be9",
      "meta": {
        "profile": [ "http://hl7.org/fhir/us/qicore/StructureDefinition/qicore-practitioner" ]
      },
      "identifier": [ {
        "system": "http://hl7.org/fhir/sid/us-npi",
        "value": "123456"
      } ],
      "name": [ {
        "family": "Evil",
        "prefix": [ "Dr" ]
      } ]
    },
    "request": {
      "method": "PUT",
      "url": "Practitioner/fcbf77d4-28f7-4ce8-b0df-2994c8e27be9"
    }
  }, {
    "fullUrl": "https://madie.cms.gov/MeasureReport/75e64fcd-e095-43eb-ac2c-0733ed9dcd35",
    "resource": {
      "resourceType": "MeasureReport",
      "id": "75e64fcd-e095-43eb-ac2c-0733ed9dcd35",
      "meta": {
        "profile": [ "http://hl7.org/fhir/us/cqfmeasures/StructureDefinition/test-case-cqfm" ]
      },
      "contained": [ {
        "resourceType": "Parameters",
        "id": "8815c15a-aab0-4619-b47b-011cb9d4ec77-parameters",
        "parameter": [ {
          "name": "subject",
          "valueString": "a329e073-6577-4a43-95ed-ef09e8d5d1d1"
        } ]
      } ],
      "extension": [ {
        "url": "http://hl7.org/fhir/StructureDefinition/cqf-inputParameters",
        "valueReference": {
          "reference": "#8815c15a-aab0-4619-b47b-011cb9d4ec77-parameters"
        }
      }, {
        "url": "http://hl7.org/fhir/us/cqfmeasures/StructureDefinition/cqfm-testCaseDescription",
        "valueMarkdown": "Patient with retinal vascular and muscular diagnosis overlapping cataract surgery"
      } ],
      "modifierExtension": [ {
        "url": "http://hl7.org/fhir/us/cqfmeasures/StructureDefinition/cqfm-isTestCase",
        "valueBoolean": true
      } ],
      "status": "complete",
      "type": "individual",
      "measure": "https://madie.cms.gov/Measure/CMS133FHIRCataracts2040BCVAwithin90Days",
      "period": {
        "start": "2026-01-01",
        "end": "2026-12-31"
      },
      "group": [ {
        "id": "Group_1",
        "population": [ {
          "id": "InitialPopulation_1",
          "code": {
            "coding": [ {
              "system": "http://terminology.hl7.org/CodeSystem/measure-population",
              "code": "initial-population",
              "display": "Initial Population"
            } ]
          },
          "count": 1
        }, {
          "id": "Denominator_1",
          "code": {
            "coding": [ {
              "system": "http://terminology.hl7.org/CodeSystem/measure-population",
              "code": "denominator",
              "display": "Denominator"
            } ]
          },
          "count": 1
        }, {
          "id": "DenominatorExclusion_1",
          "code": {
            "coding": [ {
              "system": "http://terminology.hl7.org/CodeSystem/measure-population",
              "code": "denominator-exclusion",
              "display": "Denominator Exclusion"
            } ]
          },
          "count": 1
        }, {
          "id": "Numerator_1",
          "code": {
            "coding": [ {
              "system": "http://terminology.hl7.org/CodeSystem/measure-population",
              "code": "numerator",
              "display": "Numerator"
            } ]
          },
          "count": 0
        } ],
        "measureScore": {
          "value": 0.0
        }
      } ],
      "evaluatedResource": [ {
        "reference": "Patient/a329e073-6577-4a43-95ed-ef09e8d5d1d1"
      }, {
        "reference": "Observation/a5450649-7de3-4b49-bbc7-480b4070d1a0"
      }, {
        "reference": "Procedure/2b4a911d-8600-4391-9319-26f957f4ae67"
      }, {
        "reference": "Condition/c784559c-a029-40b0-9a6c-6f7a4a85d0e1"
      }, {
        "reference": "Coverage/d6ba982c-4c27-4f97-905f-8fbd2aa4b32b"
      }, {
        "reference": "Organization/8c46728f-c6b7-47e6-8eb3-0ce29a60af1c"
      }, {
        "reference": "Practitioner/fcbf77d4-28f7-4ce8-b0df-2994c8e27be9"
      } ]
    },
    "request": {
      "method": "PUT",
      "url": "MeasureReport/75e64fcd-e095-43eb-ac2c-0733ed9dcd35"
    }
  } ]
}