{
  "resourceType": "Bundle",
  "id": "DENEXPass-HospiceObsValueIsYes",
  "type": "transaction",
  "entry": [ {
    "fullUrl": "https://madie.cms.gov/Patient/9e3e68df-73f6-4a91-9bef-b4fb94c11756",
    "resource": {
      "resourceType": "Patient",
      "id": "9e3e68df-73f6-4a91-9bef-b4fb94c11756",
      "meta": {
        "profile": [ "http://hl7.org/fhir/us/qicore/StructureDefinition/qicore-patient" ]
      },
      "extension": [ {
        "url": "http://hl7.org/fhir/us/core/StructureDefinition/us-core-race",
        "extension": [ {
          "url": "ombCategory",
          "valueCoding": {
            "system": "urn:oid:2.16.840.1.113883.6.238",
            "code": "2028-9",
            "display": "Asian",
            "userSelected": true
          }
        }, {
          "url": "text",
          "valueString": "Asian"
        } ]
      }, {
        "url": "http://hl7.org/fhir/us/core/StructureDefinition/us-core-ethnicity",
        "extension": [ {
          "url": "ombCategory",
          "valueCoding": {
            "system": "urn:oid:2.16.840.1.113883.6.238",
            "code": "2135-2",
            "display": "Hispanic or Latino",
            "userSelected": true
          }
        }, {
          "url": "text",
          "valueString": "Hispanic or Latino"
        } ]
      } ],
      "identifier": [ {
        "type": {
          "coding": [ {
            "system": "http://terminology.hl7.org/CodeSystem/v2-0203",
            "code": "MR"
          } ]
        },
        "system": "http://hospital.smarthealthit.org",
        "value": "999999995"
      } ],
      "name": [ {
        "family": "Bertha",
        "given": [ "Betty" ]
      } ],
      "gender": "female",
      "birthDate": "2007-01-01"
    },
    "request": {
      "method": "PUT",
      "url": "Patient/9e3e68df-73f6-4a91-9bef-b4fb94c11756"
    }
  }, {
    "fullUrl": "https://madie.cms.gov/Encounter/23af166b-cb20-41e8-a679-2a6771675190",
    "resource": {
      "resourceType": "Encounter",
      "id": "23af166b-cb20-41e8-a679-2a6771675190",
      "meta": {
        "profile": [ "http://hl7.org/fhir/us/qicore/StructureDefinition/qicore-encounter" ]
      },
      "status": "finished",
      "class": {
        "system": "http://terminology.hl7.org/CodeSystem/v3-ActCode",
        "code": "AMB",
        "display": "ambulatory"
      },
      "type": [ {
        "coding": [ {
          "system": "http://snomed.info/sct",
          "code": "281036007",
          "display": "Follow-up consultation (procedure)"
        } ]
      } ],
      "subject": {
        "reference": "Patient/9e3e68df-73f6-4a91-9bef-b4fb94c11756"
      },
      "period": {
        "start": "2025-11-01T00:00:00.000Z",
        "end": "2025-11-01T01:15:00.000Z"
      }
    },
    "request": {
      "method": "PUT",
      "url": "Encounter/23af166b-cb20-41e8-a679-2a6771675190"
    }
  }, {
    "fullUrl": "https://madie.cms.gov/Procedure/888677ab-402b-42bd-b014-2802a52e8a88",
    "resource": {
      "resourceType": "Procedure",
      "id": "888677ab-402b-42bd-b014-2802a52e8a88",
      "meta": {
        "profile": [ "http://hl7.org/fhir/us/qicore/StructureDefinition/qicore-procedure" ]
      },
      "extension": [ {
        "url": "http://hl7.org/fhir/us/qicore/StructureDefinition/qicore-recorded",
        "valueDateTime": "2026-01-15T00:00:00.000Z"
      } ],
      "status": "completed",
      "code": {
        "coding": [ {
          "system": "http://www.cms.gov/Medicare/Coding/ICD10",
          "code": "0SR9019",
          "display": "Replacement of Right Hip Joint with Metal Synthetic Substitute, Cemented, Open Approach"
        } ]
      },
      "subject": {
        "reference": "Patient/9e3e68df-73f6-4a91-9bef-b4fb94c11756"
      },
      "performedPeriod": {
        "start": "2024-11-01T00:00:00.000Z",
        "end": "2024-11-01T01:00:00.000Z"
      }
    },
    "request": {
      "method": "PUT",
      "url": "Procedure/888677ab-402b-42bd-b014-2802a52e8a88"
    }
  }, {
    "fullUrl": "https://madie.cms.gov/Observation/45e3155f-121f-40e5-b818-85a797c2c0ba",
    "resource": {
      "resourceType": "Observation",
      "id": "45e3155f-121f-40e5-b818-85a797c2c0ba",
      "meta": {
        "profile": [ "http://hl7.org/fhir/us/qicore/StructureDefinition/qicore-observation-screening-assessment" ]
      },
      "status": "final",
      "category": [ {
        "coding": [ {
          "system": "http://terminology.hl7.org/CodeSystem/observation-category",
          "code": "survey"
        } ]
      } ],
      "code": {
        "coding": [ {
          "system": "http://loinc.org",
          "code": "45755-6",
          "display": "Hospice care [Minimum Data Set]"
        } ]
      },
      "subject": {
        "reference": "Patient/9e3e68df-73f6-4a91-9bef-b4fb94c11756"
      },
      "effectivePeriod": {
        "start": "2025-12-31T00:00:00.000Z",
        "end": "2026-01-01T00:00:00.000Z"
      },
      "valueCodeableConcept": {
        "coding": [ {
          "system": "http://snomed.info/sct",
          "code": "373066001",
          "display": "Yes (qualifier value)"
        } ]
      }
    },
    "request": {
      "method": "PUT",
      "url": "Observation/45e3155f-121f-40e5-b818-85a797c2c0ba"
    }
  }, {
    "fullUrl": "https://madie.cms.gov/MeasureReport/76ff0a70-51c3-44d1-b7fb-04afea7ed111",
    "resource": {
      "resourceType": "MeasureReport",
      "id": "76ff0a70-51c3-44d1-b7fb-04afea7ed111",
      "meta": {
        "profile": [ "http://hl7.org/fhir/us/cqfmeasures/StructureDefinition/test-case-cqfm" ]
      },
      "contained": [ {
        "resourceType": "Parameters",
        "id": "8c06ca63-d29d-4055-ae78-9cc251cddcdf-parameters",
        "parameter": [ {
          "name": "subject",
          "valueString": "9e3e68df-73f6-4a91-9bef-b4fb94c11756"
        } ]
      } ],
      "extension": [ {
        "url": "http://hl7.org/fhir/StructureDefinition/cqf-inputParameters",
        "valueReference": {
          "reference": "#8c06ca63-d29d-4055-ae78-9cc251cddcdf-parameters"
        }
      }, {
        "url": "http://hl7.org/fhir/us/cqfmeasures/StructureDefinition/cqfm-testCaseDescription",
        "valueMarkdown": "Hospice observation during MP where result is yes"
      } ],
      "modifierExtension": [ {
        "url": "http://hl7.org/fhir/us/cqfmeasures/StructureDefinition/cqfm-isTestCase",
        "valueBoolean": true
      } ],
      "status": "complete",
      "type": "individual",
      "measure": "https://madie.cms.gov/Measure/CMS56FHIRFunctionalStatusAssessmentforTotalHipReplacement",
      "period": {
        "start": "2026-01-01",
        "end": "2026-12-31"
      },
      "group": [ {
        "id": "Group_1",
        "population": [ {
          "id": "InitialPopulation_1",
          "code": {
            "coding": [ {
              "system": "http://terminology.hl7.org/CodeSystem/measure-population",
              "code": "initial-population",
              "display": "Initial Population"
            } ]
          },
          "count": 1
        }, {
          "id": "Denominator_1",
          "code": {
            "coding": [ {
              "system": "http://terminology.hl7.org/CodeSystem/measure-population",
              "code": "denominator",
              "display": "Denominator"
            } ]
          },
          "count": 1
        }, {
          "id": "DenominatorExclusion_1",
          "code": {
            "coding": [ {
              "system": "http://terminology.hl7.org/CodeSystem/measure-population",
              "code": "denominator-exclusion",
              "display": "Denominator Exclusion"
            } ]
          },
          "count": 1
        }, {
          "id": "Numerator_1",
          "code": {
            "coding": [ {
              "system": "http://terminology.hl7.org/CodeSystem/measure-population",
              "code": "numerator",
              "display": "Numerator"
            } ]
          },
          "count": 0
        } ],
        "measureScore": {
          "value": 1.0
        }
      } ],
      "evaluatedResource": [ {
        "reference": "Patient/9e3e68df-73f6-4a91-9bef-b4fb94c11756"
      }, {
        "reference": "Encounter/23af166b-cb20-41e8-a679-2a6771675190"
      }, {
        "reference": "Procedure/888677ab-402b-42bd-b014-2802a52e8a88"
      }, {
        "reference": "Observation/45e3155f-121f-40e5-b818-85a797c2c0ba"
      } ]
    },
    "request": {
      "method": "PUT",
      "url": "MeasureReport/76ff0a70-51c3-44d1-b7fb-04afea7ed111"
    }
  } ]
}