{
  "resourceType": "Bundle",
  "id": "61168b8798086b77ef9c5ec1",
  "type": "transaction",
  "entry": [ {
    "fullUrl": "https://madie.cms.gov/Patient/fa93e3b9-fe40-4a1c-be89-536969a54f2c",
    "resource": {
      "resourceType": "Patient",
      "id": "fa93e3b9-fe40-4a1c-be89-536969a54f2c",
      "meta": {
        "profile": [ "http://hl7.org/fhir/us/qicore/StructureDefinition/qicore-patient" ]
      },
      "extension": [ {
        "url": "http://hl7.org/fhir/us/core/StructureDefinition/us-core-race",
        "extension": [ {
          "url": "ombCategory",
          "valueCoding": {
            "system": "urn:oid:2.16.840.1.113883.6.238",
            "code": "2106-3",
            "display": "White",
            "userSelected": true
          }
        }, {
          "url": "text",
          "valueString": "White"
        } ]
      }, {
        "url": "http://hl7.org/fhir/us/core/StructureDefinition/us-core-ethnicity",
        "extension": [ {
          "url": "ombCategory",
          "valueCoding": {
            "system": "urn:oid:2.16.840.1.113883.6.238",
            "code": "2135-2",
            "display": "Hispanic or Latino",
            "userSelected": true
          }
        }, {
          "url": "text",
          "valueString": "Hispanic or Latino"
        } ]
      } ],
      "identifier": [ {
        "type": {
          "coding": [ {
            "system": "http://terminology.hl7.org/CodeSystem/v2-0203",
            "code": "MR"
          } ]
        },
        "system": "https://myGoodHealtchare.com/",
        "value": "61168b8798086b77ef9c5ec1"
      } ],
      "active": true,
      "name": [ {
        "use": "usual",
        "family": "IPFail",
        "given": [ "DiabeticRetinopathyDx1MinB4EncStart" ]
      } ],
      "gender": "female",
      "birthDate": "1986-01-10"
    },
    "request": {
      "method": "PUT",
      "url": "Patient/fa93e3b9-fe40-4a1c-be89-536969a54f2c"
    }
  }, {
    "fullUrl": "https://madie.cms.gov/Condition/c38925d3-378e-4f75-aa88-d49e48b3cd7f",
    "resource": {
      "resourceType": "Condition",
      "id": "c38925d3-378e-4f75-aa88-d49e48b3cd7f",
      "meta": {
        "profile": [ "http://hl7.org/fhir/us/qicore/StructureDefinition/qicore-condition-problems-health-concerns" ]
      },
      "clinicalStatus": {
        "coding": [ {
          "system": "http://terminology.hl7.org/CodeSystem/condition-clinical",
          "code": "inactive",
          "display": "inactivective",
          "userSelected": true
        } ]
      },
      "category": [ {
        "coding": [ {
          "system": "http://terminology.hl7.org/CodeSystem/condition-category",
          "code": "problem-list-item",
          "display": "Problem List Item"
        } ]
      } ],
      "code": {
        "coding": [ {
          "system": "http://snomed.info/sct",
          "version": "http://snomed.info/sct/731000124108/version/20230301",
          "code": "232020009",
          "display": "Disorder of macula due to diabetes mellitus (disorder)"
        } ]
      },
      "subject": {
        "reference": "Patient/fa93e3b9-fe40-4a1c-be89-536969a54f2c"
      },
      "onsetPeriod": {
        "start": "2025-12-01T08:00:00.000+00:00",
        "end": "2026-09-11T09:59:00.000+00:00"
      }
    },
    "request": {
      "method": "PUT",
      "url": "Condition/c38925d3-378e-4f75-aa88-d49e48b3cd7f"
    }
  }, {
    "fullUrl": "https://madie.cms.gov/Encounter/74d45e64-9cac-4077-96dc-e48c120357db",
    "resource": {
      "resourceType": "Encounter",
      "id": "74d45e64-9cac-4077-96dc-e48c120357db",
      "meta": {
        "profile": [ "http://hl7.org/fhir/us/qicore/StructureDefinition/qicore-encounter" ]
      },
      "status": "finished",
      "class": {
        "system": "http://terminology.hl7.org/CodeSystem/v3-ActCode",
        "code": "AMB"
      },
      "type": [ {
        "coding": [ {
          "system": "http://www.ama-assn.org/go/cpt",
          "version": "2023",
          "code": "99205"
        } ]
      } ],
      "subject": {
        "reference": "Patient/fa93e3b9-fe40-4a1c-be89-536969a54f2c"
      },
      "period": {
        "start": "2026-09-11T10:00:00.000+00:00",
        "end": "2026-09-11T11:00:00.000+00:00"
      }
    },
    "request": {
      "method": "PUT",
      "url": "Encounter/74d45e64-9cac-4077-96dc-e48c120357db"
    }
  }, {
    "fullUrl": "https://madie.cms.gov/Coverage/b81627ec-7af4-492f-a312-453ca750dbdf",
    "resource": {
      "resourceType": "Coverage",
      "id": "b81627ec-7af4-492f-a312-453ca750dbdf",
      "meta": {
        "profile": [ "http://hl7.org/fhir/us/qicore/StructureDefinition/qicore-coverage" ]
      },
      "status": "active",
      "beneficiary": {
        "reference": "Patient/fa93e3b9-fe40-4a1c-be89-536969a54f2c"
      },
      "payor": [ {
        "reference": "Organization/8a992b5e-dd41-48ae-9fea-406bdc2cc8fc"
      } ]
    },
    "request": {
      "method": "PUT",
      "url": "Coverage/b81627ec-7af4-492f-a312-453ca750dbdf"
    }
  }, {
    "fullUrl": "https://madie.cms.gov/Organization/8a992b5e-dd41-48ae-9fea-406bdc2cc8fc",
    "resource": {
      "resourceType": "Organization",
      "id": "8a992b5e-dd41-48ae-9fea-406bdc2cc8fc",
      "meta": {
        "profile": [ "http://hl7.org/fhir/us/qicore/StructureDefinition/qicore-organization" ]
      },
      "identifier": [ {
        "use": "temp",
        "system": "urn:oid:2.16.840.1.113883.4.4",
        "value": "21-3259825"
      } ],
      "active": true,
      "type": [ {
        "coding": [ {
          "system": "http://terminology.hl7.org/CodeSystem/organization-type",
          "code": "pay",
          "display": "Payer"
        } ]
      } ],
      "name": "Blue Cross Blue Shield of Texas",
      "telecom": [ {
        "system": "phone",
        "value": "(+1) 972-766-6900"
      } ],
      "address": [ {
        "use": "billing",
        "type": "postal",
        "line": [ "P.O. Box 660044" ],
        "city": "Dallas",
        "state": "TX",
        "postalCode": "75266-0044",
        "country": "USA"
      } ]
    },
    "request": {
      "method": "PUT",
      "url": "Organization/8a992b5e-dd41-48ae-9fea-406bdc2cc8fc"
    }
  }, {
    "fullUrl": "https://madie.cms.gov/MeasureReport/e5a03045-7789-46f6-8863-31f2413835b2",
    "resource": {
      "resourceType": "MeasureReport",
      "id": "e5a03045-7789-46f6-8863-31f2413835b2",
      "meta": {
        "profile": [ "http://hl7.org/fhir/us/cqfmeasures/StructureDefinition/test-case-cqfm" ]
      },
      "contained": [ {
        "resourceType": "Parameters",
        "id": "c633db4f-0760-47f3-80f5-76c8ff606e79-parameters",
        "parameter": [ {
          "name": "subject",
          "valueString": "fa93e3b9-fe40-4a1c-be89-536969a54f2c"
        } ]
      } ],
      "extension": [ {
        "url": "http://hl7.org/fhir/StructureDefinition/cqf-inputParameters",
        "valueReference": {
          "reference": "#c633db4f-0760-47f3-80f5-76c8ff606e79-parameters"
        }
      }, {
        "url": "http://hl7.org/fhir/us/cqfmeasures/StructureDefinition/cqfm-testCaseDescription",
        "valueMarkdown": "Passes Initial Population criteria with Qualifying Encounter such that  Diabetic Retinopathy Diagnosis onset Period end is 1 minute before Encounter Start"
      } ],
      "modifierExtension": [ {
        "url": "http://hl7.org/fhir/us/cqfmeasures/StructureDefinition/cqfm-isTestCase",
        "valueBoolean": true
      } ],
      "status": "complete",
      "type": "individual",
      "measure": "https://madie.cms.gov/Measure/CMS142FHIRDRCommunicationWithPhysicianManagingDiabetes",
      "period": {
        "start": "2026-01-01",
        "end": "2026-12-31"
      },
      "group": [ {
        "id": "Group_1",
        "population": [ {
          "id": "InitialPopulation_1",
          "code": {
            "coding": [ {
              "system": "http://terminology.hl7.org/CodeSystem/measure-population",
              "code": "initial-population",
              "display": "Initial Population"
            } ]
          },
          "count": 0
        }, {
          "id": "Denominator_1",
          "code": {
            "coding": [ {
              "system": "http://terminology.hl7.org/CodeSystem/measure-population",
              "code": "denominator",
              "display": "Denominator"
            } ]
          },
          "count": 0
        }, {
          "id": "Numerator_1",
          "code": {
            "coding": [ {
              "system": "http://terminology.hl7.org/CodeSystem/measure-population",
              "code": "numerator",
              "display": "Numerator"
            } ]
          },
          "count": 0
        }, {
          "id": "DenominatorException_1",
          "code": {
            "coding": [ {
              "system": "http://terminology.hl7.org/CodeSystem/measure-population",
              "code": "denominator-exception",
              "display": "Denominator Exception"
            } ]
          },
          "count": 0
        } ],
        "measureScore": {
          "value": 1.0
        }
      } ],
      "evaluatedResource": [ {
        "reference": "Patient/fa93e3b9-fe40-4a1c-be89-536969a54f2c"
      }, {
        "reference": "Condition/c38925d3-378e-4f75-aa88-d49e48b3cd7f"
      }, {
        "reference": "Encounter/74d45e64-9cac-4077-96dc-e48c120357db"
      }, {
        "reference": "Coverage/b81627ec-7af4-492f-a312-453ca750dbdf"
      }, {
        "reference": "Organization/8a992b5e-dd41-48ae-9fea-406bdc2cc8fc"
      } ]
    },
    "request": {
      "method": "PUT",
      "url": "MeasureReport/e5a03045-7789-46f6-8863-31f2413835b2"
    }
  } ]
}