{
  "resourceType": "Bundle",
  "id": "62cc347a67cd2f796b838aaf",
  "type": "transaction",
  "entry": [ {
    "fullUrl": "https://madie.cms.gov/Patient/747b1de3-7e95-46b4-add2-29377e45cc4f",
    "resource": {
      "resourceType": "Patient",
      "id": "747b1de3-7e95-46b4-add2-29377e45cc4f",
      "meta": {
        "profile": [ "http://hl7.org/fhir/us/qicore/StructureDefinition/qicore-patient" ]
      },
      "extension": [ {
        "url": "http://hl7.org/fhir/us/core/StructureDefinition/us-core-race",
        "extension": [ {
          "url": "ombCategory",
          "valueCoding": {
            "system": "urn:oid:2.16.840.1.113883.6.238",
            "code": "2076-8",
            "display": "Native Hawaiian or Other Pacific Islander",
            "userSelected": true
          }
        }, {
          "url": "text",
          "valueString": "Native Hawaiian or Other Pacific Islander"
        } ]
      }, {
        "url": "http://hl7.org/fhir/us/core/StructureDefinition/us-core-ethnicity",
        "extension": [ {
          "url": "ombCategory",
          "valueCoding": {
            "system": "urn:oid:2.16.840.1.113883.6.238",
            "code": "2186-5",
            "display": "Not Hispanic or Latino",
            "userSelected": true
          }
        }, {
          "url": "text",
          "valueString": "Not Hispanic or Latino"
        } ]
      } ],
      "identifier": [ {
        "type": {
          "coding": [ {
            "system": "http://terminology.hl7.org/CodeSystem/v2-0203",
            "code": "MR"
          } ]
        },
        "system": "https://bonnie-fhir.healthit.gov/",
        "value": "62cc347a67cd2f796b838aaf"
      } ],
      "name": [ {
        "family": "NUMERPass",
        "given": [ "FirstHTNWeightFU" ]
      } ],
      "gender": "female",
      "birthDate": "2006-01-31"
    },
    "request": {
      "method": "PUT",
      "url": "Patient/747b1de3-7e95-46b4-add2-29377e45cc4f"
    }
  }, {
    "fullUrl": "https://madie.cms.gov/Encounter/d29170a5-9acc-4c87-a711-4c6ecd6eb77b",
    "resource": {
      "resourceType": "Encounter",
      "id": "d29170a5-9acc-4c87-a711-4c6ecd6eb77b",
      "meta": {
        "profile": [ "http://hl7.org/fhir/us/qicore/StructureDefinition/qicore-encounter" ]
      },
      "status": "finished",
      "class": {
        "system": "http://terminology.hl7.org/CodeSystem/v3-ActCode",
        "code": "AMB",
        "display": "ambulatory"
      },
      "type": [ {
        "coding": [ {
          "system": "http://snomed.info/sct",
          "version": "2022-03",
          "code": "103705002",
          "display": "Patient status observation (procedure)",
          "userSelected": true
        } ]
      } ],
      "subject": {
        "reference": "Patient/747b1de3-7e95-46b4-add2-29377e45cc4f"
      },
      "period": {
        "start": "2026-01-01T08:00:00.000+00:00",
        "end": "2026-01-01T08:30:00.000+00:00"
      }
    },
    "request": {
      "method": "PUT",
      "url": "Encounter/d29170a5-9acc-4c87-a711-4c6ecd6eb77b"
    }
  }, {
    "fullUrl": "https://madie.cms.gov/Observation/3d4ca676-dbe3-4de7-92a4-7b5cc8312c68",
    "resource": {
      "resourceType": "Observation",
      "id": "3d4ca676-dbe3-4de7-92a4-7b5cc8312c68",
      "meta": {
        "profile": [ "http://hl7.org/fhir/us/core/StructureDefinition/us-core-blood-pressure" ]
      },
      "status": "amended",
      "category": [ {
        "coding": [ {
          "system": "http://terminology.hl7.org/CodeSystem/observation-category",
          "code": "vital-signs",
          "display": "Vital Signs"
        } ],
        "text": "Vital Signs"
      } ],
      "code": {
        "coding": [ {
          "system": "http://loinc.org",
          "code": "85354-9",
          "display": "Blood pressure panel"
        } ]
      },
      "subject": {
        "reference": "Patient/747b1de3-7e95-46b4-add2-29377e45cc4f"
      },
      "effectiveDateTime": "2026-01-01T08:01:00.000+00:00",
      "component": [ {
        "code": {
          "coding": [ {
            "system": "http://loinc.org",
            "code": "8480-6",
            "display": "Systolic blood pressure"
          } ]
        },
        "valueQuantity": {
          "value": 130,
          "unit": "mmHg",
          "system": "http://unitsofmeasure.org",
          "code": "mm[Hg]"
        }
      }, {
        "code": {
          "coding": [ {
            "system": "http://loinc.org",
            "code": "8462-4",
            "display": "Diastolic blood pressure"
          } ]
        },
        "valueQuantity": {
          "value": 80,
          "unit": "mmHg",
          "system": "http://unitsofmeasure.org",
          "code": "mm[Hg]"
        }
      } ]
    },
    "request": {
      "method": "PUT",
      "url": "Observation/3d4ca676-dbe3-4de7-92a4-7b5cc8312c68"
    }
  }, {
    "fullUrl": "https://madie.cms.gov/ServiceRequest/bde593a6-992f-4fc3-868f-dd95b19a2514",
    "resource": {
      "resourceType": "ServiceRequest",
      "id": "bde593a6-992f-4fc3-868f-dd95b19a2514",
      "meta": {
        "profile": [ "http://hl7.org/fhir/us/qicore/StructureDefinition/qicore-servicerequest" ]
      },
      "status": "active",
      "intent": "order",
      "code": {
        "coding": [ {
          "system": "http://snomed.info/sct",
          "version": "2022-03",
          "code": "183617005",
          "display": "Follow-up 1 day (finding)",
          "userSelected": true
        } ]
      },
      "subject": {
        "reference": "Patient/747b1de3-7e95-46b4-add2-29377e45cc4f"
      },
      "authoredOn": "2026-01-01T08:29:00.000+00:00"
    },
    "request": {
      "method": "PUT",
      "url": "ServiceRequest/bde593a6-992f-4fc3-868f-dd95b19a2514"
    }
  }, {
    "fullUrl": "https://madie.cms.gov/ServiceRequest/85baac55-a7c2-4860-bc8e-5fe58b86a15f",
    "resource": {
      "resourceType": "ServiceRequest",
      "id": "85baac55-a7c2-4860-bc8e-5fe58b86a15f",
      "meta": {
        "profile": [ "http://hl7.org/fhir/us/qicore/StructureDefinition/qicore-servicerequest" ]
      },
      "status": "active",
      "intent": "order",
      "code": {
        "coding": [ {
          "system": "http://snomed.info/sct",
          "version": "2022-03",
          "code": "1181000175107",
          "display": "Recommendation to lose weight (procedure)",
          "userSelected": true
        } ]
      },
      "subject": {
        "reference": "Patient/747b1de3-7e95-46b4-add2-29377e45cc4f"
      },
      "authoredOn": "2026-01-01T08:29:00.000+00:00"
    },
    "request": {
      "method": "PUT",
      "url": "ServiceRequest/85baac55-a7c2-4860-bc8e-5fe58b86a15f"
    }
  }, {
    "fullUrl": "https://madie.cms.gov/Coverage/e3ad455c-7ebc-4aca-bbab-f46a4107c0da",
    "resource": {
      "resourceType": "Coverage",
      "id": "e3ad455c-7ebc-4aca-bbab-f46a4107c0da",
      "meta": {
        "profile": [ "http://hl7.org/fhir/us/qicore/StructureDefinition/qicore-coverage" ]
      },
      "status": "active",
      "beneficiary": {
        "reference": "Patient/747b1de3-7e95-46b4-add2-29377e45cc4f"
      },
      "payor": [ {
        "reference": "Organization/45258e7b-b992-4140-87dd-9f2cc1214cbb"
      } ]
    },
    "request": {
      "method": "PUT",
      "url": "Coverage/e3ad455c-7ebc-4aca-bbab-f46a4107c0da"
    }
  }, {
    "fullUrl": "https://madie.cms.gov/Organization/45258e7b-b992-4140-87dd-9f2cc1214cbb",
    "resource": {
      "resourceType": "Organization",
      "id": "45258e7b-b992-4140-87dd-9f2cc1214cbb",
      "meta": {
        "profile": [ "http://hl7.org/fhir/us/qicore/StructureDefinition/qicore-organization" ]
      },
      "identifier": [ {
        "use": "temp",
        "system": "urn:oid:2.16.840.1.113883.4.4",
        "value": "21-3259825"
      } ],
      "active": true,
      "type": [ {
        "coding": [ {
          "system": "http://terminology.hl7.org/CodeSystem/organization-type",
          "code": "pay",
          "display": "Payer"
        } ]
      } ],
      "name": "Blue Cross Blue Shield of Texas",
      "telecom": [ {
        "system": "phone",
        "value": "(+1) 972-766-6900"
      } ],
      "address": [ {
        "use": "billing",
        "type": "postal",
        "line": [ "P.O. Box 660044" ],
        "city": "Dallas",
        "state": "TX",
        "postalCode": "75266-0044",
        "country": "USA"
      } ]
    },
    "request": {
      "method": "PUT",
      "url": "Organization/45258e7b-b992-4140-87dd-9f2cc1214cbb"
    }
  }, {
    "fullUrl": "https://madie.cms.gov/MeasureReport/2f2c0281-ef2e-47c5-b518-0b488eca7097",
    "resource": {
      "resourceType": "MeasureReport",
      "id": "2f2c0281-ef2e-47c5-b518-0b488eca7097",
      "meta": {
        "profile": [ "http://hl7.org/fhir/us/cqfmeasures/StructureDefinition/test-case-cqfm" ]
      },
      "contained": [ {
        "resourceType": "Parameters",
        "id": "547e0136-b574-430b-b628-1dec2bba969b-parameters",
        "parameter": [ {
          "name": "subject",
          "valueString": "747b1de3-7e95-46b4-add2-29377e45cc4f"
        } ]
      } ],
      "extension": [ {
        "url": "http://hl7.org/fhir/StructureDefinition/cqf-inputParameters",
        "valueReference": {
          "reference": "#547e0136-b574-430b-b628-1dec2bba969b-parameters"
        }
      }, {
        "url": "http://hl7.org/fhir/us/cqfmeasures/StructureDefinition/cqfm-testCaseDescription",
        "valueMarkdown": "Enc. 01/01 0800-0830 during MP, First HTN reading, 130/80 at 0801  (amended) with an intervention of follow up appt in 1 day authored at 0829 and recommendation to lose weight at 0829- should meet numerator criteria. "
      } ],
      "modifierExtension": [ {
        "url": "http://hl7.org/fhir/us/cqfmeasures/StructureDefinition/cqfm-isTestCase",
        "valueBoolean": true
      } ],
      "status": "complete",
      "type": "individual",
      "measure": "https://madie.cms.gov/Measure/CMS22FHIRPCSBPScreeningFollowUp",
      "period": {
        "start": "2026-01-01",
        "end": "2026-12-31"
      },
      "group": [ {
        "id": "Group_1",
        "population": [ {
          "id": "InitialPopulation_1",
          "code": {
            "coding": [ {
              "system": "http://terminology.hl7.org/CodeSystem/measure-population",
              "code": "initial-population",
              "display": "Initial Population"
            } ]
          },
          "count": 1
        }, {
          "id": "Denominator_1",
          "code": {
            "coding": [ {
              "system": "http://terminology.hl7.org/CodeSystem/measure-population",
              "code": "denominator",
              "display": "Denominator"
            } ]
          },
          "count": 1
        }, {
          "id": "DenominatorExclusion_1",
          "code": {
            "coding": [ {
              "system": "http://terminology.hl7.org/CodeSystem/measure-population",
              "code": "denominator-exclusion",
              "display": "Denominator Exclusion"
            } ]
          },
          "count": 0
        }, {
          "id": "Numerator_1",
          "code": {
            "coding": [ {
              "system": "http://terminology.hl7.org/CodeSystem/measure-population",
              "code": "numerator",
              "display": "Numerator"
            } ]
          },
          "count": 1
        }, {
          "id": "DenominatorException_1",
          "code": {
            "coding": [ {
              "system": "http://terminology.hl7.org/CodeSystem/measure-population",
              "code": "denominator-exception",
              "display": "Denominator Exception"
            } ]
          },
          "count": 0
        } ],
        "measureScore": {
          "value": 0.0
        }
      } ],
      "evaluatedResource": [ {
        "reference": "Patient/747b1de3-7e95-46b4-add2-29377e45cc4f"
      }, {
        "reference": "Encounter/d29170a5-9acc-4c87-a711-4c6ecd6eb77b"
      }, {
        "reference": "Observation/3d4ca676-dbe3-4de7-92a4-7b5cc8312c68"
      }, {
        "reference": "ServiceRequest/bde593a6-992f-4fc3-868f-dd95b19a2514"
      }, {
        "reference": "ServiceRequest/85baac55-a7c2-4860-bc8e-5fe58b86a15f"
      }, {
        "reference": "Coverage/e3ad455c-7ebc-4aca-bbab-f46a4107c0da"
      }, {
        "reference": "Organization/45258e7b-b992-4140-87dd-9f2cc1214cbb"
      } ]
    },
    "request": {
      "method": "PUT",
      "url": "MeasureReport/2f2c0281-ef2e-47c5-b518-0b488eca7097"
    }
  } ]
}