{
  "resourceType": "Bundle",
  "id": "6109658e98086b538055b9d0",
  "type": "transaction",
  "entry": [ {
    "fullUrl": "https://madie.cms.gov/Patient/f72cdb4b-8664-425b-a6ec-53480aa155de",
    "resource": {
      "resourceType": "Patient",
      "id": "f72cdb4b-8664-425b-a6ec-53480aa155de",
      "meta": {
        "profile": [ "http://hl7.org/fhir/us/qicore/StructureDefinition/qicore-patient" ]
      },
      "extension": [ {
        "url": "http://hl7.org/fhir/us/core/StructureDefinition/us-core-race",
        "extension": [ {
          "url": "ombCategory",
          "valueCoding": {
            "system": "urn:oid:2.16.840.1.113883.6.238",
            "code": "2106-3",
            "display": "White",
            "userSelected": true
          }
        }, {
          "url": "text",
          "valueString": "White"
        } ]
      }, {
        "url": "http://hl7.org/fhir/us/core/StructureDefinition/us-core-ethnicity",
        "extension": [ {
          "url": "ombCategory",
          "valueCoding": {
            "system": "urn:oid:2.16.840.1.113883.6.238",
            "code": "2135-2",
            "display": "Hispanic or Latino",
            "userSelected": true
          }
        }, {
          "url": "text",
          "valueString": "Hispanic or Latino"
        } ]
      } ],
      "identifier": [ {
        "type": {
          "coding": [ {
            "system": "http://terminology.hl7.org/CodeSystem/v2-0203",
            "code": "MR"
          } ]
        },
        "system": "https://GoodHealthCare.gov/",
        "value": "6109658e98086b538055b9d0"
      } ],
      "active": true,
      "name": [ {
        "use": "usual",
        "family": "NUMERFail",
        "given": [ "MissingOpticDiscExam" ]
      } ],
      "gender": "male",
      "birthDate": "1971-02-10"
    },
    "request": {
      "method": "PUT",
      "url": "Patient/f72cdb4b-8664-425b-a6ec-53480aa155de"
    }
  }, {
    "fullUrl": "https://madie.cms.gov/Condition/2d0b2d03-748e-418d-838e-35aa0fdf178e",
    "resource": {
      "resourceType": "Condition",
      "id": "2d0b2d03-748e-418d-838e-35aa0fdf178e",
      "meta": {
        "profile": [ "http://hl7.org/fhir/us/qicore/StructureDefinition/qicore-condition-problems-health-concerns" ]
      },
      "clinicalStatus": {
        "coding": [ {
          "system": "http://terminology.hl7.org/CodeSystem/condition-clinical",
          "code": "active",
          "display": "active",
          "userSelected": true
        } ]
      },
      "category": [ {
        "coding": [ {
          "system": "http://terminology.hl7.org/CodeSystem/condition-category",
          "code": "problem-list-item",
          "display": "problem-list-item",
          "userSelected": true
        } ]
      } ],
      "code": {
        "coding": [ {
          "system": "http://hl7.org/fhir/sid/icd-10-cm",
          "code": "H40.10X0"
        } ]
      },
      "subject": {
        "reference": "Patient/f72cdb4b-8664-425b-a6ec-53480aa155de"
      },
      "onsetDateTime": "2016-06-15T07:00:00+00:00"
    },
    "request": {
      "method": "PUT",
      "url": "Condition/2d0b2d03-748e-418d-838e-35aa0fdf178e"
    }
  }, {
    "fullUrl": "https://madie.cms.gov/Observation/2618d248-05ff-48be-b2cc-100ee198d7f9",
    "resource": {
      "resourceType": "Observation",
      "id": "2618d248-05ff-48be-b2cc-100ee198d7f9",
      "meta": {
        "profile": [ "http://hl7.org/fhir/us/qicore/StructureDefinition/qicore-observation-clinical-result" ]
      },
      "status": "final",
      "category": [ {
        "coding": [ {
          "system": "http://terminology.hl7.org/CodeSystem/observation-category",
          "code": "laboratory",
          "display": "laboratory",
          "userSelected": true
        } ]
      } ],
      "code": {
        "coding": [ {
          "system": "http://loinc.org",
          "version": "2.73",
          "code": "71487-3"
        } ]
      },
      "subject": {
        "reference": "Patient/f72cdb4b-8664-425b-a6ec-53480aa155de"
      },
      "effectiveDateTime": "2026-01-22T08:00:00.000+00:00",
      "valueString": "Within Normal Limits"
    },
    "request": {
      "method": "PUT",
      "url": "Observation/2618d248-05ff-48be-b2cc-100ee198d7f9"
    }
  }, {
    "fullUrl": "https://madie.cms.gov/Encounter/9792222b-59e5-4069-b0ec-376a4f57f5d8",
    "resource": {
      "resourceType": "Encounter",
      "id": "9792222b-59e5-4069-b0ec-376a4f57f5d8",
      "meta": {
        "profile": [ "http://hl7.org/fhir/us/qicore/StructureDefinition/qicore-encounter" ]
      },
      "status": "finished",
      "class": {
        "system": "http://terminology.hl7.org/CodeSystem/v3-ActCode",
        "code": "AMB",
        "display": "ambulatory",
        "userSelected": true
      },
      "type": [ {
        "coding": [ {
          "system": "http://www.ama-assn.org/go/cpt",
          "version": "2023",
          "code": "99213"
        } ]
      } ],
      "subject": {
        "reference": "Patient/f72cdb4b-8664-425b-a6ec-53480aa155de"
      },
      "period": {
        "start": "2026-01-26T08:00:00.000+00:00",
        "end": "2026-01-26T08:00:00.000+00:00"
      },
      "length": {
        "value": 0.0,
        "unit": "days"
      }
    },
    "request": {
      "method": "PUT",
      "url": "Encounter/9792222b-59e5-4069-b0ec-376a4f57f5d8"
    }
  }, {
    "fullUrl": "https://madie.cms.gov/MeasureReport/45870980-482f-4eb1-9966-190f3da70451",
    "resource": {
      "resourceType": "MeasureReport",
      "id": "45870980-482f-4eb1-9966-190f3da70451",
      "meta": {
        "profile": [ "http://hl7.org/fhir/us/cqfmeasures/StructureDefinition/test-case-cqfm" ]
      },
      "contained": [ {
        "resourceType": "Parameters",
        "id": "2b0bc072-1138-4fde-ace9-e07123d8358c-parameters",
        "parameter": [ {
          "name": "subject",
          "valueString": "f72cdb4b-8664-425b-a6ec-53480aa155de"
        } ]
      } ],
      "extension": [ {
        "url": "http://hl7.org/fhir/StructureDefinition/cqf-inputParameters",
        "valueReference": {
          "reference": "#2b0bc072-1138-4fde-ace9-e07123d8358c-parameters"
        }
      }, {
        "url": "http://hl7.org/fhir/us/cqfmeasures/StructureDefinition/cqfm-testCaseDescription",
        "valueMarkdown": "Patient has qualifying encounter, POAD diagnosis and only 1 of the 2 required examinations . Does not  CupDiscRatio examination"
      } ],
      "modifierExtension": [ {
        "url": "http://hl7.org/fhir/us/cqfmeasures/StructureDefinition/cqfm-isTestCase",
        "valueBoolean": true
      } ],
      "status": "complete",
      "type": "individual",
      "measure": "https://madie.cms.gov/Measure/CMS143FHIRPOAGOpticNerveEvaluation",
      "period": {
        "start": "2026-01-01",
        "end": "2026-12-31"
      },
      "group": [ {
        "id": "Group_1",
        "population": [ {
          "id": "InitialPopulation_1",
          "code": {
            "coding": [ {
              "system": "http://terminology.hl7.org/CodeSystem/measure-population",
              "code": "initial-population",
              "display": "Initial Population"
            } ]
          },
          "count": 1
        }, {
          "id": "Denominator_1",
          "code": {
            "coding": [ {
              "system": "http://terminology.hl7.org/CodeSystem/measure-population",
              "code": "denominator",
              "display": "Denominator"
            } ]
          },
          "count": 1
        }, {
          "id": "Numerator_1",
          "code": {
            "coding": [ {
              "system": "http://terminology.hl7.org/CodeSystem/measure-population",
              "code": "numerator",
              "display": "Numerator"
            } ]
          },
          "count": 0
        }, {
          "id": "DenominatorException_1",
          "code": {
            "coding": [ {
              "system": "http://terminology.hl7.org/CodeSystem/measure-population",
              "code": "denominator-exception",
              "display": "Denominator Exception"
            } ]
          },
          "count": 0
        } ],
        "measureScore": {
          "value": 1.0
        }
      } ],
      "evaluatedResource": [ {
        "reference": "Patient/f72cdb4b-8664-425b-a6ec-53480aa155de"
      }, {
        "reference": "Condition/2d0b2d03-748e-418d-838e-35aa0fdf178e"
      }, {
        "reference": "Observation/2618d248-05ff-48be-b2cc-100ee198d7f9"
      }, {
        "reference": "Encounter/9792222b-59e5-4069-b0ec-376a4f57f5d8"
      } ]
    },
    "request": {
      "method": "PUT",
      "url": "MeasureReport/45870980-482f-4eb1-9966-190f3da70451"
    }
  } ]
}