{
  "resourceType": "Bundle",
  "id": "62bc69333e113102f8cedca6",
  "type": "transaction",
  "entry": [ {
    "fullUrl": "https://madie.cms.gov/Patient/c7e0560f-ae7b-44c7-af10-e2f1b2f3ec3d",
    "resource": {
      "resourceType": "Patient",
      "id": "c7e0560f-ae7b-44c7-af10-e2f1b2f3ec3d",
      "meta": {
        "profile": [ "http://hl7.org/fhir/us/qicore/StructureDefinition/qicore-patient" ]
      },
      "extension": [ {
        "url": "http://hl7.org/fhir/us/core/StructureDefinition/us-core-race",
        "extension": [ {
          "url": "ombCategory",
          "valueCoding": {
            "system": "urn:oid:2.16.840.1.113883.6.238",
            "code": "1002-5",
            "display": "American Indian or Alaska Native"
          }
        }, {
          "url": "text",
          "valueString": "American Indian or Alaska Native"
        } ]
      }, {
        "url": "http://hl7.org/fhir/us/core/StructureDefinition/us-core-ethnicity",
        "extension": [ {
          "url": "ombCategory",
          "valueCoding": {
            "system": "urn:oid:2.16.840.1.113883.6.238",
            "code": "2135-2",
            "display": "Hispanic or Latino"
          }
        }, {
          "url": "text",
          "valueString": "Hispanic or Latino"
        } ]
      } ],
      "identifier": [ {
        "type": {
          "coding": [ {
            "system": "http://terminology.hl7.org/CodeSystem/v2-0203",
            "code": "MR"
          } ]
        },
        "system": "https://bonnie-fhir.healthit.gov/",
        "value": "62bc69333e113102f8cedca6"
      } ],
      "name": [ {
        "family": "DENEXPass",
        "given": [ "Radiation2MonthsBeforeStaging" ]
      } ],
      "gender": "female",
      "birthDate": "1947-02-01"
    },
    "request": {
      "method": "PUT",
      "url": "Patient/c7e0560f-ae7b-44c7-af10-e2f1b2f3ec3d"
    }
  }, {
    "fullUrl": "https://madie.cms.gov/Encounter/88d8c0f5-91d3-48a4-ab2f-2d2b893b8f7b",
    "resource": {
      "resourceType": "Encounter",
      "id": "88d8c0f5-91d3-48a4-ab2f-2d2b893b8f7b",
      "meta": {
        "profile": [ "http://hl7.org/fhir/us/qicore/StructureDefinition/qicore-encounter" ]
      },
      "status": "finished",
      "class": {
        "system": "http://terminology.hl7.org/CodeSystem/v3-ActCode",
        "code": "AMB",
        "display": "ambulatory"
      },
      "type": [ {
        "coding": [ {
          "system": "http://snomed.info/sct",
          "version": "http://snomed.info/sct/731000124108/version/20240301",
          "code": "185463005",
          "display": "Visit out of hours (procedure)"
        } ]
      } ],
      "subject": {
        "reference": "Patient/c7e0560f-ae7b-44c7-af10-e2f1b2f3ec3d"
      },
      "period": {
        "start": "2026-06-30T08:00:00.000+00:00",
        "end": "2026-06-30T09:15:00.000+00:00"
      }
    },
    "request": {
      "method": "PUT",
      "url": "Encounter/88d8c0f5-91d3-48a4-ab2f-2d2b893b8f7b"
    }
  }, {
    "fullUrl": "https://madie.cms.gov/Procedure/e9ca935c-3ad3-4b38-9b57-fa3ed24cba75",
    "resource": {
      "resourceType": "Procedure",
      "id": "e9ca935c-3ad3-4b38-9b57-fa3ed24cba75",
      "meta": {
        "profile": [ "http://hl7.org/fhir/us/qicore/StructureDefinition/qicore-procedure" ]
      },
      "extension": [ {
        "url": "http://hl7.org/fhir/us/qicore/StructureDefinition/qicore-recorded",
        "valueDateTime": "2026-04-30T08:00:00.000+00:00"
      } ],
      "status": "completed",
      "code": {
        "coding": [ {
          "system": "http://snomed.info/sct",
          "version": "http://snomed.info/sct/731000124108/version/20240301",
          "code": "169331000",
          "display": "Combined radiotherapy (procedure)",
          "userSelected": true
        } ]
      },
      "subject": {
        "reference": "Patient/c7e0560f-ae7b-44c7-af10-e2f1b2f3ec3d"
      },
      "performedPeriod": {
        "start": "2026-04-30T08:00:00.000+00:00",
        "end": "2026-04-30T08:15:00.000+00:00"
      }
    },
    "request": {
      "method": "PUT",
      "url": "Procedure/e9ca935c-3ad3-4b38-9b57-fa3ed24cba75"
    }
  }, {
    "fullUrl": "https://madie.cms.gov/Condition/67805fdd-b60d-4af9-b89a-4001284b16fa",
    "resource": {
      "resourceType": "Condition",
      "id": "67805fdd-b60d-4af9-b89a-4001284b16fa",
      "meta": {
        "profile": [ "http://hl7.org/fhir/us/qicore/StructureDefinition/qicore-condition-problems-health-concerns" ]
      },
      "clinicalStatus": {
        "coding": [ {
          "system": "http://terminology.hl7.org/CodeSystem/condition-clinical",
          "code": "active",
          "display": "Active"
        } ]
      },
      "verificationStatus": {
        "coding": [ {
          "system": "http://terminology.hl7.org/CodeSystem/condition-ver-status",
          "code": "confirmed",
          "display": "Confirmed"
        } ]
      },
      "category": [ {
        "coding": [ {
          "system": "http://terminology.hl7.org/CodeSystem/condition-category",
          "code": "problem-list-item",
          "display": "Problem List Item"
        } ]
      } ],
      "code": {
        "coding": [ {
          "system": "http://hl7.org/fhir/sid/icd-10-cm",
          "version": "2024",
          "code": "C67.3",
          "display": "Malignant neoplasm of anterior wall of bladder"
        } ]
      },
      "subject": {
        "reference": "Patient/c7e0560f-ae7b-44c7-af10-e2f1b2f3ec3d"
      },
      "onsetDateTime": "2026-06-30T08:00:00.000+00:00"
    },
    "request": {
      "method": "PUT",
      "url": "Condition/67805fdd-b60d-4af9-b89a-4001284b16fa"
    }
  }, {
    "fullUrl": "https://madie.cms.gov/Observation/c9f2d33c-906b-4478-8106-8478c29e98cd",
    "resource": {
      "resourceType": "Observation",
      "id": "c9f2d33c-906b-4478-8106-8478c29e98cd",
      "meta": {
        "profile": [ "http://hl7.org/fhir/us/qicore/StructureDefinition/qicore-observation-lab" ]
      },
      "partOf": [ {
        "reference": "Procedure/e9ca935c-3ad3-4b38-9b57-fa3ed24cba75"
      } ],
      "status": "final",
      "category": [ {
        "coding": [ {
          "system": "http://terminology.hl7.org/CodeSystem/observation-category",
          "code": "procedure",
          "display": "Procedure"
        } ]
      } ],
      "code": {
        "coding": [ {
          "system": "http://loinc.org",
          "version": "2.76",
          "code": "21902-2",
          "display": "Stage group.pathology Cancer"
        } ]
      },
      "subject": {
        "reference": "Patient/c7e0560f-ae7b-44c7-af10-e2f1b2f3ec3d"
      },
      "effectivePeriod": {
        "start": "2026-06-30T08:00:00.000+00:00",
        "end": "2026-06-30T08:15:00.000+00:00"
      },
      "issued": "2026-06-30T08:15:00.000+00:00",
      "valueCodeableConcept": {
        "coding": [ {
          "system": "http://snomed.info/sct",
          "version": "http://snomed.info/sct/731000124108/version/20240301",
          "code": "1228883000",
          "display": "American Joint Committee on Cancer cTa (qualifier value)"
        } ]
      }
    },
    "request": {
      "method": "PUT",
      "url": "Observation/c9f2d33c-906b-4478-8106-8478c29e98cd"
    }
  }, {
    "fullUrl": "https://madie.cms.gov/Practitioner/58231a4c-0674-4f33-b79f-fc19279d0ac6",
    "resource": {
      "resourceType": "Practitioner",
      "id": "58231a4c-0674-4f33-b79f-fc19279d0ac6",
      "meta": {
        "profile": [ "http://hl7.org/fhir/us/qicore/StructureDefinition/qicore-practitioner" ]
      },
      "identifier": [ {
        "use": "temp",
        "system": "urn:oid:2.16.840.1.113883.4.336",
        "value": "Practitioner-23"
      } ],
      "active": true,
      "name": [ {
        "family": "Careful",
        "given": [ "Adam" ],
        "prefix": [ "Dr" ]
      } ],
      "address": [ {
        "use": "home",
        "line": [ "534 Erewhon St" ],
        "city": "PleasantVille",
        "state": "UT",
        "postalCode": "84414"
      } ],
      "qualification": [ {
        "identifier": [ {
          "system": "http://example.org/UniversityIdentifier",
          "value": "12345"
        } ],
        "code": {
          "coding": [ {
            "system": "http://terminology.hl7.org/CodeSystem/v2-0360|2.7",
            "code": "BS",
            "display": "Bachelor of Science"
          } ],
          "text": "Bachelor of Science"
        },
        "period": {
          "start": "1996"
        },
        "issuer": {
          "display": "Example University"
        }
      } ]
    },
    "request": {
      "method": "PUT",
      "url": "Practitioner/58231a4c-0674-4f33-b79f-fc19279d0ac6"
    }
  }, {
    "fullUrl": "https://madie.cms.gov/Procedure/2553822f-c580-427f-81a3-48aea26eafd1",
    "resource": {
      "resourceType": "Procedure",
      "id": "2553822f-c580-427f-81a3-48aea26eafd1",
      "meta": {
        "profile": [ "http://hl7.org/fhir/us/qicore/StructureDefinition/qicore-procedure" ]
      },
      "extension": [ {
        "url": "http://hl7.org/fhir/us/qicore/StructureDefinition/qicore-recorded",
        "valueDateTime": "2026-06-30T08:00:00.000+00:00"
      } ],
      "status": "completed",
      "code": {
        "coding": [ {
          "system": "http://snomed.info/sct",
          "version": "http://snomed.info/sct/731000124108/version/20240301",
          "code": "254292007",
          "display": "Tumor staging",
          "userSelected": true
        } ]
      },
      "subject": {
        "reference": "Patient/c7e0560f-ae7b-44c7-af10-e2f1b2f3ec3d"
      },
      "performedPeriod": {
        "start": "2026-06-30T08:00:00.000+00:00",
        "end": "2026-06-30T08:15:00.000+00:00"
      }
    },
    "request": {
      "method": "PUT",
      "url": "Procedure/2553822f-c580-427f-81a3-48aea26eafd1"
    }
  }, {
    "fullUrl": "https://madie.cms.gov/MeasureReport/2ac4869f-5451-47f1-9ffe-eb618defda7e",
    "resource": {
      "resourceType": "MeasureReport",
      "id": "2ac4869f-5451-47f1-9ffe-eb618defda7e",
      "meta": {
        "profile": [ "http://hl7.org/fhir/us/cqfmeasures/StructureDefinition/test-case-cqfm" ]
      },
      "contained": [ {
        "resourceType": "Parameters",
        "id": "475083c3-f40f-4701-89e7-1655ca9b415d-parameters",
        "parameter": [ {
          "name": "subject",
          "valueString": "c7e0560f-ae7b-44c7-af10-e2f1b2f3ec3d"
        } ]
      } ],
      "extension": [ {
        "url": "http://hl7.org/fhir/StructureDefinition/cqf-inputParameters",
        "valueReference": {
          "reference": "#475083c3-f40f-4701-89e7-1655ca9b415d-parameters"
        }
      }, {
        "url": "http://hl7.org/fhir/us/cqfmeasures/StructureDefinition/cqfm-testCaseDescription",
        "valueMarkdown": "Patient with OV in MP. Bladder cancer diagnosis and cancer staging in MP.  Pt had radiation 2 months prior to bladder cancer staging and should be excluded. "
      } ],
      "modifierExtension": [ {
        "url": "http://hl7.org/fhir/us/cqfmeasures/StructureDefinition/cqfm-isTestCase",
        "valueBoolean": true
      } ],
      "status": "complete",
      "type": "individual",
      "measure": "https://madie.cms.gov/Measure/CMS646FHIRIntravesicalBacillusCalmetteGuerinForBladderCancer",
      "period": {
        "start": "2026-01-01",
        "end": "2026-12-31"
      },
      "group": [ {
        "id": "Group_1",
        "population": [ {
          "id": "InitialPopulation_1",
          "code": {
            "coding": [ {
              "system": "http://terminology.hl7.org/CodeSystem/measure-population",
              "code": "initial-population",
              "display": "Initial Population"
            } ]
          },
          "count": 1
        }, {
          "id": "Denominator_1",
          "code": {
            "coding": [ {
              "system": "http://terminology.hl7.org/CodeSystem/measure-population",
              "code": "denominator",
              "display": "Denominator"
            } ]
          },
          "count": 1
        }, {
          "id": "DenominatorExclusion_1",
          "code": {
            "coding": [ {
              "system": "http://terminology.hl7.org/CodeSystem/measure-population",
              "code": "denominator-exclusion",
              "display": "Denominator Exclusion"
            } ]
          },
          "count": 1
        }, {
          "id": "Numerator_1",
          "code": {
            "coding": [ {
              "system": "http://terminology.hl7.org/CodeSystem/measure-population",
              "code": "numerator",
              "display": "Numerator"
            } ]
          },
          "count": 0
        }, {
          "id": "DenominatorException_1",
          "code": {
            "coding": [ {
              "system": "http://terminology.hl7.org/CodeSystem/measure-population",
              "code": "denominator-exception",
              "display": "Denominator Exception"
            } ]
          },
          "count": 0
        } ],
        "measureScore": {
          "value": 1.0
        }
      } ],
      "evaluatedResource": [ {
        "reference": "Patient/c7e0560f-ae7b-44c7-af10-e2f1b2f3ec3d"
      }, {
        "reference": "Encounter/88d8c0f5-91d3-48a4-ab2f-2d2b893b8f7b"
      }, {
        "reference": "Procedure/e9ca935c-3ad3-4b38-9b57-fa3ed24cba75"
      }, {
        "reference": "Condition/67805fdd-b60d-4af9-b89a-4001284b16fa"
      }, {
        "reference": "Observation/c9f2d33c-906b-4478-8106-8478c29e98cd"
      }, {
        "reference": "Practitioner/58231a4c-0674-4f33-b79f-fc19279d0ac6"
      }, {
        "reference": "Procedure/2553822f-c580-427f-81a3-48aea26eafd1"
      } ]
    },
    "request": {
      "method": "PUT",
      "url": "MeasureReport/2ac4869f-5451-47f1-9ffe-eb618defda7e"
    }
  } ]
}