{
  "resourceType": "Bundle",
  "id": "61168b8798086b77ef9c5ebe",
  "type": "transaction",
  "entry": [ {
    "fullUrl": "https://madie.cms.gov/Patient/73734a3e-0dc8-44ce-a5a2-070b1ab48aaf",
    "resource": {
      "resourceType": "Patient",
      "id": "73734a3e-0dc8-44ce-a5a2-070b1ab48aaf",
      "meta": {
        "profile": [ "http://hl7.org/fhir/us/qicore/StructureDefinition/qicore-patient" ]
      },
      "extension": [ {
        "url": "http://hl7.org/fhir/us/core/StructureDefinition/us-core-race",
        "extension": [ {
          "url": "ombCategory",
          "valueCoding": {
            "system": "urn:oid:2.16.840.1.113883.6.238",
            "code": "1002-5",
            "display": "American Indian or Alaska Native",
            "userSelected": true
          }
        }, {
          "url": "text",
          "valueString": "American Indian or Alaska Native"
        } ]
      }, {
        "url": "http://hl7.org/fhir/us/core/StructureDefinition/us-core-ethnicity",
        "extension": [ {
          "url": "ombCategory",
          "valueCoding": {
            "system": "urn:oid:2.16.840.1.113883.6.238",
            "code": "2135-2",
            "display": "Hispanic or Latino",
            "userSelected": true
          }
        }, {
          "url": "text",
          "valueString": "Hispanic or Latino"
        } ]
      } ],
      "identifier": [ {
        "type": {
          "coding": [ {
            "system": "http://terminology.hl7.org/CodeSystem/v2-0203",
            "code": "MR"
          } ]
        },
        "system": "https://bonnie-fhir.healthit.gov/",
        "value": "61168b8798086b77ef9c5ebe"
      } ],
      "active": true,
      "name": [ {
        "use": "usual",
        "family": "IPFail",
        "given": [ "NoRetinopathyDx" ]
      } ],
      "gender": "female",
      "birthDate": "1973-05-14"
    },
    "request": {
      "method": "PUT",
      "url": "Patient/73734a3e-0dc8-44ce-a5a2-070b1ab48aaf"
    }
  }, {
    "fullUrl": "https://madie.cms.gov/Observation/492905fb-799f-4c77-b362-4845b2a018d9",
    "resource": {
      "resourceType": "Observation",
      "id": "492905fb-799f-4c77-b362-4845b2a018d9",
      "meta": {
        "profile": [ "http://hl7.org/fhir/us/qicore/StructureDefinition/qicore-observation-clinical-result" ]
      },
      "status": "final",
      "category": [ {
        "coding": [ {
          "system": "http://terminology.hl7.org/CodeSystem/observation-category",
          "code": "vital-signs",
          "display": "Vital Signs"
        } ]
      } ],
      "code": {
        "coding": [ {
          "system": "http://loinc.org",
          "version": "2.73",
          "code": "32451-7"
        } ]
      },
      "subject": {
        "reference": "Patient/73734a3e-0dc8-44ce-a5a2-070b1ab48aaf"
      },
      "effectivePeriod": {
        "start": "2026-09-30T09:50:00.000+00:00",
        "end": "2026-09-30T09:50:00.000+00:00"
      },
      "valueBoolean": true
    },
    "request": {
      "method": "PUT",
      "url": "Observation/492905fb-799f-4c77-b362-4845b2a018d9"
    }
  }, {
    "fullUrl": "https://madie.cms.gov/Encounter/cb26fa21-bd21-4e1a-bc96-c91bf6ed4c13",
    "resource": {
      "resourceType": "Encounter",
      "id": "cb26fa21-bd21-4e1a-bc96-c91bf6ed4c13",
      "meta": {
        "profile": [ "http://hl7.org/fhir/us/qicore/StructureDefinition/qicore-encounter" ]
      },
      "status": "finished",
      "class": {
        "system": "http://terminology.hl7.org/CodeSystem/v3-ActCode",
        "code": "AMB"
      },
      "type": [ {
        "coding": [ {
          "system": "http://www.ama-assn.org/go/cpt",
          "code": "99205"
        } ]
      } ],
      "subject": {
        "reference": "Patient/73734a3e-0dc8-44ce-a5a2-070b1ab48aaf"
      },
      "period": {
        "start": "2026-09-11T10:00:00.000+00:00",
        "end": "2026-09-11T11:00:00.000+00:00"
      }
    },
    "request": {
      "method": "PUT",
      "url": "Encounter/cb26fa21-bd21-4e1a-bc96-c91bf6ed4c13"
    }
  }, {
    "fullUrl": "https://madie.cms.gov/MeasureReport/8b567460-c2f4-4954-afa6-93e7839f443b",
    "resource": {
      "resourceType": "MeasureReport",
      "id": "8b567460-c2f4-4954-afa6-93e7839f443b",
      "meta": {
        "profile": [ "http://hl7.org/fhir/us/cqfmeasures/StructureDefinition/test-case-cqfm" ]
      },
      "contained": [ {
        "resourceType": "Parameters",
        "id": "146ff46c-7c0f-4780-9971-d8f9a69459dd-parameters",
        "parameter": [ {
          "name": "subject",
          "valueString": "73734a3e-0dc8-44ce-a5a2-070b1ab48aaf"
        } ]
      } ],
      "extension": [ {
        "url": "http://hl7.org/fhir/StructureDefinition/cqf-inputParameters",
        "valueReference": {
          "reference": "#146ff46c-7c0f-4780-9971-d8f9a69459dd-parameters"
        }
      }, {
        "url": "http://hl7.org/fhir/us/cqfmeasures/StructureDefinition/cqfm-testCaseDescription",
        "valueMarkdown": "Patient does not have retinopathy diagnosis."
      } ],
      "modifierExtension": [ {
        "url": "http://hl7.org/fhir/us/cqfmeasures/StructureDefinition/cqfm-isTestCase",
        "valueBoolean": true
      } ],
      "status": "complete",
      "type": "individual",
      "measure": "https://madie.cms.gov/Measure/CMS142FHIRDRCommunicationWithPhysicianManagingDiabetes",
      "period": {
        "start": "2026-01-01",
        "end": "2026-12-31"
      },
      "group": [ {
        "id": "Group_1",
        "population": [ {
          "id": "InitialPopulation_1",
          "code": {
            "coding": [ {
              "system": "http://terminology.hl7.org/CodeSystem/measure-population",
              "code": "initial-population",
              "display": "Initial Population"
            } ]
          },
          "count": 0
        }, {
          "id": "Denominator_1",
          "code": {
            "coding": [ {
              "system": "http://terminology.hl7.org/CodeSystem/measure-population",
              "code": "denominator",
              "display": "Denominator"
            } ]
          },
          "count": 0
        }, {
          "id": "Numerator_1",
          "code": {
            "coding": [ {
              "system": "http://terminology.hl7.org/CodeSystem/measure-population",
              "code": "numerator",
              "display": "Numerator"
            } ]
          },
          "count": 0
        }, {
          "id": "DenominatorException_1",
          "code": {
            "coding": [ {
              "system": "http://terminology.hl7.org/CodeSystem/measure-population",
              "code": "denominator-exception",
              "display": "Denominator Exception"
            } ]
          },
          "count": 0
        } ],
        "measureScore": {
          "value": 1.0
        }
      } ],
      "evaluatedResource": [ {
        "reference": "Patient/73734a3e-0dc8-44ce-a5a2-070b1ab48aaf"
      }, {
        "reference": "Observation/492905fb-799f-4c77-b362-4845b2a018d9"
      }, {
        "reference": "Encounter/cb26fa21-bd21-4e1a-bc96-c91bf6ed4c13"
      } ]
    },
    "request": {
      "method": "PUT",
      "url": "MeasureReport/8b567460-c2f4-4954-afa6-93e7839f443b"
    }
  } ]
}