{
  "resourceType": "Bundle",
  "id": "62d0327bd15ad008a13f69e5",
  "type": "transaction",
  "entry": [ {
    "fullUrl": "https://madie.cms.gov/Patient/aabfb5d9-4d3d-4768-860d-160ee6e50045",
    "resource": {
      "resourceType": "Patient",
      "id": "aabfb5d9-4d3d-4768-860d-160ee6e50045",
      "meta": {
        "profile": [ "http://hl7.org/fhir/us/qicore/StructureDefinition/qicore-patient" ]
      },
      "extension": [ {
        "url": "http://hl7.org/fhir/us/core/StructureDefinition/us-core-race",
        "extension": [ {
          "url": "ombCategory",
          "valueCoding": {
            "system": "urn:oid:2.16.840.1.113883.6.238",
            "code": "2106-3",
            "display": "White",
            "userSelected": true
          }
        }, {
          "url": "text",
          "valueString": "White"
        } ]
      }, {
        "url": "http://hl7.org/fhir/us/core/StructureDefinition/us-core-ethnicity",
        "extension": [ {
          "url": "ombCategory",
          "valueCoding": {
            "system": "urn:oid:2.16.840.1.113883.6.238",
            "code": "2186-5",
            "display": "Not Hispanic or Latino",
            "userSelected": true
          }
        }, {
          "url": "text",
          "valueString": "Not Hispanic or Latino"
        } ]
      } ],
      "identifier": [ {
        "type": {
          "coding": [ {
            "system": "http://terminology.hl7.org/CodeSystem/v2-0203",
            "code": "MR"
          } ]
        },
        "system": "https://bonnie-fhir.healthit.gov/",
        "value": "62d0327bd15ad008a13f69e5"
      } ],
      "name": [ {
        "family": "NUMERPass",
        "given": [ "ElevatedBPReferred" ]
      } ],
      "gender": "male",
      "birthDate": "2006-01-31"
    },
    "request": {
      "method": "PUT",
      "url": "Patient/aabfb5d9-4d3d-4768-860d-160ee6e50045"
    }
  }, {
    "fullUrl": "https://madie.cms.gov/Encounter/e0757a2c-7a01-4e14-83a6-2581d66547c3",
    "resource": {
      "resourceType": "Encounter",
      "id": "e0757a2c-7a01-4e14-83a6-2581d66547c3",
      "meta": {
        "profile": [ "http://hl7.org/fhir/us/qicore/StructureDefinition/qicore-encounter" ]
      },
      "status": "finished",
      "class": {
        "system": "http://terminology.hl7.org/CodeSystem/v3-ActCode",
        "code": "AMB",
        "display": "ambulatory"
      },
      "type": [ {
        "coding": [ {
          "system": "http://snomed.info/sct",
          "version": "2022-03",
          "code": "103705002",
          "display": "Patient status observation (procedure)",
          "userSelected": true
        } ]
      } ],
      "subject": {
        "reference": "Patient/aabfb5d9-4d3d-4768-860d-160ee6e50045"
      },
      "period": {
        "start": "2026-01-01T08:00:00.000+00:00",
        "end": "2026-01-01T08:30:00.000+00:00"
      }
    },
    "request": {
      "method": "PUT",
      "url": "Encounter/e0757a2c-7a01-4e14-83a6-2581d66547c3"
    }
  }, {
    "fullUrl": "https://madie.cms.gov/Observation/ea6ed8ae-9019-45e7-90e1-9414d0251a48",
    "resource": {
      "resourceType": "Observation",
      "id": "ea6ed8ae-9019-45e7-90e1-9414d0251a48",
      "meta": {
        "profile": [ "http://hl7.org/fhir/us/core/StructureDefinition/us-core-blood-pressure" ]
      },
      "status": "final",
      "category": [ {
        "coding": [ {
          "system": "http://terminology.hl7.org/CodeSystem/observation-category",
          "code": "vital-signs",
          "display": "Vital Signs"
        } ],
        "text": "Vital Signs"
      } ],
      "code": {
        "coding": [ {
          "system": "http://loinc.org",
          "code": "85354-9",
          "display": "Blood pressure panel"
        } ]
      },
      "subject": {
        "reference": "Patient/aabfb5d9-4d3d-4768-860d-160ee6e50045"
      },
      "effectiveDateTime": "2026-01-01T08:05:00.000+00:00",
      "component": [ {
        "code": {
          "coding": [ {
            "system": "http://loinc.org",
            "code": "8480-6",
            "display": "Systolic blood pressure"
          } ]
        },
        "valueQuantity": {
          "value": 120,
          "unit": "mmHg",
          "system": "http://unitsofmeasure.org",
          "code": "mm[Hg]"
        }
      }, {
        "code": {
          "coding": [ {
            "system": "http://loinc.org",
            "code": "8462-4",
            "display": "Diastolic blood pressure"
          } ]
        },
        "valueQuantity": {
          "value": 79,
          "unit": "mmHg",
          "system": "http://unitsofmeasure.org",
          "code": "mm[Hg]"
        }
      } ]
    },
    "request": {
      "method": "PUT",
      "url": "Observation/ea6ed8ae-9019-45e7-90e1-9414d0251a48"
    }
  }, {
    "fullUrl": "https://madie.cms.gov/ServiceRequest/ece6e2a3-1311-404f-949a-9cc7ec8f88a5",
    "resource": {
      "resourceType": "ServiceRequest",
      "id": "ece6e2a3-1311-404f-949a-9cc7ec8f88a5",
      "meta": {
        "profile": [ "http://hl7.org/fhir/us/qicore/StructureDefinition/qicore-servicerequest" ]
      },
      "status": "active",
      "intent": "order",
      "code": {
        "coding": [ {
          "system": "http://snomed.info/sct",
          "version": "2022-03",
          "code": "134403003",
          "display": "Urgent referral (procedure)",
          "userSelected": true
        } ]
      },
      "subject": {
        "reference": "Patient/aabfb5d9-4d3d-4768-860d-160ee6e50045"
      },
      "authoredOn": "2026-01-01T08:25:00.000+00:00",
      "reasonCode": [ {
        "coding": [ {
          "system": "http://hl7.org/fhir/sid/icd-10-cm",
          "code": "R03.0",
          "display": "Elevated blood-pressure reading, without diagnosis of hypertension",
          "userSelected": true
        } ]
      } ]
    },
    "request": {
      "method": "PUT",
      "url": "ServiceRequest/ece6e2a3-1311-404f-949a-9cc7ec8f88a5"
    }
  }, {
    "fullUrl": "https://madie.cms.gov/Coverage/bce17402-053f-41ca-93f8-381e7d8074e7",
    "resource": {
      "resourceType": "Coverage",
      "id": "bce17402-053f-41ca-93f8-381e7d8074e7",
      "meta": {
        "profile": [ "http://hl7.org/fhir/us/qicore/StructureDefinition/qicore-coverage" ]
      },
      "status": "active",
      "beneficiary": {
        "reference": "Patient/aabfb5d9-4d3d-4768-860d-160ee6e50045"
      },
      "payor": [ {
        "reference": "Organization/8c76220b-0cba-4a8f-bc97-c9d84e75420f"
      } ]
    },
    "request": {
      "method": "PUT",
      "url": "Coverage/bce17402-053f-41ca-93f8-381e7d8074e7"
    }
  }, {
    "fullUrl": "https://madie.cms.gov/Organization/8c76220b-0cba-4a8f-bc97-c9d84e75420f",
    "resource": {
      "resourceType": "Organization",
      "id": "8c76220b-0cba-4a8f-bc97-c9d84e75420f",
      "meta": {
        "profile": [ "http://hl7.org/fhir/us/qicore/StructureDefinition/qicore-organization" ]
      },
      "identifier": [ {
        "use": "temp",
        "system": "urn:oid:2.16.840.1.113883.4.4",
        "value": "21-3259825"
      } ],
      "active": true,
      "type": [ {
        "coding": [ {
          "system": "http://terminology.hl7.org/CodeSystem/organization-type",
          "code": "pay",
          "display": "Payer"
        } ]
      } ],
      "name": "Blue Cross Blue Shield of Texas",
      "telecom": [ {
        "system": "phone",
        "value": "(+1) 972-766-6900"
      } ],
      "address": [ {
        "use": "billing",
        "type": "postal",
        "line": [ "P.O. Box 660044" ],
        "city": "Dallas",
        "state": "TX",
        "postalCode": "75266-0044",
        "country": "USA"
      } ]
    },
    "request": {
      "method": "PUT",
      "url": "Organization/8c76220b-0cba-4a8f-bc97-c9d84e75420f"
    }
  }, {
    "fullUrl": "https://madie.cms.gov/MeasureReport/b37cb675-16d0-4647-ba51-a3af2e2d45ee",
    "resource": {
      "resourceType": "MeasureReport",
      "id": "b37cb675-16d0-4647-ba51-a3af2e2d45ee",
      "meta": {
        "profile": [ "http://hl7.org/fhir/us/cqfmeasures/StructureDefinition/test-case-cqfm" ]
      },
      "contained": [ {
        "resourceType": "Parameters",
        "id": "d53c7e6a-4fa1-4c68-854b-7be68e6c7ccf-parameters",
        "parameter": [ {
          "name": "subject",
          "valueString": "aabfb5d9-4d3d-4768-860d-160ee6e50045"
        } ]
      } ],
      "extension": [ {
        "url": "http://hl7.org/fhir/StructureDefinition/cqf-inputParameters",
        "valueReference": {
          "reference": "#d53c7e6a-4fa1-4c68-854b-7be68e6c7ccf-parameters"
        }
      }, {
        "url": "http://hl7.org/fhir/us/cqfmeasures/StructureDefinition/cqfm-testCaseDescription",
        "valueMarkdown": "Age 18 +, encounter 01/01 @0800 -0830 during MP, BP elevated, Elevated  BP 120/79 referred to other physician."
      } ],
      "modifierExtension": [ {
        "url": "http://hl7.org/fhir/us/cqfmeasures/StructureDefinition/cqfm-isTestCase",
        "valueBoolean": true
      } ],
      "status": "complete",
      "type": "individual",
      "measure": "https://madie.cms.gov/Measure/CMS22FHIRPCSBPScreeningFollowUp",
      "period": {
        "start": "2026-01-01",
        "end": "2026-12-31"
      },
      "group": [ {
        "id": "Group_1",
        "population": [ {
          "id": "InitialPopulation_1",
          "code": {
            "coding": [ {
              "system": "http://terminology.hl7.org/CodeSystem/measure-population",
              "code": "initial-population",
              "display": "Initial Population"
            } ]
          },
          "count": 1
        }, {
          "id": "Denominator_1",
          "code": {
            "coding": [ {
              "system": "http://terminology.hl7.org/CodeSystem/measure-population",
              "code": "denominator",
              "display": "Denominator"
            } ]
          },
          "count": 1
        }, {
          "id": "DenominatorExclusion_1",
          "code": {
            "coding": [ {
              "system": "http://terminology.hl7.org/CodeSystem/measure-population",
              "code": "denominator-exclusion",
              "display": "Denominator Exclusion"
            } ]
          },
          "count": 0
        }, {
          "id": "Numerator_1",
          "code": {
            "coding": [ {
              "system": "http://terminology.hl7.org/CodeSystem/measure-population",
              "code": "numerator",
              "display": "Numerator"
            } ]
          },
          "count": 1
        }, {
          "id": "DenominatorException_1",
          "code": {
            "coding": [ {
              "system": "http://terminology.hl7.org/CodeSystem/measure-population",
              "code": "denominator-exception",
              "display": "Denominator Exception"
            } ]
          },
          "count": 0
        } ],
        "measureScore": {
          "value": 0.0
        }
      } ],
      "evaluatedResource": [ {
        "reference": "Patient/aabfb5d9-4d3d-4768-860d-160ee6e50045"
      }, {
        "reference": "Encounter/e0757a2c-7a01-4e14-83a6-2581d66547c3"
      }, {
        "reference": "Observation/ea6ed8ae-9019-45e7-90e1-9414d0251a48"
      }, {
        "reference": "ServiceRequest/ece6e2a3-1311-404f-949a-9cc7ec8f88a5"
      }, {
        "reference": "Coverage/bce17402-053f-41ca-93f8-381e7d8074e7"
      }, {
        "reference": "Organization/8c76220b-0cba-4a8f-bc97-c9d84e75420f"
      } ]
    },
    "request": {
      "method": "PUT",
      "url": "MeasureReport/b37cb675-16d0-4647-ba51-a3af2e2d45ee"
    }
  } ]
}