{
  "resourceType": "Bundle",
  "id": "62cc370167cd2f796b838ab4",
  "type": "transaction",
  "entry": [ {
    "fullUrl": "https://madie.cms.gov/Patient/6714818f-8aa6-4673-8c39-fd35e470461c",
    "resource": {
      "resourceType": "Patient",
      "id": "6714818f-8aa6-4673-8c39-fd35e470461c",
      "meta": {
        "profile": [ "http://hl7.org/fhir/us/qicore/StructureDefinition/qicore-patient" ]
      },
      "extension": [ {
        "url": "http://hl7.org/fhir/us/core/StructureDefinition/us-core-race",
        "extension": [ {
          "url": "ombCategory",
          "valueCoding": {
            "system": "urn:oid:2.16.840.1.113883.6.238",
            "code": "2076-8",
            "display": "Native Hawaiian or Other Pacific Islander",
            "userSelected": true
          }
        }, {
          "url": "text",
          "valueString": "Native Hawaiian or Other Pacific Islander"
        } ]
      }, {
        "url": "http://hl7.org/fhir/us/core/StructureDefinition/us-core-ethnicity",
        "extension": [ {
          "url": "ombCategory",
          "valueCoding": {
            "system": "urn:oid:2.16.840.1.113883.6.238",
            "code": "2186-5",
            "display": "Not Hispanic or Latino",
            "userSelected": true
          }
        }, {
          "url": "text",
          "valueString": "Not Hispanic or Latino"
        } ]
      } ],
      "identifier": [ {
        "type": {
          "coding": [ {
            "system": "http://terminology.hl7.org/CodeSystem/v2-0203",
            "code": "MR"
          } ]
        },
        "system": "https://bonnie-fhir.healthit.gov/",
        "value": "62cc370167cd2f796b838ab4"
      } ],
      "name": [ {
        "family": "NUMERPassX2",
        "given": [ "2EncsHTNWeightActivityLab" ]
      } ],
      "gender": "female",
      "birthDate": "2006-01-31"
    },
    "request": {
      "method": "PUT",
      "url": "Patient/6714818f-8aa6-4673-8c39-fd35e470461c"
    }
  }, {
    "fullUrl": "https://madie.cms.gov/Encounter/bf19873b-d386-4583-a47c-b6a4336a11e0",
    "resource": {
      "resourceType": "Encounter",
      "id": "bf19873b-d386-4583-a47c-b6a4336a11e0",
      "meta": {
        "profile": [ "http://hl7.org/fhir/us/qicore/StructureDefinition/qicore-encounter" ]
      },
      "status": "finished",
      "class": {
        "system": "http://terminology.hl7.org/CodeSystem/v3-ActCode",
        "code": "AMB",
        "display": "ambulatory"
      },
      "type": [ {
        "coding": [ {
          "system": "http://snomed.info/sct",
          "version": "2022-03",
          "code": "103705002",
          "display": "Patient status observation (procedure)",
          "userSelected": true
        } ]
      } ],
      "subject": {
        "reference": "Patient/6714818f-8aa6-4673-8c39-fd35e470461c"
      },
      "period": {
        "start": "2026-01-01T08:00:00.000+00:00",
        "end": "2026-01-01T08:30:00.000+00:00"
      }
    },
    "request": {
      "method": "PUT",
      "url": "Encounter/bf19873b-d386-4583-a47c-b6a4336a11e0"
    }
  }, {
    "fullUrl": "https://madie.cms.gov/Observation/49a879ee-0c7c-42c2-be24-588d62aae82c",
    "resource": {
      "resourceType": "Observation",
      "id": "49a879ee-0c7c-42c2-be24-588d62aae82c",
      "meta": {
        "profile": [ "http://hl7.org/fhir/us/core/StructureDefinition/us-core-blood-pressure" ]
      },
      "status": "final",
      "category": [ {
        "coding": [ {
          "system": "http://terminology.hl7.org/CodeSystem/observation-category",
          "code": "vital-signs",
          "display": "Vital Signs"
        } ],
        "text": "Vital Signs"
      } ],
      "code": {
        "coding": [ {
          "system": "http://loinc.org",
          "code": "85354-9",
          "display": "Blood pressure panel"
        } ]
      },
      "subject": {
        "reference": "Patient/6714818f-8aa6-4673-8c39-fd35e470461c"
      },
      "effectiveDateTime": "2026-01-01T08:05:00.000+00:00",
      "component": [ {
        "code": {
          "coding": [ {
            "system": "http://loinc.org",
            "code": "8480-6",
            "display": "Systolic blood pressure"
          } ]
        },
        "valueQuantity": {
          "value": 130,
          "unit": "mmHg",
          "system": "http://unitsofmeasure.org",
          "code": "mm[Hg]"
        }
      }, {
        "code": {
          "coding": [ {
            "system": "http://loinc.org",
            "code": "8462-4",
            "display": "Diastolic blood pressure"
          } ]
        },
        "valueQuantity": {
          "value": 80,
          "unit": "mmHg",
          "system": "http://unitsofmeasure.org",
          "code": "mm[Hg]"
        }
      } ]
    },
    "request": {
      "method": "PUT",
      "url": "Observation/49a879ee-0c7c-42c2-be24-588d62aae82c"
    }
  }, {
    "fullUrl": "https://madie.cms.gov/ServiceRequest/57a2c0b5-31c9-4e2b-9f28-7dd9fd196fb3",
    "resource": {
      "resourceType": "ServiceRequest",
      "id": "57a2c0b5-31c9-4e2b-9f28-7dd9fd196fb3",
      "meta": {
        "profile": [ "http://hl7.org/fhir/us/qicore/StructureDefinition/qicore-servicerequest" ]
      },
      "status": "active",
      "intent": "order",
      "code": {
        "coding": [ {
          "system": "http://snomed.info/sct",
          "version": "2022-03",
          "code": "183617005",
          "display": "Follow-up 1 day (finding)",
          "userSelected": true
        } ]
      },
      "subject": {
        "reference": "Patient/6714818f-8aa6-4673-8c39-fd35e470461c"
      },
      "authoredOn": "2026-01-01T08:25:00.000+00:00"
    },
    "request": {
      "method": "PUT",
      "url": "ServiceRequest/57a2c0b5-31c9-4e2b-9f28-7dd9fd196fb3"
    }
  }, {
    "fullUrl": "https://madie.cms.gov/ServiceRequest/c43ccb35-b3c5-44f2-9bd2-7635f3be18e2",
    "resource": {
      "resourceType": "ServiceRequest",
      "id": "c43ccb35-b3c5-44f2-9bd2-7635f3be18e2",
      "meta": {
        "profile": [ "http://hl7.org/fhir/us/qicore/StructureDefinition/qicore-servicerequest" ]
      },
      "status": "active",
      "intent": "order",
      "code": {
        "coding": [ {
          "system": "http://snomed.info/sct",
          "version": "2022-03",
          "code": "1181000175107",
          "display": "Recommendation to lose weight (procedure)",
          "userSelected": true
        } ]
      },
      "subject": {
        "reference": "Patient/6714818f-8aa6-4673-8c39-fd35e470461c"
      },
      "authoredOn": "2026-01-01T08:25:00.000+00:00"
    },
    "request": {
      "method": "PUT",
      "url": "ServiceRequest/c43ccb35-b3c5-44f2-9bd2-7635f3be18e2"
    }
  }, {
    "fullUrl": "https://madie.cms.gov/Encounter/039bfcaf-fc0f-468f-b634-89aa5956d1b7",
    "resource": {
      "resourceType": "Encounter",
      "id": "039bfcaf-fc0f-468f-b634-89aa5956d1b7",
      "meta": {
        "profile": [ "http://hl7.org/fhir/us/qicore/StructureDefinition/qicore-encounter" ]
      },
      "status": "finished",
      "class": {
        "system": "http://terminology.hl7.org/CodeSystem/v3-ActCode",
        "code": "AMB",
        "display": "ambulatory"
      },
      "type": [ {
        "coding": [ {
          "system": "http://snomed.info/sct",
          "version": "2022-03",
          "code": "103705002",
          "display": "Patient status observation (procedure)",
          "userSelected": true
        } ]
      } ],
      "subject": {
        "reference": "Patient/6714818f-8aa6-4673-8c39-fd35e470461c"
      },
      "period": {
        "start": "2026-12-31T09:00:00.000+00:00",
        "end": "2026-12-31T09:30:00.000+00:00"
      }
    },
    "request": {
      "method": "PUT",
      "url": "Encounter/039bfcaf-fc0f-468f-b634-89aa5956d1b7"
    }
  }, {
    "fullUrl": "https://madie.cms.gov/Observation/2b2d46fb-6a8a-4213-bc96-4b99c474de49",
    "resource": {
      "resourceType": "Observation",
      "id": "2b2d46fb-6a8a-4213-bc96-4b99c474de49",
      "meta": {
        "profile": [ "http://hl7.org/fhir/us/core/StructureDefinition/us-core-blood-pressure" ]
      },
      "status": "final",
      "category": [ {
        "coding": [ {
          "system": "http://terminology.hl7.org/CodeSystem/observation-category",
          "code": "vital-signs",
          "display": "Vital Signs"
        } ],
        "text": "Vital Signs"
      } ],
      "code": {
        "coding": [ {
          "system": "http://loinc.org",
          "code": "85354-9",
          "display": "Blood pressure panel"
        } ]
      },
      "subject": {
        "reference": "Patient/6714818f-8aa6-4673-8c39-fd35e470461c"
      },
      "effectiveDateTime": "2026-12-31T09:05:00.000+00:00",
      "component": [ {
        "code": {
          "coding": [ {
            "system": "http://loinc.org",
            "code": "8480-6",
            "display": "Systolic blood pressure"
          } ]
        },
        "valueQuantity": {
          "value": 130,
          "unit": "mmHg",
          "system": "http://unitsofmeasure.org",
          "code": "mm[Hg]"
        }
      }, {
        "code": {
          "coding": [ {
            "system": "http://loinc.org",
            "code": "8462-4",
            "display": "Diastolic blood pressure"
          } ]
        },
        "valueQuantity": {
          "value": 80,
          "unit": "mmHg",
          "system": "http://unitsofmeasure.org",
          "code": "mm[Hg]"
        }
      } ]
    },
    "request": {
      "method": "PUT",
      "url": "Observation/2b2d46fb-6a8a-4213-bc96-4b99c474de49"
    }
  }, {
    "fullUrl": "https://madie.cms.gov/ServiceRequest/41fc6d6f-e884-4dd1-8317-1934c006a850",
    "resource": {
      "resourceType": "ServiceRequest",
      "id": "41fc6d6f-e884-4dd1-8317-1934c006a850",
      "meta": {
        "profile": [ "http://hl7.org/fhir/us/qicore/StructureDefinition/qicore-servicerequest" ]
      },
      "status": "active",
      "intent": "order",
      "code": {
        "coding": [ {
          "system": "http://snomed.info/sct",
          "code": "183624006",
          "display": "Follow-up 2-3 months (finding)",
          "userSelected": true
        } ]
      },
      "subject": {
        "reference": "Patient/6714818f-8aa6-4673-8c39-fd35e470461c"
      },
      "authoredOn": "2026-12-31T09:25:00.000+00:00"
    },
    "request": {
      "method": "PUT",
      "url": "ServiceRequest/41fc6d6f-e884-4dd1-8317-1934c006a850"
    }
  }, {
    "fullUrl": "https://madie.cms.gov/ServiceRequest/ea280149-cee3-45b6-b037-c6d02022bc15",
    "resource": {
      "resourceType": "ServiceRequest",
      "id": "ea280149-cee3-45b6-b037-c6d02022bc15",
      "meta": {
        "profile": [ "http://hl7.org/fhir/us/qicore/StructureDefinition/qicore-servicerequest" ]
      },
      "status": "active",
      "intent": "order",
      "code": {
        "coding": [ {
          "system": "http://snomed.info/sct",
          "version": "2022-03",
          "code": "281090004",
          "display": "Recommendation to exercise (procedure)",
          "userSelected": true
        } ]
      },
      "subject": {
        "reference": "Patient/6714818f-8aa6-4673-8c39-fd35e470461c"
      },
      "authoredOn": "2026-12-31T09:25:00.000+00:00"
    },
    "request": {
      "method": "PUT",
      "url": "ServiceRequest/ea280149-cee3-45b6-b037-c6d02022bc15"
    }
  }, {
    "fullUrl": "https://madie.cms.gov/ServiceRequest/a9555250-4686-467e-b296-392198a76a81",
    "resource": {
      "resourceType": "ServiceRequest",
      "id": "a9555250-4686-467e-b296-392198a76a81",
      "meta": {
        "profile": [ "http://hl7.org/fhir/us/qicore/StructureDefinition/qicore-servicerequest" ]
      },
      "status": "active",
      "intent": "order",
      "code": {
        "coding": [ {
          "system": "http://loinc.org",
          "version": "2.72",
          "code": "24320-4",
          "display": "Basic metabolic 1998 panel - Serum or Plasma",
          "userSelected": true
        } ]
      },
      "subject": {
        "reference": "Patient/6714818f-8aa6-4673-8c39-fd35e470461c"
      },
      "authoredOn": "2026-12-31T09:25:00.000+00:00"
    },
    "request": {
      "method": "PUT",
      "url": "ServiceRequest/a9555250-4686-467e-b296-392198a76a81"
    }
  }, {
    "fullUrl": "https://madie.cms.gov/Coverage/31bbcd99-fafd-444b-963d-65568d888af5",
    "resource": {
      "resourceType": "Coverage",
      "id": "31bbcd99-fafd-444b-963d-65568d888af5",
      "meta": {
        "profile": [ "http://hl7.org/fhir/us/qicore/StructureDefinition/qicore-coverage" ]
      },
      "status": "active",
      "beneficiary": {
        "reference": "Patient/6714818f-8aa6-4673-8c39-fd35e470461c"
      },
      "payor": [ {
        "reference": "Organization/16574a17-8c6e-40d2-be58-36b01d7e1a00"
      } ]
    },
    "request": {
      "method": "PUT",
      "url": "Coverage/31bbcd99-fafd-444b-963d-65568d888af5"
    }
  }, {
    "fullUrl": "https://madie.cms.gov/Organization/16574a17-8c6e-40d2-be58-36b01d7e1a00",
    "resource": {
      "resourceType": "Organization",
      "id": "16574a17-8c6e-40d2-be58-36b01d7e1a00",
      "meta": {
        "profile": [ "http://hl7.org/fhir/us/qicore/StructureDefinition/qicore-organization" ]
      },
      "identifier": [ {
        "use": "temp",
        "system": "urn:oid:2.16.840.1.113883.4.4",
        "value": "21-3259825"
      } ],
      "active": true,
      "type": [ {
        "coding": [ {
          "system": "http://terminology.hl7.org/CodeSystem/organization-type",
          "code": "pay",
          "display": "Payer"
        } ]
      } ],
      "name": "Blue Cross Blue Shield of Texas",
      "telecom": [ {
        "system": "phone",
        "value": "(+1) 972-766-6900"
      } ],
      "address": [ {
        "use": "billing",
        "type": "postal",
        "line": [ "P.O. Box 660044" ],
        "city": "Dallas",
        "state": "TX",
        "postalCode": "75266-0044",
        "country": "USA"
      } ]
    },
    "request": {
      "method": "PUT",
      "url": "Organization/16574a17-8c6e-40d2-be58-36b01d7e1a00"
    }
  }, {
    "fullUrl": "https://madie.cms.gov/MeasureReport/b968dcd0-550c-4714-b335-e99542333b80",
    "resource": {
      "resourceType": "MeasureReport",
      "id": "b968dcd0-550c-4714-b335-e99542333b80",
      "meta": {
        "profile": [ "http://hl7.org/fhir/us/cqfmeasures/StructureDefinition/test-case-cqfm" ]
      },
      "contained": [ {
        "resourceType": "Parameters",
        "id": "893e0ace-3f98-473c-91d5-6bcfb8d5641d-parameters",
        "parameter": [ {
          "name": "subject",
          "valueString": "6714818f-8aa6-4673-8c39-fd35e470461c"
        } ]
      } ],
      "extension": [ {
        "url": "http://hl7.org/fhir/StructureDefinition/cqf-inputParameters",
        "valueReference": {
          "reference": "#893e0ace-3f98-473c-91d5-6bcfb8d5641d-parameters"
        }
      }, {
        "url": "http://hl7.org/fhir/us/cqfmeasures/StructureDefinition/cqfm-testCaseDescription",
        "valueMarkdown": "Age 18+, 1st enc. 01/01 0800- 0830 during MP, bp 130/80, f/u 4 wks, wt reduction recommend.\n\n2nd enc. 12/31  0900 - 0930 during MP,  BP 130/80 ref/u 2-3 wks, recommend exercise. ordered BMP, "
      } ],
      "modifierExtension": [ {
        "url": "http://hl7.org/fhir/us/cqfmeasures/StructureDefinition/cqfm-isTestCase",
        "valueBoolean": true
      } ],
      "status": "complete",
      "type": "individual",
      "measure": "https://madie.cms.gov/Measure/CMS22FHIRPCSBPScreeningFollowUp",
      "period": {
        "start": "2026-01-01",
        "end": "2026-12-31"
      },
      "group": [ {
        "id": "Group_1",
        "population": [ {
          "id": "InitialPopulation_1",
          "code": {
            "coding": [ {
              "system": "http://terminology.hl7.org/CodeSystem/measure-population",
              "code": "initial-population",
              "display": "Initial Population"
            } ]
          },
          "count": 2
        }, {
          "id": "Denominator_1",
          "code": {
            "coding": [ {
              "system": "http://terminology.hl7.org/CodeSystem/measure-population",
              "code": "denominator",
              "display": "Denominator"
            } ]
          },
          "count": 2
        }, {
          "id": "DenominatorExclusion_1",
          "code": {
            "coding": [ {
              "system": "http://terminology.hl7.org/CodeSystem/measure-population",
              "code": "denominator-exclusion",
              "display": "Denominator Exclusion"
            } ]
          },
          "count": 0
        }, {
          "id": "Numerator_1",
          "code": {
            "coding": [ {
              "system": "http://terminology.hl7.org/CodeSystem/measure-population",
              "code": "numerator",
              "display": "Numerator"
            } ]
          },
          "count": 2
        }, {
          "id": "DenominatorException_1",
          "code": {
            "coding": [ {
              "system": "http://terminology.hl7.org/CodeSystem/measure-population",
              "code": "denominator-exception",
              "display": "Denominator Exception"
            } ]
          },
          "count": 0
        } ],
        "measureScore": {
          "value": 0.0
        }
      } ],
      "evaluatedResource": [ {
        "reference": "Patient/6714818f-8aa6-4673-8c39-fd35e470461c"
      }, {
        "reference": "Encounter/bf19873b-d386-4583-a47c-b6a4336a11e0"
      }, {
        "reference": "Observation/49a879ee-0c7c-42c2-be24-588d62aae82c"
      }, {
        "reference": "ServiceRequest/57a2c0b5-31c9-4e2b-9f28-7dd9fd196fb3"
      }, {
        "reference": "ServiceRequest/c43ccb35-b3c5-44f2-9bd2-7635f3be18e2"
      }, {
        "reference": "Encounter/039bfcaf-fc0f-468f-b634-89aa5956d1b7"
      }, {
        "reference": "Observation/2b2d46fb-6a8a-4213-bc96-4b99c474de49"
      }, {
        "reference": "ServiceRequest/41fc6d6f-e884-4dd1-8317-1934c006a850"
      }, {
        "reference": "ServiceRequest/ea280149-cee3-45b6-b037-c6d02022bc15"
      }, {
        "reference": "ServiceRequest/a9555250-4686-467e-b296-392198a76a81"
      }, {
        "reference": "Coverage/31bbcd99-fafd-444b-963d-65568d888af5"
      }, {
        "reference": "Organization/16574a17-8c6e-40d2-be58-36b01d7e1a00"
      } ]
    },
    "request": {
      "method": "PUT",
      "url": "MeasureReport/b968dcd0-550c-4714-b335-e99542333b80"
    }
  } ]
}