{
  "resourceType": "Bundle",
  "id": "4613103634163131",
  "type": "transaction",
  "entry": [ {
    "fullUrl": "https://madie.cms.gov/Patient/25bd7c4f-0cd4-4634-a84e-53377e5701f1",
    "resource": {
      "resourceType": "Patient",
      "id": "25bd7c4f-0cd4-4634-a84e-53377e5701f1",
      "meta": {
        "profile": [ "http://hl7.org/fhir/us/qicore/StructureDefinition/qicore-patient" ]
      },
      "extension": [ {
        "url": "http://hl7.org/fhir/us/core/StructureDefinition/us-core-race",
        "extension": [ {
          "url": "ombCategory",
          "valueCoding": {
            "system": "urn:oid:2.16.840.1.113883.6.238",
            "code": "2076-8",
            "display": "Native Hawaiian or Other Pacific Islander"
          }
        }, {
          "url": "text",
          "valueString": "Native Hawaiian or Other Pacific Islander"
        } ]
      }, {
        "url": "http://hl7.org/fhir/us/core/StructureDefinition/us-core-ethnicity",
        "extension": [ {
          "url": "ombCategory",
          "valueCoding": {
            "system": "urn:oid:2.16.840.1.113883.6.238",
            "code": "2186-5",
            "display": "Not Hispanic or Latino"
          }
        }, {
          "url": "text",
          "valueString": "Not Hispanic or Latino"
        } ]
      } ],
      "identifier": [ {
        "type": {
          "coding": [ {
            "system": "http://terminology.hl7.org/CodeSystem/v2-0203",
            "code": "MR"
          } ]
        },
        "system": "https://bonnie-fhir.healthit.gov/",
        "value": "7843135463165262"
      } ],
      "name": [ {
        "family": "DENEXPass",
        "given": [ "ImmunocompromisedDxBeforeStaging" ]
      } ],
      "gender": "female",
      "birthDate": "1947-11-03"
    },
    "request": {
      "method": "PUT",
      "url": "Patient/25bd7c4f-0cd4-4634-a84e-53377e5701f1"
    }
  }, {
    "fullUrl": "https://madie.cms.gov/Encounter/9c9b6f8b-5a41-4542-983b-25956e6bd612",
    "resource": {
      "resourceType": "Encounter",
      "id": "9c9b6f8b-5a41-4542-983b-25956e6bd612",
      "meta": {
        "profile": [ "http://hl7.org/fhir/us/qicore/StructureDefinition/qicore-encounter" ]
      },
      "status": "finished",
      "class": {
        "system": "http://terminology.hl7.org/CodeSystem/v3-ActCode",
        "code": "AMB",
        "display": "ambulatory"
      },
      "type": [ {
        "coding": [ {
          "system": "http://snomed.info/sct",
          "version": "http://snomed.info/sct/731000124108/version/20240301",
          "code": "185463005",
          "display": "Visit out of hours (procedure)"
        } ]
      } ],
      "subject": {
        "reference": "Patient/25bd7c4f-0cd4-4634-a84e-53377e5701f1"
      },
      "period": {
        "start": "2026-04-06T08:00:00.000+00:00",
        "end": "2026-04-06T09:15:00.000+00:00"
      }
    },
    "request": {
      "method": "PUT",
      "url": "Encounter/9c9b6f8b-5a41-4542-983b-25956e6bd612"
    }
  }, {
    "fullUrl": "https://madie.cms.gov/Condition/6ca5041d-8e0a-4a81-98cc-a8ee6cdafc8b",
    "resource": {
      "resourceType": "Condition",
      "id": "6ca5041d-8e0a-4a81-98cc-a8ee6cdafc8b",
      "meta": {
        "profile": [ "http://hl7.org/fhir/us/qicore/StructureDefinition/qicore-condition-problems-health-concerns" ]
      },
      "clinicalStatus": {
        "coding": [ {
          "system": "http://terminology.hl7.org/CodeSystem/condition-clinical",
          "code": "active",
          "display": "Active"
        } ]
      },
      "verificationStatus": {
        "coding": [ {
          "system": "http://terminology.hl7.org/CodeSystem/condition-ver-status",
          "code": "confirmed",
          "display": "Confirmed"
        } ]
      },
      "category": [ {
        "coding": [ {
          "system": "http://terminology.hl7.org/CodeSystem/condition-category",
          "code": "problem-list-item",
          "display": "Problem List Item"
        } ]
      } ],
      "code": {
        "coding": [ {
          "system": "http://hl7.org/fhir/sid/icd-10-cm",
          "version": "2024",
          "code": "C67.1",
          "display": "Malignant neoplasm of dome of bladder"
        } ]
      },
      "subject": {
        "reference": "Patient/25bd7c4f-0cd4-4634-a84e-53377e5701f1"
      },
      "onsetPeriod": {
        "start": "2026-04-06T08:00:00.000+00:00"
      }
    },
    "request": {
      "method": "PUT",
      "url": "Condition/6ca5041d-8e0a-4a81-98cc-a8ee6cdafc8b"
    }
  }, {
    "fullUrl": "https://madie.cms.gov/Condition/e4d13156-ed3d-4bbe-a925-b3655cbd5641",
    "resource": {
      "resourceType": "Condition",
      "id": "e4d13156-ed3d-4bbe-a925-b3655cbd5641",
      "meta": {
        "profile": [ "http://hl7.org/fhir/us/qicore/StructureDefinition/qicore-condition-problems-health-concerns" ]
      },
      "clinicalStatus": {
        "coding": [ {
          "system": "http://terminology.hl7.org/CodeSystem/condition-clinical",
          "code": "active",
          "display": "Active"
        } ]
      },
      "verificationStatus": {
        "coding": [ {
          "system": "http://terminology.hl7.org/CodeSystem/condition-ver-status",
          "code": "confirmed",
          "display": "Confirmed"
        } ]
      },
      "category": [ {
        "coding": [ {
          "system": "http://terminology.hl7.org/CodeSystem/condition-category",
          "code": "problem-list-item",
          "display": "Problem List Item"
        } ]
      } ],
      "code": {
        "coding": [ {
          "system": "http://snomed.info/sct",
          "version": "http://snomed.info/sct/731000124108/version/20240301",
          "code": "109977009",
          "display": "Peripheral T-cell lymphoma (disorder)"
        } ]
      },
      "subject": {
        "reference": "Patient/25bd7c4f-0cd4-4634-a84e-53377e5701f1"
      },
      "onsetPeriod": {
        "start": "2026-04-01T08:00:00.000+00:00"
      }
    },
    "request": {
      "method": "PUT",
      "url": "Condition/e4d13156-ed3d-4bbe-a925-b3655cbd5641"
    }
  }, {
    "fullUrl": "https://madie.cms.gov/Procedure/ce21d1a5-586e-4dc6-9090-af940bfd3a95",
    "resource": {
      "resourceType": "Procedure",
      "id": "ce21d1a5-586e-4dc6-9090-af940bfd3a95",
      "meta": {
        "profile": [ "http://hl7.org/fhir/us/qicore/StructureDefinition/qicore-procedure" ]
      },
      "extension": [ {
        "url": "http://hl7.org/fhir/us/qicore/StructureDefinition/qicore-recorded",
        "valueDateTime": "2026-04-06T08:00:00.000+00:00"
      } ],
      "status": "completed",
      "code": {
        "coding": [ {
          "system": "http://snomed.info/sct",
          "version": "http://snomed.info/sct/731000124108/version/20240301",
          "code": "254292007",
          "display": "Tumor staging"
        } ]
      },
      "subject": {
        "reference": "Patient/25bd7c4f-0cd4-4634-a84e-53377e5701f1"
      },
      "performedDateTime": "2026-04-06T08:00:00.000+00:00"
    },
    "request": {
      "method": "PUT",
      "url": "Procedure/ce21d1a5-586e-4dc6-9090-af940bfd3a95"
    }
  }, {
    "fullUrl": "https://madie.cms.gov/Observation/e333cea3-5f58-4b92-9ead-243ab3549da2",
    "resource": {
      "resourceType": "Observation",
      "id": "e333cea3-5f58-4b92-9ead-243ab3549da2",
      "meta": {
        "profile": [ "http://hl7.org/fhir/us/qicore/StructureDefinition/qicore-observation-lab" ]
      },
      "partOf": [ {
        "reference": "Procedure/ce21d1a5-586e-4dc6-9090-af940bfd3a95"
      } ],
      "status": "final",
      "category": [ {
        "coding": [ {
          "system": "http://terminology.hl7.org/CodeSystem/observation-category",
          "code": "procedure",
          "display": "Procedure"
        } ]
      } ],
      "code": {
        "coding": [ {
          "system": "http://loinc.org",
          "version": "2.76",
          "code": "21902-2",
          "display": "Stage group.pathology Cancer"
        } ]
      },
      "subject": {
        "reference": "Patient/25bd7c4f-0cd4-4634-a84e-53377e5701f1"
      },
      "effectiveDateTime": "2026-04-06T08:00:00.000+00:00",
      "issued": "2026-04-06T08:10:00.000+00:00",
      "valueCodeableConcept": {
        "coding": [ {
          "system": "http://snomed.info/sct",
          "version": "http://snomed.info/sct/731000124108/version/20240301",
          "code": "1228889001",
          "display": "American Joint Committee on Cancer cT1 (qualifier value)"
        } ]
      }
    },
    "request": {
      "method": "PUT",
      "url": "Observation/e333cea3-5f58-4b92-9ead-243ab3549da2"
    }
  }, {
    "fullUrl": "https://madie.cms.gov/MeasureReport/b58c2222-fd78-497f-8d56-804295002d1f",
    "resource": {
      "resourceType": "MeasureReport",
      "id": "b58c2222-fd78-497f-8d56-804295002d1f",
      "meta": {
        "profile": [ "http://hl7.org/fhir/us/cqfmeasures/StructureDefinition/test-case-cqfm" ]
      },
      "contained": [ {
        "resourceType": "Parameters",
        "id": "034bc9b4-b194-4ef4-841a-0cbd7b08e43e-parameters",
        "parameter": [ {
          "name": "subject",
          "valueString": "25bd7c4f-0cd4-4634-a84e-53377e5701f1"
        } ]
      } ],
      "extension": [ {
        "url": "http://hl7.org/fhir/StructureDefinition/cqf-inputParameters",
        "valueReference": {
          "reference": "#034bc9b4-b194-4ef4-841a-0cbd7b08e43e-parameters"
        }
      }, {
        "url": "http://hl7.org/fhir/us/cqfmeasures/StructureDefinition/cqfm-testCaseDescription",
        "valueMarkdown": "Female with cT1 staging, bladder cancer Dx and OV in MP. Has  Immunocompromised Dx starting before staging."
      } ],
      "modifierExtension": [ {
        "url": "http://hl7.org/fhir/us/cqfmeasures/StructureDefinition/cqfm-isTestCase",
        "valueBoolean": true
      } ],
      "status": "complete",
      "type": "individual",
      "measure": "https://madie.cms.gov/Measure/CMS646FHIRIntravesicalBacillusCalmetteGuerinForBladderCancer",
      "period": {
        "start": "2026-01-01",
        "end": "2026-12-31"
      },
      "group": [ {
        "id": "Group_1",
        "population": [ {
          "id": "InitialPopulation_1",
          "code": {
            "coding": [ {
              "system": "http://terminology.hl7.org/CodeSystem/measure-population",
              "code": "initial-population",
              "display": "Initial Population"
            } ]
          },
          "count": 1
        }, {
          "id": "Denominator_1",
          "code": {
            "coding": [ {
              "system": "http://terminology.hl7.org/CodeSystem/measure-population",
              "code": "denominator",
              "display": "Denominator"
            } ]
          },
          "count": 1
        }, {
          "id": "DenominatorExclusion_1",
          "code": {
            "coding": [ {
              "system": "http://terminology.hl7.org/CodeSystem/measure-population",
              "code": "denominator-exclusion",
              "display": "Denominator Exclusion"
            } ]
          },
          "count": 1
        }, {
          "id": "Numerator_1",
          "code": {
            "coding": [ {
              "system": "http://terminology.hl7.org/CodeSystem/measure-population",
              "code": "numerator",
              "display": "Numerator"
            } ]
          },
          "count": 0
        }, {
          "id": "DenominatorException_1",
          "code": {
            "coding": [ {
              "system": "http://terminology.hl7.org/CodeSystem/measure-population",
              "code": "denominator-exception",
              "display": "Denominator Exception"
            } ]
          },
          "count": 0
        } ],
        "measureScore": {
          "value": 1.0
        }
      } ],
      "evaluatedResource": [ {
        "reference": "Patient/25bd7c4f-0cd4-4634-a84e-53377e5701f1"
      }, {
        "reference": "Encounter/9c9b6f8b-5a41-4542-983b-25956e6bd612"
      }, {
        "reference": "Condition/6ca5041d-8e0a-4a81-98cc-a8ee6cdafc8b"
      }, {
        "reference": "Condition/e4d13156-ed3d-4bbe-a925-b3655cbd5641"
      }, {
        "reference": "Procedure/ce21d1a5-586e-4dc6-9090-af940bfd3a95"
      }, {
        "reference": "Observation/e333cea3-5f58-4b92-9ead-243ab3549da2"
      } ]
    },
    "request": {
      "method": "PUT",
      "url": "MeasureReport/b58c2222-fd78-497f-8d56-804295002d1f"
    }
  } ]
}