{
  "resourceType": "Bundle",
  "id": "62fd4b720968f82603aac8e3",
  "type": "transaction",
  "entry": [ {
    "fullUrl": "https://madie.cms.gov/Patient/854f73d5-2461-4c12-b214-c4a3ceecfe36",
    "resource": {
      "resourceType": "Patient",
      "id": "854f73d5-2461-4c12-b214-c4a3ceecfe36",
      "meta": {
        "profile": [ "http://hl7.org/fhir/us/qicore/StructureDefinition/qicore-patient" ]
      },
      "extension": [ {
        "url": "http://hl7.org/fhir/us/core/StructureDefinition/us-core-race",
        "extension": [ {
          "url": "ombCategory",
          "valueCoding": {
            "system": "urn:oid:2.16.840.1.113883.6.238",
            "code": "1002-5",
            "display": "American Indian or Alaska Native",
            "userSelected": true
          }
        }, {
          "url": "text",
          "valueString": "American Indian or Alaska Native"
        } ]
      }, {
        "url": "http://hl7.org/fhir/us/core/StructureDefinition/us-core-ethnicity",
        "extension": [ {
          "url": "ombCategory",
          "valueCoding": {
            "system": "urn:oid:2.16.840.1.113883.6.238",
            "code": "2135-2",
            "display": "Hispanic or Latino",
            "userSelected": true
          }
        }, {
          "url": "text",
          "valueString": "Hispanic or Latino"
        } ]
      } ],
      "identifier": [ {
        "type": {
          "coding": [ {
            "system": "http://terminology.hl7.org/CodeSystem/v2-0203",
            "code": "MR"
          } ]
        },
        "system": "https://bonnie-fhir.healthit.gov/",
        "value": "62fd4b720968f82603aac8e3"
      } ],
      "name": [ {
        "family": "IPFail",
        "given": [ "NoEncounter" ]
      } ],
      "gender": "male",
      "birthDate": "1990-12-31"
    },
    "request": {
      "method": "PUT",
      "url": "Patient/854f73d5-2461-4c12-b214-c4a3ceecfe36"
    }
  }, {
    "fullUrl": "https://madie.cms.gov/ServiceRequest/4eab5756-1345-4045-bd85-7692f5ea89a1",
    "resource": {
      "resourceType": "ServiceRequest",
      "id": "4eab5756-1345-4045-bd85-7692f5ea89a1",
      "meta": {
        "profile": [ "http://hl7.org/fhir/us/qicore/StructureDefinition/qicore-servicerequest" ]
      },
      "status": "active",
      "intent": "order",
      "code": {
        "coding": [ {
          "system": "http://snomed.info/sct",
          "version": "2022-03",
          "code": "103696004",
          "display": "Patient referral to specialist (procedure)",
          "userSelected": true
        } ]
      },
      "subject": {
        "reference": "Patient/854f73d5-2461-4c12-b214-c4a3ceecfe36"
      },
      "authoredOn": "2026-01-01T00:00:00.000+00:00"
    },
    "request": {
      "method": "PUT",
      "url": "ServiceRequest/4eab5756-1345-4045-bd85-7692f5ea89a1"
    }
  }, {
    "fullUrl": "https://madie.cms.gov/Coverage/93c37770-cd99-419a-bcf9-1f4317fca848",
    "resource": {
      "resourceType": "Coverage",
      "id": "93c37770-cd99-419a-bcf9-1f4317fca848",
      "meta": {
        "profile": [ "http://hl7.org/fhir/us/qicore/StructureDefinition/qicore-coverage" ]
      },
      "status": "active",
      "beneficiary": {
        "reference": "Patient/854f73d5-2461-4c12-b214-c4a3ceecfe36"
      },
      "payor": [ {
        "reference": "Organization/cd2c04d5-ba9f-42e3-8472-8e1ebc708d3e"
      } ]
    },
    "request": {
      "method": "PUT",
      "url": "Coverage/93c37770-cd99-419a-bcf9-1f4317fca848"
    }
  }, {
    "fullUrl": "https://madie.cms.gov/Organization/cd2c04d5-ba9f-42e3-8472-8e1ebc708d3e",
    "resource": {
      "resourceType": "Organization",
      "id": "cd2c04d5-ba9f-42e3-8472-8e1ebc708d3e",
      "meta": {
        "profile": [ "http://hl7.org/fhir/us/qicore/StructureDefinition/qicore-organization" ]
      },
      "identifier": [ {
        "use": "temp",
        "system": "urn:oid:2.16.840.1.113883.4.4",
        "value": "21-3259825"
      } ],
      "active": true,
      "type": [ {
        "coding": [ {
          "system": "http://terminology.hl7.org/CodeSystem/organization-type",
          "code": "pay",
          "display": "Payer"
        } ]
      } ],
      "name": "Blue Cross Blue Shield of Texas",
      "telecom": [ {
        "system": "phone",
        "value": "(+1) 972-766-6900"
      } ],
      "address": [ {
        "use": "billing",
        "type": "postal",
        "line": [ "P.O. Box 660044" ],
        "city": "Dallas",
        "state": "TX",
        "postalCode": "75266-0044",
        "country": "USA"
      } ]
    },
    "request": {
      "method": "PUT",
      "url": "Organization/cd2c04d5-ba9f-42e3-8472-8e1ebc708d3e"
    }
  }, {
    "fullUrl": "https://madie.cms.gov/Practitioner/62c6b10e-8747-4f02-ab0b-b72b87a137ae",
    "resource": {
      "resourceType": "Practitioner",
      "id": "62c6b10e-8747-4f02-ab0b-b72b87a137ae",
      "meta": {
        "profile": [ "http://hl7.org/fhir/us/qicore/StructureDefinition/qicore-practitioner" ]
      },
      "identifier": [ {
        "system": "http://hl7.org/fhir/sid/us-npi",
        "value": "123456"
      } ],
      "name": [ {
        "family": "Evil",
        "prefix": [ "Dr" ]
      } ]
    },
    "request": {
      "method": "PUT",
      "url": "Practitioner/62c6b10e-8747-4f02-ab0b-b72b87a137ae"
    }
  }, {
    "fullUrl": "https://madie.cms.gov/MeasureReport/e80b1d58-e57e-4099-a363-54cb86bb654a",
    "resource": {
      "resourceType": "MeasureReport",
      "id": "e80b1d58-e57e-4099-a363-54cb86bb654a",
      "meta": {
        "profile": [ "http://hl7.org/fhir/us/cqfmeasures/StructureDefinition/test-case-cqfm" ]
      },
      "contained": [ {
        "resourceType": "Parameters",
        "id": "6a53738b-82c3-42c1-934c-c35c0fc2bb71-parameters",
        "parameter": [ {
          "name": "subject",
          "valueString": "854f73d5-2461-4c12-b214-c4a3ceecfe36"
        } ]
      } ],
      "extension": [ {
        "url": "http://hl7.org/fhir/StructureDefinition/cqf-inputParameters",
        "valueReference": {
          "reference": "#6a53738b-82c3-42c1-934c-c35c0fc2bb71-parameters"
        }
      }, {
        "url": "http://hl7.org/fhir/us/cqfmeasures/StructureDefinition/cqfm-testCaseDescription",
        "valueMarkdown": "Valid Referral during referral period (\"202x-01-01T00:00:00.000+00:00\") with status finished and intent order.  No eligible encounter.\n"
      } ],
      "modifierExtension": [ {
        "url": "http://hl7.org/fhir/us/cqfmeasures/StructureDefinition/cqfm-isTestCase",
        "valueBoolean": true
      } ],
      "status": "complete",
      "type": "individual",
      "measure": "https://madie.cms.gov/Measure/CMS50FHIRCRLReceiptofSpecialistReport",
      "period": {
        "start": "2026-01-01",
        "end": "2026-12-31"
      },
      "group": [ {
        "id": "Group_1",
        "population": [ {
          "id": "InitialPopulation_1",
          "code": {
            "coding": [ {
              "system": "http://terminology.hl7.org/CodeSystem/measure-population",
              "code": "initial-population",
              "display": "Initial Population"
            } ]
          },
          "count": 0
        }, {
          "id": "Denominator_1",
          "code": {
            "coding": [ {
              "system": "http://terminology.hl7.org/CodeSystem/measure-population",
              "code": "denominator",
              "display": "Denominator"
            } ]
          },
          "count": 0
        }, {
          "id": "Numerator_1",
          "code": {
            "coding": [ {
              "system": "http://terminology.hl7.org/CodeSystem/measure-population",
              "code": "numerator",
              "display": "Numerator"
            } ]
          },
          "count": 0
        } ],
        "measureScore": {
          "value": 1.0
        }
      } ],
      "evaluatedResource": [ {
        "reference": "Patient/854f73d5-2461-4c12-b214-c4a3ceecfe36"
      }, {
        "reference": "ServiceRequest/4eab5756-1345-4045-bd85-7692f5ea89a1"
      }, {
        "reference": "Coverage/93c37770-cd99-419a-bcf9-1f4317fca848"
      }, {
        "reference": "Organization/cd2c04d5-ba9f-42e3-8472-8e1ebc708d3e"
      }, {
        "reference": "Practitioner/62c6b10e-8747-4f02-ab0b-b72b87a137ae"
      } ]
    },
    "request": {
      "method": "PUT",
      "url": "MeasureReport/e80b1d58-e57e-4099-a363-54cb86bb654a"
    }
  } ]
}