{
  "resourceType": "Bundle",
  "id": "61095b0998086b53805591b6",
  "type": "transaction",
  "entry": [ {
    "fullUrl": "https://madie.cms.gov/Patient/b765067f-d81a-4d58-87c1-3cad1044e007",
    "resource": {
      "resourceType": "Patient",
      "id": "b765067f-d81a-4d58-87c1-3cad1044e007",
      "meta": {
        "profile": [ "http://hl7.org/fhir/us/qicore/StructureDefinition/qicore-patient" ]
      },
      "extension": [ {
        "url": "http://hl7.org/fhir/us/core/StructureDefinition/us-core-race",
        "extension": [ {
          "url": "ombCategory",
          "valueCoding": {
            "system": "urn:oid:2.16.840.1.113883.6.238",
            "code": "1002-5",
            "display": "American Indian or Alaska Native",
            "userSelected": true
          }
        }, {
          "url": "text",
          "valueString": "American Indian or Alaska Native"
        } ]
      }, {
        "url": "http://hl7.org/fhir/us/core/StructureDefinition/us-core-ethnicity",
        "extension": [ {
          "url": "ombCategory",
          "valueCoding": {
            "system": "urn:oid:2.16.840.1.113883.6.238",
            "code": "2135-2",
            "display": "Hispanic or Latino",
            "userSelected": true
          }
        }, {
          "url": "text",
          "valueString": "Hispanic or Latino"
        } ]
      } ],
      "identifier": [ {
        "type": {
          "coding": [ {
            "system": "http://terminology.hl7.org/CodeSystem/v2-0203",
            "code": "MR"
          } ]
        },
        "system": "https://bonnie-fhir.healthit.gov/",
        "value": "61095b0998086b53805591b6"
      } ],
      "active": true,
      "name": [ {
        "use": "usual",
        "family": "DENEXPASS",
        "given": [ "DisordersOverlapsCatSurg" ]
      } ],
      "gender": "female",
      "birthDate": "1996-01-01"
    },
    "request": {
      "method": "PUT",
      "url": "Patient/b765067f-d81a-4d58-87c1-3cad1044e007"
    }
  }, {
    "fullUrl": "https://madie.cms.gov/Observation/a2f13fdd-137a-431f-af0c-c774f91e35e7",
    "resource": {
      "resourceType": "Observation",
      "id": "a2f13fdd-137a-431f-af0c-c774f91e35e7",
      "meta": {
        "profile": [ "http://hl7.org/fhir/us/qicore/StructureDefinition/qicore-observation-clinical-result" ]
      },
      "status": "final",
      "category": [ {
        "coding": [ {
          "system": "http://terminology.hl7.org/CodeSystem/observation-category",
          "code": "exam",
          "display": "Exam"
        } ]
      } ],
      "code": {
        "coding": [ {
          "system": "http://snomed.info/sct",
          "code": "419775003"
        } ]
      },
      "subject": {
        "reference": "Patient/b765067f-d81a-4d58-87c1-3cad1044e007"
      },
      "effectivePeriod": {
        "start": "2026-03-13T09:00:00+00:00",
        "end": "2026-03-13T09:30:00+00:00"
      }
    },
    "request": {
      "method": "PUT",
      "url": "Observation/a2f13fdd-137a-431f-af0c-c774f91e35e7"
    }
  }, {
    "fullUrl": "https://madie.cms.gov/Procedure/336c214a-536a-42d9-943f-55ea52b774d7",
    "resource": {
      "resourceType": "Procedure",
      "id": "336c214a-536a-42d9-943f-55ea52b774d7",
      "meta": {
        "profile": [ "http://hl7.org/fhir/us/qicore/StructureDefinition/qicore-procedure" ]
      },
      "extension": [ {
        "url": "http://hl7.org/fhir/us/qicore/StructureDefinition/qicore-recorded",
        "valueDateTime": "2026-03-05T09:35:00-04:00"
      } ],
      "status": "completed",
      "code": {
        "coding": [ {
          "system": "http://snomed.info/sct",
          "code": "84149000"
        } ]
      },
      "subject": {
        "reference": "Patient/b765067f-d81a-4d58-87c1-3cad1044e007"
      },
      "performedPeriod": {
        "start": "2026-03-05T09:20:00-04:00",
        "end": "2026-04-05T10:30:00-04:00"
      }
    },
    "request": {
      "method": "PUT",
      "url": "Procedure/336c214a-536a-42d9-943f-55ea52b774d7"
    }
  }, {
    "fullUrl": "https://madie.cms.gov/Condition/3a5bde02-b763-4ce5-850c-9148056b41e9",
    "resource": {
      "resourceType": "Condition",
      "id": "3a5bde02-b763-4ce5-850c-9148056b41e9",
      "meta": {
        "profile": [ "http://hl7.org/fhir/us/qicore/StructureDefinition/qicore-condition-problems-health-concerns" ]
      },
      "clinicalStatus": {
        "coding": [ {
          "system": "http://terminology.hl7.org/CodeSystem/condition-clinical",
          "code": "active",
          "display": "active",
          "userSelected": true
        } ]
      },
      "category": [ {
        "coding": [ {
          "system": "http://terminology.hl7.org/CodeSystem/condition-clinical",
          "code": "active",
          "display": "active",
          "userSelected": true
        } ]
      } ],
      "code": {
        "coding": [ {
          "system": "http://hl7.org/fhir/sid/icd-10-cm",
          "code": "H35.50",
          "userSelected": true
        }, {
          "system": "http://hl7.org/fhir/sid/icd-10-cm",
          "code": "H44.40",
          "userSelected": true
        }, {
          "system": "http://hl7.org/fhir/sid/icd-10-cm",
          "code": "H44.002",
          "userSelected": true
        }, {
          "system": "http://hl7.org/fhir/sid/icd-10-cm",
          "code": "H34.232",
          "userSelected": true
        } ]
      },
      "subject": {
        "reference": "Patient/b765067f-d81a-4d58-87c1-3cad1044e007"
      },
      "onsetDateTime": "2024-11-01T08:00:00.000+00:00"
    },
    "request": {
      "method": "PUT",
      "url": "Condition/3a5bde02-b763-4ce5-850c-9148056b41e9"
    }
  }, {
    "fullUrl": "https://madie.cms.gov/Coverage/14f5309f-5af9-46d5-9adf-5c2b766a8cb7",
    "resource": {
      "resourceType": "Coverage",
      "id": "14f5309f-5af9-46d5-9adf-5c2b766a8cb7",
      "meta": {
        "profile": [ "http://hl7.org/fhir/us/qicore/StructureDefinition/qicore-coverage" ]
      },
      "status": "active",
      "beneficiary": {
        "reference": "Patient/b765067f-d81a-4d58-87c1-3cad1044e007"
      },
      "payor": [ {
        "reference": "Organization/f9539c78-9c64-46d9-951b-28c2c372c1b1"
      } ]
    },
    "request": {
      "method": "PUT",
      "url": "Coverage/14f5309f-5af9-46d5-9adf-5c2b766a8cb7"
    }
  }, {
    "fullUrl": "https://madie.cms.gov/Organization/f9539c78-9c64-46d9-951b-28c2c372c1b1",
    "resource": {
      "resourceType": "Organization",
      "id": "f9539c78-9c64-46d9-951b-28c2c372c1b1",
      "meta": {
        "profile": [ "http://hl7.org/fhir/us/qicore/StructureDefinition/qicore-organization" ]
      },
      "identifier": [ {
        "use": "temp",
        "system": "urn:oid:2.16.840.1.113883.4.4",
        "value": "21-3259825"
      } ],
      "active": true,
      "type": [ {
        "coding": [ {
          "system": "http://terminology.hl7.org/CodeSystem/organization-type",
          "code": "pay",
          "display": "Payer"
        } ]
      } ],
      "name": "Blue Cross Blue Shield of Texas",
      "telecom": [ {
        "system": "phone",
        "value": "(+1) 972-766-6900"
      } ],
      "address": [ {
        "use": "billing",
        "type": "postal",
        "line": [ "P.O. Box 660044" ],
        "city": "Dallas",
        "state": "TX",
        "postalCode": "75266-0044",
        "country": "USA"
      } ]
    },
    "request": {
      "method": "PUT",
      "url": "Organization/f9539c78-9c64-46d9-951b-28c2c372c1b1"
    }
  }, {
    "fullUrl": "https://madie.cms.gov/Practitioner/42b15ae7-033c-4e96-a8fc-9b902c333d92",
    "resource": {
      "resourceType": "Practitioner",
      "id": "42b15ae7-033c-4e96-a8fc-9b902c333d92",
      "meta": {
        "profile": [ "http://hl7.org/fhir/us/qicore/StructureDefinition/qicore-practitioner" ]
      },
      "identifier": [ {
        "system": "http://hl7.org/fhir/sid/us-npi",
        "value": "123456"
      } ],
      "name": [ {
        "family": "Evil",
        "prefix": [ "Dr" ]
      } ]
    },
    "request": {
      "method": "PUT",
      "url": "Practitioner/42b15ae7-033c-4e96-a8fc-9b902c333d92"
    }
  }, {
    "fullUrl": "https://madie.cms.gov/MeasureReport/139a597f-9758-406c-9cd0-a9e68cdbb4a1",
    "resource": {
      "resourceType": "MeasureReport",
      "id": "139a597f-9758-406c-9cd0-a9e68cdbb4a1",
      "meta": {
        "profile": [ "http://hl7.org/fhir/us/cqfmeasures/StructureDefinition/test-case-cqfm" ]
      },
      "contained": [ {
        "resourceType": "Parameters",
        "id": "823b1689-596f-4c46-b010-d4c9672e948b-parameters",
        "parameter": [ {
          "name": "subject",
          "valueString": "b765067f-d81a-4d58-87c1-3cad1044e007"
        } ]
      } ],
      "extension": [ {
        "url": "http://hl7.org/fhir/StructureDefinition/cqf-inputParameters",
        "valueReference": {
          "reference": "#823b1689-596f-4c46-b010-d4c9672e948b-parameters"
        }
      }, {
        "url": "http://hl7.org/fhir/us/cqfmeasures/StructureDefinition/cqfm-testCaseDescription",
        "valueMarkdown": "Patient with retinal vascular and muscular diagnosis overlapping cataract surgery"
      } ],
      "modifierExtension": [ {
        "url": "http://hl7.org/fhir/us/cqfmeasures/StructureDefinition/cqfm-isTestCase",
        "valueBoolean": true
      } ],
      "status": "complete",
      "type": "individual",
      "measure": "https://madie.cms.gov/Measure/CMS133FHIRCataracts2040BCVAwithin90Days",
      "period": {
        "start": "2026-01-01",
        "end": "2026-12-31"
      },
      "group": [ {
        "id": "Group_1",
        "population": [ {
          "id": "InitialPopulation_1",
          "code": {
            "coding": [ {
              "system": "http://terminology.hl7.org/CodeSystem/measure-population",
              "code": "initial-population",
              "display": "Initial Population"
            } ]
          },
          "count": 1
        }, {
          "id": "Denominator_1",
          "code": {
            "coding": [ {
              "system": "http://terminology.hl7.org/CodeSystem/measure-population",
              "code": "denominator",
              "display": "Denominator"
            } ]
          },
          "count": 1
        }, {
          "id": "DenominatorExclusion_1",
          "code": {
            "coding": [ {
              "system": "http://terminology.hl7.org/CodeSystem/measure-population",
              "code": "denominator-exclusion",
              "display": "Denominator Exclusion"
            } ]
          },
          "count": 1
        }, {
          "id": "Numerator_1",
          "code": {
            "coding": [ {
              "system": "http://terminology.hl7.org/CodeSystem/measure-population",
              "code": "numerator",
              "display": "Numerator"
            } ]
          },
          "count": 0
        } ],
        "measureScore": {
          "value": 0.0
        }
      } ],
      "evaluatedResource": [ {
        "reference": "Patient/b765067f-d81a-4d58-87c1-3cad1044e007"
      }, {
        "reference": "Observation/a2f13fdd-137a-431f-af0c-c774f91e35e7"
      }, {
        "reference": "Procedure/336c214a-536a-42d9-943f-55ea52b774d7"
      }, {
        "reference": "Condition/3a5bde02-b763-4ce5-850c-9148056b41e9"
      }, {
        "reference": "Coverage/14f5309f-5af9-46d5-9adf-5c2b766a8cb7"
      }, {
        "reference": "Organization/f9539c78-9c64-46d9-951b-28c2c372c1b1"
      }, {
        "reference": "Practitioner/42b15ae7-033c-4e96-a8fc-9b902c333d92"
      } ]
    },
    "request": {
      "method": "PUT",
      "url": "MeasureReport/139a597f-9758-406c-9cd0-a9e68cdbb4a1"
    }
  } ]
}