{
  "resourceType": "Bundle",
  "id": "62d02bc3d15ad008a13f69e4",
  "type": "transaction",
  "entry": [ {
    "fullUrl": "https://madie.cms.gov/Patient/603be2ba-52a9-4abd-99a9-5fd41b1190ff",
    "resource": {
      "resourceType": "Patient",
      "id": "603be2ba-52a9-4abd-99a9-5fd41b1190ff",
      "meta": {
        "profile": [ "http://hl7.org/fhir/us/qicore/StructureDefinition/qicore-patient" ]
      },
      "extension": [ {
        "url": "http://hl7.org/fhir/us/core/StructureDefinition/us-core-race",
        "extension": [ {
          "url": "ombCategory",
          "valueCoding": {
            "system": "urn:oid:2.16.840.1.113883.6.238",
            "code": "1002-5",
            "display": "American Indian or Alaska Native",
            "userSelected": true
          }
        }, {
          "url": "text",
          "valueString": "American Indian or Alaska Native"
        }, {
          "url": "detailed",
          "valueCoding": {
            "system": "urn:oid:2.16.840.1.113883.6.238",
            "code": "1653-5",
            "display": "Tohono O'Odham"
          }
        } ]
      }, {
        "url": "http://hl7.org/fhir/us/core/StructureDefinition/us-core-ethnicity",
        "extension": [ {
          "url": "ombCategory",
          "valueCoding": {
            "system": "urn:oid:2.16.840.1.113883.6.238",
            "code": "2135-2",
            "display": "Hispanic or Latino",
            "userSelected": true
          }
        }, {
          "url": "text",
          "valueString": "Hispanic or Latino"
        }, {
          "url": "detailed",
          "valueCoding": {
            "system": "urn:oid:2.16.840.1.113883.6.238",
            "code": "2153-5",
            "display": "Mexican American Indian"
          }
        } ]
      } ],
      "identifier": [ {
        "type": {
          "coding": [ {
            "system": "http://terminology.hl7.org/CodeSystem/v2-0203",
            "code": "MR"
          } ]
        },
        "system": "https://bonnie-fhir.healthit.gov/",
        "value": "62d02bc3d15ad008a13f69e4"
      } ],
      "name": [ {
        "family": "NUMERPass",
        "given": [ "FirstHTN140Referred" ]
      } ],
      "gender": "female",
      "birthDate": "1962-02-28"
    },
    "request": {
      "method": "PUT",
      "url": "Patient/603be2ba-52a9-4abd-99a9-5fd41b1190ff"
    }
  }, {
    "fullUrl": "https://madie.cms.gov/Encounter/10d4b8e1-f057-45c5-8cca-6194400429d5",
    "resource": {
      "resourceType": "Encounter",
      "id": "10d4b8e1-f057-45c5-8cca-6194400429d5",
      "meta": {
        "profile": [ "http://hl7.org/fhir/us/qicore/StructureDefinition/qicore-encounter" ]
      },
      "status": "finished",
      "class": {
        "system": "http://terminology.hl7.org/CodeSystem/v3-ActCode",
        "code": "AMB",
        "display": "ambulatory"
      },
      "type": [ {
        "coding": [ {
          "system": "http://snomed.info/sct",
          "version": "2022-03",
          "code": "103705002",
          "display": "Patient status observation (procedure)",
          "userSelected": true
        } ]
      } ],
      "subject": {
        "reference": "Patient/603be2ba-52a9-4abd-99a9-5fd41b1190ff"
      },
      "period": {
        "start": "2026-01-01T08:00:00.000+00:00",
        "end": "2026-01-01T08:30:00.000+00:00"
      }
    },
    "request": {
      "method": "PUT",
      "url": "Encounter/10d4b8e1-f057-45c5-8cca-6194400429d5"
    }
  }, {
    "fullUrl": "https://madie.cms.gov/Observation/e1ed8b65-d7ef-48c1-bd85-4aef8001f4d3",
    "resource": {
      "resourceType": "Observation",
      "id": "e1ed8b65-d7ef-48c1-bd85-4aef8001f4d3",
      "meta": {
        "profile": [ "http://hl7.org/fhir/us/core/StructureDefinition/us-core-blood-pressure" ]
      },
      "status": "final",
      "category": [ {
        "coding": [ {
          "system": "http://terminology.hl7.org/CodeSystem/observation-category",
          "code": "vital-signs",
          "display": "Vital Signs"
        } ],
        "text": "Vital Signs"
      } ],
      "code": {
        "coding": [ {
          "system": "http://loinc.org",
          "code": "85354-9",
          "display": "Blood pressure panel"
        } ]
      },
      "subject": {
        "reference": "Patient/603be2ba-52a9-4abd-99a9-5fd41b1190ff"
      },
      "effectiveDateTime": "2026-01-01T08:01:00.000+00:00",
      "component": [ {
        "code": {
          "coding": [ {
            "system": "http://loinc.org",
            "code": "8480-6",
            "display": "Systolic blood pressure"
          } ]
        },
        "valueQuantity": {
          "value": 140,
          "unit": "mmHg",
          "system": "http://unitsofmeasure.org",
          "code": "mm[Hg]"
        }
      }, {
        "code": {
          "coding": [ {
            "system": "http://loinc.org",
            "code": "8462-4",
            "display": "Diastolic blood pressure"
          } ]
        },
        "valueQuantity": {
          "value": 80,
          "unit": "mmHg",
          "system": "http://unitsofmeasure.org",
          "code": "mm[Hg]"
        }
      } ]
    },
    "request": {
      "method": "PUT",
      "url": "Observation/e1ed8b65-d7ef-48c1-bd85-4aef8001f4d3"
    }
  }, {
    "fullUrl": "https://madie.cms.gov/ServiceRequest/dd1fabc7-3d48-4328-99be-34672872c67b",
    "resource": {
      "resourceType": "ServiceRequest",
      "id": "dd1fabc7-3d48-4328-99be-34672872c67b",
      "meta": {
        "profile": [ "http://hl7.org/fhir/us/qicore/StructureDefinition/qicore-servicerequest" ]
      },
      "status": "active",
      "intent": "order",
      "code": {
        "coding": [ {
          "system": "http://snomed.info/sct",
          "version": "2022-03",
          "code": "134403003",
          "display": "Urgent referral (procedure)",
          "userSelected": true
        } ]
      },
      "subject": {
        "reference": "Patient/603be2ba-52a9-4abd-99a9-5fd41b1190ff"
      },
      "authoredOn": "2026-01-01T08:29:00.000+00:00",
      "reasonCode": [ {
        "coding": [ {
          "system": "http://hl7.org/fhir/sid/icd-10-cm",
          "code": "R03.0",
          "display": "Elevated blood-pressure reading, without diagnosis of hypertension",
          "userSelected": true
        } ]
      } ]
    },
    "request": {
      "method": "PUT",
      "url": "ServiceRequest/dd1fabc7-3d48-4328-99be-34672872c67b"
    }
  }, {
    "fullUrl": "https://madie.cms.gov/Coverage/f9c9a6af-4744-4d40-a777-83ce40541fae",
    "resource": {
      "resourceType": "Coverage",
      "id": "f9c9a6af-4744-4d40-a777-83ce40541fae",
      "meta": {
        "profile": [ "http://hl7.org/fhir/us/qicore/StructureDefinition/qicore-coverage" ]
      },
      "status": "active",
      "type": {
        "coding": [ {
          "system": "https://nahdo.org/sopt",
          "code": "1",
          "display": "MEDICARE"
        } ]
      },
      "beneficiary": {
        "reference": "Patient/603be2ba-52a9-4abd-99a9-5fd41b1190ff"
      },
      "period": {
        "start": "2025-12-01T00:00:00.000+00:00"
      },
      "payor": [ {
        "reference": "Organization/6e75be00-7da7-47ab-969e-e533bb98861c"
      } ]
    },
    "request": {
      "method": "PUT",
      "url": "Coverage/f9c9a6af-4744-4d40-a777-83ce40541fae"
    }
  }, {
    "fullUrl": "https://madie.cms.gov/Organization/6e75be00-7da7-47ab-969e-e533bb98861c",
    "resource": {
      "resourceType": "Organization",
      "id": "6e75be00-7da7-47ab-969e-e533bb98861c",
      "meta": {
        "profile": [ "http://hl7.org/fhir/us/qicore/StructureDefinition/qicore-organization" ]
      },
      "identifier": [ {
        "use": "temp",
        "system": "urn:oid:2.16.840.1.113883.4.4",
        "value": "21-3259825"
      } ],
      "active": true,
      "type": [ {
        "coding": [ {
          "system": "http://terminology.hl7.org/CodeSystem/organization-type",
          "code": "pay",
          "display": "Payer"
        } ]
      } ],
      "name": "Blue Cross Blue Shield of Texas",
      "telecom": [ {
        "system": "phone",
        "value": "(+1) 972-766-6900"
      } ],
      "address": [ {
        "use": "billing",
        "type": "postal",
        "line": [ "P.O. Box 660044" ],
        "city": "Dallas",
        "state": "TX",
        "postalCode": "75266-0044",
        "country": "USA"
      } ]
    },
    "request": {
      "method": "PUT",
      "url": "Organization/6e75be00-7da7-47ab-969e-e533bb98861c"
    }
  }, {
    "fullUrl": "https://madie.cms.gov/MeasureReport/a6ec0ec6-8060-408f-b4c8-5ba7f9147a27",
    "resource": {
      "resourceType": "MeasureReport",
      "id": "a6ec0ec6-8060-408f-b4c8-5ba7f9147a27",
      "meta": {
        "profile": [ "http://hl7.org/fhir/us/cqfmeasures/StructureDefinition/test-case-cqfm" ]
      },
      "contained": [ {
        "resourceType": "Parameters",
        "id": "f4e4c905-1c7c-49f9-84ed-8ac1b0d9f3ac-parameters",
        "parameter": [ {
          "name": "subject",
          "valueString": "603be2ba-52a9-4abd-99a9-5fd41b1190ff"
        } ]
      } ],
      "extension": [ {
        "url": "http://hl7.org/fhir/StructureDefinition/cqf-inputParameters",
        "valueReference": {
          "reference": "#f4e4c905-1c7c-49f9-84ed-8ac1b0d9f3ac-parameters"
        }
      }, {
        "url": "http://hl7.org/fhir/us/cqfmeasures/StructureDefinition/cqfm-testCaseDescription",
        "valueMarkdown": "Age 18+, enc. 01/01 0800-0830 during MP,  BP 140/80 at 0801, referral made 0829.\nSDE details added"
      } ],
      "modifierExtension": [ {
        "url": "http://hl7.org/fhir/us/cqfmeasures/StructureDefinition/cqfm-isTestCase",
        "valueBoolean": true
      } ],
      "status": "complete",
      "type": "individual",
      "measure": "https://madie.cms.gov/Measure/CMS22FHIRPCSBPScreeningFollowUp",
      "period": {
        "start": "2026-01-01",
        "end": "2026-12-31"
      },
      "group": [ {
        "id": "Group_1",
        "population": [ {
          "id": "InitialPopulation_1",
          "code": {
            "coding": [ {
              "system": "http://terminology.hl7.org/CodeSystem/measure-population",
              "code": "initial-population",
              "display": "Initial Population"
            } ]
          },
          "count": 1
        }, {
          "id": "Denominator_1",
          "code": {
            "coding": [ {
              "system": "http://terminology.hl7.org/CodeSystem/measure-population",
              "code": "denominator",
              "display": "Denominator"
            } ]
          },
          "count": 1
        }, {
          "id": "DenominatorExclusion_1",
          "code": {
            "coding": [ {
              "system": "http://terminology.hl7.org/CodeSystem/measure-population",
              "code": "denominator-exclusion",
              "display": "Denominator Exclusion"
            } ]
          },
          "count": 0
        }, {
          "id": "Numerator_1",
          "code": {
            "coding": [ {
              "system": "http://terminology.hl7.org/CodeSystem/measure-population",
              "code": "numerator",
              "display": "Numerator"
            } ]
          },
          "count": 1
        }, {
          "id": "DenominatorException_1",
          "code": {
            "coding": [ {
              "system": "http://terminology.hl7.org/CodeSystem/measure-population",
              "code": "denominator-exception",
              "display": "Denominator Exception"
            } ]
          },
          "count": 0
        } ],
        "measureScore": {
          "value": 0.0
        }
      } ],
      "evaluatedResource": [ {
        "reference": "Patient/603be2ba-52a9-4abd-99a9-5fd41b1190ff"
      }, {
        "reference": "Encounter/10d4b8e1-f057-45c5-8cca-6194400429d5"
      }, {
        "reference": "Observation/e1ed8b65-d7ef-48c1-bd85-4aef8001f4d3"
      }, {
        "reference": "ServiceRequest/dd1fabc7-3d48-4328-99be-34672872c67b"
      }, {
        "reference": "Coverage/f9c9a6af-4744-4d40-a777-83ce40541fae"
      }, {
        "reference": "Organization/6e75be00-7da7-47ab-969e-e533bb98861c"
      } ]
    },
    "request": {
      "method": "PUT",
      "url": "MeasureReport/a6ec0ec6-8060-408f-b4c8-5ba7f9147a27"
    }
  } ]
}