{
  "resourceType": "Bundle",
  "id": "62d94d31f0347d1abcae6c00",
  "type": "transaction",
  "entry": [ {
    "fullUrl": "https://madie.cms.gov/Patient/ef9a58ac-e252-480a-bed8-2309c503587d",
    "resource": {
      "resourceType": "Patient",
      "id": "ef9a58ac-e252-480a-bed8-2309c503587d",
      "meta": {
        "profile": [ "http://hl7.org/fhir/us/qicore/StructureDefinition/qicore-patient" ]
      },
      "extension": [ {
        "url": "http://hl7.org/fhir/us/core/StructureDefinition/us-core-race",
        "extension": [ {
          "url": "ombCategory",
          "valueCoding": {
            "system": "urn:oid:2.16.840.1.113883.6.238",
            "code": "2054-5",
            "display": "Black or African American",
            "userSelected": true
          }
        }, {
          "url": "text",
          "valueString": "Black or African American"
        } ]
      }, {
        "url": "http://hl7.org/fhir/us/core/StructureDefinition/us-core-ethnicity",
        "extension": [ {
          "url": "ombCategory",
          "valueCoding": {
            "system": "urn:oid:2.16.840.1.113883.6.238",
            "code": "2135-2",
            "display": "Hispanic or Latino",
            "userSelected": true
          }
        }, {
          "url": "text",
          "valueString": "Hispanic or Latino"
        } ]
      } ],
      "identifier": [ {
        "type": {
          "coding": [ {
            "system": "http://terminology.hl7.org/CodeSystem/v2-0203",
            "code": "MR"
          } ]
        },
        "system": "https://bonnie-fhir.healthit.gov/",
        "value": "62d94d31f0347d1abcae6c00"
      } ],
      "name": [ {
        "family": "DENEXCEPPass",
        "given": [ "ElevatedBP4to6FUDeclined" ]
      } ],
      "gender": "female",
      "birthDate": "2006-01-01"
    },
    "request": {
      "method": "PUT",
      "url": "Patient/ef9a58ac-e252-480a-bed8-2309c503587d"
    }
  }, {
    "fullUrl": "https://madie.cms.gov/Encounter/33c085a3-456f-4353-b5b2-c399850e9ec9",
    "resource": {
      "resourceType": "Encounter",
      "id": "33c085a3-456f-4353-b5b2-c399850e9ec9",
      "meta": {
        "profile": [ "http://hl7.org/fhir/us/qicore/StructureDefinition/qicore-encounter" ]
      },
      "status": "finished",
      "class": {
        "system": "http://terminology.hl7.org/CodeSystem/v3-ActCode",
        "code": "AMB",
        "display": "ambulatory"
      },
      "type": [ {
        "coding": [ {
          "system": "http://snomed.info/sct",
          "version": "2022-03",
          "code": "103705002",
          "display": "Patient status observation (procedure)",
          "userSelected": true
        } ]
      } ],
      "subject": {
        "reference": "Patient/ef9a58ac-e252-480a-bed8-2309c503587d"
      },
      "period": {
        "start": "2026-12-31T08:00:00.000+00:00",
        "end": "2026-12-31T08:30:00.000+00:00"
      }
    },
    "request": {
      "method": "PUT",
      "url": "Encounter/33c085a3-456f-4353-b5b2-c399850e9ec9"
    }
  }, {
    "fullUrl": "https://madie.cms.gov/Observation/5ef6cf49-697d-41f4-9b04-8b9903750430",
    "resource": {
      "resourceType": "Observation",
      "id": "5ef6cf49-697d-41f4-9b04-8b9903750430",
      "meta": {
        "profile": [ "http://hl7.org/fhir/us/core/StructureDefinition/us-core-blood-pressure" ]
      },
      "status": "final",
      "category": [ {
        "coding": [ {
          "system": "http://terminology.hl7.org/CodeSystem/observation-category",
          "code": "vital-signs",
          "display": "Vital Signs"
        } ],
        "text": "Vital Signs"
      } ],
      "code": {
        "coding": [ {
          "system": "http://loinc.org",
          "code": "85354-9",
          "display": "Blood pressure panel"
        } ]
      },
      "subject": {
        "reference": "Patient/ef9a58ac-e252-480a-bed8-2309c503587d"
      },
      "effectiveDateTime": "2026-12-31T08:05:00.000+00:00",
      "component": [ {
        "code": {
          "coding": [ {
            "system": "http://loinc.org",
            "code": "8480-6",
            "display": "Systolic blood pressure"
          } ]
        },
        "valueQuantity": {
          "value": 120,
          "unit": "mmHg",
          "system": "http://unitsofmeasure.org",
          "code": "mm[Hg]"
        }
      }, {
        "code": {
          "coding": [ {
            "system": "http://loinc.org",
            "code": "8462-4",
            "display": "Diastolic blood pressure"
          } ]
        },
        "valueQuantity": {
          "value": 79,
          "unit": "mmHg",
          "system": "http://unitsofmeasure.org",
          "code": "mm[Hg]"
        }
      } ]
    },
    "request": {
      "method": "PUT",
      "url": "Observation/5ef6cf49-697d-41f4-9b04-8b9903750430"
    }
  }, {
    "fullUrl": "https://madie.cms.gov/ServiceRequest/5319621f-88dd-41e1-b905-7d6eca9bb463",
    "resource": {
      "resourceType": "ServiceRequest",
      "id": "5319621f-88dd-41e1-b905-7d6eca9bb463",
      "meta": {
        "profile": [ "http://hl7.org/fhir/us/qicore/StructureDefinition/qicore-servicenotrequested" ]
      },
      "extension": [ {
        "url": "http://hl7.org/fhir/us/qicore/StructureDefinition/qicore-doNotPerformReason",
        "valueCodeableConcept": {
          "coding": [ {
            "system": "http://snomed.info/sct",
            "version": "2022-03",
            "code": "183945002",
            "display": "Procedure declined for religious reason (situation)",
            "userSelected": true
          } ]
        }
      } ],
      "status": "completed",
      "intent": "order",
      "doNotPerform": true,
      "code": {
        "coding": [ {
          "system": "http://snomed.info/sct",
          "code": "183625007",
          "display": "Follow-up 4-6 months (finding)",
          "userSelected": true
        } ]
      },
      "subject": {
        "reference": "Patient/ef9a58ac-e252-480a-bed8-2309c503587d"
      },
      "authoredOn": "2026-12-31T08:25:00.000+00:00"
    },
    "request": {
      "method": "PUT",
      "url": "ServiceRequest/5319621f-88dd-41e1-b905-7d6eca9bb463"
    }
  }, {
    "fullUrl": "https://madie.cms.gov/Coverage/119b4db9-bfd3-4753-a621-724ebf089633",
    "resource": {
      "resourceType": "Coverage",
      "id": "119b4db9-bfd3-4753-a621-724ebf089633",
      "meta": {
        "profile": [ "http://hl7.org/fhir/us/qicore/StructureDefinition/qicore-coverage" ]
      },
      "status": "active",
      "beneficiary": {
        "reference": "Patient/ef9a58ac-e252-480a-bed8-2309c503587d"
      },
      "payor": [ {
        "reference": "Organization/33e574bf-30fe-43d5-8781-d4c6b5e3e236"
      } ]
    },
    "request": {
      "method": "PUT",
      "url": "Coverage/119b4db9-bfd3-4753-a621-724ebf089633"
    }
  }, {
    "fullUrl": "https://madie.cms.gov/Organization/33e574bf-30fe-43d5-8781-d4c6b5e3e236",
    "resource": {
      "resourceType": "Organization",
      "id": "33e574bf-30fe-43d5-8781-d4c6b5e3e236",
      "meta": {
        "profile": [ "http://hl7.org/fhir/us/qicore/StructureDefinition/qicore-organization" ]
      },
      "identifier": [ {
        "use": "temp",
        "system": "urn:oid:2.16.840.1.113883.4.4",
        "value": "21-3259825"
      } ],
      "active": true,
      "type": [ {
        "coding": [ {
          "system": "http://terminology.hl7.org/CodeSystem/organization-type",
          "code": "pay",
          "display": "Payer"
        } ]
      } ],
      "name": "Blue Cross Blue Shield of Texas",
      "telecom": [ {
        "system": "phone",
        "value": "(+1) 972-766-6900"
      } ],
      "address": [ {
        "use": "billing",
        "type": "postal",
        "line": [ "P.O. Box 660044" ],
        "city": "Dallas",
        "state": "TX",
        "postalCode": "75266-0044",
        "country": "USA"
      } ]
    },
    "request": {
      "method": "PUT",
      "url": "Organization/33e574bf-30fe-43d5-8781-d4c6b5e3e236"
    }
  }, {
    "fullUrl": "https://madie.cms.gov/Practitioner/41c4d768-6dae-4362-a190-4c4965dca54e",
    "resource": {
      "resourceType": "Practitioner",
      "id": "41c4d768-6dae-4362-a190-4c4965dca54e",
      "meta": {
        "profile": [ "http://hl7.org/fhir/us/qicore/StructureDefinition/qicore-practitioner" ]
      },
      "identifier": [ {
        "system": "http://hl7.org/fhir/sid/us-npi",
        "value": "123456"
      } ],
      "name": [ {
        "family": "Evil",
        "prefix": [ "Dr" ]
      } ]
    },
    "request": {
      "method": "PUT",
      "url": "Practitioner/41c4d768-6dae-4362-a190-4c4965dca54e"
    }
  }, {
    "fullUrl": "https://madie.cms.gov/MeasureReport/63db4491-ed05-4ccc-aba7-087793cda842",
    "resource": {
      "resourceType": "MeasureReport",
      "id": "63db4491-ed05-4ccc-aba7-087793cda842",
      "meta": {
        "profile": [ "http://hl7.org/fhir/us/cqfmeasures/StructureDefinition/test-case-cqfm" ]
      },
      "contained": [ {
        "resourceType": "Parameters",
        "id": "600b7b03-6b9e-4bf3-a5c5-a8182414426a-parameters",
        "parameter": [ {
          "name": "subject",
          "valueString": "ef9a58ac-e252-480a-bed8-2309c503587d"
        } ]
      } ],
      "extension": [ {
        "url": "http://hl7.org/fhir/StructureDefinition/cqf-inputParameters",
        "valueReference": {
          "reference": "#600b7b03-6b9e-4bf3-a5c5-a8182414426a-parameters"
        }
      }, {
        "url": "http://hl7.org/fhir/us/cqfmeasures/StructureDefinition/cqfm-testCaseDescription",
        "valueMarkdown": "Enc. 12/31 0800-0830 during MP, age 20, BP 120/79, declined f/u in 4-6 mo for religious reasons"
      } ],
      "modifierExtension": [ {
        "url": "http://hl7.org/fhir/us/cqfmeasures/StructureDefinition/cqfm-isTestCase",
        "valueBoolean": true
      } ],
      "status": "complete",
      "type": "individual",
      "measure": "https://madie.cms.gov/Measure/CMS22FHIRPCSBPScreeningFollowUp",
      "period": {
        "start": "2026-01-01",
        "end": "2026-12-31"
      },
      "group": [ {
        "id": "Group_1",
        "population": [ {
          "id": "InitialPopulation_1",
          "code": {
            "coding": [ {
              "system": "http://terminology.hl7.org/CodeSystem/measure-population",
              "code": "initial-population",
              "display": "Initial Population"
            } ]
          },
          "count": 1
        }, {
          "id": "Denominator_1",
          "code": {
            "coding": [ {
              "system": "http://terminology.hl7.org/CodeSystem/measure-population",
              "code": "denominator",
              "display": "Denominator"
            } ]
          },
          "count": 1
        }, {
          "id": "DenominatorExclusion_1",
          "code": {
            "coding": [ {
              "system": "http://terminology.hl7.org/CodeSystem/measure-population",
              "code": "denominator-exclusion",
              "display": "Denominator Exclusion"
            } ]
          },
          "count": 0
        }, {
          "id": "Numerator_1",
          "code": {
            "coding": [ {
              "system": "http://terminology.hl7.org/CodeSystem/measure-population",
              "code": "numerator",
              "display": "Numerator"
            } ]
          },
          "count": 0
        }, {
          "id": "DenominatorException_1",
          "code": {
            "coding": [ {
              "system": "http://terminology.hl7.org/CodeSystem/measure-population",
              "code": "denominator-exception",
              "display": "Denominator Exception"
            } ]
          },
          "count": 1
        } ],
        "measureScore": {
          "value": 0.0
        }
      } ],
      "evaluatedResource": [ {
        "reference": "Patient/ef9a58ac-e252-480a-bed8-2309c503587d"
      }, {
        "reference": "Encounter/33c085a3-456f-4353-b5b2-c399850e9ec9"
      }, {
        "reference": "Observation/5ef6cf49-697d-41f4-9b04-8b9903750430"
      }, {
        "reference": "ServiceRequest/5319621f-88dd-41e1-b905-7d6eca9bb463"
      }, {
        "reference": "Coverage/119b4db9-bfd3-4753-a621-724ebf089633"
      }, {
        "reference": "Organization/33e574bf-30fe-43d5-8781-d4c6b5e3e236"
      }, {
        "reference": "Practitioner/41c4d768-6dae-4362-a190-4c4965dca54e"
      } ]
    },
    "request": {
      "method": "PUT",
      "url": "MeasureReport/63db4491-ed05-4ccc-aba7-087793cda842"
    }
  } ]
}