{
  "resourceType": "Bundle",
  "id": "51351681510351681",
  "type": "transaction",
  "entry": [ {
    "fullUrl": "https://madie.cms.gov/Patient/1f64a697-a90b-4aaf-a315-fa84168ac2b4",
    "resource": {
      "resourceType": "Patient",
      "id": "1f64a697-a90b-4aaf-a315-fa84168ac2b4",
      "meta": {
        "profile": [ "http://hl7.org/fhir/us/qicore/StructureDefinition/qicore-patient" ]
      },
      "extension": [ {
        "url": "http://hl7.org/fhir/us/core/StructureDefinition/us-core-race",
        "extension": [ {
          "url": "ombCategory",
          "valueCoding": {
            "system": "urn:oid:2.16.840.1.113883.6.238",
            "code": "1002-5",
            "display": "American Indian or Alaska Native"
          }
        }, {
          "url": "text",
          "valueString": "American Indian or Alaska Native"
        } ]
      }, {
        "url": "http://hl7.org/fhir/us/core/StructureDefinition/us-core-ethnicity",
        "extension": [ {
          "url": "ombCategory",
          "valueCoding": {
            "system": "urn:oid:2.16.840.1.113883.6.238",
            "code": "2135-2",
            "display": "Hispanic or Latino"
          }
        }, {
          "url": "text",
          "valueString": "Hispanic or Latino"
        } ]
      } ],
      "identifier": [ {
        "type": {
          "coding": [ {
            "system": "http://terminology.hl7.org/CodeSystem/v2-0203",
            "code": "MR"
          } ]
        },
        "system": "https://bonnie-fhir.healthit.gov/",
        "value": "459646516330"
      } ],
      "name": [ {
        "family": "DENEXCEPPass",
        "given": [ "MedicalReason" ]
      } ],
      "gender": "male",
      "birthDate": "1982-01-01"
    },
    "request": {
      "method": "PUT",
      "url": "Patient/1f64a697-a90b-4aaf-a315-fa84168ac2b4"
    }
  }, {
    "fullUrl": "https://madie.cms.gov/Encounter/0328cfd4-c407-4986-b8a1-170569ad0edf",
    "resource": {
      "resourceType": "Encounter",
      "id": "0328cfd4-c407-4986-b8a1-170569ad0edf",
      "meta": {
        "profile": [ "http://hl7.org/fhir/us/qicore/StructureDefinition/qicore-encounter" ]
      },
      "status": "finished",
      "class": {
        "system": "http://terminology.hl7.org/CodeSystem/v3-ActCode",
        "code": "AMB",
        "display": "ambulatory"
      },
      "type": [ {
        "coding": [ {
          "system": "http://snomed.info/sct",
          "version": "http://snomed.info/sct/731000124108/version/20240301",
          "code": "185463005",
          "display": "Visit out of hours (procedure)"
        } ]
      } ],
      "subject": {
        "reference": "Patient/1f64a697-a90b-4aaf-a315-fa84168ac2b4"
      },
      "period": {
        "start": "2026-02-03T08:00:00.000+00:00",
        "end": "2026-02-03T08:15:00.000+00:00"
      }
    },
    "request": {
      "method": "PUT",
      "url": "Encounter/0328cfd4-c407-4986-b8a1-170569ad0edf"
    }
  }, {
    "fullUrl": "https://madie.cms.gov/Encounter/cfddee43-22b0-444a-9b05-f53378455391",
    "resource": {
      "resourceType": "Encounter",
      "id": "cfddee43-22b0-444a-9b05-f53378455391",
      "meta": {
        "profile": [ "http://hl7.org/fhir/us/qicore/StructureDefinition/qicore-encounter" ]
      },
      "status": "finished",
      "class": {
        "system": "http://terminology.hl7.org/CodeSystem/v3-ActCode",
        "code": "AMB",
        "display": "ambulatory"
      },
      "type": [ {
        "coding": [ {
          "system": "http://snomed.info/sct",
          "version": "http://snomed.info/sct/731000124108/version/20240301",
          "code": "185463005",
          "display": "Visit out of hours (procedure)"
        } ]
      } ],
      "subject": {
        "reference": "Patient/1f64a697-a90b-4aaf-a315-fa84168ac2b4"
      },
      "period": {
        "start": "2026-03-01T08:00:00.000+00:00",
        "end": "2026-03-01T08:15:00.000+00:00"
      }
    },
    "request": {
      "method": "PUT",
      "url": "Encounter/cfddee43-22b0-444a-9b05-f53378455391"
    }
  }, {
    "fullUrl": "https://madie.cms.gov/Condition/6cc5e8f7-4eb7-4822-9841-d1bec35f6052",
    "resource": {
      "resourceType": "Condition",
      "id": "6cc5e8f7-4eb7-4822-9841-d1bec35f6052",
      "meta": {
        "profile": [ "http://hl7.org/fhir/us/qicore/StructureDefinition/qicore-condition-encounter-diagnosis" ]
      },
      "clinicalStatus": {
        "coding": [ {
          "system": "http://terminology.hl7.org/CodeSystem/condition-clinical",
          "code": "active",
          "display": "Active"
        } ]
      },
      "verificationStatus": {
        "coding": [ {
          "system": "http://terminology.hl7.org/CodeSystem/condition-ver-status",
          "code": "confirmed",
          "display": "Confirmed"
        } ]
      },
      "category": [ {
        "coding": [ {
          "system": "http://terminology.hl7.org/CodeSystem/condition-category",
          "code": "encounter-diagnosis",
          "display": "Encounter Diagnosis"
        } ]
      } ],
      "code": {
        "coding": [ {
          "system": "http://snomed.info/sct",
          "version": "http://snomed.info/sct/731000124108/version/20240301",
          "code": "10091002",
          "display": "High output heart failure (disorder)"
        } ]
      },
      "subject": {
        "reference": "Patient/1f64a697-a90b-4aaf-a315-fa84168ac2b4"
      },
      "onsetPeriod": {
        "start": "2026-02-03T08:00:00.000+00:00",
        "end": "2026-02-03T08:15:00.000+00:00"
      }
    },
    "request": {
      "method": "PUT",
      "url": "Condition/6cc5e8f7-4eb7-4822-9841-d1bec35f6052"
    }
  }, {
    "fullUrl": "https://madie.cms.gov/Condition/124ece2e-f047-4e1b-a1d3-b7dadd985c40",
    "resource": {
      "resourceType": "Condition",
      "id": "124ece2e-f047-4e1b-a1d3-b7dadd985c40",
      "meta": {
        "profile": [ "http://hl7.org/fhir/us/qicore/StructureDefinition/qicore-condition-encounter-diagnosis" ]
      },
      "clinicalStatus": {
        "coding": [ {
          "system": "http://terminology.hl7.org/CodeSystem/condition-clinical",
          "code": "active",
          "display": "Active"
        } ]
      },
      "verificationStatus": {
        "coding": [ {
          "system": "http://terminology.hl7.org/CodeSystem/condition-ver-status",
          "code": "confirmed",
          "display": "Confirmed"
        } ]
      },
      "category": [ {
        "coding": [ {
          "system": "http://terminology.hl7.org/CodeSystem/condition-category",
          "code": "encounter-diagnosis",
          "display": "Encounter Diagnosis"
        } ]
      } ],
      "severity": {
        "coding": [ {
          "system": "http://snomed.info/sct",
          "version": "http://snomed.info/sct/731000124108/version/20240301",
          "code": "24484000",
          "display": "Severe (severity modifier) (qualifier value)"
        } ]
      },
      "code": {
        "coding": [ {
          "system": "http://snomed.info/sct",
          "version": "http://snomed.info/sct/731000124108/version/20240301",
          "code": "134401001",
          "display": "Left ventricular systolic dysfunction (disorder)"
        } ]
      },
      "subject": {
        "reference": "Patient/1f64a697-a90b-4aaf-a315-fa84168ac2b4"
      },
      "onsetPeriod": {
        "start": "2026-02-03T08:00:00.000+00:00",
        "end": "2026-02-03T08:15:00.000+00:00"
      }
    },
    "request": {
      "method": "PUT",
      "url": "Condition/124ece2e-f047-4e1b-a1d3-b7dadd985c40"
    }
  }, {
    "fullUrl": "https://madie.cms.gov/MedicationRequest/93bae8ed-7235-4d62-9e24-ea162e43f80f",
    "resource": {
      "resourceType": "MedicationRequest",
      "id": "93bae8ed-7235-4d62-9e24-ea162e43f80f",
      "meta": {
        "profile": [ "http://hl7.org/fhir/us/qicore/StructureDefinition/qicore-mednotrequested" ]
      },
      "status": "completed",
      "intent": "order",
      "doNotPerform": true,
      "medicationCodeableConcept": {
        "coding": [ {
          "system": "http://www.nlm.nih.gov/research/umls/rxnorm",
          "version": "04012024",
          "code": "1091652",
          "display": "azilsartan medoxomil 80 MG Oral Tablet"
        } ]
      },
      "subject": {
        "reference": "Patient/1f64a697-a90b-4aaf-a315-fa84168ac2b4"
      },
      "authoredOn": "2026-02-03T08:00:00.000+00:00",
      "requester": {
        "reference": "Practitioner/bb694172-4cef-4ed8-96a8-74a5dc3f9a7d"
      },
      "reasonCode": [ {
        "coding": [ {
          "system": "http://snomed.info/sct",
          "code": "183966005",
          "display": "Drug treatment not indicated (situation)"
        } ]
      } ]
    },
    "request": {
      "method": "PUT",
      "url": "MedicationRequest/93bae8ed-7235-4d62-9e24-ea162e43f80f"
    }
  }, {
    "fullUrl": "https://madie.cms.gov/Practitioner/bb694172-4cef-4ed8-96a8-74a5dc3f9a7d",
    "resource": {
      "resourceType": "Practitioner",
      "id": "bb694172-4cef-4ed8-96a8-74a5dc3f9a7d",
      "meta": {
        "profile": [ "http://hl7.org/fhir/us/qicore/StructureDefinition/qicore-practitioner" ]
      },
      "identifier": [ {
        "use": "temp",
        "system": "urn:oid:2.16.840.1.113883.4.336",
        "value": "Practitioner-23"
      } ],
      "active": true,
      "name": [ {
        "family": "Careful",
        "given": [ "Adam" ],
        "prefix": [ "Dr" ]
      } ],
      "address": [ {
        "use": "home",
        "line": [ "534 Erewhon St" ],
        "city": "PleasantVille",
        "state": "UT",
        "postalCode": "84414"
      } ],
      "qualification": [ {
        "identifier": [ {
          "system": "http://example.org/UniversityIdentifier",
          "value": "12345"
        } ],
        "code": {
          "coding": [ {
            "system": "http://terminology.hl7.org/CodeSystem/v2-0360|2.7",
            "code": "BS",
            "display": "Bachelor of Science"
          } ],
          "text": "Bachelor of Science"
        },
        "period": {
          "start": "1996"
        },
        "issuer": {
          "display": "Example University"
        }
      } ]
    },
    "request": {
      "method": "PUT",
      "url": "Practitioner/bb694172-4cef-4ed8-96a8-74a5dc3f9a7d"
    }
  }, {
    "fullUrl": "https://madie.cms.gov/MeasureReport/a4ae566c-5d99-4477-9587-6a813e0d394d",
    "resource": {
      "resourceType": "MeasureReport",
      "id": "a4ae566c-5d99-4477-9587-6a813e0d394d",
      "meta": {
        "profile": [ "http://hl7.org/fhir/us/cqfmeasures/StructureDefinition/test-case-cqfm" ]
      },
      "contained": [ {
        "resourceType": "Parameters",
        "id": "e946713d-8714-4a3b-94b5-69b76b35a3b0-parameters",
        "parameter": [ {
          "name": "subject",
          "valueString": "1f64a697-a90b-4aaf-a315-fa84168ac2b4"
        } ]
      } ],
      "extension": [ {
        "url": "http://hl7.org/fhir/StructureDefinition/cqf-inputParameters",
        "valueReference": {
          "reference": "#e946713d-8714-4a3b-94b5-69b76b35a3b0-parameters"
        }
      }, {
        "url": "http://hl7.org/fhir/us/cqfmeasures/StructureDefinition/cqfm-testCaseDescription",
        "valueMarkdown": "Patient with 2 ambulatory encounters, Heart Failure Dx, and LVEF < 40% falls into Denominator Exception due to Medical Reason for not prescribing an Ace or Arb medication. Note: Denominator Exception deselected for now due to negation issue."
      } ],
      "modifierExtension": [ {
        "url": "http://hl7.org/fhir/us/cqfmeasures/StructureDefinition/cqfm-isTestCase",
        "valueBoolean": true
      } ],
      "status": "complete",
      "type": "individual",
      "measure": "https://madie.cms.gov/Measure/CMS135FHIRHFACEIorARBorARNIforLVSD",
      "period": {
        "start": "2026-01-01",
        "end": "2026-12-31"
      },
      "group": [ {
        "id": "Group_1",
        "population": [ {
          "id": "InitialPopulation_1",
          "code": {
            "coding": [ {
              "system": "http://terminology.hl7.org/CodeSystem/measure-population",
              "code": "initial-population",
              "display": "Initial Population"
            } ]
          },
          "count": 1
        }, {
          "id": "Denominator_1",
          "code": {
            "coding": [ {
              "system": "http://terminology.hl7.org/CodeSystem/measure-population",
              "code": "denominator",
              "display": "Denominator"
            } ]
          },
          "count": 1
        }, {
          "id": "DenominatorExclusion_1",
          "code": {
            "coding": [ {
              "system": "http://terminology.hl7.org/CodeSystem/measure-population",
              "code": "denominator-exclusion",
              "display": "Denominator Exclusion"
            } ]
          },
          "count": 0
        }, {
          "id": "Numerator_1",
          "code": {
            "coding": [ {
              "system": "http://terminology.hl7.org/CodeSystem/measure-population",
              "code": "numerator",
              "display": "Numerator"
            } ]
          },
          "count": 0
        }, {
          "id": "DenominatorException_1",
          "code": {
            "coding": [ {
              "system": "http://terminology.hl7.org/CodeSystem/measure-population",
              "code": "denominator-exception",
              "display": "Denominator Exception"
            } ]
          },
          "count": 0
        } ],
        "measureScore": {
          "value": 1.0
        }
      } ],
      "evaluatedResource": [ {
        "reference": "Patient/1f64a697-a90b-4aaf-a315-fa84168ac2b4"
      }, {
        "reference": "Encounter/0328cfd4-c407-4986-b8a1-170569ad0edf"
      }, {
        "reference": "Encounter/cfddee43-22b0-444a-9b05-f53378455391"
      }, {
        "reference": "Condition/6cc5e8f7-4eb7-4822-9841-d1bec35f6052"
      }, {
        "reference": "Condition/124ece2e-f047-4e1b-a1d3-b7dadd985c40"
      }, {
        "reference": "MedicationRequest/93bae8ed-7235-4d62-9e24-ea162e43f80f"
      }, {
        "reference": "Practitioner/bb694172-4cef-4ed8-96a8-74a5dc3f9a7d"
      } ]
    },
    "request": {
      "method": "PUT",
      "url": "MeasureReport/a4ae566c-5d99-4477-9587-6a813e0d394d"
    }
  } ]
}