{
  "resourceType": "Bundle",
  "id": "DENEXPass-HospiceEncOverlapsMP",
  "type": "transaction",
  "entry": [ {
    "fullUrl": "https://madie.cms.gov/Patient/a42cd354-1966-45d5-aec2-2d42225e6911",
    "resource": {
      "resourceType": "Patient",
      "id": "a42cd354-1966-45d5-aec2-2d42225e6911",
      "meta": {
        "profile": [ "http://hl7.org/fhir/us/qicore/StructureDefinition/qicore-patient" ]
      },
      "extension": [ {
        "url": "http://hl7.org/fhir/us/core/StructureDefinition/us-core-race",
        "extension": [ {
          "url": "ombCategory",
          "valueCoding": {
            "system": "urn:oid:2.16.840.1.113883.6.238",
            "code": "2028-9",
            "display": "Asian"
          }
        }, {
          "url": "text",
          "valueString": "Asian"
        } ]
      }, {
        "url": "http://hl7.org/fhir/us/core/StructureDefinition/us-core-ethnicity",
        "extension": [ {
          "url": "ombCategory",
          "valueCoding": {
            "system": "urn:oid:2.16.840.1.113883.6.238",
            "code": "2135-2",
            "display": "Hispanic or Latino"
          }
        }, {
          "url": "text",
          "valueString": "Hispanic or Latino"
        } ]
      } ],
      "identifier": [ {
        "system": "http://hospital.smarthealthit.org",
        "value": "999999995"
      } ],
      "name": [ {
        "family": "Bertha",
        "given": [ "Betty" ]
      } ],
      "gender": "female",
      "birthDate": "2006-01-01"
    },
    "request": {
      "method": "PUT",
      "url": "Patient/a42cd354-1966-45d5-aec2-2d42225e6911"
    }
  }, {
    "fullUrl": "https://madie.cms.gov/Encounter/c12c3718-74e6-4a36-ac31-5ad403316c3f",
    "resource": {
      "resourceType": "Encounter",
      "id": "c12c3718-74e6-4a36-ac31-5ad403316c3f",
      "meta": {
        "profile": [ "http://hl7.org/fhir/us/qicore/StructureDefinition/qicore-encounter" ]
      },
      "status": "finished",
      "class": {
        "system": "http://terminology.hl7.org/CodeSystem/v3-ActCode",
        "code": "AMB",
        "display": "ambulatory"
      },
      "type": [ {
        "coding": [ {
          "system": "http://www.ada.org/cdt",
          "code": "D0120",
          "display": "periodic oral evaluation - established patient"
        } ]
      } ],
      "subject": {
        "reference": "Patient/a42cd354-1966-45d5-aec2-2d42225e6911"
      },
      "period": {
        "start": "2026-01-01T00:00:00.000Z",
        "end": "2026-01-01T01:15:00.000Z"
      }
    },
    "request": {
      "method": "PUT",
      "url": "Encounter/c12c3718-74e6-4a36-ac31-5ad403316c3f"
    }
  }, {
    "fullUrl": "https://madie.cms.gov/Encounter/c12c3718-74e6-4a36-ac31-5ad403316c3f.1",
    "resource": {
      "resourceType": "Encounter",
      "id": "c12c3718-74e6-4a36-ac31-5ad403316c3f.1",
      "meta": {
        "profile": [ "http://hl7.org/fhir/us/qicore/StructureDefinition/qicore-encounter" ]
      },
      "status": "finished",
      "class": {
        "system": "http://terminology.hl7.org/CodeSystem/v3-ActCode",
        "code": "AMB",
        "display": "ambulatory"
      },
      "type": [ {
        "coding": [ {
          "system": "http://snomed.info/sct",
          "code": "183921001",
          "display": "Admission to hospice for respite (procedure)"
        } ]
      } ],
      "subject": {
        "reference": "Patient/a42cd354-1966-45d5-aec2-2d42225e6911"
      },
      "period": {
        "start": "2025-12-31T23:59:59.000Z",
        "end": "2026-01-01T01:00:00.000Z"
      }
    },
    "request": {
      "method": "PUT",
      "url": "Encounter/c12c3718-74e6-4a36-ac31-5ad403316c3f.1"
    }
  }, {
    "fullUrl": "https://madie.cms.gov/MeasureReport/66ca1275-4550-4f31-80a1-022c9594eb7c",
    "resource": {
      "resourceType": "MeasureReport",
      "id": "66ca1275-4550-4f31-80a1-022c9594eb7c",
      "meta": {
        "profile": [ "http://hl7.org/fhir/us/cqfmeasures/StructureDefinition/test-case-cqfm" ]
      },
      "contained": [ {
        "resourceType": "Parameters",
        "id": "f339b1e6-44c2-4e66-9a20-4d76ac84bfe1-parameters",
        "parameter": [ {
          "name": "subject",
          "valueString": "a42cd354-1966-45d5-aec2-2d42225e6911"
        } ]
      } ],
      "extension": [ {
        "url": "http://hl7.org/fhir/StructureDefinition/cqf-inputParameters",
        "valueReference": {
          "reference": "#f339b1e6-44c2-4e66-9a20-4d76ac84bfe1-parameters"
        }
      }, {
        "url": "http://hl7.org/fhir/us/cqfmeasures/StructureDefinition/cqfm-testCaseDescription",
        "valueMarkdown": "Hospice Encounter Overlaps - For meeting 100% coverage"
      } ],
      "modifierExtension": [ {
        "url": "http://hl7.org/fhir/us/cqfmeasures/StructureDefinition/cqfm-isTestCase",
        "valueBoolean": true
      } ],
      "status": "complete",
      "type": "individual",
      "measure": "https://madie.cms.gov/Measure/CMS75FHIRChildrenWhoHaveDentalDecayOrCavities",
      "period": {
        "start": "2026-01-01",
        "end": "2026-12-31"
      },
      "group": [ {
        "id": "Group_1",
        "population": [ {
          "id": "InitialPopulation_1",
          "code": {
            "coding": [ {
              "system": "http://terminology.hl7.org/CodeSystem/measure-population",
              "code": "initial-population",
              "display": "Initial Population"
            } ]
          },
          "count": 1
        }, {
          "id": "Denominator_1",
          "code": {
            "coding": [ {
              "system": "http://terminology.hl7.org/CodeSystem/measure-population",
              "code": "denominator",
              "display": "Denominator"
            } ]
          },
          "count": 1
        }, {
          "id": "DenominatorExclusion_1",
          "code": {
            "coding": [ {
              "system": "http://terminology.hl7.org/CodeSystem/measure-population",
              "code": "denominator-exclusion",
              "display": "Denominator Exclusion"
            } ]
          },
          "count": 1
        }, {
          "id": "Numerator_1",
          "code": {
            "coding": [ {
              "system": "http://terminology.hl7.org/CodeSystem/measure-population",
              "code": "numerator",
              "display": "Numerator"
            } ]
          },
          "count": 0
        } ],
        "measureScore": {
          "value": 1.0
        }
      } ],
      "evaluatedResource": [ {
        "reference": "Patient/a42cd354-1966-45d5-aec2-2d42225e6911"
      }, {
        "reference": "Encounter/c12c3718-74e6-4a36-ac31-5ad403316c3f"
      }, {
        "reference": "Encounter/c12c3718-74e6-4a36-ac31-5ad403316c3f.1"
      } ]
    },
    "request": {
      "method": "PUT",
      "url": "MeasureReport/66ca1275-4550-4f31-80a1-022c9594eb7c"
    }
  } ]
}