{
  "resourceType": "Bundle",
  "id": "DENEXFail-MalNeoplasmDxOutsideTHAProcInt",
  "type": "transaction",
  "entry": [ {
    "fullUrl": "https://madie.cms.gov/Patient/1d0b2280-1463-4af2-9ae9-6e4bebd25494",
    "resource": {
      "resourceType": "Patient",
      "id": "1d0b2280-1463-4af2-9ae9-6e4bebd25494",
      "meta": {
        "profile": [ "http://hl7.org/fhir/us/qicore/StructureDefinition/qicore-patient" ]
      },
      "extension": [ {
        "url": "http://hl7.org/fhir/us/core/StructureDefinition/us-core-race",
        "extension": [ {
          "url": "ombCategory",
          "valueCoding": {
            "system": "urn:oid:2.16.840.1.113883.6.238",
            "code": "2028-9",
            "display": "Asian"
          }
        }, {
          "url": "text",
          "valueString": "Asian"
        } ]
      }, {
        "url": "http://hl7.org/fhir/us/core/StructureDefinition/us-core-ethnicity",
        "extension": [ {
          "url": "ombCategory",
          "valueCoding": {
            "system": "urn:oid:2.16.840.1.113883.6.238",
            "code": "2135-2",
            "display": "Hispanic or Latino"
          }
        }, {
          "url": "text",
          "valueString": "Hispanic or Latino"
        } ]
      } ],
      "identifier": [ {
        "system": "http://hospital.smarthealthit.org",
        "value": "999999995"
      } ],
      "name": [ {
        "family": "Bertha",
        "given": [ "Betty" ]
      } ],
      "gender": "female",
      "birthDate": "2007-01-01"
    },
    "request": {
      "method": "PUT",
      "url": "Patient/1d0b2280-1463-4af2-9ae9-6e4bebd25494"
    }
  }, {
    "fullUrl": "https://madie.cms.gov/Procedure/38fa970b-a200-49cb-a1c1-2f6dfe2f1b7e",
    "resource": {
      "resourceType": "Procedure",
      "id": "38fa970b-a200-49cb-a1c1-2f6dfe2f1b7e",
      "meta": {
        "profile": [ "http://hl7.org/fhir/us/qicore/StructureDefinition/qicore-procedure" ]
      },
      "extension": [ {
        "url": "http://hl7.org/fhir/us/qicore/StructureDefinition/qicore-recorded",
        "valueDateTime": "2024-11-01T00:00:00.000Z"
      } ],
      "status": "completed",
      "code": {
        "coding": [ {
          "system": "http://www.cms.gov/Medicare/Coding/ICD10",
          "code": "0SR9019",
          "display": "Replacement of Right Hip Joint with Metal Synthetic Substitute, Cemented, Open Approach"
        } ]
      },
      "subject": {
        "reference": "Patient/1d0b2280-1463-4af2-9ae9-6e4bebd25494"
      },
      "performedPeriod": {
        "start": "2024-11-01T00:00:00.000Z",
        "end": "2024-11-01T01:00:00.000Z"
      }
    },
    "request": {
      "method": "PUT",
      "url": "Procedure/38fa970b-a200-49cb-a1c1-2f6dfe2f1b7e"
    }
  }, {
    "fullUrl": "https://madie.cms.gov/Encounter/11d72eea-b191-454d-9246-b2777774f207",
    "resource": {
      "resourceType": "Encounter",
      "id": "11d72eea-b191-454d-9246-b2777774f207",
      "meta": {
        "profile": [ "http://hl7.org/fhir/us/qicore/StructureDefinition/qicore-encounter" ]
      },
      "status": "finished",
      "class": {
        "system": "http://terminology.hl7.org/CodeSystem/v3-ActCode",
        "code": "AMB",
        "display": "ambulatory"
      },
      "type": [ {
        "coding": [ {
          "system": "http://snomed.info/sct",
          "code": "281036007",
          "display": "Follow-up consultation (procedure)"
        } ]
      } ],
      "subject": {
        "reference": "Patient/1d0b2280-1463-4af2-9ae9-6e4bebd25494"
      },
      "period": {
        "start": "2025-11-01T00:00:00.000Z",
        "end": "2025-11-01T01:15:00.000Z"
      }
    },
    "request": {
      "method": "PUT",
      "url": "Encounter/11d72eea-b191-454d-9246-b2777774f207"
    }
  }, {
    "fullUrl": "https://madie.cms.gov/Condition/d8e3d4fb-2f7d-47f7-af27-50a0eaf732ea",
    "resource": {
      "resourceType": "Condition",
      "id": "d8e3d4fb-2f7d-47f7-af27-50a0eaf732ea",
      "meta": {
        "profile": [ "http://hl7.org/fhir/us/qicore/StructureDefinition/qicore-condition-problems-health-concerns" ]
      },
      "clinicalStatus": {
        "coding": [ {
          "system": "http://terminology.hl7.org/CodeSystem/condition-clinical",
          "code": "resolved"
        } ]
      },
      "category": [ {
        "coding": [ {
          "system": "http://terminology.hl7.org/CodeSystem/condition-category",
          "code": "problem-list-item",
          "display": "Problem List Item"
        } ]
      } ],
      "code": {
        "coding": [ {
          "system": "http://snomed.info/sct",
          "code": "101371000119101",
          "display": "Adamantinoma of long bone of lower limb (disorder)"
        } ]
      },
      "subject": {
        "reference": "Patient/1d0b2280-1463-4af2-9ae9-6e4bebd25494"
      },
      "onsetDateTime": "2024-10-31T11:59:59.000Z",
      "abatementDateTime": "2024-10-31T11:59:59.000Z"
    },
    "request": {
      "method": "PUT",
      "url": "Condition/d8e3d4fb-2f7d-47f7-af27-50a0eaf732ea"
    }
  }, {
    "fullUrl": "https://madie.cms.gov/MeasureReport/4f17d03c-a4a9-492b-b93f-529aa4a8d4b0",
    "resource": {
      "resourceType": "MeasureReport",
      "id": "4f17d03c-a4a9-492b-b93f-529aa4a8d4b0",
      "meta": {
        "profile": [ "http://hl7.org/fhir/us/cqfmeasures/StructureDefinition/test-case-cqfm" ]
      },
      "contained": [ {
        "resourceType": "Parameters",
        "id": "5ece6dc6-1ecf-4417-8e9c-180b073f5808-parameters",
        "parameter": [ {
          "name": "subject",
          "valueString": "1d0b2280-1463-4af2-9ae9-6e4bebd25494"
        } ]
      } ],
      "extension": [ {
        "url": "http://hl7.org/fhir/StructureDefinition/cqf-inputParameters",
        "valueReference": {
          "reference": "#5ece6dc6-1ecf-4417-8e9c-180b073f5808-parameters"
        }
      }, {
        "url": "http://hl7.org/fhir/us/cqfmeasures/StructureDefinition/cqfm-testCaseDescription",
        "valueMarkdown": "Patient has Dx of Malignant Neoplasm that falls outside of the THAProcedure Interval"
      } ],
      "modifierExtension": [ {
        "url": "http://hl7.org/fhir/us/cqfmeasures/StructureDefinition/cqfm-isTestCase",
        "valueBoolean": true
      } ],
      "status": "complete",
      "type": "individual",
      "measure": "https://madie.cms.gov/Measure/CMS56FHIRFunctionalStatusAssessmentforTotalHipReplacement",
      "period": {
        "start": "2026-01-01",
        "end": "2026-12-31"
      },
      "group": [ {
        "id": "Group_1",
        "population": [ {
          "id": "InitialPopulation_1",
          "code": {
            "coding": [ {
              "system": "http://terminology.hl7.org/CodeSystem/measure-population",
              "code": "initial-population",
              "display": "Initial Population"
            } ]
          },
          "count": 1
        }, {
          "id": "Denominator_1",
          "code": {
            "coding": [ {
              "system": "http://terminology.hl7.org/CodeSystem/measure-population",
              "code": "denominator",
              "display": "Denominator"
            } ]
          },
          "count": 1
        }, {
          "id": "DenominatorExclusion_1",
          "code": {
            "coding": [ {
              "system": "http://terminology.hl7.org/CodeSystem/measure-population",
              "code": "denominator-exclusion",
              "display": "Denominator Exclusion"
            } ]
          },
          "count": 0
        }, {
          "id": "Numerator_1",
          "code": {
            "coding": [ {
              "system": "http://terminology.hl7.org/CodeSystem/measure-population",
              "code": "numerator",
              "display": "Numerator"
            } ]
          },
          "count": 0
        } ],
        "measureScore": {
          "value": 1.0
        }
      } ],
      "evaluatedResource": [ {
        "reference": "Patient/1d0b2280-1463-4af2-9ae9-6e4bebd25494"
      }, {
        "reference": "Procedure/38fa970b-a200-49cb-a1c1-2f6dfe2f1b7e"
      }, {
        "reference": "Encounter/11d72eea-b191-454d-9246-b2777774f207"
      }, {
        "reference": "Condition/d8e3d4fb-2f7d-47f7-af27-50a0eaf732ea"
      } ]
    },
    "request": {
      "method": "PUT",
      "url": "MeasureReport/4f17d03c-a4a9-492b-b93f-529aa4a8d4b0"
    }
  } ]
}