{
  "resourceType": "Bundle",
  "id": "6101649198086b4fedf65dff",
  "type": "transaction",
  "entry": [ {
    "fullUrl": "https://madie.cms.gov/Patient/4c234ec0-3f89-4d55-b767-219d1130f634",
    "resource": {
      "resourceType": "Patient",
      "id": "4c234ec0-3f89-4d55-b767-219d1130f634",
      "meta": {
        "profile": [ "http://hl7.org/fhir/us/qicore/StructureDefinition/qicore-patient" ]
      },
      "extension": [ {
        "url": "http://hl7.org/fhir/us/core/StructureDefinition/us-core-race",
        "extension": [ {
          "url": "ombCategory",
          "valueCoding": {
            "system": "urn:oid:2.16.840.1.113883.6.238",
            "code": "2106-3",
            "display": "White"
          }
        }, {
          "url": "detailed",
          "valueCoding": {
            "system": "urn:oid:2.16.840.1.113883.6.238",
            "code": "2036-2",
            "display": "Filipino"
          }
        }, {
          "url": "text",
          "valueString": "mixed"
        } ]
      }, {
        "url": "http://hl7.org/fhir/us/core/StructureDefinition/us-core-ethnicity",
        "extension": [ {
          "url": "ombCategory",
          "valueCoding": {
            "system": "urn:oid:2.16.840.1.113883.6.238",
            "code": "2135-2",
            "display": "Hispanic or Latino"
          }
        }, {
          "url": "detailed",
          "valueCoding": {
            "system": "urn:oid:2.16.840.1.113883.6.238",
            "code": "2148-5",
            "display": "Mexican"
          }
        }, {
          "url": "text",
          "valueString": "Hispanic or Latino"
        } ]
      } ],
      "identifier": [ {
        "type": {
          "coding": [ {
            "system": "http://terminology.hl7.org/CodeSystem/v2-0203",
            "code": "MR"
          } ]
        },
        "system": "https://bonnie-fhir.healthit.gov/",
        "value": "71351661616151"
      } ],
      "active": true,
      "name": [ {
        "use": "usual",
        "family": "NUMERPass",
        "given": [ "USSImprovementof4AndMorbidObesityDxBeforeMPEdge " ]
      } ],
      "gender": "male",
      "birthDate": "1948-02-19"
    },
    "request": {
      "method": "PUT",
      "url": "Patient/4c234ec0-3f89-4d55-b767-219d1130f634"
    }
  }, {
    "fullUrl": "https://madie.cms.gov/Observation/b56746af-1246-44c3-878a-b6c64fef723e",
    "resource": {
      "resourceType": "Observation",
      "id": "b56746af-1246-44c3-878a-b6c64fef723e",
      "meta": {
        "profile": [ "http://hl7.org/fhir/us/qicore/StructureDefinition/qicore-observation-screening-assessment" ]
      },
      "status": "final",
      "category": [ {
        "coding": [ {
          "system": "http://terminology.hl7.org/CodeSystem/observation-category",
          "code": "survey",
          "display": "Survey"
        } ]
      } ],
      "code": {
        "coding": [ {
          "system": "http://loinc.org",
          "version": "2.76",
          "code": "80976-4"
        } ]
      },
      "subject": {
        "reference": "Patient/4c234ec0-3f89-4d55-b767-219d1130f634"
      },
      "effectivePeriod": {
        "start": "2026-01-06T08:00:00.000+00:00"
      },
      "valueInteger": 12
    },
    "request": {
      "method": "PUT",
      "url": "Observation/b56746af-1246-44c3-878a-b6c64fef723e"
    }
  }, {
    "fullUrl": "https://madie.cms.gov/Observation/3ad0c04e-6180-4abb-a7a0-b79c32b5a93c",
    "resource": {
      "resourceType": "Observation",
      "id": "3ad0c04e-6180-4abb-a7a0-b79c32b5a93c",
      "meta": {
        "profile": [ "http://hl7.org/fhir/us/qicore/StructureDefinition/qicore-observation-screening-assessment" ]
      },
      "status": "final",
      "category": [ {
        "coding": [ {
          "system": "http://terminology.hl7.org/CodeSystem/observation-category",
          "code": "survey",
          "display": "Survey"
        } ]
      } ],
      "code": {
        "coding": [ {
          "system": "http://loinc.org",
          "version": "2.76",
          "code": "80976-4"
        } ]
      },
      "subject": {
        "reference": "Patient/4c234ec0-3f89-4d55-b767-219d1130f634"
      },
      "effectivePeriod": {
        "start": "2026-08-06T08:00:00.000+00:00"
      },
      "valueInteger": 8
    },
    "request": {
      "method": "PUT",
      "url": "Observation/3ad0c04e-6180-4abb-a7a0-b79c32b5a93c"
    }
  }, {
    "fullUrl": "https://madie.cms.gov/Condition/ae72d44a-e915-43c6-bd95-d17f8c122ff8",
    "resource": {
      "resourceType": "Condition",
      "id": "ae72d44a-e915-43c6-bd95-d17f8c122ff8",
      "meta": {
        "profile": [ "http://hl7.org/fhir/us/qicore/StructureDefinition/qicore-condition-problems-health-concerns" ]
      },
      "clinicalStatus": {
        "coding": [ {
          "system": "http://terminology.hl7.org/CodeSystem/condition-clinical",
          "code": "resolved"
        } ]
      },
      "verificationStatus": {
        "coding": [ {
          "system": "http://terminology.hl7.org/CodeSystem/condition-ver-status",
          "code": "confirmed"
        } ]
      },
      "category": [ {
        "coding": [ {
          "system": "http://terminology.hl7.org/CodeSystem/condition-category",
          "code": "problem-list-item",
          "display": "Problem List Item"
        } ]
      } ],
      "code": {
        "coding": [ {
          "system": "http://hl7.org/fhir/sid/icd-10-cm",
          "version": "2024",
          "code": "Z68.42"
        } ]
      },
      "subject": {
        "reference": "Patient/4c234ec0-3f89-4d55-b767-219d1130f634"
      },
      "onsetDateTime": "2024-02-28T08:00:00+00:00",
      "abatementDateTime": "2025-06-28T08:15:00+00:00"
    },
    "request": {
      "method": "PUT",
      "url": "Condition/ae72d44a-e915-43c6-bd95-d17f8c122ff8"
    }
  }, {
    "fullUrl": "https://madie.cms.gov/Condition/77c7ee85-0be9-4274-b0bb-aa07b4d8aa76",
    "resource": {
      "resourceType": "Condition",
      "id": "77c7ee85-0be9-4274-b0bb-aa07b4d8aa76",
      "meta": {
        "profile": [ "http://hl7.org/fhir/us/qicore/StructureDefinition/qicore-condition-problems-health-concerns" ]
      },
      "clinicalStatus": {
        "coding": [ {
          "system": "http://terminology.hl7.org/CodeSystem/condition-clinical",
          "code": "active"
        } ]
      },
      "verificationStatus": {
        "coding": [ {
          "system": "http://terminology.hl7.org/CodeSystem/condition-ver-status",
          "code": "confirmed"
        } ]
      },
      "category": [ {
        "coding": [ {
          "system": "http://terminology.hl7.org/CodeSystem/condition-category",
          "code": "problem-list-item",
          "display": "Problem List Item"
        } ]
      } ],
      "code": {
        "coding": [ {
          "system": "http://hl7.org/fhir/sid/icd-10-cm",
          "version": "2024",
          "code": "N40.1"
        } ]
      },
      "subject": {
        "reference": "Patient/4c234ec0-3f89-4d55-b767-219d1130f634"
      },
      "onsetPeriod": {
        "start": "2025-12-31T08:00:00.000+00:00"
      }
    },
    "request": {
      "method": "PUT",
      "url": "Condition/77c7ee85-0be9-4274-b0bb-aa07b4d8aa76"
    }
  }, {
    "fullUrl": "https://madie.cms.gov/Encounter/7201fb6b-2cb0-41d2-85c8-67b489831ecc",
    "resource": {
      "resourceType": "Encounter",
      "id": "7201fb6b-2cb0-41d2-85c8-67b489831ecc",
      "meta": {
        "profile": [ "http://hl7.org/fhir/us/qicore/StructureDefinition/qicore-encounter" ]
      },
      "status": "finished",
      "class": {
        "system": "http://terminology.hl7.org/CodeSystem/v3-ActCode",
        "code": "AMB",
        "display": "ambulatory"
      },
      "type": [ {
        "coding": [ {
          "system": "http://www.ama-assn.org/go/cpt",
          "version": "2024",
          "code": "99213"
        } ]
      } ],
      "subject": {
        "reference": "Patient/4c234ec0-3f89-4d55-b767-219d1130f634"
      },
      "period": {
        "start": "2026-01-06T08:00:00+00:00",
        "end": "2026-01-06T08:15:00+00:00"
      }
    },
    "request": {
      "method": "PUT",
      "url": "Encounter/7201fb6b-2cb0-41d2-85c8-67b489831ecc"
    }
  }, {
    "fullUrl": "https://madie.cms.gov/Coverage/8bc7ded4-ed9a-427f-b123-14c1132aa216",
    "resource": {
      "resourceType": "Coverage",
      "id": "8bc7ded4-ed9a-427f-b123-14c1132aa216",
      "meta": {
        "profile": [ "http://hl7.org/fhir/us/qicore/StructureDefinition/qicore-coverage" ]
      },
      "identifier": [ {
        "system": "http://benefitsinc.com/certificate",
        "value": "12345"
      } ],
      "status": "active",
      "type": {
        "coding": [ {
          "system": "https://nahdo.org/sopt",
          "version": "9.2",
          "code": "59",
          "display": "Other Private Insurance"
        } ]
      },
      "beneficiary": {
        "reference": "Patient/4c234ec0-3f89-4d55-b767-219d1130f634"
      },
      "dependent": "0",
      "relationship": {
        "coding": [ {
          "system": "http://terminology.hl7.org/CodeSystem/subscriber-relationship",
          "code": "self"
        } ]
      },
      "period": {
        "start": "2017-05-23",
        "end": "2026-05-23"
      },
      "payor": [ {
        "reference": "Organization/e3b5860e-039c-4879-b641-e13242ef94fe"
      } ],
      "order": 9
    },
    "request": {
      "method": "PUT",
      "url": "Coverage/8bc7ded4-ed9a-427f-b123-14c1132aa216"
    }
  }, {
    "fullUrl": "https://madie.cms.gov/Organization/e3b5860e-039c-4879-b641-e13242ef94fe",
    "resource": {
      "resourceType": "Organization",
      "id": "e3b5860e-039c-4879-b641-e13242ef94fe",
      "meta": {
        "profile": [ "http://hl7.org/fhir/us/qicore/StructureDefinition/qicore-organization" ]
      },
      "identifier": [ {
        "use": "temp",
        "system": "http://terminology.hl7.org/NamingSystem/USEIN",
        "value": "48915164351354"
      } ],
      "active": true,
      "type": [ {
        "coding": [ {
          "system": "http://terminology.hl7.org/CodeSystem/organization-type",
          "code": "team",
          "display": "Organizational team"
        } ]
      } ],
      "name": "Good Healthcare, LLC",
      "telecom": [ {
        "system": "phone",
        "value": "(+1) 901-683-7777"
      }, {
        "system": "fax",
        "value": "(+1) 901-683-6622"
      }, {
        "system": "email",
        "value": "BetterYourHealth@GoodHealthcare.com"
      } ],
      "address": [ {
        "line": [ "3651 Wentrow Blvd, Suite 227" ],
        "city": "Germantown",
        "state": "TN",
        "postalCode": "38138",
        "country": "USA"
      } ]
    },
    "request": {
      "method": "PUT",
      "url": "Organization/e3b5860e-039c-4879-b641-e13242ef94fe"
    }
  }, {
    "fullUrl": "https://madie.cms.gov/MeasureReport/a34f986e-8d99-45ec-8959-0bb3218c5ee8",
    "resource": {
      "resourceType": "MeasureReport",
      "id": "a34f986e-8d99-45ec-8959-0bb3218c5ee8",
      "meta": {
        "profile": [ "http://hl7.org/fhir/us/cqfmeasures/StructureDefinition/test-case-cqfm" ]
      },
      "contained": [ {
        "resourceType": "Parameters",
        "id": "35b5cb45-7d98-41b3-8b08-151dcface80c-parameters",
        "parameter": [ {
          "name": "subject",
          "valueString": "4c234ec0-3f89-4d55-b767-219d1130f634"
        } ]
      } ],
      "extension": [ {
        "url": "http://hl7.org/fhir/StructureDefinition/cqf-inputParameters",
        "valueReference": {
          "reference": "#35b5cb45-7d98-41b3-8b08-151dcface80c-parameters"
        }
      }, {
        "url": "http://hl7.org/fhir/us/cqfmeasures/StructureDefinition/cqfm-testCaseDescription",
        "valueMarkdown": "Male pt with initial dx BPH 6 months prior to Measurement Period and USS assessment within 1/mo of diagnosis with followup USS assessment and qualifying MP visit who has documented improvement of 4 points in USS"
      } ],
      "modifierExtension": [ {
        "url": "http://hl7.org/fhir/us/cqfmeasures/StructureDefinition/cqfm-isTestCase",
        "valueBoolean": true
      } ],
      "status": "complete",
      "type": "individual",
      "measure": "https://madie.cms.gov/Measure/CMS771FHIRUrinarySymptomScoreChangeBenignProstaticHyperplasia",
      "period": {
        "start": "2026-01-01",
        "end": "2026-12-31"
      },
      "group": [ {
        "id": "Group_1",
        "population": [ {
          "id": "InitialPopulation_1",
          "code": {
            "coding": [ {
              "system": "http://terminology.hl7.org/CodeSystem/measure-population",
              "code": "initial-population",
              "display": "Initial Population"
            } ]
          },
          "count": 1
        }, {
          "id": "Denominator_1",
          "code": {
            "coding": [ {
              "system": "http://terminology.hl7.org/CodeSystem/measure-population",
              "code": "denominator",
              "display": "Denominator"
            } ]
          },
          "count": 1
        }, {
          "id": "DenominatorExclusion_1",
          "code": {
            "coding": [ {
              "system": "http://terminology.hl7.org/CodeSystem/measure-population",
              "code": "denominator-exclusion",
              "display": "Denominator Exclusion"
            } ]
          },
          "count": 0
        }, {
          "id": "Numerator_1",
          "code": {
            "coding": [ {
              "system": "http://terminology.hl7.org/CodeSystem/measure-population",
              "code": "numerator",
              "display": "Numerator"
            } ]
          },
          "count": 1
        } ],
        "measureScore": {
          "value": 1.0
        }
      } ],
      "evaluatedResource": [ {
        "reference": "Patient/4c234ec0-3f89-4d55-b767-219d1130f634"
      }, {
        "reference": "Observation/b56746af-1246-44c3-878a-b6c64fef723e"
      }, {
        "reference": "Observation/3ad0c04e-6180-4abb-a7a0-b79c32b5a93c"
      }, {
        "reference": "Condition/ae72d44a-e915-43c6-bd95-d17f8c122ff8"
      }, {
        "reference": "Condition/77c7ee85-0be9-4274-b0bb-aa07b4d8aa76"
      }, {
        "reference": "Encounter/7201fb6b-2cb0-41d2-85c8-67b489831ecc"
      }, {
        "reference": "Coverage/8bc7ded4-ed9a-427f-b123-14c1132aa216"
      }, {
        "reference": "Organization/e3b5860e-039c-4879-b641-e13242ef94fe"
      } ]
    },
    "request": {
      "method": "PUT",
      "url": "MeasureReport/a34f986e-8d99-45ec-8959-0bb3218c5ee8"
    }
  } ]
}