{
  "resourceType": "Bundle",
  "id": "DENEXFail-ElectiveTHAProc1Yr1DayAfterTHAProc",
  "type": "transaction",
  "entry": [ {
    "fullUrl": "https://madie.cms.gov/Patient/fe85ffde-a85c-43cd-9913-284bacdd216b",
    "resource": {
      "resourceType": "Patient",
      "id": "fe85ffde-a85c-43cd-9913-284bacdd216b",
      "meta": {
        "profile": [ "http://hl7.org/fhir/us/qicore/StructureDefinition/qicore-patient" ]
      },
      "extension": [ {
        "url": "http://hl7.org/fhir/us/core/StructureDefinition/us-core-race",
        "extension": [ {
          "url": "ombCategory",
          "valueCoding": {
            "system": "urn:oid:2.16.840.1.113883.6.238",
            "code": "2028-9",
            "display": "Asian"
          }
        }, {
          "url": "text",
          "valueString": "Asian"
        } ]
      }, {
        "url": "http://hl7.org/fhir/us/core/StructureDefinition/us-core-ethnicity",
        "extension": [ {
          "url": "ombCategory",
          "valueCoding": {
            "system": "urn:oid:2.16.840.1.113883.6.238",
            "code": "2135-2",
            "display": "Hispanic or Latino"
          }
        }, {
          "url": "text",
          "valueString": "Hispanic or Latino"
        } ]
      } ],
      "identifier": [ {
        "system": "http://hospital.smarthealthit.org",
        "value": "999999995"
      } ],
      "name": [ {
        "family": "Bertha",
        "given": [ "Betty" ]
      } ],
      "gender": "female",
      "birthDate": "2007-01-01"
    },
    "request": {
      "method": "PUT",
      "url": "Patient/fe85ffde-a85c-43cd-9913-284bacdd216b"
    }
  }, {
    "fullUrl": "https://madie.cms.gov/Procedure/cc2adb31-303a-43c8-a5c7-5be82074922e",
    "resource": {
      "resourceType": "Procedure",
      "id": "cc2adb31-303a-43c8-a5c7-5be82074922e",
      "meta": {
        "profile": [ "http://hl7.org/fhir/us/qicore/StructureDefinition/qicore-procedure" ]
      },
      "extension": [ {
        "url": "http://hl7.org/fhir/us/qicore/StructureDefinition/qicore-recorded",
        "valueDateTime": "2026-11-01T00:00:00.000Z"
      } ],
      "status": "completed",
      "code": {
        "coding": [ {
          "system": "http://www.cms.gov/Medicare/Coding/ICD10",
          "code": "0SR9019",
          "display": "Replacement of Right Hip Joint with Metal Synthetic Substitute, Cemented, Open Approach"
        } ]
      },
      "subject": {
        "reference": "Patient/fe85ffde-a85c-43cd-9913-284bacdd216b"
      },
      "performedPeriod": {
        "start": "2024-11-01T00:00:00.000Z",
        "end": "2024-11-01T01:00:00.000Z"
      }
    },
    "request": {
      "method": "PUT",
      "url": "Procedure/cc2adb31-303a-43c8-a5c7-5be82074922e"
    }
  }, {
    "fullUrl": "https://madie.cms.gov/Encounter/5ca66cbc-39af-4435-a46c-21a85f6e807f",
    "resource": {
      "resourceType": "Encounter",
      "id": "5ca66cbc-39af-4435-a46c-21a85f6e807f",
      "meta": {
        "profile": [ "http://hl7.org/fhir/us/qicore/StructureDefinition/qicore-encounter" ]
      },
      "status": "finished",
      "class": {
        "system": "http://terminology.hl7.org/CodeSystem/v3-ActCode",
        "code": "AMB",
        "display": "ambulatory"
      },
      "type": [ {
        "coding": [ {
          "system": "http://snomed.info/sct",
          "code": "281036007",
          "display": "Follow-up consultation (procedure)"
        } ]
      } ],
      "subject": {
        "reference": "Patient/fe85ffde-a85c-43cd-9913-284bacdd216b"
      },
      "period": {
        "start": "2025-11-01T00:00:00.000Z",
        "end": "2025-11-01T01:15:00.000Z"
      }
    },
    "request": {
      "method": "PUT",
      "url": "Encounter/5ca66cbc-39af-4435-a46c-21a85f6e807f"
    }
  }, {
    "fullUrl": "https://madie.cms.gov/Procedure/cc2adb31-303a-43c8-a5c7-5be82074922e.1",
    "resource": {
      "resourceType": "Procedure",
      "id": "cc2adb31-303a-43c8-a5c7-5be82074922e.1",
      "meta": {
        "profile": [ "http://hl7.org/fhir/us/qicore/StructureDefinition/qicore-procedure" ]
      },
      "extension": [ {
        "url": "http://hl7.org/fhir/us/qicore/StructureDefinition/qicore-recorded",
        "valueDateTime": "2024-11-01T00:00:00.000Z"
      } ],
      "status": "completed",
      "code": {
        "coding": [ {
          "system": "http://www.cms.gov/Medicare/Coding/ICD10",
          "code": "0SRB019",
          "display": "Replacement of Left Hip Joint with Metal Synthetic Substitute, Cemented, Open Approach"
        } ]
      },
      "subject": {
        "reference": "Patient/fe85ffde-a85c-43cd-9913-284bacdd216b"
      },
      "performedPeriod": {
        "start": "2025-11-02T00:00:00.000Z",
        "end": "2025-11-02T11:59:59.000Z"
      }
    },
    "request": {
      "method": "PUT",
      "url": "Procedure/cc2adb31-303a-43c8-a5c7-5be82074922e.1"
    }
  }, {
    "fullUrl": "https://madie.cms.gov/MeasureReport/3f805477-18cd-4032-bb09-851f48ed772c",
    "resource": {
      "resourceType": "MeasureReport",
      "id": "3f805477-18cd-4032-bb09-851f48ed772c",
      "meta": {
        "profile": [ "http://hl7.org/fhir/us/cqfmeasures/StructureDefinition/test-case-cqfm" ]
      },
      "contained": [ {
        "resourceType": "Parameters",
        "id": "01e1de41-4634-48c6-b369-8c4b09121a79-parameters",
        "parameter": [ {
          "name": "subject",
          "valueString": "fe85ffde-a85c-43cd-9913-284bacdd216b"
        } ]
      } ],
      "extension": [ {
        "url": "http://hl7.org/fhir/StructureDefinition/cqf-inputParameters",
        "valueReference": {
          "reference": "#01e1de41-4634-48c6-b369-8c4b09121a79-parameters"
        }
      }, {
        "url": "http://hl7.org/fhir/us/cqfmeasures/StructureDefinition/cqfm-testCaseDescription",
        "valueMarkdown": "Patient Has Elective THAProcedure 1 year and 1 day after Initial THAProcedure"
      } ],
      "modifierExtension": [ {
        "url": "http://hl7.org/fhir/us/cqfmeasures/StructureDefinition/cqfm-isTestCase",
        "valueBoolean": true
      } ],
      "status": "complete",
      "type": "individual",
      "measure": "https://madie.cms.gov/Measure/CMS56FHIRFunctionalStatusAssessmentforTotalHipReplacement",
      "period": {
        "start": "2026-01-01",
        "end": "2026-12-31"
      },
      "group": [ {
        "id": "Group_1",
        "population": [ {
          "id": "InitialPopulation_1",
          "code": {
            "coding": [ {
              "system": "http://terminology.hl7.org/CodeSystem/measure-population",
              "code": "initial-population",
              "display": "Initial Population"
            } ]
          },
          "count": 1
        }, {
          "id": "Denominator_1",
          "code": {
            "coding": [ {
              "system": "http://terminology.hl7.org/CodeSystem/measure-population",
              "code": "denominator",
              "display": "Denominator"
            } ]
          },
          "count": 1
        }, {
          "id": "DenominatorExclusion_1",
          "code": {
            "coding": [ {
              "system": "http://terminology.hl7.org/CodeSystem/measure-population",
              "code": "denominator-exclusion",
              "display": "Denominator Exclusion"
            } ]
          },
          "count": 0
        }, {
          "id": "Numerator_1",
          "code": {
            "coding": [ {
              "system": "http://terminology.hl7.org/CodeSystem/measure-population",
              "code": "numerator",
              "display": "Numerator"
            } ]
          },
          "count": 0
        } ],
        "measureScore": {
          "value": 1.0
        }
      } ],
      "evaluatedResource": [ {
        "reference": "Patient/fe85ffde-a85c-43cd-9913-284bacdd216b"
      }, {
        "reference": "Procedure/cc2adb31-303a-43c8-a5c7-5be82074922e"
      }, {
        "reference": "Encounter/5ca66cbc-39af-4435-a46c-21a85f6e807f"
      }, {
        "reference": "Procedure/cc2adb31-303a-43c8-a5c7-5be82074922e.1"
      } ]
    },
    "request": {
      "method": "PUT",
      "url": "MeasureReport/3f805477-18cd-4032-bb09-851f48ed772c"
    }
  } ]
}