{
  "resourceType": "Bundle",
  "id": "62c880ec0111a60120dc2201",
  "type": "transaction",
  "entry": [ {
    "fullUrl": "https://madie.cms.gov/Patient/be20e6d8-f2f2-49d9-abc1-39e93ba36a1c",
    "resource": {
      "resourceType": "Patient",
      "id": "be20e6d8-f2f2-49d9-abc1-39e93ba36a1c",
      "meta": {
        "profile": [ "http://hl7.org/fhir/us/qicore/StructureDefinition/qicore-patient" ]
      },
      "text": {
        "status": "generated",
        "div": "<div xmlns=\"http://www.w3.org/1999/xhtml\"><div class=\"hapiHeaderText\">OVEncAndChemoAfterMP<b>IPPFAILPOP1</b></div><table class=\"hapiPropertyTable\"><tbody><tr><td>Identifier</td><td>ac1da6e0409af00bfb044b9882b4de26</td></tr><tr><td>Date of birth</td><td><span>12 March 1981</span></td></tr></tbody></table></div>"
      },
      "extension": [ {
        "url": "http://hl7.org/fhir/us/core/StructureDefinition/us-core-race",
        "extension": [ {
          "url": "ombCategory",
          "valueCoding": {
            "system": "urn:oid:2.16.840.1.113883.6.238",
            "code": "1002-5",
            "display": "American Indian or Alaska Native",
            "userSelected": true
          }
        }, {
          "url": "text",
          "valueString": "American Indian or Alaska Native"
        } ]
      }, {
        "url": "http://hl7.org/fhir/us/core/StructureDefinition/us-core-ethnicity",
        "extension": [ {
          "url": "ombCategory",
          "valueCoding": {
            "system": "urn:oid:2.16.840.1.113883.6.238",
            "code": "2135-2",
            "display": "Hispanic or Latino",
            "userSelected": true
          }
        }, {
          "url": "text",
          "valueString": "Hispanic or Latino"
        } ]
      } ],
      "identifier": [ {
        "type": {
          "coding": [ {
            "system": "http://terminology.hl7.org/CodeSystem/v2-0203",
            "code": "MR"
          } ]
        },
        "system": "https://bonnie-fhir.healthit.gov/",
        "value": "62c880ec0111a60120dc2201"
      } ],
      "active": true,
      "name": [ {
        "use": "usual",
        "family": "IPPFailPop1",
        "given": [ "EncAfterMP" ]
      } ],
      "gender": "female",
      "birthDate": "1981-03-12"
    },
    "request": {
      "method": "PUT",
      "url": "Patient/be20e6d8-f2f2-49d9-abc1-39e93ba36a1c"
    }
  }, {
    "fullUrl": "https://madie.cms.gov/Condition/9b6f385e-4213-46e4-9ec8-26c70f787118",
    "resource": {
      "resourceType": "Condition",
      "id": "9b6f385e-4213-46e4-9ec8-26c70f787118",
      "meta": {
        "profile": [ "http://hl7.org/fhir/us/qicore/StructureDefinition/qicore-condition" ]
      },
      "clinicalStatus": {
        "coding": [ {
          "system": "http://terminology.hl7.org/CodeSystem/condition-clinical",
          "code": "remission",
          "display": "remission"
        } ]
      },
      "verificationStatus": {
        "coding": [ {
          "system": "http://terminology.hl7.org/CodeSystem/condition-ver-status",
          "code": "confirmed",
          "display": "Confirmed"
        } ]
      },
      "category": [ {
        "coding": [ {
          "system": "http://terminology.hl7.org/CodeSystem/condition-category",
          "code": "problem-list-item",
          "display": "Problem List Item"
        } ]
      } ],
      "code": {
        "coding": [ {
          "system": "http://snomed.info/sct",
          "code": "271323007"
        } ]
      },
      "subject": {
        "reference": "Patient/be20e6d8-f2f2-49d9-abc1-39e93ba36a1c"
      },
      "onsetDateTime": "2025-12-21T13:30:00.000Z",
      "abatementDateTime": "2025-12-30T14:15:00.000Z"
    },
    "request": {
      "method": "PUT",
      "url": "Condition/9b6f385e-4213-46e4-9ec8-26c70f787118"
    }
  }, {
    "fullUrl": "https://madie.cms.gov/Encounter/2c97d44d-1e49-4f1d-ad11-0505e34a8215",
    "resource": {
      "resourceType": "Encounter",
      "id": "2c97d44d-1e49-4f1d-ad11-0505e34a8215",
      "meta": {
        "profile": [ "http://hl7.org/fhir/us/qicore/StructureDefinition/qicore-encounter" ]
      },
      "status": "finished",
      "class": {
        "system": "http://terminology.hl7.org/CodeSystem/v3-ActCode",
        "code": "AMB",
        "display": "ambulatory",
        "userSelected": true
      },
      "type": [ {
        "coding": [ {
          "system": "http://www.ama-assn.org/go/cpt",
          "code": "99205"
        } ]
      } ],
      "subject": {
        "reference": "Patient/be20e6d8-f2f2-49d9-abc1-39e93ba36a1c"
      },
      "period": {
        "start": "2025-01-02T14:30:00.000Z",
        "end": "2025-01-02T14:30:00.000Z"
      }
    },
    "request": {
      "method": "PUT",
      "url": "Encounter/2c97d44d-1e49-4f1d-ad11-0505e34a8215"
    }
  }, {
    "fullUrl": "https://madie.cms.gov/Coverage/54974eb3-f93f-4b34-8c98-03d3f7da13c5",
    "resource": {
      "resourceType": "Coverage",
      "id": "54974eb3-f93f-4b34-8c98-03d3f7da13c5",
      "meta": {
        "profile": [ "http://hl7.org/fhir/us/qicore/StructureDefinition/qicore-coverage" ]
      },
      "status": "active",
      "beneficiary": {
        "reference": "Patient/be20e6d8-f2f2-49d9-abc1-39e93ba36a1c"
      },
      "period": {
        "start": "1981-03-12T08:00:00.000Z"
      },
      "payor": [ {
        "reference": "Organization/e4cff8e3-990c-4d76-89f5-271664ace422"
      } ]
    },
    "request": {
      "method": "PUT",
      "url": "Coverage/54974eb3-f93f-4b34-8c98-03d3f7da13c5"
    }
  }, {
    "fullUrl": "https://madie.cms.gov/Procedure/942f444d-b944-4008-abf1-4644f5b713bc",
    "resource": {
      "resourceType": "Procedure",
      "id": "942f444d-b944-4008-abf1-4644f5b713bc",
      "meta": {
        "profile": [ "http://hl7.org/fhir/us/qicore/StructureDefinition/qicore-procedure" ]
      },
      "extension": [ {
        "url": "http://hl7.org/fhir/us/qicore/StructureDefinition/qicore-recorded",
        "valueDateTime": "2025-12-22T14:50:00.000Z"
      } ],
      "status": "completed",
      "code": {
        "coding": [ {
          "system": "http://www.ama-assn.org/go/cpt",
          "code": "96405"
        } ]
      },
      "subject": {
        "reference": "Patient/be20e6d8-f2f2-49d9-abc1-39e93ba36a1c"
      },
      "performedPeriod": {
        "start": "2025-12-22T14:45:00.000Z",
        "end": "2025-12-22T14:45:00.000Z"
      }
    },
    "request": {
      "method": "PUT",
      "url": "Procedure/942f444d-b944-4008-abf1-4644f5b713bc"
    }
  }, {
    "fullUrl": "https://madie.cms.gov/Procedure/e9f26b13-3678-492e-ae34-5e0b14d50aa9",
    "resource": {
      "resourceType": "Procedure",
      "id": "e9f26b13-3678-492e-ae34-5e0b14d50aa9",
      "meta": {
        "profile": [ "http://hl7.org/fhir/us/qicore/StructureDefinition/qicore-procedure" ]
      },
      "extension": [ {
        "url": "http://hl7.org/fhir/us/qicore/StructureDefinition/qicore-recorded",
        "valueDateTime": "2025-01-03T15:35:00.000Z"
      } ],
      "status": "completed",
      "code": {
        "coding": [ {
          "system": "http://www.ama-assn.org/go/cpt",
          "code": "96405"
        } ]
      },
      "subject": {
        "reference": "Patient/be20e6d8-f2f2-49d9-abc1-39e93ba36a1c"
      },
      "performedPeriod": {
        "start": "2025-01-03T15:00:00.000Z",
        "end": "2025-01-03T15:00:00.000Z"
      }
    },
    "request": {
      "method": "PUT",
      "url": "Procedure/e9f26b13-3678-492e-ae34-5e0b14d50aa9"
    }
  }, {
    "fullUrl": "https://madie.cms.gov/Organization/e4cff8e3-990c-4d76-89f5-271664ace422",
    "resource": {
      "resourceType": "Organization",
      "id": "e4cff8e3-990c-4d76-89f5-271664ace422",
      "meta": {
        "profile": [ "http://hl7.org/fhir/us/qicore/StructureDefinition/qicore-organization" ]
      },
      "identifier": [ {
        "use": "temp",
        "system": "urn:oid:2.16.840.1.113883.4.4",
        "value": "21-3259825"
      } ],
      "active": true,
      "type": [ {
        "coding": [ {
          "system": "http://terminology.hl7.org/CodeSystem/organization-type",
          "code": "pay",
          "display": "Payer"
        } ]
      } ],
      "name": "Blue Cross Blue Shield of Texas",
      "telecom": [ {
        "system": "phone",
        "value": "(+1) 972-766-6900"
      } ],
      "address": [ {
        "use": "billing",
        "type": "postal",
        "line": [ "P.O. Box 660044" ],
        "city": "Dallas",
        "state": "TX",
        "postalCode": "75266-0044",
        "country": "USA"
      } ]
    },
    "request": {
      "method": "PUT",
      "url": "Organization/e4cff8e3-990c-4d76-89f5-271664ace422"
    }
  }, {
    "fullUrl": "https://madie.cms.gov/Practitioner/6f2af927-d7c7-438f-9f6d-b2245ba58a16",
    "resource": {
      "resourceType": "Practitioner",
      "id": "6f2af927-d7c7-438f-9f6d-b2245ba58a16",
      "meta": {
        "profile": [ "http://hl7.org/fhir/us/qicore/StructureDefinition/qicore-practitioner" ]
      },
      "identifier": [ {
        "system": "http://hl7.org/fhir/sid/us-npi",
        "value": "123456"
      } ],
      "name": [ {
        "family": "Evil",
        "prefix": [ "Dr" ]
      } ]
    },
    "request": {
      "method": "PUT",
      "url": "Practitioner/6f2af927-d7c7-438f-9f6d-b2245ba58a16"
    }
  }, {
    "fullUrl": "https://madie.cms.gov/MeasureReport/1b059127-aba3-4d8c-9195-42e6b60a6560",
    "resource": {
      "resourceType": "MeasureReport",
      "id": "1b059127-aba3-4d8c-9195-42e6b60a6560",
      "meta": {
        "profile": [ "http://hl7.org/fhir/us/cqfmeasures/StructureDefinition/test-case-cqfm" ]
      },
      "contained": [ {
        "resourceType": "Parameters",
        "id": "45e436f8-266b-48a2-ae06-bcf31e017281-parameters",
        "parameter": [ {
          "name": "subject",
          "valueString": "be20e6d8-f2f2-49d9-abc1-39e93ba36a1c"
        } ]
      } ],
      "extension": [ {
        "url": "http://hl7.org/fhir/StructureDefinition/cqf-inputParameters",
        "valueReference": {
          "reference": "#45e436f8-266b-48a2-ae06-bcf31e017281-parameters"
        }
      }, {
        "url": "http://hl7.org/fhir/us/cqfmeasures/StructureDefinition/cqfm-testCaseDescription",
        "valueMarkdown": "Patient with cancer diagnosis that overlaps the office visit. Office visit occurs after the measurement period."
      } ],
      "modifierExtension": [ {
        "url": "http://hl7.org/fhir/us/cqfmeasures/StructureDefinition/cqfm-isTestCase",
        "valueBoolean": true
      } ],
      "status": "complete",
      "type": "individual",
      "measure": "https://madie.cms.gov/Measure/OncologyPainIntensityQuantifiedFHIR",
      "period": {
        "start": "2026-01-01",
        "end": "2026-12-31"
      },
      "group": [ {
        "id": "Group_1",
        "population": [ {
          "id": "InitialPopulation_1",
          "code": {
            "coding": [ {
              "system": "http://terminology.hl7.org/CodeSystem/measure-population",
              "code": "initial-population",
              "display": "Initial Population"
            } ]
          },
          "count": 0
        }, {
          "id": "Denominator_1",
          "code": {
            "coding": [ {
              "system": "http://terminology.hl7.org/CodeSystem/measure-population",
              "code": "denominator",
              "display": "Denominator"
            } ]
          },
          "count": 0
        }, {
          "id": "Numerator_1",
          "code": {
            "coding": [ {
              "system": "http://terminology.hl7.org/CodeSystem/measure-population",
              "code": "numerator",
              "display": "Numerator"
            } ]
          },
          "count": 0
        } ],
        "measureScore": {
          "value": 0.0
        }
      }, {
        "id": "Group_2",
        "population": [ {
          "id": "InitialPopulation_2",
          "code": {
            "coding": [ {
              "system": "http://terminology.hl7.org/CodeSystem/measure-population",
              "code": "initial-population",
              "display": "Initial Population"
            } ]
          },
          "count": 0
        }, {
          "id": "Denominator_2",
          "code": {
            "coding": [ {
              "system": "http://terminology.hl7.org/CodeSystem/measure-population",
              "code": "denominator",
              "display": "Denominator"
            } ]
          },
          "count": 0
        }, {
          "id": "Numerator_2",
          "code": {
            "coding": [ {
              "system": "http://terminology.hl7.org/CodeSystem/measure-population",
              "code": "numerator",
              "display": "Numerator"
            } ]
          },
          "count": 0
        } ],
        "measureScore": {
          "value": 0.0
        }
      } ],
      "evaluatedResource": [ {
        "reference": "Patient/be20e6d8-f2f2-49d9-abc1-39e93ba36a1c"
      }, {
        "reference": "Condition/9b6f385e-4213-46e4-9ec8-26c70f787118"
      }, {
        "reference": "Encounter/2c97d44d-1e49-4f1d-ad11-0505e34a8215"
      }, {
        "reference": "Coverage/54974eb3-f93f-4b34-8c98-03d3f7da13c5"
      }, {
        "reference": "Procedure/942f444d-b944-4008-abf1-4644f5b713bc"
      }, {
        "reference": "Procedure/e9f26b13-3678-492e-ae34-5e0b14d50aa9"
      }, {
        "reference": "Organization/e4cff8e3-990c-4d76-89f5-271664ace422"
      }, {
        "reference": "Practitioner/6f2af927-d7c7-438f-9f6d-b2245ba58a16"
      } ]
    },
    "request": {
      "method": "PUT",
      "url": "MeasureReport/1b059127-aba3-4d8c-9195-42e6b60a6560"
    }
  } ]
}