{
  "resourceType": "Bundle",
  "id": "131313413131",
  "type": "transaction",
  "entry": [ {
    "fullUrl": "https://madie.cms.gov/Patient/a245856e-f7bf-46a8-8742-f84d87c6d5ef",
    "resource": {
      "resourceType": "Patient",
      "id": "a245856e-f7bf-46a8-8742-f84d87c6d5ef",
      "meta": {
        "profile": [ "http://hl7.org/fhir/us/qicore/StructureDefinition/qicore-patient" ]
      },
      "extension": [ {
        "url": "http://hl7.org/fhir/us/core/StructureDefinition/us-core-race",
        "extension": [ {
          "url": "ombCategory",
          "valueCoding": {
            "system": "urn:oid:2.16.840.1.113883.6.238",
            "code": "2054-5",
            "display": "Black or African American"
          }
        }, {
          "url": "text",
          "valueString": "Black or African American"
        } ]
      }, {
        "url": "http://hl7.org/fhir/us/core/StructureDefinition/us-core-ethnicity",
        "extension": [ {
          "url": "ombCategory",
          "valueCoding": {
            "system": "urn:oid:2.16.840.1.113883.6.238",
            "code": "2186-5",
            "display": "Not Hispanic or Latino"
          }
        }, {
          "url": "text",
          "valueString": "Not Hispanic or Latino"
        } ]
      } ],
      "identifier": [ {
        "type": {
          "coding": [ {
            "system": "http://terminology.hl7.org/CodeSystem/v2-0203",
            "code": "MR"
          } ]
        },
        "system": "https://bonnie-fhir.healthit.gov/",
        "value": "1313143543131"
      } ],
      "active": true,
      "name": [ {
        "use": "usual",
        "family": "DENEXCEPFail",
        "given": [ "ArrhythmiaAfterLastEnc" ]
      } ],
      "gender": "male",
      "birthDate": "1948-02-03"
    },
    "request": {
      "method": "PUT",
      "url": "Patient/a245856e-f7bf-46a8-8742-f84d87c6d5ef"
    }
  }, {
    "fullUrl": "https://madie.cms.gov/Encounter/dd43ff17-2359-4a0b-bbf5-be45f51ba39c",
    "resource": {
      "resourceType": "Encounter",
      "id": "dd43ff17-2359-4a0b-bbf5-be45f51ba39c",
      "meta": {
        "profile": [ "http://hl7.org/fhir/us/qicore/StructureDefinition/qicore-encounter" ]
      },
      "status": "finished",
      "class": {
        "system": "http://terminology.hl7.org/CodeSystem/v3-ActCode",
        "code": "AMB",
        "display": "ambulatory"
      },
      "type": [ {
        "coding": [ {
          "system": "http://www.ama-assn.org/go/cpt",
          "version": "2024",
          "code": "99213"
        } ]
      } ],
      "subject": {
        "reference": "Patient/a245856e-f7bf-46a8-8742-f84d87c6d5ef"
      },
      "period": {
        "start": "2026-05-25T14:20:00.000+00:00",
        "end": "2026-05-25T14:40:00.000+00:00"
      }
    },
    "request": {
      "method": "PUT",
      "url": "Encounter/dd43ff17-2359-4a0b-bbf5-be45f51ba39c"
    }
  }, {
    "fullUrl": "https://madie.cms.gov/Encounter/1fc3423c-301d-4840-8cf3-2fbb1715166e",
    "resource": {
      "resourceType": "Encounter",
      "id": "1fc3423c-301d-4840-8cf3-2fbb1715166e",
      "meta": {
        "profile": [ "http://hl7.org/fhir/us/qicore/StructureDefinition/qicore-encounter" ]
      },
      "status": "finished",
      "class": {
        "system": "http://terminology.hl7.org/CodeSystem/v3-ActCode",
        "code": "AMB",
        "display": "ambulatory"
      },
      "type": [ {
        "coding": [ {
          "system": "http://www.ama-assn.org/go/cpt",
          "version": "2024",
          "code": "99212"
        } ]
      } ],
      "subject": {
        "reference": "Patient/a245856e-f7bf-46a8-8742-f84d87c6d5ef"
      },
      "period": {
        "start": "2026-09-05T23:30:00.000+00:00",
        "end": "2026-09-06T11:50:00.000+00:00"
      }
    },
    "request": {
      "method": "PUT",
      "url": "Encounter/1fc3423c-301d-4840-8cf3-2fbb1715166e"
    }
  }, {
    "fullUrl": "https://madie.cms.gov/Condition/8b0d1d15-3602-4096-8870-206755411b9e",
    "resource": {
      "resourceType": "Condition",
      "id": "8b0d1d15-3602-4096-8870-206755411b9e",
      "meta": {
        "profile": [ "http://hl7.org/fhir/us/qicore/StructureDefinition/qicore-condition-problems-health-concerns" ]
      },
      "clinicalStatus": {
        "coding": [ {
          "system": "http://terminology.hl7.org/CodeSystem/condition-clinical",
          "code": "active",
          "display": "active"
        } ]
      },
      "verificationStatus": {
        "coding": [ {
          "system": "http://terminology.hl7.org/CodeSystem/condition-ver-status",
          "code": "confirmed",
          "display": "Confirmed"
        } ]
      },
      "category": [ {
        "coding": [ {
          "system": "http://terminology.hl7.org/CodeSystem/condition-category",
          "code": "problem-list-item",
          "display": "problem list item"
        } ]
      } ],
      "code": {
        "coding": [ {
          "system": "http://snomed.info/sct",
          "version": "http://snomed.info/sct/731000124108/version/20240301",
          "code": "364006"
        } ]
      },
      "subject": {
        "reference": "Patient/a245856e-f7bf-46a8-8742-f84d87c6d5ef"
      },
      "onsetPeriod": {
        "start": "2026-06-27T10:00:00.000+00:00"
      }
    },
    "request": {
      "method": "PUT",
      "url": "Condition/8b0d1d15-3602-4096-8870-206755411b9e"
    }
  }, {
    "fullUrl": "https://madie.cms.gov/Condition/f3396e41-0690-43d1-bb38-8b1d3a4ee3d5",
    "resource": {
      "resourceType": "Condition",
      "id": "f3396e41-0690-43d1-bb38-8b1d3a4ee3d5",
      "meta": {
        "profile": [ "http://hl7.org/fhir/us/qicore/StructureDefinition/qicore-condition-problems-health-concerns" ]
      },
      "clinicalStatus": {
        "coding": [ {
          "system": "http://terminology.hl7.org/CodeSystem/condition-clinical",
          "code": "active",
          "display": "active"
        } ]
      },
      "verificationStatus": {
        "coding": [ {
          "system": "http://terminology.hl7.org/CodeSystem/condition-ver-status",
          "code": "confirmed",
          "display": "Confirmed"
        } ]
      },
      "category": [ {
        "coding": [ {
          "system": "http://terminology.hl7.org/CodeSystem/condition-category",
          "code": "problem-list-item",
          "display": "problem list item"
        } ]
      } ],
      "severity": {
        "coding": [ {
          "system": "http://snomed.info/sct",
          "version": "http://snomed.info/sct/731000124108/version/20240301",
          "code": "24484000",
          "display": "Severe (severity modifier) (qualifier value)"
        } ]
      },
      "code": {
        "coding": [ {
          "system": "http://snomed.info/sct",
          "version": "http://snomed.info/sct/731000124108/version/20240301",
          "code": "134401001",
          "display": "Left ventricular systolic dysfunction (disorder)"
        } ]
      },
      "subject": {
        "reference": "Patient/a245856e-f7bf-46a8-8742-f84d87c6d5ef"
      },
      "onsetPeriod": {
        "start": "2026-08-11T23:50:00.000+00:00"
      }
    },
    "request": {
      "method": "PUT",
      "url": "Condition/f3396e41-0690-43d1-bb38-8b1d3a4ee3d5"
    }
  }, {
    "fullUrl": "https://madie.cms.gov/Observation/b01959ed-3dbe-4b3c-82f6-0ad610ecf809",
    "resource": {
      "resourceType": "Observation",
      "id": "b01959ed-3dbe-4b3c-82f6-0ad610ecf809",
      "meta": {
        "profile": [ "http://hl7.org/fhir/us/core/StructureDefinition/us-core-heart-rate" ]
      },
      "status": "final",
      "category": [ {
        "coding": [ {
          "system": "http://terminology.hl7.org/CodeSystem/observation-category",
          "code": "imaging",
          "display": "Imaging"
        } ]
      }, {
        "coding": [ {
          "system": "http://terminology.hl7.org/CodeSystem/observation-category",
          "code": "vital-signs",
          "display": "Vital signs"
        } ]
      } ],
      "code": {
        "coding": [ {
          "system": "http://loinc.org",
          "version": "2.76",
          "code": "8867-4"
        } ]
      },
      "subject": {
        "reference": "Patient/a245856e-f7bf-46a8-8742-f84d87c6d5ef"
      },
      "effectiveDateTime": "2026-09-05T11:50:00.000+00:00",
      "valueQuantity": {
        "value": 30,
        "unit": "/min",
        "system": "http://unitsofmeasure.org",
        "code": "/min"
      }
    },
    "request": {
      "method": "PUT",
      "url": "Observation/b01959ed-3dbe-4b3c-82f6-0ad610ecf809"
    }
  }, {
    "fullUrl": "https://madie.cms.gov/MeasureReport/1acd6d18-ec01-4a01-a25c-454476a7ce5b",
    "resource": {
      "resourceType": "MeasureReport",
      "id": "1acd6d18-ec01-4a01-a25c-454476a7ce5b",
      "meta": {
        "profile": [ "http://hl7.org/fhir/us/cqfmeasures/StructureDefinition/test-case-cqfm" ]
      },
      "contained": [ {
        "resourceType": "Parameters",
        "id": "4fc0794a-e3ff-49b5-b543-52967caa219d-parameters",
        "parameter": [ {
          "name": "subject",
          "valueString": "a245856e-f7bf-46a8-8742-f84d87c6d5ef"
        } ]
      } ],
      "extension": [ {
        "url": "http://hl7.org/fhir/StructureDefinition/cqf-inputParameters",
        "valueReference": {
          "reference": "#4fc0794a-e3ff-49b5-b543-52967caa219d-parameters"
        }
      }, {
        "url": "http://hl7.org/fhir/us/cqfmeasures/StructureDefinition/cqfm-testCaseDescription",
        "valueMarkdown": "Patient with arrhythmia starting after last encounter in measurement period. Patient not excepted due to arrhythmia diagnosis after encounter."
      } ],
      "modifierExtension": [ {
        "url": "http://hl7.org/fhir/us/cqfmeasures/StructureDefinition/cqfm-isTestCase",
        "valueBoolean": true
      } ],
      "status": "complete",
      "type": "individual",
      "measure": "https://madie.cms.gov/Measure/CMS144FHIRHFBetaBlockerTherapyforLVSD",
      "period": {
        "start": "2026-01-01",
        "end": "2026-12-31"
      },
      "group": [ {
        "id": "Group_1",
        "population": [ {
          "id": "InitialPopulation_1",
          "code": {
            "coding": [ {
              "system": "http://terminology.hl7.org/CodeSystem/measure-population",
              "code": "initial-population",
              "display": "Initial Population"
            } ]
          },
          "count": 1
        }, {
          "id": "Denominator_1",
          "code": {
            "coding": [ {
              "system": "http://terminology.hl7.org/CodeSystem/measure-population",
              "code": "denominator",
              "display": "Denominator"
            } ]
          },
          "count": 1
        }, {
          "id": "DenominatorExclusion_1",
          "code": {
            "coding": [ {
              "system": "http://terminology.hl7.org/CodeSystem/measure-population",
              "code": "denominator-exclusion",
              "display": "Denominator Exclusion"
            } ]
          },
          "count": 0
        }, {
          "id": "Numerator_1",
          "code": {
            "coding": [ {
              "system": "http://terminology.hl7.org/CodeSystem/measure-population",
              "code": "numerator",
              "display": "Numerator"
            } ]
          },
          "count": 0
        }, {
          "id": "DenominatorException_1",
          "code": {
            "coding": [ {
              "system": "http://terminology.hl7.org/CodeSystem/measure-population",
              "code": "denominator-exception",
              "display": "Denominator Exception"
            } ]
          },
          "count": 0
        } ],
        "measureScore": {
          "value": 1.0
        }
      } ],
      "evaluatedResource": [ {
        "reference": "Patient/a245856e-f7bf-46a8-8742-f84d87c6d5ef"
      }, {
        "reference": "Encounter/dd43ff17-2359-4a0b-bbf5-be45f51ba39c"
      }, {
        "reference": "Encounter/1fc3423c-301d-4840-8cf3-2fbb1715166e"
      }, {
        "reference": "Condition/8b0d1d15-3602-4096-8870-206755411b9e"
      }, {
        "reference": "Condition/f3396e41-0690-43d1-bb38-8b1d3a4ee3d5"
      }, {
        "reference": "Observation/b01959ed-3dbe-4b3c-82f6-0ad610ecf809"
      } ]
    },
    "request": {
      "method": "PUT",
      "url": "MeasureReport/1acd6d18-ec01-4a01-a25c-454476a7ce5b"
    }
  } ]
}