{
  "resourceType": "Bundle",
  "id": "71353541641654",
  "type": "transaction",
  "entry": [ {
    "fullUrl": "https://madie.cms.gov/Patient/cba5a449-1c45-4e11-ae0b-ba3974b410f7",
    "resource": {
      "resourceType": "Patient",
      "id": "cba5a449-1c45-4e11-ae0b-ba3974b410f7",
      "meta": {
        "profile": [ "http://hl7.org/fhir/us/qicore/StructureDefinition/qicore-patient" ]
      },
      "extension": [ {
        "url": "http://hl7.org/fhir/us/core/StructureDefinition/us-core-race",
        "extension": [ {
          "url": "ombCategory",
          "valueCoding": {
            "system": "urn:oid:2.16.840.1.113883.6.238",
            "code": "1002-5",
            "display": "American Indian or Alaska Native"
          }
        }, {
          "url": "text",
          "valueString": "American Indian or Alaska Native"
        } ]
      }, {
        "url": "http://hl7.org/fhir/us/core/StructureDefinition/us-core-ethnicity",
        "extension": [ {
          "url": "ombCategory",
          "valueCoding": {
            "system": "urn:oid:2.16.840.1.113883.6.238",
            "code": "2135-2",
            "display": "Hispanic or Latino"
          }
        }, {
          "url": "text",
          "valueString": "Hispanic or Latino"
        } ]
      } ],
      "identifier": [ {
        "type": {
          "coding": [ {
            "system": "http://terminology.hl7.org/CodeSystem/v2-0203",
            "code": "MR"
          } ]
        },
        "system": "https://bonnie-fhir.healthit.gov/",
        "value": "9871563684351313"
      } ],
      "name": [ {
        "family": "NUMERFail",
        "given": [ "ACEARBActAfterEnc" ]
      } ],
      "gender": "female",
      "birthDate": "1933-01-21"
    },
    "request": {
      "method": "PUT",
      "url": "Patient/cba5a449-1c45-4e11-ae0b-ba3974b410f7"
    }
  }, {
    "fullUrl": "https://madie.cms.gov/Encounter/5d22ec48-5e38-4c88-bd21-4a915596b33f",
    "resource": {
      "resourceType": "Encounter",
      "id": "5d22ec48-5e38-4c88-bd21-4a915596b33f",
      "meta": {
        "profile": [ "http://hl7.org/fhir/us/qicore/StructureDefinition/qicore-encounter" ]
      },
      "status": "finished",
      "class": {
        "system": "http://terminology.hl7.org/CodeSystem/v3-ActCode",
        "code": "AMB",
        "display": "ambulatory"
      },
      "type": [ {
        "coding": [ {
          "system": "http://snomed.info/sct",
          "version": "http://snomed.info/sct/731000124108/version/20240301",
          "code": "185463005",
          "display": "Visit out of hours (procedure)"
        } ]
      } ],
      "subject": {
        "reference": "Patient/cba5a449-1c45-4e11-ae0b-ba3974b410f7"
      },
      "period": {
        "start": "2026-06-08T08:00:00.000+00:00",
        "end": "2026-06-08T08:15:00.000+00:00"
      }
    },
    "request": {
      "method": "PUT",
      "url": "Encounter/5d22ec48-5e38-4c88-bd21-4a915596b33f"
    }
  }, {
    "fullUrl": "https://madie.cms.gov/Encounter/b5e0409d-487e-4f6c-8ebb-129efaadd7af",
    "resource": {
      "resourceType": "Encounter",
      "id": "b5e0409d-487e-4f6c-8ebb-129efaadd7af",
      "meta": {
        "profile": [ "http://hl7.org/fhir/us/qicore/StructureDefinition/qicore-encounter" ]
      },
      "status": "finished",
      "class": {
        "system": "http://terminology.hl7.org/CodeSystem/v3-ActCode",
        "code": "AMB",
        "display": "ambulatory"
      },
      "type": [ {
        "coding": [ {
          "system": "http://snomed.info/sct",
          "version": "http://snomed.info/sct/731000124108/version/20240301",
          "code": "185316007",
          "display": "Indirect encounter (procedure)"
        } ]
      } ],
      "subject": {
        "reference": "Patient/cba5a449-1c45-4e11-ae0b-ba3974b410f7"
      },
      "period": {
        "start": "2026-07-17T08:00:00.000+00:00",
        "end": "2026-07-17T08:15:00.000+00:00"
      }
    },
    "request": {
      "method": "PUT",
      "url": "Encounter/b5e0409d-487e-4f6c-8ebb-129efaadd7af"
    }
  }, {
    "fullUrl": "https://madie.cms.gov/Condition/7d094b76-0091-455b-81b3-909092e3615b",
    "resource": {
      "resourceType": "Condition",
      "id": "7d094b76-0091-455b-81b3-909092e3615b",
      "meta": {
        "profile": [ "http://hl7.org/fhir/us/qicore/StructureDefinition/qicore-condition-problems-health-concerns" ]
      },
      "clinicalStatus": {
        "coding": [ {
          "system": "http://terminology.hl7.org/CodeSystem/condition-clinical",
          "code": "active",
          "display": "active"
        } ]
      },
      "verificationStatus": {
        "coding": [ {
          "system": "http://terminology.hl7.org/CodeSystem/condition-ver-status",
          "code": "confirmed",
          "display": "Confirmed"
        } ]
      },
      "category": [ {
        "coding": [ {
          "system": "http://terminology.hl7.org/CodeSystem/condition-category",
          "code": "problem-list-item",
          "display": "Problem List Item"
        } ]
      } ],
      "code": {
        "coding": [ {
          "system": "http://snomed.info/sct",
          "version": "http://snomed.info/sct/731000124108/version/20240301",
          "code": "10091002",
          "display": "High output heart failure (disorder)"
        } ]
      },
      "subject": {
        "reference": "Patient/cba5a449-1c45-4e11-ae0b-ba3974b410f7"
      },
      "onsetPeriod": {
        "start": "2026-06-08T08:00:00.000+00:00"
      }
    },
    "request": {
      "method": "PUT",
      "url": "Condition/7d094b76-0091-455b-81b3-909092e3615b"
    }
  }, {
    "fullUrl": "https://madie.cms.gov/Condition/75d60955-c72b-401b-83c8-1f2050b99fdf",
    "resource": {
      "resourceType": "Condition",
      "id": "75d60955-c72b-401b-83c8-1f2050b99fdf",
      "meta": {
        "profile": [ "http://hl7.org/fhir/us/qicore/StructureDefinition/qicore-condition-problems-health-concerns" ]
      },
      "clinicalStatus": {
        "coding": [ {
          "system": "http://terminology.hl7.org/CodeSystem/condition-clinical",
          "code": "active",
          "display": "active"
        } ]
      },
      "verificationStatus": {
        "coding": [ {
          "system": "http://terminology.hl7.org/CodeSystem/condition-ver-status",
          "code": "confirmed",
          "display": "Confirmed"
        } ]
      },
      "category": [ {
        "coding": [ {
          "system": "http://terminology.hl7.org/CodeSystem/condition-category",
          "code": "problem-list-item",
          "display": "Problem List Item"
        } ]
      } ],
      "code": {
        "coding": [ {
          "system": "http://snomed.info/sct",
          "version": "http://snomed.info/sct/731000124108/version/20240301",
          "code": "981000124106",
          "display": "Moderate left ventricular systolic dysfunction (disorder)"
        } ]
      },
      "subject": {
        "reference": "Patient/cba5a449-1c45-4e11-ae0b-ba3974b410f7"
      },
      "onsetPeriod": {
        "start": "2026-05-22T08:00:00.000+00:00"
      }
    },
    "request": {
      "method": "PUT",
      "url": "Condition/75d60955-c72b-401b-83c8-1f2050b99fdf"
    }
  }, {
    "fullUrl": "https://madie.cms.gov/MedicationRequest/0842de77-baff-435d-8332-3f61406ee6b7",
    "resource": {
      "resourceType": "MedicationRequest",
      "id": "0842de77-baff-435d-8332-3f61406ee6b7",
      "meta": {
        "profile": [ "http://hl7.org/fhir/us/qicore/StructureDefinition/qicore-medicationrequest" ]
      },
      "status": "completed",
      "intent": "order",
      "medicationReference": {
        "reference": "Medication/fb1d57b6-96fa-4bc6-9c70-3c984da3d53f"
      },
      "subject": {
        "reference": "Patient/cba5a449-1c45-4e11-ae0b-ba3974b410f7"
      },
      "authoredOn": "2026-06-15T08:00:00.000+00:00",
      "requester": {
        "reference": "Practitioner/58bff8b1-a812-455a-bc4e-8fc6af4bc9d9"
      }
    },
    "request": {
      "method": "PUT",
      "url": "MedicationRequest/0842de77-baff-435d-8332-3f61406ee6b7"
    }
  }, {
    "fullUrl": "https://madie.cms.gov/Practitioner/58bff8b1-a812-455a-bc4e-8fc6af4bc9d9",
    "resource": {
      "resourceType": "Practitioner",
      "id": "58bff8b1-a812-455a-bc4e-8fc6af4bc9d9",
      "meta": {
        "profile": [ "http://hl7.org/fhir/us/qicore/StructureDefinition/qicore-practitioner" ]
      },
      "identifier": [ {
        "use": "temp",
        "system": "urn:oid:2.16.840.1.113883.4.336",
        "value": "Practitioner-23"
      } ],
      "active": true,
      "name": [ {
        "family": "Careful",
        "given": [ "Adam" ],
        "prefix": [ "Dr" ]
      } ],
      "address": [ {
        "use": "home",
        "line": [ "534 Erewhon St" ],
        "city": "PleasantVille",
        "state": "UT",
        "postalCode": "84414"
      } ],
      "qualification": [ {
        "identifier": [ {
          "system": "http://goodhealthcare.org/UniversityIdentifier",
          "value": "12345"
        } ],
        "code": {
          "coding": [ {
            "system": "http://terminology.hl7.org/CodeSystem/v2-0360|2.7",
            "code": "BS",
            "display": "Bachelor of Science"
          } ],
          "text": "Bachelor of Science"
        },
        "period": {
          "start": "1996"
        },
        "issuer": {
          "display": "Good Healthcare"
        }
      } ]
    },
    "request": {
      "method": "PUT",
      "url": "Practitioner/58bff8b1-a812-455a-bc4e-8fc6af4bc9d9"
    }
  }, {
    "fullUrl": "https://madie.cms.gov/Medication/fb1d57b6-96fa-4bc6-9c70-3c984da3d53f",
    "resource": {
      "resourceType": "Medication",
      "id": "fb1d57b6-96fa-4bc6-9c70-3c984da3d53f",
      "meta": {
        "profile": [ "http://hl7.org/fhir/us/qicore/StructureDefinition/qicore-medication" ]
      },
      "code": {
        "coding": [ {
          "system": "http://www.nlm.nih.gov/research/umls/rxnorm",
          "version": "04012024",
          "code": "1000001",
          "display": "amlodipine 5 MG / hydrochlorothiazide 25 MG / olmesartan medoxomil 40 MG Oral Tablet"
        } ]
      }
    },
    "request": {
      "method": "PUT",
      "url": "Medication/fb1d57b6-96fa-4bc6-9c70-3c984da3d53f"
    }
  }, {
    "fullUrl": "https://madie.cms.gov/MeasureReport/1a33be59-ee46-4b91-841c-9bef5d189290",
    "resource": {
      "resourceType": "MeasureReport",
      "id": "1a33be59-ee46-4b91-841c-9bef5d189290",
      "meta": {
        "profile": [ "http://hl7.org/fhir/us/cqfmeasures/StructureDefinition/test-case-cqfm" ]
      },
      "contained": [ {
        "resourceType": "Parameters",
        "id": "c2f19b43-cbf4-444a-b2a5-f20fea20c322-parameters",
        "parameter": [ {
          "name": "subject",
          "valueString": "cba5a449-1c45-4e11-ae0b-ba3974b410f7"
        } ]
      } ],
      "extension": [ {
        "url": "http://hl7.org/fhir/StructureDefinition/cqf-inputParameters",
        "valueReference": {
          "reference": "#c2f19b43-cbf4-444a-b2a5-f20fea20c322-parameters"
        }
      }, {
        "url": "http://hl7.org/fhir/us/cqfmeasures/StructureDefinition/cqfm-testCaseDescription",
        "valueMarkdown": "Test case fails numerator because the Medication Request for Ace/Arb falls after Heart Failure encounter period"
      } ],
      "modifierExtension": [ {
        "url": "http://hl7.org/fhir/us/cqfmeasures/StructureDefinition/cqfm-isTestCase",
        "valueBoolean": true
      } ],
      "status": "complete",
      "type": "individual",
      "measure": "https://madie.cms.gov/Measure/CMS135FHIRHFACEIorARBorARNIforLVSD",
      "period": {
        "start": "2026-01-01",
        "end": "2026-12-31"
      },
      "group": [ {
        "id": "Group_1",
        "population": [ {
          "id": "InitialPopulation_1",
          "code": {
            "coding": [ {
              "system": "http://terminology.hl7.org/CodeSystem/measure-population",
              "code": "initial-population",
              "display": "Initial Population"
            } ]
          },
          "count": 1
        }, {
          "id": "Denominator_1",
          "code": {
            "coding": [ {
              "system": "http://terminology.hl7.org/CodeSystem/measure-population",
              "code": "denominator",
              "display": "Denominator"
            } ]
          },
          "count": 1
        }, {
          "id": "DenominatorExclusion_1",
          "code": {
            "coding": [ {
              "system": "http://terminology.hl7.org/CodeSystem/measure-population",
              "code": "denominator-exclusion",
              "display": "Denominator Exclusion"
            } ]
          },
          "count": 0
        }, {
          "id": "Numerator_1",
          "code": {
            "coding": [ {
              "system": "http://terminology.hl7.org/CodeSystem/measure-population",
              "code": "numerator",
              "display": "Numerator"
            } ]
          },
          "count": 0
        }, {
          "id": "DenominatorException_1",
          "code": {
            "coding": [ {
              "system": "http://terminology.hl7.org/CodeSystem/measure-population",
              "code": "denominator-exception",
              "display": "Denominator Exception"
            } ]
          },
          "count": 0
        } ],
        "measureScore": {
          "value": 1.0
        }
      } ],
      "evaluatedResource": [ {
        "reference": "Patient/cba5a449-1c45-4e11-ae0b-ba3974b410f7"
      }, {
        "reference": "Encounter/5d22ec48-5e38-4c88-bd21-4a915596b33f"
      }, {
        "reference": "Encounter/b5e0409d-487e-4f6c-8ebb-129efaadd7af"
      }, {
        "reference": "Condition/7d094b76-0091-455b-81b3-909092e3615b"
      }, {
        "reference": "Condition/75d60955-c72b-401b-83c8-1f2050b99fdf"
      }, {
        "reference": "MedicationRequest/0842de77-baff-435d-8332-3f61406ee6b7"
      }, {
        "reference": "Practitioner/58bff8b1-a812-455a-bc4e-8fc6af4bc9d9"
      }, {
        "reference": "Medication/fb1d57b6-96fa-4bc6-9c70-3c984da3d53f"
      } ]
    },
    "request": {
      "method": "PUT",
      "url": "MeasureReport/1a33be59-ee46-4b91-841c-9bef5d189290"
    }
  } ]
}