{
  "resourceType": "Bundle",
  "id": "610d828c37a47d6ac0116a12",
  "type": "transaction",
  "entry": [ {
    "fullUrl": "https://madie.cms.gov/Patient/38fba18c-6026-4777-b99b-75996d5968e3",
    "resource": {
      "resourceType": "Patient",
      "id": "38fba18c-6026-4777-b99b-75996d5968e3",
      "meta": {
        "profile": [ "http://hl7.org/fhir/us/qicore/StructureDefinition/qicore-patient" ]
      },
      "extension": [ {
        "url": "http://hl7.org/fhir/us/core/StructureDefinition/us-core-race",
        "extension": [ {
          "url": "ombCategory",
          "valueCoding": {
            "system": "urn:oid:2.16.840.1.113883.6.238",
            "code": "2028-9",
            "display": "Asian",
            "userSelected": true
          }
        }, {
          "url": "text",
          "valueString": "Asian"
        } ]
      }, {
        "url": "http://hl7.org/fhir/us/core/StructureDefinition/us-core-ethnicity",
        "extension": [ {
          "url": "ombCategory",
          "valueCoding": {
            "system": "urn:oid:2.16.840.1.113883.6.238",
            "code": "2186-5",
            "display": "Not Hispanic or Latino",
            "userSelected": true
          }
        }, {
          "url": "text",
          "valueString": "Not Hispanic or Latino"
        } ]
      } ],
      "identifier": [ {
        "type": {
          "coding": [ {
            "system": "http://terminology.hl7.org/CodeSystem/v2-0203",
            "code": "MR"
          } ]
        },
        "system": "https://goodhealth.com/",
        "value": "610d828c37a47d6ac0116a12"
      } ],
      "name": [ {
        "family": "DENEXCEPFail",
        "given": [ "AssessmentNotDonePatientReason1MinAfterEncEdge" ]
      } ],
      "gender": "female",
      "birthDate": "1991-01-05"
    },
    "request": {
      "method": "PUT",
      "url": "Patient/38fba18c-6026-4777-b99b-75996d5968e3"
    }
  }, {
    "fullUrl": "https://madie.cms.gov/Encounter/6f23c6bb-15fc-4276-a213-83c55995c3ba",
    "resource": {
      "resourceType": "Encounter",
      "id": "6f23c6bb-15fc-4276-a213-83c55995c3ba",
      "meta": {
        "profile": [ "http://hl7.org/fhir/us/qicore/StructureDefinition/qicore-encounter" ]
      },
      "status": "finished",
      "class": {
        "system": "http://terminology.hl7.org/CodeSystem/v3-ActCode",
        "code": "AMB",
        "display": "ambulatory",
        "userSelected": true
      },
      "type": [ {
        "coding": [ {
          "system": "http://www.ama-assn.org/go/cpt",
          "version": "2023",
          "code": "96116"
        } ]
      } ],
      "subject": {
        "reference": "Patient/38fba18c-6026-4777-b99b-75996d5968e3"
      },
      "period": {
        "start": "2026-08-01T07:00:00.000+00:00",
        "end": "2026-08-01T08:00:00.000+00:00"
      }
    },
    "request": {
      "method": "PUT",
      "url": "Encounter/6f23c6bb-15fc-4276-a213-83c55995c3ba"
    }
  }, {
    "fullUrl": "https://madie.cms.gov/Condition/aff71d24-2de4-468b-9ed6-f82ef6ca0e37",
    "resource": {
      "resourceType": "Condition",
      "id": "aff71d24-2de4-468b-9ed6-f82ef6ca0e37",
      "meta": {
        "profile": [ "http://hl7.org/fhir/us/qicore/StructureDefinition/qicore-condition-problems-health-concerns" ]
      },
      "clinicalStatus": {
        "coding": [ {
          "system": "http://terminology.hl7.org/CodeSystem/condition-clinical",
          "code": "active",
          "display": "active",
          "userSelected": true
        } ]
      },
      "category": [ {
        "coding": [ {
          "system": "http://terminology.hl7.org/CodeSystem/condition-clinical",
          "code": "active",
          "display": "active",
          "userSelected": true
        } ]
      } ],
      "code": {
        "coding": [ {
          "system": "http://snomed.info/sct",
          "version": "http://snomed.info/sct/731000124108/version/20230301",
          "code": "425390006",
          "display": "Dementia associated with Parkinson's Disease (disorder)"
        } ]
      },
      "subject": {
        "reference": "Patient/38fba18c-6026-4777-b99b-75996d5968e3"
      },
      "onsetDateTime": "2025-01-06T08:00:00.000+00:00",
      "recordedDate": "2025-01-08T08:00:00.000+00:00"
    },
    "request": {
      "method": "PUT",
      "url": "Condition/aff71d24-2de4-468b-9ed6-f82ef6ca0e37"
    }
  }, {
    "fullUrl": "https://madie.cms.gov/Encounter/99691a03-458d-4b9e-a3c3-fa1457850999",
    "resource": {
      "resourceType": "Encounter",
      "id": "99691a03-458d-4b9e-a3c3-fa1457850999",
      "meta": {
        "profile": [ "http://hl7.org/fhir/us/qicore/StructureDefinition/qicore-encounter" ]
      },
      "status": "finished",
      "class": {
        "system": "http://terminology.hl7.org/CodeSystem/v3-ActCode",
        "code": "AMB",
        "display": "ambulatory",
        "userSelected": true
      },
      "type": [ {
        "coding": [ {
          "system": "http://snomed.info/sct",
          "version": "http://snomed.info/sct/731000124108/version/20230301",
          "code": "228653003",
          "display": "Occupational therapy home visit (regime/therapy)"
        } ]
      } ],
      "subject": {
        "reference": "Patient/38fba18c-6026-4777-b99b-75996d5968e3"
      },
      "period": {
        "start": "2026-05-06T08:00:00.000+00:00",
        "end": "2026-05-06T08:15:00.000+00:00"
      }
    },
    "request": {
      "method": "PUT",
      "url": "Encounter/99691a03-458d-4b9e-a3c3-fa1457850999"
    }
  }, {
    "fullUrl": "https://madie.cms.gov/Procedure/a457ae84-041a-4733-b181-a96c20ce2541",
    "resource": {
      "resourceType": "Procedure",
      "id": "a457ae84-041a-4733-b181-a96c20ce2541",
      "meta": {
        "profile": [ "http://hl7.org/fhir/us/qicore/StructureDefinition/qicore-procedure" ]
      },
      "extension": [ {
        "url": "http://hl7.org/fhir/us/qicore/StructureDefinition/qicore-recorded",
        "valueDateTime": "2026-05-05T13:35:00.000+00:00"
      } ],
      "status": "completed",
      "category": {
        "coding": [ {
          "system": "http://loinc.org",
          "version": "2.73",
          "code": "58151-2",
          "display": "Prior assessment Brief Interview for Mental Status (BIMS) summary score [MDSv3]",
          "userSelected": true
        } ]
      },
      "code": {
        "coding": [ {
          "system": "http://snomed.info/sct",
          "version": "http://snomed.info/sct/731000124108/version/202303",
          "code": "113024001",
          "display": "Assessment and interpretation of higher cerebral function, cognitive testing (procedure)",
          "userSelected": true
        } ]
      },
      "subject": {
        "reference": "Patient/38fba18c-6026-4777-b99b-75996d5968e3"
      },
      "encounter": {
        "reference": "Encounter/home-healthcare-services-8b61"
      },
      "performedDateTime": "2026-05-06T08:00:00.000+00:00"
    },
    "request": {
      "method": "PUT",
      "url": "Procedure/a457ae84-041a-4733-b181-a96c20ce2541"
    }
  }, {
    "fullUrl": "https://madie.cms.gov/Observation/e9869c26-7e07-45aa-b294-bc5a060bb83f",
    "resource": {
      "resourceType": "Observation",
      "id": "e9869c26-7e07-45aa-b294-bc5a060bb83f",
      "meta": {
        "profile": [ "http://hl7.org/fhir/us/qicore/StructureDefinition/qicore-observationcancelled" ]
      },
      "extension": [ {
        "url": "http://hl7.org/fhir/us/qicore/StructureDefinition/qicore-notDoneReason",
        "valueCodeableConcept": {
          "coding": [ {
            "system": "http://snomed.info/sct",
            "version": "http://snomed.info/sct/731000124108/version/20230301",
            "code": "275936005",
            "display": "Patient noncompliance - general (situation)"
          } ]
        }
      } ],
      "status": "cancelled",
      "category": [ {
        "coding": [ {
          "system": "http://snomed.info/sct",
          "version": "http://snomed.info/sct/731000124108/version/202303",
          "code": "113024001",
          "display": "Assessment and interpretation of higher cerebral function, cognitive testing (procedure)",
          "userSelected": true
        } ]
      } ],
      "code": {
        "coding": [ {
          "system": "http://snomed.info/sct",
          "version": "http://snomed.info/sct/731000124108/version/202303",
          "code": "113024001",
          "display": "Assessment and interpretation of higher cerebral function, cognitive testing (procedure)"
        } ]
      },
      "subject": {
        "reference": "Patient/38fba18c-6026-4777-b99b-75996d5968e3"
      },
      "effectiveDateTime": "2026-05-07T08:00:00.000+00:00",
      "issued": "2026-08-02T08:01:00.000+00:00"
    },
    "request": {
      "method": "PUT",
      "url": "Observation/e9869c26-7e07-45aa-b294-bc5a060bb83f"
    }
  }, {
    "fullUrl": "https://madie.cms.gov/MeasureReport/b888fd1d-290a-4cb5-9d57-770da13b9ca3",
    "resource": {
      "resourceType": "MeasureReport",
      "id": "b888fd1d-290a-4cb5-9d57-770da13b9ca3",
      "meta": {
        "profile": [ "http://hl7.org/fhir/us/cqfmeasures/StructureDefinition/test-case-cqfm" ]
      },
      "contained": [ {
        "resourceType": "Parameters",
        "id": "2e0af8f0-562a-42e0-86d6-cc159fc6a293-parameters",
        "parameter": [ {
          "name": "subject",
          "valueString": "38fba18c-6026-4777-b99b-75996d5968e3"
        } ]
      } ],
      "extension": [ {
        "url": "http://hl7.org/fhir/StructureDefinition/cqf-inputParameters",
        "valueReference": {
          "reference": "#2e0af8f0-562a-42e0-86d6-cc159fc6a293-parameters"
        }
      }, {
        "url": "http://hl7.org/fhir/us/cqfmeasures/StructureDefinition/cqfm-testCaseDescription",
        "valueMarkdown": "Patient has Dementia Dx, 2 qualifying encounters and Patient Reason documented for not performing Assessment however documentation is done 1 day after end of encounter."
      } ],
      "modifierExtension": [ {
        "url": "http://hl7.org/fhir/us/cqfmeasures/StructureDefinition/cqfm-isTestCase",
        "valueBoolean": true
      } ],
      "status": "complete",
      "type": "individual",
      "measure": "https://madie.cms.gov/Measure/CMS149FHIRDementiaCognitiveAssessment",
      "period": {
        "start": "2026-01-01",
        "end": "2026-12-31"
      },
      "group": [ {
        "id": "Group_1",
        "population": [ {
          "id": "InitialPopulation_1",
          "code": {
            "coding": [ {
              "system": "http://terminology.hl7.org/CodeSystem/measure-population",
              "code": "initial-population",
              "display": "Initial Population"
            } ]
          },
          "count": 1
        }, {
          "id": "Denominator_1",
          "code": {
            "coding": [ {
              "system": "http://terminology.hl7.org/CodeSystem/measure-population",
              "code": "denominator",
              "display": "Denominator"
            } ]
          },
          "count": 1
        }, {
          "id": "Numerator_1",
          "code": {
            "coding": [ {
              "system": "http://terminology.hl7.org/CodeSystem/measure-population",
              "code": "numerator",
              "display": "Numerator"
            } ]
          },
          "count": 0
        }, {
          "id": "DenominatorException_1",
          "code": {
            "coding": [ {
              "system": "http://terminology.hl7.org/CodeSystem/measure-population",
              "code": "denominator-exception",
              "display": "Denominator Exception"
            } ]
          },
          "count": 0
        } ],
        "measureScore": {
          "value": 1.0
        }
      } ],
      "evaluatedResource": [ {
        "reference": "Patient/38fba18c-6026-4777-b99b-75996d5968e3"
      }, {
        "reference": "Encounter/6f23c6bb-15fc-4276-a213-83c55995c3ba"
      }, {
        "reference": "Condition/aff71d24-2de4-468b-9ed6-f82ef6ca0e37"
      }, {
        "reference": "Encounter/99691a03-458d-4b9e-a3c3-fa1457850999"
      }, {
        "reference": "Procedure/a457ae84-041a-4733-b181-a96c20ce2541"
      }, {
        "reference": "Observation/e9869c26-7e07-45aa-b294-bc5a060bb83f"
      } ]
    },
    "request": {
      "method": "PUT",
      "url": "MeasureReport/b888fd1d-290a-4cb5-9d57-770da13b9ca3"
    }
  } ]
}