{
  "resourceType": "Bundle",
  "id": "61095b0998086b53805591a5",
  "type": "transaction",
  "entry": [ {
    "fullUrl": "https://madie.cms.gov/Patient/f0babb79-c62b-44ef-88e4-c3f47caefab2",
    "resource": {
      "resourceType": "Patient",
      "id": "f0babb79-c62b-44ef-88e4-c3f47caefab2",
      "meta": {
        "profile": [ "http://hl7.org/fhir/us/qicore/StructureDefinition/qicore-patient" ]
      },
      "text": {
        "status": "generated",
        "div": "<div xmlns=\"http://www.w3.org/1999/xhtml\"><div class=\"hapiHeaderText\">Age@18 <b>DENOMPASS </b></div><table class=\"hapiPropertyTable\"><tbody><tr><td>Identifier</td><td>67f3e33acf17bcb386e754d726ed064ccd48ba21ff0ffb2eb678740a684398be</td></tr><tr><td>Date of birth</td><td><span>01 January 1994</span></td></tr></tbody></table></div>"
      },
      "extension": [ {
        "url": "http://hl7.org/fhir/us/core/StructureDefinition/us-core-race",
        "extension": [ {
          "url": "ombCategory",
          "valueCoding": {
            "system": "urn:oid:2.16.840.1.113883.6.238",
            "code": "1002-5",
            "display": "American Indian or Alaska Native",
            "userSelected": true
          }
        }, {
          "url": "text",
          "valueString": "American Indian or Alaska Native"
        } ]
      }, {
        "url": "http://hl7.org/fhir/us/core/StructureDefinition/us-core-ethnicity",
        "extension": [ {
          "url": "ombCategory",
          "valueCoding": {
            "system": "urn:oid:2.16.840.1.113883.6.238",
            "code": "2135-2",
            "display": "Hispanic or Latino",
            "userSelected": true
          }
        }, {
          "url": "text",
          "valueString": "Hispanic or Latino"
        } ]
      } ],
      "identifier": [ {
        "type": {
          "coding": [ {
            "system": "http://terminology.hl7.org/CodeSystem/v2-0203",
            "code": "MR"
          } ]
        },
        "system": "https://bonnie-fhir.healthit.gov/",
        "value": "61095b0998086b53805591a5"
      } ],
      "active": true,
      "name": [ {
        "use": "usual",
        "family": "DENEXPASS",
        "given": [ "OpenWoundofEyeballWithCatSurg" ]
      } ],
      "gender": "female",
      "birthDate": "1996-01-01"
    },
    "request": {
      "method": "PUT",
      "url": "Patient/f0babb79-c62b-44ef-88e4-c3f47caefab2"
    }
  }, {
    "fullUrl": "https://madie.cms.gov/Observation/9beb6190-d7d0-446d-8ff6-a751f6ca5795",
    "resource": {
      "resourceType": "Observation",
      "id": "9beb6190-d7d0-446d-8ff6-a751f6ca5795",
      "meta": {
        "profile": [ "http://hl7.org/fhir/us/qicore/StructureDefinition/qicore-observation-clinical-result" ]
      },
      "status": "final",
      "category": [ {
        "coding": [ {
          "system": "http://terminology.hl7.org/CodeSystem/observation-category",
          "code": "exam",
          "display": "exam"
        } ]
      } ],
      "code": {
        "coding": [ {
          "system": "http://snomed.info/sct",
          "code": "419775003"
        } ]
      },
      "subject": {
        "reference": "Patient/f0babb79-c62b-44ef-88e4-c3f47caefab2"
      },
      "effectivePeriod": {
        "start": "2026-03-13T09:00:00+00:00",
        "end": "2026-03-13T09:30:00+00:00"
      }
    },
    "request": {
      "method": "PUT",
      "url": "Observation/9beb6190-d7d0-446d-8ff6-a751f6ca5795"
    }
  }, {
    "fullUrl": "https://madie.cms.gov/Procedure/d9bdde83-d636-4365-8ed2-c72a930dada5",
    "resource": {
      "resourceType": "Procedure",
      "id": "d9bdde83-d636-4365-8ed2-c72a930dada5",
      "meta": {
        "profile": [ "http://hl7.org/fhir/us/qicore/StructureDefinition/qicore-procedure" ]
      },
      "extension": [ {
        "url": "http://hl7.org/fhir/us/qicore/StructureDefinition/qicore-recorded",
        "valueDateTime": "2026-03-05T09:35:00-04:00"
      } ],
      "status": "completed",
      "code": {
        "coding": [ {
          "system": "http://snomed.info/sct",
          "code": "84149000"
        } ]
      },
      "subject": {
        "reference": "Patient/f0babb79-c62b-44ef-88e4-c3f47caefab2"
      },
      "performedPeriod": {
        "start": "2026-03-05T09:20:00-04:00",
        "end": "2026-04-05T10:30:00-04:00"
      }
    },
    "request": {
      "method": "PUT",
      "url": "Procedure/d9bdde83-d636-4365-8ed2-c72a930dada5"
    }
  }, {
    "fullUrl": "https://madie.cms.gov/Condition/069dc131-6bd3-4385-b92a-b2057010ad8a",
    "resource": {
      "resourceType": "Condition",
      "id": "069dc131-6bd3-4385-b92a-b2057010ad8a",
      "meta": {
        "profile": [ "http://hl7.org/fhir/us/qicore/StructureDefinition/qicore-condition-encounter-diagnosis" ]
      },
      "clinicalStatus": {
        "coding": [ {
          "system": "http://terminology.hl7.org/CodeSystem/condition-clinical",
          "code": "active",
          "display": "active",
          "userSelected": true
        } ]
      },
      "category": [ {
        "coding": [ {
          "system": "http://terminology.hl7.org/CodeSystem/condition-clinical",
          "code": "active",
          "display": "active",
          "userSelected": true
        } ]
      } ],
      "code": {
        "coding": [ {
          "system": "http://hl7.org/fhir/sid/icd-10-cm",
          "code": "S05.8X2A",
          "userSelected": true
        }, {
          "system": "http://snomed.info/sct",
          "code": "1869002",
          "userSelected": true
        } ]
      },
      "subject": {
        "reference": "Patient/f0babb79-c62b-44ef-88e4-c3f47caefab2"
      },
      "onsetDateTime": "2024-11-01T08:00:00.000+00:00"
    },
    "request": {
      "method": "PUT",
      "url": "Condition/069dc131-6bd3-4385-b92a-b2057010ad8a"
    }
  }, {
    "fullUrl": "https://madie.cms.gov/Coverage/59bdfca3-c2e8-4d82-94f0-c923c2c38f0b",
    "resource": {
      "resourceType": "Coverage",
      "id": "59bdfca3-c2e8-4d82-94f0-c923c2c38f0b",
      "meta": {
        "profile": [ "http://hl7.org/fhir/us/qicore/StructureDefinition/qicore-coverage" ]
      },
      "status": "active",
      "beneficiary": {
        "reference": "Patient/f0babb79-c62b-44ef-88e4-c3f47caefab2"
      },
      "payor": [ {
        "reference": "Organization/3ff38a7e-a493-4903-8ca7-5b20cce96acb"
      } ]
    },
    "request": {
      "method": "PUT",
      "url": "Coverage/59bdfca3-c2e8-4d82-94f0-c923c2c38f0b"
    }
  }, {
    "fullUrl": "https://madie.cms.gov/Organization/3ff38a7e-a493-4903-8ca7-5b20cce96acb",
    "resource": {
      "resourceType": "Organization",
      "id": "3ff38a7e-a493-4903-8ca7-5b20cce96acb",
      "meta": {
        "profile": [ "http://hl7.org/fhir/us/qicore/StructureDefinition/qicore-organization" ]
      },
      "identifier": [ {
        "use": "temp",
        "system": "urn:oid:2.16.840.1.113883.4.4",
        "value": "21-3259825"
      } ],
      "active": true,
      "type": [ {
        "coding": [ {
          "system": "http://terminology.hl7.org/CodeSystem/organization-type",
          "code": "pay",
          "display": "Payer"
        } ]
      } ],
      "name": "Blue Cross Blue Shield of Texas",
      "telecom": [ {
        "system": "phone",
        "value": "(+1) 972-766-6900"
      } ],
      "address": [ {
        "use": "billing",
        "type": "postal",
        "line": [ "P.O. Box 660044" ],
        "city": "Dallas",
        "state": "TX",
        "postalCode": "75266-0044",
        "country": "USA"
      } ]
    },
    "request": {
      "method": "PUT",
      "url": "Organization/3ff38a7e-a493-4903-8ca7-5b20cce96acb"
    }
  }, {
    "fullUrl": "https://madie.cms.gov/Practitioner/d066874b-d51b-4b7c-9db9-f38c11273e07",
    "resource": {
      "resourceType": "Practitioner",
      "id": "d066874b-d51b-4b7c-9db9-f38c11273e07",
      "meta": {
        "profile": [ "http://hl7.org/fhir/us/qicore/StructureDefinition/qicore-practitioner" ]
      },
      "identifier": [ {
        "system": "http://hl7.org/fhir/sid/us-npi",
        "value": "123456"
      } ],
      "name": [ {
        "family": "Evil",
        "prefix": [ "Dr" ]
      } ]
    },
    "request": {
      "method": "PUT",
      "url": "Practitioner/d066874b-d51b-4b7c-9db9-f38c11273e07"
    }
  }, {
    "fullUrl": "https://madie.cms.gov/MeasureReport/106158de-fd55-44d2-ae83-cf030d1fe6d5",
    "resource": {
      "resourceType": "MeasureReport",
      "id": "106158de-fd55-44d2-ae83-cf030d1fe6d5",
      "meta": {
        "profile": [ "http://hl7.org/fhir/us/cqfmeasures/StructureDefinition/test-case-cqfm" ]
      },
      "contained": [ {
        "resourceType": "Parameters",
        "id": "4497846d-677b-4222-b479-9b5c48792140-parameters",
        "parameter": [ {
          "name": "subject",
          "valueString": "f0babb79-c62b-44ef-88e4-c3f47caefab2"
        } ]
      } ],
      "extension": [ {
        "url": "http://hl7.org/fhir/StructureDefinition/cqf-inputParameters",
        "valueReference": {
          "reference": "#4497846d-677b-4222-b479-9b5c48792140-parameters"
        }
      }, {
        "url": "http://hl7.org/fhir/us/cqfmeasures/StructureDefinition/cqfm-testCaseDescription",
        "valueMarkdown": "Patient with Open Wound of Eyeball with cataract surgery. "
      } ],
      "modifierExtension": [ {
        "url": "http://hl7.org/fhir/us/cqfmeasures/StructureDefinition/cqfm-isTestCase",
        "valueBoolean": true
      } ],
      "status": "complete",
      "type": "individual",
      "measure": "https://madie.cms.gov/Measure/CMS133FHIRCataracts2040BCVAwithin90Days",
      "period": {
        "start": "2026-01-01",
        "end": "2026-12-31"
      },
      "group": [ {
        "id": "Group_1",
        "population": [ {
          "id": "InitialPopulation_1",
          "code": {
            "coding": [ {
              "system": "http://terminology.hl7.org/CodeSystem/measure-population",
              "code": "initial-population",
              "display": "Initial Population"
            } ]
          },
          "count": 1
        }, {
          "id": "Denominator_1",
          "code": {
            "coding": [ {
              "system": "http://terminology.hl7.org/CodeSystem/measure-population",
              "code": "denominator",
              "display": "Denominator"
            } ]
          },
          "count": 1
        }, {
          "id": "DenominatorExclusion_1",
          "code": {
            "coding": [ {
              "system": "http://terminology.hl7.org/CodeSystem/measure-population",
              "code": "denominator-exclusion",
              "display": "Denominator Exclusion"
            } ]
          },
          "count": 1
        }, {
          "id": "Numerator_1",
          "code": {
            "coding": [ {
              "system": "http://terminology.hl7.org/CodeSystem/measure-population",
              "code": "numerator",
              "display": "Numerator"
            } ]
          },
          "count": 0
        } ],
        "measureScore": {
          "value": 0.0
        }
      } ],
      "evaluatedResource": [ {
        "reference": "Patient/f0babb79-c62b-44ef-88e4-c3f47caefab2"
      }, {
        "reference": "Observation/9beb6190-d7d0-446d-8ff6-a751f6ca5795"
      }, {
        "reference": "Procedure/d9bdde83-d636-4365-8ed2-c72a930dada5"
      }, {
        "reference": "Condition/069dc131-6bd3-4385-b92a-b2057010ad8a"
      }, {
        "reference": "Coverage/59bdfca3-c2e8-4d82-94f0-c923c2c38f0b"
      }, {
        "reference": "Organization/3ff38a7e-a493-4903-8ca7-5b20cce96acb"
      }, {
        "reference": "Practitioner/d066874b-d51b-4b7c-9db9-f38c11273e07"
      } ]
    },
    "request": {
      "method": "PUT",
      "url": "MeasureReport/106158de-fd55-44d2-ae83-cf030d1fe6d5"
    }
  } ]
}