{
  "resourceType": "Bundle",
  "id": "46313213416131",
  "type": "transaction",
  "entry": [ {
    "fullUrl": "https://madie.cms.gov/Patient/9d197057-c39b-4799-ab3a-b81df7a6199b",
    "resource": {
      "resourceType": "Patient",
      "id": "9d197057-c39b-4799-ab3a-b81df7a6199b",
      "meta": {
        "profile": [ "http://hl7.org/fhir/us/qicore/StructureDefinition/qicore-patient" ]
      },
      "extension": [ {
        "url": "http://hl7.org/fhir/us/core/StructureDefinition/us-core-race",
        "extension": [ {
          "url": "ombCategory",
          "valueCoding": {
            "system": "urn:oid:2.16.840.1.113883.6.238",
            "code": "2076-8",
            "display": "Native Hawaiian or Other Pacific Islander"
          }
        }, {
          "url": "text",
          "valueString": "Native Hawaiian or Other Pacific Islander"
        } ]
      }, {
        "url": "http://hl7.org/fhir/us/core/StructureDefinition/us-core-ethnicity",
        "extension": [ {
          "url": "ombCategory",
          "valueCoding": {
            "system": "urn:oid:2.16.840.1.113883.6.238",
            "code": "2186-5",
            "display": "Not Hispanic or Latino"
          }
        }, {
          "url": "text",
          "valueString": "Not Hispanic or Latino"
        } ]
      } ],
      "identifier": [ {
        "type": {
          "coding": [ {
            "system": "http://terminology.hl7.org/CodeSystem/v2-0203",
            "code": "MR"
          } ]
        },
        "system": "https://bonnie-fhir.healthit.gov/",
        "value": "46431231346541"
      } ],
      "active": true,
      "name": [ {
        "use": "usual",
        "family": "DENEXPass",
        "given": [ "HasHeartTransplant" ]
      } ],
      "gender": "male",
      "birthDate": "1975-02-10"
    },
    "request": {
      "method": "PUT",
      "url": "Patient/9d197057-c39b-4799-ab3a-b81df7a6199b"
    }
  }, {
    "fullUrl": "https://madie.cms.gov/Encounter/b322bc50-44fc-4483-8dc5-3041a0fc2c0c",
    "resource": {
      "resourceType": "Encounter",
      "id": "b322bc50-44fc-4483-8dc5-3041a0fc2c0c",
      "meta": {
        "profile": [ "http://hl7.org/fhir/us/qicore/StructureDefinition/qicore-encounter" ]
      },
      "status": "finished",
      "class": {
        "system": "http://terminology.hl7.org/CodeSystem/v3-ActCode",
        "code": "AMB",
        "display": "ambulatory"
      },
      "type": [ {
        "coding": [ {
          "system": "http://www.ama-assn.org/go/cpt",
          "version": "2024",
          "code": "99213"
        } ]
      } ],
      "subject": {
        "reference": "Patient/9d197057-c39b-4799-ab3a-b81df7a6199b"
      },
      "period": {
        "start": "2026-04-14T14:40:00.000+00:00",
        "end": "2026-04-14T14:50:00.000+00:00"
      },
      "length": {
        "value": 0,
        "unit": "days"
      }
    },
    "request": {
      "method": "PUT",
      "url": "Encounter/b322bc50-44fc-4483-8dc5-3041a0fc2c0c"
    }
  }, {
    "fullUrl": "https://madie.cms.gov/Procedure/eac7f078-b02a-4f92-86d8-73f5a8d39b23",
    "resource": {
      "resourceType": "Procedure",
      "id": "eac7f078-b02a-4f92-86d8-73f5a8d39b23",
      "meta": {
        "profile": [ "http://hl7.org/fhir/us/qicore/StructureDefinition/qicore-procedure" ]
      },
      "extension": [ {
        "url": "http://hl7.org/fhir/us/qicore/StructureDefinition/qicore-recorded",
        "valueDateTime": "2025-06-05T12:20:00.000+00:00"
      } ],
      "status": "completed",
      "code": {
        "coding": [ {
          "system": "http://snomed.info/sct",
          "version": "http://snomed.info/sct/731000124108/version/20230301",
          "code": "32413006",
          "display": "Transplantation of heart (procedure)"
        } ]
      },
      "subject": {
        "reference": "Patient/9d197057-c39b-4799-ab3a-b81df7a6199b"
      },
      "performedPeriod": {
        "start": "2025-06-05T12:20:00.000+00:00",
        "end": "2025-06-05T14:50:00.000+00:00"
      }
    },
    "request": {
      "method": "PUT",
      "url": "Procedure/eac7f078-b02a-4f92-86d8-73f5a8d39b23"
    }
  }, {
    "fullUrl": "https://madie.cms.gov/Encounter/81c5b91d-1572-4fc7-9c43-802909f2791b",
    "resource": {
      "resourceType": "Encounter",
      "id": "81c5b91d-1572-4fc7-9c43-802909f2791b",
      "meta": {
        "profile": [ "http://hl7.org/fhir/us/qicore/StructureDefinition/qicore-encounter" ]
      },
      "status": "finished",
      "class": {
        "system": "http://terminology.hl7.org/CodeSystem/v3-ActCode",
        "code": "AMB",
        "display": "ambulatory"
      },
      "type": [ {
        "coding": [ {
          "system": "http://www.ama-assn.org/go/cpt",
          "version": "2024",
          "code": "99212"
        } ]
      } ],
      "subject": {
        "reference": "Patient/9d197057-c39b-4799-ab3a-b81df7a6199b"
      },
      "period": {
        "start": "2026-07-20T11:50:00.000+00:00",
        "end": "2026-07-20T11:50:00.000+00:00"
      },
      "length": {
        "value": 0,
        "unit": "days"
      }
    },
    "request": {
      "method": "PUT",
      "url": "Encounter/81c5b91d-1572-4fc7-9c43-802909f2791b"
    }
  }, {
    "fullUrl": "https://madie.cms.gov/Condition/39a019ae-c2f0-4895-9879-17cc4c278e8b",
    "resource": {
      "resourceType": "Condition",
      "id": "39a019ae-c2f0-4895-9879-17cc4c278e8b",
      "meta": {
        "profile": [ "http://hl7.org/fhir/us/qicore/StructureDefinition/qicore-condition-problems-health-concerns" ]
      },
      "clinicalStatus": {
        "coding": [ {
          "system": "http://terminology.hl7.org/CodeSystem/condition-clinical",
          "code": "active",
          "display": "Active"
        } ]
      },
      "verificationStatus": {
        "coding": [ {
          "system": "http://terminology.hl7.org/CodeSystem/condition-ver-status",
          "code": "confirmed",
          "display": "Confirmed"
        } ]
      },
      "category": [ {
        "coding": [ {
          "system": "http://terminology.hl7.org/CodeSystem/condition-category",
          "code": "problem-list-item",
          "display": "Problem List Item"
        } ]
      } ],
      "code": {
        "coding": [ {
          "system": "http://hl7.org/fhir/sid/icd-10-cm",
          "version": "2024",
          "code": "I11.0"
        } ]
      },
      "subject": {
        "reference": "Patient/9d197057-c39b-4799-ab3a-b81df7a6199b"
      },
      "onsetPeriod": {
        "start": "2026-04-11T10:00:00.000+00:00"
      }
    },
    "request": {
      "method": "PUT",
      "url": "Condition/39a019ae-c2f0-4895-9879-17cc4c278e8b"
    }
  }, {
    "fullUrl": "https://madie.cms.gov/Condition/181839c8-b02a-4f43-ab96-67d7014916b3",
    "resource": {
      "resourceType": "Condition",
      "id": "181839c8-b02a-4f43-ab96-67d7014916b3",
      "meta": {
        "profile": [ "http://hl7.org/fhir/us/qicore/StructureDefinition/qicore-condition-problems-health-concerns" ]
      },
      "clinicalStatus": {
        "coding": [ {
          "system": "http://terminology.hl7.org/CodeSystem/condition-clinical",
          "code": "active",
          "display": "Active"
        } ]
      },
      "verificationStatus": {
        "coding": [ {
          "system": "http://terminology.hl7.org/CodeSystem/condition-ver-status",
          "code": "confirmed",
          "display": "Confirmed"
        } ]
      },
      "category": [ {
        "coding": [ {
          "system": "http://terminology.hl7.org/CodeSystem/condition-category",
          "code": "problem-list-item",
          "display": "Problem List Item"
        } ]
      } ],
      "severity": {
        "coding": [ {
          "system": "http://snomed.info/sct",
          "version": "http://snomed.info/sct/731000124108/version/20240301",
          "code": "24484000",
          "display": "Severe (severity modifier) (qualifier value)"
        } ]
      },
      "code": {
        "coding": [ {
          "system": "http://snomed.info/sct",
          "version": "http://snomed.info/sct/731000124108/version/20240301",
          "code": "134401001",
          "display": "Left ventricular systolic dysfunction (disorder)"
        } ]
      },
      "subject": {
        "reference": "Patient/9d197057-c39b-4799-ab3a-b81df7a6199b"
      },
      "onsetPeriod": {
        "start": "2026-04-14T14:41:00.000+00:00"
      }
    },
    "request": {
      "method": "PUT",
      "url": "Condition/181839c8-b02a-4f43-ab96-67d7014916b3"
    }
  }, {
    "fullUrl": "https://madie.cms.gov/MeasureReport/0fd098fd-4982-4955-b015-5a0236f53df3",
    "resource": {
      "resourceType": "MeasureReport",
      "id": "0fd098fd-4982-4955-b015-5a0236f53df3",
      "meta": {
        "profile": [ "http://hl7.org/fhir/us/cqfmeasures/StructureDefinition/test-case-cqfm" ]
      },
      "contained": [ {
        "resourceType": "Parameters",
        "id": "8a0c8015-b9c5-4d30-978d-096593396ffd-parameters",
        "parameter": [ {
          "name": "subject",
          "valueString": "9d197057-c39b-4799-ab3a-b81df7a6199b"
        } ]
      } ],
      "extension": [ {
        "url": "http://hl7.org/fhir/StructureDefinition/cqf-inputParameters",
        "valueReference": {
          "reference": "#8a0c8015-b9c5-4d30-978d-096593396ffd-parameters"
        }
      }, {
        "url": "http://hl7.org/fhir/us/cqfmeasures/StructureDefinition/cqfm-testCaseDescription",
        "valueMarkdown": "Patient meeting denominator exclusion due to active condition of Heart Transplant"
      } ],
      "modifierExtension": [ {
        "url": "http://hl7.org/fhir/us/cqfmeasures/StructureDefinition/cqfm-isTestCase",
        "valueBoolean": true
      } ],
      "status": "complete",
      "type": "individual",
      "measure": "https://madie.cms.gov/Measure/CMS144FHIRHFBetaBlockerTherapyforLVSD",
      "period": {
        "start": "2026-01-01",
        "end": "2026-12-31"
      },
      "group": [ {
        "id": "Group_1",
        "population": [ {
          "id": "InitialPopulation_1",
          "code": {
            "coding": [ {
              "system": "http://terminology.hl7.org/CodeSystem/measure-population",
              "code": "initial-population",
              "display": "Initial Population"
            } ]
          },
          "count": 1
        }, {
          "id": "Denominator_1",
          "code": {
            "coding": [ {
              "system": "http://terminology.hl7.org/CodeSystem/measure-population",
              "code": "denominator",
              "display": "Denominator"
            } ]
          },
          "count": 1
        }, {
          "id": "DenominatorExclusion_1",
          "code": {
            "coding": [ {
              "system": "http://terminology.hl7.org/CodeSystem/measure-population",
              "code": "denominator-exclusion",
              "display": "Denominator Exclusion"
            } ]
          },
          "count": 1
        }, {
          "id": "Numerator_1",
          "code": {
            "coding": [ {
              "system": "http://terminology.hl7.org/CodeSystem/measure-population",
              "code": "numerator",
              "display": "Numerator"
            } ]
          },
          "count": 0
        }, {
          "id": "DenominatorException_1",
          "code": {
            "coding": [ {
              "system": "http://terminology.hl7.org/CodeSystem/measure-population",
              "code": "denominator-exception",
              "display": "Denominator Exception"
            } ]
          },
          "count": 0
        } ],
        "measureScore": {
          "value": 1.0
        }
      } ],
      "evaluatedResource": [ {
        "reference": "Patient/9d197057-c39b-4799-ab3a-b81df7a6199b"
      }, {
        "reference": "Encounter/b322bc50-44fc-4483-8dc5-3041a0fc2c0c"
      }, {
        "reference": "Procedure/eac7f078-b02a-4f92-86d8-73f5a8d39b23"
      }, {
        "reference": "Encounter/81c5b91d-1572-4fc7-9c43-802909f2791b"
      }, {
        "reference": "Condition/39a019ae-c2f0-4895-9879-17cc4c278e8b"
      }, {
        "reference": "Condition/181839c8-b02a-4f43-ab96-67d7014916b3"
      } ]
    },
    "request": {
      "method": "PUT",
      "url": "MeasureReport/0fd098fd-4982-4955-b015-5a0236f53df3"
    }
  } ]
}