{
  "resourceType": "Bundle",
  "id": "46846164984615646846843",
  "type": "transaction",
  "entry": [ {
    "fullUrl": "https://madie.cms.gov/Patient/2fb854f8-6582-4506-b16e-c09b01f5af05",
    "resource": {
      "resourceType": "Patient",
      "id": "2fb854f8-6582-4506-b16e-c09b01f5af05",
      "meta": {
        "profile": [ "http://hl7.org/fhir/us/qicore/StructureDefinition/qicore-patient" ]
      },
      "extension": [ {
        "url": "http://hl7.org/fhir/us/core/StructureDefinition/us-core-race",
        "extension": [ {
          "url": "ombCategory",
          "valueCoding": {
            "system": "urn:oid:2.16.840.1.113883.6.238",
            "code": "2106-3",
            "display": "White"
          }
        }, {
          "url": "text",
          "valueString": "White"
        } ]
      }, {
        "url": "http://hl7.org/fhir/us/core/StructureDefinition/us-core-ethnicity",
        "extension": [ {
          "url": "ombCategory",
          "valueCoding": {
            "system": "urn:oid:2.16.840.1.113883.6.238",
            "code": "2186-5",
            "display": "Not Hispanic or Latino"
          }
        }, {
          "url": "text",
          "valueString": "Not Hispanic or Latino"
        } ]
      } ],
      "identifier": [ {
        "type": {
          "coding": [ {
            "system": "http://terminology.hl7.org/CodeSystem/v2-0203",
            "code": "MR"
          } ]
        },
        "system": "https://bonnie-fhir.healthit.gov/",
        "value": "630307c40968f80122477b43"
      } ],
      "name": [ {
        "family": "DENEXPopStrat2Pass",
        "given": [ "PTExpiredDuringMeasureAssessPeriod" ]
      } ],
      "gender": "male",
      "birthDate": "1946-06-06",
      "deceasedDateTime": "2026-09-10T08:00:00.000Z"
    },
    "request": {
      "method": "PUT",
      "url": "Patient/2fb854f8-6582-4506-b16e-c09b01f5af05"
    }
  }, {
    "fullUrl": "https://madie.cms.gov/Encounter/136e5133-7472-4334-9976-d1894d37ac24",
    "resource": {
      "resourceType": "Encounter",
      "id": "136e5133-7472-4334-9976-d1894d37ac24",
      "meta": {
        "profile": [ "http://hl7.org/fhir/us/qicore/StructureDefinition/qicore-encounter" ]
      },
      "status": "finished",
      "class": {
        "system": "http://www.ama-assn.org/go/cpt",
        "version": "2024",
        "code": "99205",
        "display": "Office or other outpatient visit for the evaluation and management of a new patient, which requires a medically appropriate history and/or examination and high level of medical decision making. When using time for code selection, 60-74 minutes of total time is spent on the date of the encounter."
      },
      "type": [ {
        "coding": [ {
          "system": "http://www.ama-assn.org/go/cpt",
          "version": "2024",
          "code": "90791"
        } ]
      } ],
      "subject": {
        "reference": "Patient/2fb854f8-6582-4506-b16e-c09b01f5af05"
      },
      "period": {
        "start": "2025-10-31T14:35:00+00:00",
        "end": "2025-10-31T14:45:00+00:00"
      },
      "length": {
        "value": 0,
        "unit": "days"
      }
    },
    "request": {
      "method": "PUT",
      "url": "Encounter/136e5133-7472-4334-9976-d1894d37ac24"
    }
  }, {
    "fullUrl": "https://madie.cms.gov/Observation/2775e65e-82b4-4df6-bbef-17d3f3393068",
    "resource": {
      "resourceType": "Observation",
      "id": "2775e65e-82b4-4df6-bbef-17d3f3393068",
      "meta": {
        "profile": [ "http://hl7.org/fhir/us/qicore/StructureDefinition/qicore-observation-screening-assessment" ]
      },
      "status": "final",
      "category": [ {
        "coding": [ {
          "system": "http://terminology.hl7.org/CodeSystem/observation-category",
          "code": "survey",
          "display": "Survey"
        } ]
      } ],
      "code": {
        "coding": [ {
          "system": "http://loinc.org",
          "version": "2.76",
          "code": "44261-6"
        } ]
      },
      "subject": {
        "reference": "Patient/2fb854f8-6582-4506-b16e-c09b01f5af05"
      },
      "effectiveDateTime": "2025-10-31T14:35:00+00:00",
      "valueInteger": 10
    },
    "request": {
      "method": "PUT",
      "url": "Observation/2775e65e-82b4-4df6-bbef-17d3f3393068"
    }
  }, {
    "fullUrl": "https://madie.cms.gov/Condition/28c158a6-a53b-4366-a785-bf6378bb685f",
    "resource": {
      "resourceType": "Condition",
      "id": "28c158a6-a53b-4366-a785-bf6378bb685f",
      "meta": {
        "profile": [ "http://hl7.org/fhir/us/qicore/StructureDefinition/qicore-condition-problems-health-concerns" ]
      },
      "clinicalStatus": {
        "coding": [ {
          "system": "http://terminology.hl7.org/CodeSystem/condition-clinical",
          "code": "active",
          "display": "active"
        } ]
      },
      "verificationStatus": {
        "coding": [ {
          "system": "http://terminology.hl7.org/CodeSystem/condition-ver-status",
          "code": "confirmed"
        } ]
      },
      "category": [ {
        "coding": [ {
          "system": "http://terminology.hl7.org/CodeSystem/condition-category",
          "code": "problem-list-item",
          "display": "Problem List Item"
        } ]
      } ],
      "code": {
        "coding": [ {
          "system": "http://snomed.info/sct",
          "version": "http://snomed.info/sct/731000124108/version/20240301",
          "code": "191611001"
        } ]
      },
      "subject": {
        "reference": "Patient/2fb854f8-6582-4506-b16e-c09b01f5af05"
      },
      "onsetDateTime": "2023-10-22T14:35:00+00:00"
    },
    "request": {
      "method": "PUT",
      "url": "Condition/28c158a6-a53b-4366-a785-bf6378bb685f"
    }
  }, {
    "fullUrl": "https://madie.cms.gov/MeasureReport/7f672e08-2389-4740-a671-2e7ef204ca5a",
    "resource": {
      "resourceType": "MeasureReport",
      "id": "7f672e08-2389-4740-a671-2e7ef204ca5a",
      "meta": {
        "profile": [ "http://hl7.org/fhir/us/cqfmeasures/StructureDefinition/test-case-cqfm" ]
      },
      "contained": [ {
        "resourceType": "Parameters",
        "id": "f748ca0a-f252-41f4-88b2-0e822a08d898-parameters",
        "parameter": [ {
          "name": "subject",
          "valueString": "2fb854f8-6582-4506-b16e-c09b01f5af05"
        } ]
      } ],
      "extension": [ {
        "url": "http://hl7.org/fhir/StructureDefinition/cqf-inputParameters",
        "valueReference": {
          "reference": "#f748ca0a-f252-41f4-88b2-0e822a08d898-parameters"
        }
      }, {
        "url": "http://hl7.org/fhir/us/cqfmeasures/StructureDefinition/cqfm-testCaseDescription",
        "valueMarkdown": "Patient has a Major Depressive Dx and PHQ-9>9 during the denom ID period. Also has PHQ-9 <9. Patient expired before end of MAP. Should be in denominator exclusion for strat 2. "
      } ],
      "modifierExtension": [ {
        "url": "http://hl7.org/fhir/us/cqfmeasures/StructureDefinition/cqfm-isTestCase",
        "valueBoolean": true
      } ],
      "status": "complete",
      "type": "individual",
      "measure": "https://madie.cms.gov/Measure/CMS159FHIRDepressionRemissionatTwelveMonths",
      "period": {
        "start": "2026-01-01",
        "end": "2026-12-31"
      },
      "group": [ {
        "id": "Group_1",
        "population": [ {
          "id": "InitialPopulation_1",
          "code": {
            "coding": [ {
              "system": "http://terminology.hl7.org/CodeSystem/measure-population",
              "code": "initial-population",
              "display": "Initial Population"
            } ]
          },
          "count": 1
        }, {
          "id": "Denominator_1",
          "code": {
            "coding": [ {
              "system": "http://terminology.hl7.org/CodeSystem/measure-population",
              "code": "denominator",
              "display": "Denominator"
            } ]
          },
          "count": 1
        }, {
          "id": "DenominatorExclusion_1",
          "code": {
            "coding": [ {
              "system": "http://terminology.hl7.org/CodeSystem/measure-population",
              "code": "denominator-exclusion",
              "display": "Denominator Exclusion"
            } ]
          },
          "count": 1
        }, {
          "id": "Numerator_1",
          "code": {
            "coding": [ {
              "system": "http://terminology.hl7.org/CodeSystem/measure-population",
              "code": "numerator",
              "display": "Numerator"
            } ]
          },
          "count": 0
        } ],
        "measureScore": {
          "value": 1.0
        }
      } ],
      "evaluatedResource": [ {
        "reference": "Patient/2fb854f8-6582-4506-b16e-c09b01f5af05"
      }, {
        "reference": "Encounter/136e5133-7472-4334-9976-d1894d37ac24"
      }, {
        "reference": "Observation/2775e65e-82b4-4df6-bbef-17d3f3393068"
      }, {
        "reference": "Condition/28c158a6-a53b-4366-a785-bf6378bb685f"
      } ]
    },
    "request": {
      "method": "PUT",
      "url": "MeasureReport/7f672e08-2389-4740-a671-2e7ef204ca5a"
    }
  } ]
}