{
  "resourceType": "Bundle",
  "id": "63f628d8d289cd498bb84238",
  "type": "transaction",
  "entry": [ {
    "fullUrl": "https://madie.cms.gov/Patient/3783189c-3c29-4687-9f89-c3306c6d28fd",
    "resource": {
      "resourceType": "Patient",
      "id": "3783189c-3c29-4687-9f89-c3306c6d28fd",
      "meta": {
        "profile": [ "http://hl7.org/fhir/us/qicore/StructureDefinition/qicore-patient" ]
      },
      "extension": [ {
        "url": "http://hl7.org/fhir/us/core/StructureDefinition/us-core-race",
        "extension": [ {
          "url": "ombCategory",
          "valueCoding": {
            "system": "urn:oid:2.16.840.1.113883.6.238",
            "code": "2028-9",
            "display": "Asian",
            "userSelected": true
          }
        }, {
          "url": "text",
          "valueString": "Asian"
        } ]
      }, {
        "url": "http://hl7.org/fhir/us/core/StructureDefinition/us-core-ethnicity",
        "extension": [ {
          "url": "ombCategory",
          "valueCoding": {
            "system": "urn:oid:2.16.840.1.113883.6.238",
            "code": "2135-2",
            "display": "Hispanic or Latino",
            "userSelected": true
          }
        }, {
          "url": "text",
          "valueString": "Hispanic or Latino"
        } ]
      } ],
      "identifier": [ {
        "type": {
          "coding": [ {
            "system": "http://terminology.hl7.org/CodeSystem/v2-0203",
            "code": "MR"
          } ]
        },
        "system": "https://bonnie-fhir.healthit.gov/",
        "value": "63f628d8d289cd498bb84238"
      } ],
      "name": [ {
        "family": "DENOMPass",
        "given": [ "ExamDuringEnc" ]
      } ],
      "gender": "male",
      "birthDate": "1997-11-01"
    },
    "request": {
      "method": "PUT",
      "url": "Patient/3783189c-3c29-4687-9f89-c3306c6d28fd"
    }
  }, {
    "fullUrl": "https://madie.cms.gov/Encounter/dc5427c5-a6db-428b-85f3-59c27788fcb5",
    "resource": {
      "resourceType": "Encounter",
      "id": "dc5427c5-a6db-428b-85f3-59c27788fcb5",
      "meta": {
        "profile": [ "http://hl7.org/fhir/us/qicore/StructureDefinition/qicore-encounter" ]
      },
      "status": "finished",
      "class": {
        "system": "http://terminology.hl7.org/CodeSystem/v3-ActCode",
        "code": "AMB",
        "display": "ambulatory",
        "userSelected": true
      },
      "type": [ {
        "coding": [ {
          "system": "http://snomed.info/sct",
          "version": "http://snomed.info/sct/731000124108/version/202303",
          "code": "18170008",
          "display": "Subsequent nursing facility visit (procedure)",
          "userSelected": true
        } ]
      } ],
      "subject": {
        "reference": "Patient/3783189c-3c29-4687-9f89-c3306c6d28fd"
      },
      "period": {
        "start": "2026-03-09T08:00:00.000+00:00",
        "end": "2026-03-09T08:15:00.000+00:00"
      }
    },
    "request": {
      "method": "PUT",
      "url": "Encounter/dc5427c5-a6db-428b-85f3-59c27788fcb5"
    }
  }, {
    "fullUrl": "https://madie.cms.gov/Condition/2b500f63-eaee-4cab-9b01-925fa4638e5e",
    "resource": {
      "resourceType": "Condition",
      "id": "2b500f63-eaee-4cab-9b01-925fa4638e5e",
      "meta": {
        "profile": [ "http://hl7.org/fhir/us/qicore/StructureDefinition/qicore-condition-problems-health-concerns" ]
      },
      "clinicalStatus": {
        "coding": [ {
          "system": "http://terminology.hl7.org/CodeSystem/condition-clinical",
          "code": "active",
          "display": "active",
          "userSelected": true
        } ]
      },
      "category": [ {
        "coding": [ {
          "system": "http://terminology.hl7.org/CodeSystem/condition-ver-status",
          "code": "confirmed",
          "display": "confirmed",
          "userSelected": true
        } ]
      } ],
      "code": {
        "coding": [ {
          "system": "http://snomed.info/sct",
          "version": "http://snomed.info/sct/731000124108/version/202303",
          "code": "193349004",
          "display": "Preproliferative retinopathy due to diabetes mellitus (disorder)",
          "userSelected": true
        } ]
      },
      "subject": {
        "reference": "Patient/3783189c-3c29-4687-9f89-c3306c6d28fd"
      },
      "onsetDateTime": "2026-01-09T08:00:00.000+00:00"
    },
    "request": {
      "method": "PUT",
      "url": "Condition/2b500f63-eaee-4cab-9b01-925fa4638e5e"
    }
  }, {
    "fullUrl": "https://madie.cms.gov/Observation/c5540322-6062-42a1-be78-6898e2786aee",
    "resource": {
      "resourceType": "Observation",
      "id": "c5540322-6062-42a1-be78-6898e2786aee",
      "meta": {
        "profile": [ "http://hl7.org/fhir/us/qicore/StructureDefinition/qicore-observation-clinical-result" ]
      },
      "status": "final",
      "category": [ {
        "coding": [ {
          "system": "http://terminology.hl7.org/CodeSystem/condition-ver-status",
          "code": "confirmed",
          "display": "confirmed",
          "userSelected": true
        } ]
      } ],
      "code": {
        "coding": [ {
          "system": "http://loinc.org",
          "version": "2.73",
          "code": "32451-7",
          "display": "Physical findings of Macula",
          "userSelected": true
        } ]
      },
      "subject": {
        "reference": "Patient/3783189c-3c29-4687-9f89-c3306c6d28fd"
      },
      "effectiveDateTime": "2026-03-09T08:02:00.000+00:00",
      "issued": "2026-03-09T08:05:00.000+00:00",
      "valueBoolean": true
    },
    "request": {
      "method": "PUT",
      "url": "Observation/c5540322-6062-42a1-be78-6898e2786aee"
    }
  }, {
    "fullUrl": "https://madie.cms.gov/Coverage/39b82d21-4004-4a98-aec7-23e161611442",
    "resource": {
      "resourceType": "Coverage",
      "id": "39b82d21-4004-4a98-aec7-23e161611442",
      "meta": {
        "profile": [ "http://hl7.org/fhir/us/qicore/StructureDefinition/qicore-coverage" ]
      },
      "status": "active",
      "beneficiary": {
        "reference": "Patient/3783189c-3c29-4687-9f89-c3306c6d28fd"
      },
      "payor": [ {
        "reference": "Organization/48b5986c-4b4d-49b5-8ebd-caff9c9c5129"
      } ]
    },
    "request": {
      "method": "PUT",
      "url": "Coverage/39b82d21-4004-4a98-aec7-23e161611442"
    }
  }, {
    "fullUrl": "https://madie.cms.gov/Organization/48b5986c-4b4d-49b5-8ebd-caff9c9c5129",
    "resource": {
      "resourceType": "Organization",
      "id": "48b5986c-4b4d-49b5-8ebd-caff9c9c5129",
      "meta": {
        "profile": [ "http://hl7.org/fhir/us/qicore/StructureDefinition/qicore-organization" ]
      },
      "identifier": [ {
        "use": "temp",
        "system": "urn:oid:2.16.840.1.113883.4.4",
        "value": "21-3259825"
      } ],
      "active": true,
      "type": [ {
        "coding": [ {
          "system": "http://terminology.hl7.org/CodeSystem/organization-type",
          "code": "pay",
          "display": "Payer"
        } ]
      } ],
      "name": "Blue Cross Blue Shield of Texas",
      "telecom": [ {
        "system": "phone",
        "value": "(+1) 972-766-6900"
      } ],
      "address": [ {
        "use": "billing",
        "type": "postal",
        "line": [ "P.O. Box 660044" ],
        "city": "Dallas",
        "state": "TX",
        "postalCode": "75266-0044",
        "country": "USA"
      } ]
    },
    "request": {
      "method": "PUT",
      "url": "Organization/48b5986c-4b4d-49b5-8ebd-caff9c9c5129"
    }
  }, {
    "fullUrl": "https://madie.cms.gov/Practitioner/5f2eeeb1-12eb-43dc-a67e-dec2f34e06b8",
    "resource": {
      "resourceType": "Practitioner",
      "id": "5f2eeeb1-12eb-43dc-a67e-dec2f34e06b8",
      "identifier": [ {
        "system": "http://hl7.org/fhir/sid/us-npi",
        "value": "123456"
      } ],
      "name": [ {
        "family": "Evil",
        "prefix": [ "Dr" ]
      } ]
    },
    "request": {
      "method": "PUT",
      "url": "Practitioner/5f2eeeb1-12eb-43dc-a67e-dec2f34e06b8"
    }
  }, {
    "fullUrl": "https://madie.cms.gov/MeasureReport/a22db60d-a469-4982-a9f7-4351e83bba92",
    "resource": {
      "resourceType": "MeasureReport",
      "id": "a22db60d-a469-4982-a9f7-4351e83bba92",
      "meta": {
        "profile": [ "http://hl7.org/fhir/us/cqfmeasures/StructureDefinition/test-case-cqfm" ]
      },
      "contained": [ {
        "resourceType": "Parameters",
        "id": "90e6fb5d-22bd-4280-b6e8-eb5c9c87eb21-parameters",
        "parameter": [ {
          "name": "subject",
          "valueString": "3783189c-3c29-4687-9f89-c3306c6d28fd"
        } ]
      } ],
      "extension": [ {
        "url": "http://hl7.org/fhir/StructureDefinition/cqf-inputParameters",
        "valueReference": {
          "reference": "#90e6fb5d-22bd-4280-b6e8-eb5c9c87eb21-parameters"
        }
      }, {
        "url": "http://hl7.org/fhir/us/cqfmeasures/StructureDefinition/cqfm-testCaseDescription",
        "valueMarkdown": "Patient aged >=18 with qualifying encounter and exam"
      } ],
      "modifierExtension": [ {
        "url": "http://hl7.org/fhir/us/cqfmeasures/StructureDefinition/cqfm-isTestCase",
        "valueBoolean": true
      } ],
      "status": "complete",
      "type": "individual",
      "measure": "https://madie.cms.gov/Measure/CMS142FHIRDRCommunicationWithPhysicianManagingDiabetes",
      "period": {
        "start": "2026-01-01",
        "end": "2026-12-31"
      },
      "group": [ {
        "id": "Group_1",
        "population": [ {
          "id": "InitialPopulation_1",
          "code": {
            "coding": [ {
              "system": "http://terminology.hl7.org/CodeSystem/measure-population",
              "code": "initial-population",
              "display": "Initial Population"
            } ]
          },
          "count": 1
        }, {
          "id": "Denominator_1",
          "code": {
            "coding": [ {
              "system": "http://terminology.hl7.org/CodeSystem/measure-population",
              "code": "denominator",
              "display": "Denominator"
            } ]
          },
          "count": 1
        }, {
          "id": "Numerator_1",
          "code": {
            "coding": [ {
              "system": "http://terminology.hl7.org/CodeSystem/measure-population",
              "code": "numerator",
              "display": "Numerator"
            } ]
          },
          "count": 0
        }, {
          "id": "DenominatorException_1",
          "code": {
            "coding": [ {
              "system": "http://terminology.hl7.org/CodeSystem/measure-population",
              "code": "denominator-exception",
              "display": "Denominator Exception"
            } ]
          },
          "count": 0
        } ],
        "measureScore": {
          "value": 1.0
        }
      } ],
      "evaluatedResource": [ {
        "reference": "Patient/3783189c-3c29-4687-9f89-c3306c6d28fd"
      }, {
        "reference": "Encounter/dc5427c5-a6db-428b-85f3-59c27788fcb5"
      }, {
        "reference": "Condition/2b500f63-eaee-4cab-9b01-925fa4638e5e"
      }, {
        "reference": "Observation/c5540322-6062-42a1-be78-6898e2786aee"
      }, {
        "reference": "Coverage/39b82d21-4004-4a98-aec7-23e161611442"
      }, {
        "reference": "Organization/48b5986c-4b4d-49b5-8ebd-caff9c9c5129"
      }, {
        "reference": "Practitioner/5f2eeeb1-12eb-43dc-a67e-dec2f34e06b8"
      } ]
    },
    "request": {
      "method": "PUT",
      "url": "MeasureReport/a22db60d-a469-4982-a9f7-4351e83bba92"
    }
  } ]
}