{
  "resourceType": "Bundle",
  "id": "1316343131354",
  "type": "transaction",
  "entry": [ {
    "fullUrl": "https://madie.cms.gov/Patient/b6995e3c-319c-45f1-8aca-4db81b6730f6",
    "resource": {
      "resourceType": "Patient",
      "id": "b6995e3c-319c-45f1-8aca-4db81b6730f6",
      "meta": {
        "profile": [ "http://hl7.org/fhir/us/qicore/StructureDefinition/qicore-patient" ]
      },
      "extension": [ {
        "url": "http://hl7.org/fhir/us/core/StructureDefinition/us-core-race",
        "extension": [ {
          "url": "ombCategory",
          "valueCoding": {
            "system": "urn:oid:2.16.840.1.113883.6.238",
            "code": "2106-3",
            "display": "White"
          }
        }, {
          "url": "text",
          "valueString": "White"
        } ]
      }, {
        "url": "http://hl7.org/fhir/us/core/StructureDefinition/us-core-ethnicity",
        "extension": [ {
          "url": "ombCategory",
          "valueCoding": {
            "system": "urn:oid:2.16.840.1.113883.6.238",
            "code": "2186-5",
            "display": "Not Hispanic or Latino"
          }
        }, {
          "url": "text",
          "valueString": "Not Hispanic or Latino"
        } ]
      }, {
        "url": "http://hl7.org/fhir/us/core/StructureDefinition/us-core-sex",
        "valueCode": "248152002"
      } ],
      "identifier": [ {
        "type": {
          "coding": [ {
            "system": "http://terminology.hl7.org/CodeSystem/v2-0203",
            "code": "MR"
          } ]
        },
        "system": "https://bonnie-fhir.healthit.gov/",
        "value": "749646313131"
      } ],
      "active": true,
      "name": [ {
        "use": "usual",
        "family": "IPPass",
        "given": [ "OVPtProvEncsHF" ]
      } ],
      "gender": "female",
      "birthDate": "1923-07-08"
    },
    "request": {
      "method": "PUT",
      "url": "Patient/b6995e3c-319c-45f1-8aca-4db81b6730f6"
    }
  }, {
    "fullUrl": "https://madie.cms.gov/Encounter/971fe353-3587-4766-b02c-48f2afd91819",
    "resource": {
      "resourceType": "Encounter",
      "id": "971fe353-3587-4766-b02c-48f2afd91819",
      "meta": {
        "profile": [ "http://hl7.org/fhir/us/qicore/StructureDefinition/qicore-encounter" ]
      },
      "status": "finished",
      "class": {
        "system": "http://terminology.hl7.org/CodeSystem/v3-ActCode",
        "code": "AMB",
        "display": "ambulatory"
      },
      "type": [ {
        "coding": [ {
          "system": "http://www.ama-assn.org/go/cpt",
          "version": "2024",
          "code": "99213"
        } ]
      } ],
      "subject": {
        "reference": "Patient/b6995e3c-319c-45f1-8aca-4db81b6730f6"
      },
      "period": {
        "start": "2026-05-01T14:40:00.000+00:00",
        "end": "2026-05-01T14:40:00.000+00:00"
      },
      "length": {
        "value": 0,
        "unit": "days"
      }
    },
    "request": {
      "method": "PUT",
      "url": "Encounter/971fe353-3587-4766-b02c-48f2afd91819"
    }
  }, {
    "fullUrl": "https://madie.cms.gov/Encounter/29fe2ee6-b085-403e-82c4-c9109f51a52d",
    "resource": {
      "resourceType": "Encounter",
      "id": "29fe2ee6-b085-403e-82c4-c9109f51a52d",
      "meta": {
        "profile": [ "http://hl7.org/fhir/us/qicore/StructureDefinition/qicore-encounter" ]
      },
      "status": "finished",
      "class": {
        "system": "http://terminology.hl7.org/CodeSystem/v3-ActCode",
        "code": "AMB",
        "display": "ambulatory"
      },
      "type": [ {
        "coding": [ {
          "system": "http://snomed.info/sct",
          "version": "http://snomed.info/sct/731000124108/version/20240301",
          "code": "401271004"
        } ]
      } ],
      "subject": {
        "reference": "Patient/b6995e3c-319c-45f1-8aca-4db81b6730f6"
      },
      "period": {
        "start": "2026-07-02T11:50:00.000+00:00",
        "end": "2026-07-02T11:50:00.000+00:00"
      },
      "length": {
        "value": 0,
        "unit": "days"
      }
    },
    "request": {
      "method": "PUT",
      "url": "Encounter/29fe2ee6-b085-403e-82c4-c9109f51a52d"
    }
  }, {
    "fullUrl": "https://madie.cms.gov/AllergyIntolerance/69c695cb-883b-4187-8159-1b221789dfd8",
    "resource": {
      "resourceType": "AllergyIntolerance",
      "id": "69c695cb-883b-4187-8159-1b221789dfd8",
      "meta": {
        "profile": [ "http://hl7.org/fhir/us/qicore/StructureDefinition/qicore-allergyintolerance" ]
      },
      "clinicalStatus": {
        "coding": [ {
          "system": "http://terminology.hl7.org/CodeSystem/allergyintolerance-clinical",
          "code": "active",
          "display": "Active"
        } ]
      },
      "code": {
        "coding": [ {
          "system": "http://www.nlm.nih.gov/research/umls/rxnorm",
          "version": "04012024",
          "code": "10600"
        } ]
      },
      "patient": {
        "reference": "Patient/b6995e3c-319c-45f1-8aca-4db81b6730f6"
      },
      "onsetPeriod": {
        "start": "2026-07-02T11:50:00.000+00:00"
      }
    },
    "request": {
      "method": "PUT",
      "url": "AllergyIntolerance/69c695cb-883b-4187-8159-1b221789dfd8"
    }
  }, {
    "fullUrl": "https://madie.cms.gov/Condition/e2f5f589-8546-4385-8a33-2a6a6ddc199a",
    "resource": {
      "resourceType": "Condition",
      "id": "e2f5f589-8546-4385-8a33-2a6a6ddc199a",
      "meta": {
        "profile": [ "http://hl7.org/fhir/us/qicore/StructureDefinition/qicore-condition-problems-health-concerns" ]
      },
      "clinicalStatus": {
        "coding": [ {
          "system": "http://terminology.hl7.org/CodeSystem/condition-clinical",
          "code": "active",
          "display": "Active"
        } ]
      },
      "verificationStatus": {
        "coding": [ {
          "system": "http://terminology.hl7.org/CodeSystem/condition-ver-status",
          "code": "confirmed",
          "display": "Confirmed"
        } ]
      },
      "category": [ {
        "coding": [ {
          "system": "http://terminology.hl7.org/CodeSystem/condition-category",
          "code": "problem-list-item",
          "display": "Problem List Item"
        } ]
      } ],
      "code": {
        "coding": [ {
          "system": "http://hl7.org/fhir/sid/icd-10-cm",
          "version": "2024",
          "code": "I50.83"
        } ]
      },
      "subject": {
        "reference": "Patient/b6995e3c-319c-45f1-8aca-4db81b6730f6"
      },
      "onsetPeriod": {
        "start": "2026-04-21T10:00:00.000+00:00"
      }
    },
    "request": {
      "method": "PUT",
      "url": "Condition/e2f5f589-8546-4385-8a33-2a6a6ddc199a"
    }
  }, {
    "fullUrl": "https://madie.cms.gov/Condition/e63ced75-f30a-4efd-9520-f3f17dd30fa1",
    "resource": {
      "resourceType": "Condition",
      "id": "e63ced75-f30a-4efd-9520-f3f17dd30fa1",
      "meta": {
        "profile": [ "http://hl7.org/fhir/us/qicore/StructureDefinition/qicore-condition-problems-health-concerns" ]
      },
      "clinicalStatus": {
        "coding": [ {
          "system": "http://terminology.hl7.org/CodeSystem/condition-clinical",
          "code": "active",
          "display": "Active"
        } ]
      },
      "category": [ {
        "coding": [ {
          "system": "http://terminology.hl7.org/CodeSystem/condition-category",
          "code": "problem-list-item",
          "display": "Problem List Item"
        } ]
      } ],
      "code": {
        "coding": [ {
          "system": "http://snomed.info/sct",
          "version": "http://snomed.info/sct/731000124108/version/20240301",
          "code": "134401001",
          "display": "Left ventricular systolic dysfunction (disorder)"
        } ]
      },
      "subject": {
        "reference": "Patient/b6995e3c-319c-45f1-8aca-4db81b6730f6"
      },
      "onsetPeriod": {
        "start": "2026-02-14T14:40:00.000+00:00"
      }
    },
    "request": {
      "method": "PUT",
      "url": "Condition/e63ced75-f30a-4efd-9520-f3f17dd30fa1"
    }
  }, {
    "fullUrl": "https://madie.cms.gov/MeasureReport/f175f028-f3df-4ea0-978b-90ff17bb7f0c",
    "resource": {
      "resourceType": "MeasureReport",
      "id": "f175f028-f3df-4ea0-978b-90ff17bb7f0c",
      "meta": {
        "profile": [ "http://hl7.org/fhir/us/cqfmeasures/StructureDefinition/test-case-cqfm" ]
      },
      "contained": [ {
        "resourceType": "Parameters",
        "id": "86fcb319-ecbe-466b-857b-b5183b19d1a0-parameters",
        "parameter": [ {
          "name": "subject",
          "valueString": "b6995e3c-319c-45f1-8aca-4db81b6730f6"
        } ]
      } ],
      "extension": [ {
        "url": "http://hl7.org/fhir/StructureDefinition/cqf-inputParameters",
        "valueReference": {
          "reference": "#86fcb319-ecbe-466b-857b-b5183b19d1a0-parameters"
        }
      }, {
        "url": "http://hl7.org/fhir/us/cqfmeasures/StructureDefinition/cqfm-testCaseDescription",
        "valueMarkdown": "Patient with office visit and patient provider interaction encounters and heart failure diagnosis. Patient included in initial population due to 2 encounters and heart failure diagnosis during measurement period. "
      } ],
      "modifierExtension": [ {
        "url": "http://hl7.org/fhir/us/cqfmeasures/StructureDefinition/cqfm-isTestCase",
        "valueBoolean": true
      } ],
      "status": "complete",
      "type": "individual",
      "measure": "https://madie.cms.gov/Measure/CMS144FHIRHFBetaBlockerTherapyforLVSD",
      "period": {
        "start": "2026-01-01",
        "end": "2026-12-31"
      },
      "group": [ {
        "id": "Group_1",
        "population": [ {
          "id": "InitialPopulation_1",
          "code": {
            "coding": [ {
              "system": "http://terminology.hl7.org/CodeSystem/measure-population",
              "code": "initial-population",
              "display": "Initial Population"
            } ]
          },
          "count": 1
        }, {
          "id": "Denominator_1",
          "code": {
            "coding": [ {
              "system": "http://terminology.hl7.org/CodeSystem/measure-population",
              "code": "denominator",
              "display": "Denominator"
            } ]
          },
          "count": 0
        }, {
          "id": "DenominatorExclusion_1",
          "code": {
            "coding": [ {
              "system": "http://terminology.hl7.org/CodeSystem/measure-population",
              "code": "denominator-exclusion",
              "display": "Denominator Exclusion"
            } ]
          },
          "count": 0
        }, {
          "id": "Numerator_1",
          "code": {
            "coding": [ {
              "system": "http://terminology.hl7.org/CodeSystem/measure-population",
              "code": "numerator",
              "display": "Numerator"
            } ]
          },
          "count": 0
        }, {
          "id": "DenominatorException_1",
          "code": {
            "coding": [ {
              "system": "http://terminology.hl7.org/CodeSystem/measure-population",
              "code": "denominator-exception",
              "display": "Denominator Exception"
            } ]
          },
          "count": 0
        } ],
        "measureScore": {
          "value": 1.0
        }
      } ],
      "evaluatedResource": [ {
        "reference": "Patient/b6995e3c-319c-45f1-8aca-4db81b6730f6"
      }, {
        "reference": "Encounter/971fe353-3587-4766-b02c-48f2afd91819"
      }, {
        "reference": "Encounter/29fe2ee6-b085-403e-82c4-c9109f51a52d"
      }, {
        "reference": "AllergyIntolerance/69c695cb-883b-4187-8159-1b221789dfd8"
      }, {
        "reference": "Condition/e2f5f589-8546-4385-8a33-2a6a6ddc199a"
      }, {
        "reference": "Condition/e63ced75-f30a-4efd-9520-f3f17dd30fa1"
      } ]
    },
    "request": {
      "method": "PUT",
      "url": "MeasureReport/f175f028-f3df-4ea0-978b-90ff17bb7f0c"
    }
  } ]
}