{
  "resourceType": "Bundle",
  "id": "62aa583cc4be4c506d4a5341",
  "type": "transaction",
  "entry": [ {
    "fullUrl": "https://madie.cms.gov/Patient/953ef59d-4c39-40ef-8067-87b5ecf84727",
    "resource": {
      "resourceType": "Patient",
      "id": "953ef59d-4c39-40ef-8067-87b5ecf84727",
      "meta": {
        "profile": [ "http://hl7.org/fhir/us/qicore/StructureDefinition/qicore-patient" ]
      },
      "extension": [ {
        "url": "http://hl7.org/fhir/us/core/StructureDefinition/us-core-race",
        "extension": [ {
          "url": "ombCategory",
          "valueCoding": {
            "system": "urn:oid:2.16.840.1.113883.6.238",
            "code": "2028-9",
            "display": "Asian",
            "userSelected": true
          }
        }, {
          "url": "text",
          "valueString": "Asian"
        } ]
      }, {
        "url": "http://hl7.org/fhir/us/core/StructureDefinition/us-core-ethnicity",
        "extension": [ {
          "url": "ombCategory",
          "valueCoding": {
            "system": "urn:oid:2.16.840.1.113883.6.238",
            "code": "2186-5",
            "display": "Not Hispanic or Latino",
            "userSelected": true
          }
        }, {
          "url": "text",
          "valueString": "Not Hispanic or Latino"
        } ]
      } ],
      "identifier": [ {
        "type": {
          "coding": [ {
            "system": "http://terminology.hl7.org/CodeSystem/v2-0203",
            "code": "MR"
          } ]
        },
        "system": "https://bonnie-fhir.healthit.gov/",
        "value": "62aa583cc4be4c506d4a5341"
      } ],
      "name": [ {
        "family": "DENEXPass",
        "given": [ "HospiceOrder" ]
      } ],
      "gender": "female",
      "birthDate": "2001-01-01"
    },
    "request": {
      "method": "PUT",
      "url": "Patient/953ef59d-4c39-40ef-8067-87b5ecf84727"
    }
  }, {
    "fullUrl": "https://madie.cms.gov/Encounter/c5549bf8-57c4-4eca-ad4b-37c8f249877e",
    "resource": {
      "resourceType": "Encounter",
      "id": "c5549bf8-57c4-4eca-ad4b-37c8f249877e",
      "meta": {
        "profile": [ "http://hl7.org/fhir/us/qicore/StructureDefinition/qicore-encounter" ]
      },
      "status": "finished",
      "class": {
        "system": "http://terminology.hl7.org/CodeSystem/v3-ActCode",
        "code": "AMB",
        "display": "ambulatory"
      },
      "type": [ {
        "coding": [ {
          "system": "http://snomed.info/sct",
          "version": "2022-03",
          "code": "10197000",
          "display": "Psychiatric interview and evaluation (procedure)",
          "userSelected": true
        } ]
      } ],
      "subject": {
        "reference": "Patient/953ef59d-4c39-40ef-8067-87b5ecf84727"
      },
      "period": {
        "start": "2026-01-01T00:00:00.000+00:00",
        "end": "2026-01-01T00:30:00.000+00:00"
      }
    },
    "request": {
      "method": "PUT",
      "url": "Encounter/c5549bf8-57c4-4eca-ad4b-37c8f249877e"
    }
  }, {
    "fullUrl": "https://madie.cms.gov/ServiceRequest/3d1ab623-dbf3-44a2-b808-122bc968873d",
    "resource": {
      "resourceType": "ServiceRequest",
      "id": "3d1ab623-dbf3-44a2-b808-122bc968873d",
      "meta": {
        "profile": [ "http://hl7.org/fhir/us/qicore/StructureDefinition/qicore-servicerequest" ]
      },
      "status": "active",
      "intent": "order",
      "code": {
        "coding": [ {
          "system": "http://snomed.info/sct",
          "version": "2022-03",
          "code": "385763009",
          "display": "Hospice care (regime/therapy)",
          "userSelected": true
        } ]
      },
      "subject": {
        "reference": "Patient/953ef59d-4c39-40ef-8067-87b5ecf84727"
      },
      "authoredOn": "2026-01-01T00:30:00.000+00:00"
    },
    "request": {
      "method": "PUT",
      "url": "ServiceRequest/3d1ab623-dbf3-44a2-b808-122bc968873d"
    }
  }, {
    "fullUrl": "https://madie.cms.gov/Coverage/c85b055f-a04d-4ba7-ae2a-7901e52dc87b",
    "resource": {
      "resourceType": "Coverage",
      "id": "c85b055f-a04d-4ba7-ae2a-7901e52dc87b",
      "meta": {
        "profile": [ "http://hl7.org/fhir/us/qicore/StructureDefinition/qicore-coverage" ]
      },
      "status": "active",
      "beneficiary": {
        "reference": "Patient/953ef59d-4c39-40ef-8067-87b5ecf84727"
      },
      "payor": [ {
        "reference": "Organization/b3fba4a3-a465-47e9-a4d9-c069dbc96643"
      } ]
    },
    "request": {
      "method": "PUT",
      "url": "Coverage/c85b055f-a04d-4ba7-ae2a-7901e52dc87b"
    }
  }, {
    "fullUrl": "https://madie.cms.gov/Organization/b3fba4a3-a465-47e9-a4d9-c069dbc96643",
    "resource": {
      "resourceType": "Organization",
      "id": "b3fba4a3-a465-47e9-a4d9-c069dbc96643",
      "meta": {
        "profile": [ "http://hl7.org/fhir/us/qicore/StructureDefinition/qicore-organization" ]
      },
      "identifier": [ {
        "use": "temp",
        "system": "urn:oid:2.16.840.1.113883.4.4",
        "value": "21-3259825"
      } ],
      "active": true,
      "type": [ {
        "coding": [ {
          "system": "http://terminology.hl7.org/CodeSystem/organization-type",
          "code": "pay",
          "display": "Payer"
        } ]
      } ],
      "name": "Blue Cross Blue Shield of Texas",
      "telecom": [ {
        "system": "phone",
        "value": "(+1) 972-766-6900"
      } ],
      "address": [ {
        "use": "billing",
        "type": "postal",
        "line": [ "P.O. Box 660044" ],
        "city": "Dallas",
        "state": "TX",
        "postalCode": "75266-0044",
        "country": "USA"
      } ]
    },
    "request": {
      "method": "PUT",
      "url": "Organization/b3fba4a3-a465-47e9-a4d9-c069dbc96643"
    }
  }, {
    "fullUrl": "https://madie.cms.gov/MeasureReport/ab547912-24bb-475d-b005-31a9c7a71c12",
    "resource": {
      "resourceType": "MeasureReport",
      "id": "ab547912-24bb-475d-b005-31a9c7a71c12",
      "meta": {
        "profile": [ "http://hl7.org/fhir/us/cqfmeasures/StructureDefinition/test-case-cqfm" ]
      },
      "contained": [ {
        "resourceType": "Parameters",
        "id": "d33bb1df-8213-49b1-892a-a3086d0ccf60-parameters",
        "parameter": [ {
          "name": "subject",
          "valueString": "953ef59d-4c39-40ef-8067-87b5ecf84727"
        } ]
      } ],
      "extension": [ {
        "url": "http://hl7.org/fhir/StructureDefinition/cqf-inputParameters",
        "valueReference": {
          "reference": "#d33bb1df-8213-49b1-892a-a3086d0ccf60-parameters"
        }
      }, {
        "url": "http://hl7.org/fhir/us/cqfmeasures/StructureDefinition/cqfm-testCaseDescription",
        "valueMarkdown": "Adult, ambulatory enc first 30 minutes of the first day of the year of the MP, hospice order during MP - meets denex. "
      } ],
      "modifierExtension": [ {
        "url": "http://hl7.org/fhir/us/cqfmeasures/StructureDefinition/cqfm-isTestCase",
        "valueBoolean": true
      } ],
      "status": "complete",
      "type": "individual",
      "measure": "https://madie.cms.gov/Measure/CMS69FHIRPCSBMIScreenAndFollowUp",
      "period": {
        "start": "2026-01-01",
        "end": "2026-12-31"
      },
      "group": [ {
        "id": "Group_1",
        "population": [ {
          "id": "InitialPopulation_1",
          "code": {
            "coding": [ {
              "system": "http://terminology.hl7.org/CodeSystem/measure-population",
              "code": "initial-population",
              "display": "Initial Population"
            } ]
          },
          "count": 1
        }, {
          "id": "Denominator_1",
          "code": {
            "coding": [ {
              "system": "http://terminology.hl7.org/CodeSystem/measure-population",
              "code": "denominator",
              "display": "Denominator"
            } ]
          },
          "count": 1
        }, {
          "id": "DenominatorExclusion_1",
          "code": {
            "coding": [ {
              "system": "http://terminology.hl7.org/CodeSystem/measure-population",
              "code": "denominator-exclusion",
              "display": "Denominator Exclusion"
            } ]
          },
          "count": 1
        }, {
          "id": "Numerator_1",
          "code": {
            "coding": [ {
              "system": "http://terminology.hl7.org/CodeSystem/measure-population",
              "code": "numerator",
              "display": "Numerator"
            } ]
          },
          "count": 0
        }, {
          "id": "DenominatorException_1",
          "code": {
            "coding": [ {
              "system": "http://terminology.hl7.org/CodeSystem/measure-population",
              "code": "denominator-exception",
              "display": "Denominator Exception"
            } ]
          },
          "count": 0
        } ],
        "measureScore": {
          "value": 1.0
        }
      } ],
      "evaluatedResource": [ {
        "reference": "Patient/953ef59d-4c39-40ef-8067-87b5ecf84727"
      }, {
        "reference": "Encounter/c5549bf8-57c4-4eca-ad4b-37c8f249877e"
      }, {
        "reference": "ServiceRequest/3d1ab623-dbf3-44a2-b808-122bc968873d"
      }, {
        "reference": "Coverage/c85b055f-a04d-4ba7-ae2a-7901e52dc87b"
      }, {
        "reference": "Organization/b3fba4a3-a465-47e9-a4d9-c069dbc96643"
      } ]
    },
    "request": {
      "method": "PUT",
      "url": "MeasureReport/ab547912-24bb-475d-b005-31a9c7a71c12"
    }
  } ]
}