{
  "resourceType": "Bundle",
  "id": "NUMPass-InitHOOSJr90DaysB4THAFUHOOSJr425DaysAfterTHA",
  "type": "transaction",
  "entry": [ {
    "fullUrl": "https://madie.cms.gov/Patient/11c8c8ff-97d1-4b46-8297-0a85d5caa1f3",
    "resource": {
      "resourceType": "Patient",
      "id": "11c8c8ff-97d1-4b46-8297-0a85d5caa1f3",
      "meta": {
        "profile": [ "http://hl7.org/fhir/us/qicore/StructureDefinition/qicore-patient" ]
      },
      "extension": [ {
        "url": "http://hl7.org/fhir/us/core/StructureDefinition/us-core-race",
        "extension": [ {
          "url": "ombCategory",
          "valueCoding": {
            "system": "urn:oid:2.16.840.1.113883.6.238",
            "code": "2028-9",
            "display": "Asian"
          }
        }, {
          "url": "text",
          "valueString": "Asian"
        } ]
      }, {
        "url": "http://hl7.org/fhir/us/core/StructureDefinition/us-core-ethnicity",
        "extension": [ {
          "url": "ombCategory",
          "valueCoding": {
            "system": "urn:oid:2.16.840.1.113883.6.238",
            "code": "2135-2",
            "display": "Hispanic or Latino"
          }
        }, {
          "url": "text",
          "valueString": "Hispanic or Latino"
        } ]
      } ],
      "identifier": [ {
        "system": "http://hospital.smarthealthit.org",
        "value": "999999995"
      } ],
      "name": [ {
        "family": "Bertha",
        "given": [ "Betty" ]
      } ],
      "gender": "female",
      "birthDate": "2007-01-01"
    },
    "request": {
      "method": "PUT",
      "url": "Patient/11c8c8ff-97d1-4b46-8297-0a85d5caa1f3"
    }
  }, {
    "fullUrl": "https://madie.cms.gov/Procedure/b32331c7-083d-4437-8266-6cf075d08bd9",
    "resource": {
      "resourceType": "Procedure",
      "id": "b32331c7-083d-4437-8266-6cf075d08bd9",
      "meta": {
        "profile": [ "http://hl7.org/fhir/us/qicore/StructureDefinition/qicore-procedure" ]
      },
      "extension": [ {
        "url": "http://hl7.org/fhir/us/qicore/StructureDefinition/qicore-recorded",
        "valueDateTime": "2024-11-01T00:00:00.000Z"
      } ],
      "status": "completed",
      "code": {
        "coding": [ {
          "system": "http://www.cms.gov/Medicare/Coding/ICD10",
          "code": "0SR9019",
          "display": "Replacement of Right Hip Joint with Metal Synthetic Substitute, Cemented, Open Approach"
        } ]
      },
      "subject": {
        "reference": "Patient/11c8c8ff-97d1-4b46-8297-0a85d5caa1f3"
      },
      "performedPeriod": {
        "start": "2024-11-01T00:00:00.000Z",
        "end": "2024-11-01T01:00:00.000Z"
      }
    },
    "request": {
      "method": "PUT",
      "url": "Procedure/b32331c7-083d-4437-8266-6cf075d08bd9"
    }
  }, {
    "fullUrl": "https://madie.cms.gov/Encounter/20a24a27-8e28-451d-87b0-cf6c9068911d",
    "resource": {
      "resourceType": "Encounter",
      "id": "20a24a27-8e28-451d-87b0-cf6c9068911d",
      "meta": {
        "profile": [ "http://hl7.org/fhir/us/qicore/StructureDefinition/qicore-encounter" ]
      },
      "status": "finished",
      "class": {
        "system": "http://terminology.hl7.org/CodeSystem/v3-ActCode",
        "code": "AMB",
        "display": "ambulatory"
      },
      "type": [ {
        "coding": [ {
          "system": "http://snomed.info/sct",
          "code": "281036007",
          "display": "Follow-up consultation (procedure)"
        } ]
      } ],
      "subject": {
        "reference": "Patient/11c8c8ff-97d1-4b46-8297-0a85d5caa1f3"
      },
      "period": {
        "start": "2025-11-01T00:00:00.000Z",
        "end": "2025-11-01T01:15:00.000Z"
      }
    },
    "request": {
      "method": "PUT",
      "url": "Encounter/20a24a27-8e28-451d-87b0-cf6c9068911d"
    }
  }, {
    "fullUrl": "https://madie.cms.gov/Observation/f904e578-790e-480c-9305-1e915e8232fb",
    "resource": {
      "resourceType": "Observation",
      "id": "f904e578-790e-480c-9305-1e915e8232fb",
      "meta": {
        "profile": [ "http://hl7.org/fhir/us/qicore/StructureDefinition/qicore-observation-screening-assessment" ]
      },
      "status": "final",
      "category": [ {
        "coding": [ {
          "system": "http://terminology.hl7.org/CodeSystem/observation-category",
          "code": "survey"
        } ]
      } ],
      "code": {
        "coding": [ {
          "system": "http://loinc.org",
          "code": "82323-7",
          "display": "Total interval score [HOOSJR]]"
        } ]
      },
      "subject": {
        "reference": "Patient/11c8c8ff-97d1-4b46-8297-0a85d5caa1f3"
      },
      "effectivePeriod": {
        "start": "2024-08-03T00:00:00.000Z",
        "end": "2024-08-03T01:00:00.000Z"
      },
      "valueInteger": 60
    },
    "request": {
      "method": "PUT",
      "url": "Observation/f904e578-790e-480c-9305-1e915e8232fb"
    }
  }, {
    "fullUrl": "https://madie.cms.gov/Observation/bb960b68-7c9c-4011-82f8-16fbb4809660",
    "resource": {
      "resourceType": "Observation",
      "id": "bb960b68-7c9c-4011-82f8-16fbb4809660",
      "meta": {
        "profile": [ "http://hl7.org/fhir/us/qicore/StructureDefinition/qicore-observation-screening-assessment" ]
      },
      "status": "final",
      "category": [ {
        "coding": [ {
          "system": "http://terminology.hl7.org/CodeSystem/observation-category",
          "code": "survey"
        } ]
      } ],
      "code": {
        "coding": [ {
          "system": "http://loinc.org",
          "code": "82323-7",
          "display": "Total interval score [HOOSJR]"
        } ]
      },
      "subject": {
        "reference": "Patient/11c8c8ff-97d1-4b46-8297-0a85d5caa1f3"
      },
      "effectivePeriod": {
        "start": "2025-12-30T00:00:00.000Z",
        "end": "2025-12-30T01:00:00.000Z"
      },
      "valueInteger": 60
    },
    "request": {
      "method": "PUT",
      "url": "Observation/bb960b68-7c9c-4011-82f8-16fbb4809660"
    }
  }, {
    "fullUrl": "https://madie.cms.gov/MeasureReport/d31cdc02-9e6a-4226-8d79-40e01ad4622f",
    "resource": {
      "resourceType": "MeasureReport",
      "id": "d31cdc02-9e6a-4226-8d79-40e01ad4622f",
      "meta": {
        "profile": [ "http://hl7.org/fhir/us/cqfmeasures/StructureDefinition/test-case-cqfm" ]
      },
      "contained": [ {
        "resourceType": "Parameters",
        "id": "93555021-6529-44ff-a9fe-eaf3b33fa878-parameters",
        "parameter": [ {
          "name": "subject",
          "valueString": "11c8c8ff-97d1-4b46-8297-0a85d5caa1f3"
        } ]
      } ],
      "extension": [ {
        "url": "http://hl7.org/fhir/StructureDefinition/cqf-inputParameters",
        "valueReference": {
          "reference": "#93555021-6529-44ff-a9fe-eaf3b33fa878-parameters"
        }
      }, {
        "url": "http://hl7.org/fhir/us/cqfmeasures/StructureDefinition/cqfm-testCaseDescription",
        "valueMarkdown": "Patient w/ a THA Procedure 11/1, Initial Hip Assessment HOOSJr 90 days before THA Procedure(8/3), and FollowUp Hip Assessment HOOSJr 425 days after THA Procedure (12/30)"
      } ],
      "modifierExtension": [ {
        "url": "http://hl7.org/fhir/us/cqfmeasures/StructureDefinition/cqfm-isTestCase",
        "valueBoolean": true
      } ],
      "status": "complete",
      "type": "individual",
      "measure": "https://madie.cms.gov/Measure/CMS56FHIRFunctionalStatusAssessmentforTotalHipReplacement",
      "period": {
        "start": "2026-01-01",
        "end": "2026-12-31"
      },
      "group": [ {
        "id": "Group_1",
        "population": [ {
          "id": "InitialPopulation_1",
          "code": {
            "coding": [ {
              "system": "http://terminology.hl7.org/CodeSystem/measure-population",
              "code": "initial-population",
              "display": "Initial Population"
            } ]
          },
          "count": 1
        }, {
          "id": "Denominator_1",
          "code": {
            "coding": [ {
              "system": "http://terminology.hl7.org/CodeSystem/measure-population",
              "code": "denominator",
              "display": "Denominator"
            } ]
          },
          "count": 1
        }, {
          "id": "DenominatorExclusion_1",
          "code": {
            "coding": [ {
              "system": "http://terminology.hl7.org/CodeSystem/measure-population",
              "code": "denominator-exclusion",
              "display": "Denominator Exclusion"
            } ]
          },
          "count": 0
        }, {
          "id": "Numerator_1",
          "code": {
            "coding": [ {
              "system": "http://terminology.hl7.org/CodeSystem/measure-population",
              "code": "numerator",
              "display": "Numerator"
            } ]
          },
          "count": 1
        } ],
        "measureScore": {
          "value": 1.0
        }
      } ],
      "evaluatedResource": [ {
        "reference": "Patient/11c8c8ff-97d1-4b46-8297-0a85d5caa1f3"
      }, {
        "reference": "Procedure/b32331c7-083d-4437-8266-6cf075d08bd9"
      }, {
        "reference": "Encounter/20a24a27-8e28-451d-87b0-cf6c9068911d"
      }, {
        "reference": "Observation/f904e578-790e-480c-9305-1e915e8232fb"
      }, {
        "reference": "Observation/bb960b68-7c9c-4011-82f8-16fbb4809660"
      } ]
    },
    "request": {
      "method": "PUT",
      "url": "MeasureReport/d31cdc02-9e6a-4226-8d79-40e01ad4622f"
    }
  } ]
}