{
  "resourceType": "Bundle",
  "id": "6109658e98086b538055b9e2",
  "type": "transaction",
  "entry": [ {
    "fullUrl": "https://madie.cms.gov/Patient/2cca67ad-d05c-4bd2-aa74-d5ba553b9afc",
    "resource": {
      "resourceType": "Patient",
      "id": "2cca67ad-d05c-4bd2-aa74-d5ba553b9afc",
      "meta": {
        "profile": [ "http://hl7.org/fhir/us/qicore/StructureDefinition/qicore-patient" ]
      },
      "extension": [ {
        "url": "http://hl7.org/fhir/us/core/StructureDefinition/us-core-race",
        "extension": [ {
          "url": "ombCategory",
          "valueCoding": {
            "system": "urn:oid:2.16.840.1.113883.6.238",
            "code": "2054-5",
            "display": "Black or African American",
            "userSelected": true
          }
        }, {
          "url": "text",
          "valueString": "Black or African American"
        } ]
      }, {
        "url": "http://hl7.org/fhir/us/core/StructureDefinition/us-core-ethnicity",
        "extension": [ {
          "url": "ombCategory",
          "valueCoding": {
            "system": "urn:oid:2.16.840.1.113883.6.238",
            "code": "2186-5",
            "display": "Not Hispanic or Latino",
            "userSelected": true
          }
        }, {
          "url": "text",
          "valueString": "Not Hispanic or Latino"
        } ]
      } ],
      "identifier": [ {
        "type": {
          "coding": [ {
            "system": "http://terminology.hl7.org/CodeSystem/v2-0203",
            "code": "MR"
          } ]
        },
        "system": "https://GoodHealthCare.com/",
        "value": "6109658e98086b538055b9e2"
      } ],
      "active": true,
      "name": [ {
        "use": "usual",
        "family": "NUMERFail",
        "given": [ "OpticDiscExamAfterEnc" ]
      } ],
      "gender": "female",
      "birthDate": "1971-07-12"
    },
    "request": {
      "method": "PUT",
      "url": "Patient/2cca67ad-d05c-4bd2-aa74-d5ba553b9afc"
    }
  }, {
    "fullUrl": "https://madie.cms.gov/Condition/e4d00494-f72f-4c1a-9657-c348d1c810db",
    "resource": {
      "resourceType": "Condition",
      "id": "e4d00494-f72f-4c1a-9657-c348d1c810db",
      "meta": {
        "profile": [ "http://hl7.org/fhir/us/qicore/StructureDefinition/qicore-condition-problems-health-concerns" ]
      },
      "clinicalStatus": {
        "coding": [ {
          "system": "http://terminology.hl7.org/CodeSystem/condition-clinical",
          "code": "active",
          "display": "active",
          "userSelected": true
        } ]
      },
      "category": [ {
        "coding": [ {
          "system": "http://terminology.hl7.org/CodeSystem/condition-category",
          "code": "problem-list-item",
          "display": "problem-list-item",
          "userSelected": true
        } ]
      } ],
      "code": {
        "coding": [ {
          "system": "http://snomed.info/sct",
          "version": "http://snomed.info/sct/731000124108/version/20230301",
          "code": "1306287007",
          "display": "Primary open angle glaucoma of left eye (disorder)"
        } ]
      },
      "subject": {
        "reference": "Patient/2cca67ad-d05c-4bd2-aa74-d5ba553b9afc"
      },
      "onsetDateTime": "2023-07-27T10:30:00+00:00"
    },
    "request": {
      "method": "PUT",
      "url": "Condition/e4d00494-f72f-4c1a-9657-c348d1c810db"
    }
  }, {
    "fullUrl": "https://madie.cms.gov/Observation/08011b99-ba03-4956-93d5-c3e4112f712e",
    "resource": {
      "resourceType": "Observation",
      "id": "08011b99-ba03-4956-93d5-c3e4112f712e",
      "meta": {
        "profile": [ "http://hl7.org/fhir/us/qicore/StructureDefinition/qicore-observation-clinical-result" ]
      },
      "status": "final",
      "category": [ {
        "coding": [ {
          "system": "http://terminology.hl7.org/CodeSystem/observation-category",
          "code": "laboratory",
          "display": "laboratory",
          "userSelected": true
        } ]
      } ],
      "code": {
        "coding": [ {
          "system": "http://loinc.org",
          "code": "71484-0"
        } ]
      },
      "subject": {
        "reference": "Patient/2cca67ad-d05c-4bd2-aa74-d5ba553b9afc"
      },
      "effectivePeriod": {
        "start": "2026-06-01T09:10:00.000+00:00",
        "end": "2026-06-01T09:20:00.000+00:00"
      },
      "valueQuantity": {
        "value": 0.7
      }
    },
    "request": {
      "method": "PUT",
      "url": "Observation/08011b99-ba03-4956-93d5-c3e4112f712e"
    }
  }, {
    "fullUrl": "https://madie.cms.gov/Observation/e5a2e26d-5665-4531-a9a9-107422e9636b",
    "resource": {
      "resourceType": "Observation",
      "id": "e5a2e26d-5665-4531-a9a9-107422e9636b",
      "meta": {
        "profile": [ "http://hl7.org/fhir/us/qicore/StructureDefinition/qicore-observation-clinical-result" ]
      },
      "status": "final",
      "category": [ {
        "coding": [ {
          "system": "http://terminology.hl7.org/CodeSystem/observation-category",
          "code": "laboratory",
          "display": "laboratory",
          "userSelected": true
        } ]
      } ],
      "code": {
        "coding": [ {
          "system": "http://loinc.org",
          "version": "2.73",
          "code": "71486-5"
        } ]
      },
      "subject": {
        "reference": "Patient/2cca67ad-d05c-4bd2-aa74-d5ba553b9afc"
      },
      "effectivePeriod": {
        "start": "2026-07-09T12:40:00.000+00:00",
        "end": "2026-07-09T13:40:00.000+00:00"
      },
      "valueCodeableConcept": {
        "coding": [ {
          "system": "http://loinc.org",
          "code": "71486-5",
          "display": "Optic Disc Exam for Structural Abnormalities"
        } ]
      }
    },
    "request": {
      "method": "PUT",
      "url": "Observation/e5a2e26d-5665-4531-a9a9-107422e9636b"
    }
  }, {
    "fullUrl": "https://madie.cms.gov/Encounter/6c8e8418-ee82-4acb-9b45-081aac454255",
    "resource": {
      "resourceType": "Encounter",
      "id": "6c8e8418-ee82-4acb-9b45-081aac454255",
      "meta": {
        "profile": [ "http://hl7.org/fhir/us/qicore/StructureDefinition/qicore-encounter" ]
      },
      "status": "finished",
      "class": {
        "system": "http://terminology.hl7.org/CodeSystem/v3-ActCode",
        "code": "AMB",
        "display": "ambulatory",
        "userSelected": true
      },
      "type": [ {
        "coding": [ {
          "system": "http://snomed.info/sct",
          "version": "http://snomed.info/sct/731000124108/version/20230301",
          "code": "66902005",
          "display": "Ophthalmic examination and evaluation, follow-up (procedure)"
        } ]
      } ],
      "subject": {
        "reference": "Patient/2cca67ad-d05c-4bd2-aa74-d5ba553b9afc"
      },
      "period": {
        "start": "2026-06-01T09:00:00.000+00:00",
        "end": "2026-06-01T09:45:00.000+00:00"
      },
      "length": {
        "value": 0,
        "unit": "days"
      }
    },
    "request": {
      "method": "PUT",
      "url": "Encounter/6c8e8418-ee82-4acb-9b45-081aac454255"
    }
  }, {
    "fullUrl": "https://madie.cms.gov/Coverage/5b44343f-0907-488d-a008-97738c054b66",
    "resource": {
      "resourceType": "Coverage",
      "id": "5b44343f-0907-488d-a008-97738c054b66",
      "meta": {
        "profile": [ "http://hl7.org/fhir/us/qicore/StructureDefinition/qicore-coverage" ]
      },
      "identifier": [ {
        "system": "http://benefitsinc.com/certificate",
        "value": "12345"
      } ],
      "status": "active",
      "type": {
        "coding": [ {
          "system": "https://nahdo.org/sopt",
          "version": "9.2",
          "code": "59",
          "display": "Other Private Insurance"
        } ]
      },
      "beneficiary": {
        "reference": "Patient/2cca67ad-d05c-4bd2-aa74-d5ba553b9afc"
      },
      "dependent": "0",
      "relationship": {
        "coding": [ {
          "system": "http://terminology.hl7.org/CodeSystem/subscriber-relationship",
          "code": "self"
        } ]
      },
      "period": {
        "start": "2017-05-23",
        "end": "2027-05-23"
      },
      "payor": [ {
        "reference": "Organization/8ac1b8b3-4ca6-473f-b8af-3c1534c95eba"
      } ],
      "order": 9
    },
    "request": {
      "method": "PUT",
      "url": "Coverage/5b44343f-0907-488d-a008-97738c054b66"
    }
  }, {
    "fullUrl": "https://madie.cms.gov/Organization/8ac1b8b3-4ca6-473f-b8af-3c1534c95eba",
    "resource": {
      "resourceType": "Organization",
      "id": "8ac1b8b3-4ca6-473f-b8af-3c1534c95eba",
      "meta": {
        "profile": [ "http://hl7.org/fhir/us/qicore/StructureDefinition/qicore-organization" ]
      },
      "identifier": [ {
        "use": "temp",
        "system": "http://terminology.hl7.org/NamingSystem/USEIN",
        "value": "48915164351354"
      } ],
      "active": true,
      "type": [ {
        "coding": [ {
          "system": "http://terminology.hl7.org/CodeSystem/organization-type",
          "code": "team",
          "display": "Organizational team"
        } ]
      } ],
      "name": "Good Healthcare, LLC",
      "telecom": [ {
        "system": "phone",
        "value": "(+1) 901-683-7777"
      }, {
        "system": "fax",
        "value": "(+1) 901-683-6622"
      }, {
        "system": "email",
        "value": "BetterYourHealth@GoodHealthcare.com"
      } ],
      "address": [ {
        "line": [ "3651 Wentrow Blvd, Suite 227" ],
        "city": "Germantown",
        "state": "TN",
        "postalCode": "38138",
        "country": "USA"
      } ]
    },
    "request": {
      "method": "PUT",
      "url": "Organization/8ac1b8b3-4ca6-473f-b8af-3c1534c95eba"
    }
  }, {
    "fullUrl": "https://madie.cms.gov/MeasureReport/a8c0d0b5-f31f-4c12-90b0-524b3f670ebd",
    "resource": {
      "resourceType": "MeasureReport",
      "id": "a8c0d0b5-f31f-4c12-90b0-524b3f670ebd",
      "meta": {
        "profile": [ "http://hl7.org/fhir/us/cqfmeasures/StructureDefinition/test-case-cqfm" ]
      },
      "contained": [ {
        "resourceType": "Parameters",
        "id": "dc33b52f-3367-4f0b-a674-64341b83344f-parameters",
        "parameter": [ {
          "name": "subject",
          "valueString": "2cca67ad-d05c-4bd2-aa74-d5ba553b9afc"
        } ]
      } ],
      "extension": [ {
        "url": "http://hl7.org/fhir/StructureDefinition/cqf-inputParameters",
        "valueReference": {
          "reference": "#dc33b52f-3367-4f0b-a674-64341b83344f-parameters"
        }
      }, {
        "url": "http://hl7.org/fhir/us/cqfmeasures/StructureDefinition/cqfm-testCaseDescription",
        "valueMarkdown": "Patient with POAG dx, Ophthalmological Vist and with Cup to Disc Ratio and Optic Disc exam and Optic Disc exam performed outside of Encounter period."
      } ],
      "modifierExtension": [ {
        "url": "http://hl7.org/fhir/us/cqfmeasures/StructureDefinition/cqfm-isTestCase",
        "valueBoolean": true
      } ],
      "status": "complete",
      "type": "individual",
      "measure": "https://madie.cms.gov/Measure/CMS143FHIRPOAGOpticNerveEvaluation",
      "period": {
        "start": "2026-01-01",
        "end": "2026-12-31"
      },
      "group": [ {
        "id": "Group_1",
        "population": [ {
          "id": "InitialPopulation_1",
          "code": {
            "coding": [ {
              "system": "http://terminology.hl7.org/CodeSystem/measure-population",
              "code": "initial-population",
              "display": "Initial Population"
            } ]
          },
          "count": 1
        }, {
          "id": "Denominator_1",
          "code": {
            "coding": [ {
              "system": "http://terminology.hl7.org/CodeSystem/measure-population",
              "code": "denominator",
              "display": "Denominator"
            } ]
          },
          "count": 1
        }, {
          "id": "Numerator_1",
          "code": {
            "coding": [ {
              "system": "http://terminology.hl7.org/CodeSystem/measure-population",
              "code": "numerator",
              "display": "Numerator"
            } ]
          },
          "count": 0
        }, {
          "id": "DenominatorException_1",
          "code": {
            "coding": [ {
              "system": "http://terminology.hl7.org/CodeSystem/measure-population",
              "code": "denominator-exception",
              "display": "Denominator Exception"
            } ]
          },
          "count": 0
        } ],
        "measureScore": {
          "value": 1.0
        }
      } ],
      "evaluatedResource": [ {
        "reference": "Patient/2cca67ad-d05c-4bd2-aa74-d5ba553b9afc"
      }, {
        "reference": "Condition/e4d00494-f72f-4c1a-9657-c348d1c810db"
      }, {
        "reference": "Observation/08011b99-ba03-4956-93d5-c3e4112f712e"
      }, {
        "reference": "Observation/e5a2e26d-5665-4531-a9a9-107422e9636b"
      }, {
        "reference": "Encounter/6c8e8418-ee82-4acb-9b45-081aac454255"
      }, {
        "reference": "Coverage/5b44343f-0907-488d-a008-97738c054b66"
      }, {
        "reference": "Organization/8ac1b8b3-4ca6-473f-b8af-3c1534c95eba"
      } ]
    },
    "request": {
      "method": "PUT",
      "url": "MeasureReport/a8c0d0b5-f31f-4c12-90b0-524b3f670ebd"
    }
  } ]
}