{
  "resourceType": "Bundle",
  "id": "62f65f6e5efef5272905e70b",
  "type": "transaction",
  "entry": [ {
    "fullUrl": "https://madie.cms.gov/Patient/d0ba1182-26fa-4cfa-9f91-960503b7fe53",
    "resource": {
      "resourceType": "Patient",
      "id": "d0ba1182-26fa-4cfa-9f91-960503b7fe53",
      "meta": {
        "profile": [ "http://hl7.org/fhir/us/qicore/StructureDefinition/qicore-patient" ]
      },
      "extension": [ {
        "url": "http://hl7.org/fhir/us/core/StructureDefinition/us-core-race",
        "extension": [ {
          "url": "ombCategory",
          "valueCoding": {
            "system": "urn:oid:2.16.840.1.113883.6.238",
            "code": "1002-5",
            "display": "American Indian or Alaska Native",
            "userSelected": true
          }
        }, {
          "url": "text",
          "valueString": "American Indian or Alaska Native"
        } ]
      }, {
        "url": "http://hl7.org/fhir/us/core/StructureDefinition/us-core-ethnicity",
        "extension": [ {
          "url": "ombCategory",
          "valueCoding": {
            "system": "urn:oid:2.16.840.1.113883.6.238",
            "code": "2135-2",
            "display": "Hispanic or Latino",
            "userSelected": true
          }
        }, {
          "url": "text",
          "valueString": "Hispanic or Latino"
        } ]
      } ],
      "identifier": [ {
        "type": {
          "coding": [ {
            "system": "http://terminology.hl7.org/CodeSystem/v2-0203",
            "code": "MR"
          } ]
        },
        "system": "https://bonnie-fhir.healthit.gov/",
        "value": "62f65f6e5efef5272905e70b"
      } ],
      "name": [ {
        "family": "DENEXCEPPass",
        "given": [ "AdolescentMedicalReasonForNoDepressionScreenAge12" ]
      } ],
      "gender": "male",
      "birthDate": "2014-01-01"
    },
    "request": {
      "method": "PUT",
      "url": "Patient/d0ba1182-26fa-4cfa-9f91-960503b7fe53"
    }
  }, {
    "fullUrl": "https://madie.cms.gov/Encounter/12099676-3819-4872-9062-6f48de523422",
    "resource": {
      "resourceType": "Encounter",
      "id": "12099676-3819-4872-9062-6f48de523422",
      "meta": {
        "profile": [ "http://hl7.org/fhir/us/qicore/StructureDefinition/qicore-encounter" ]
      },
      "status": "finished",
      "class": {
        "system": "http://terminology.hl7.org/CodeSystem/v3-ActCode",
        "code": "AMB",
        "display": "ambulatory"
      },
      "type": [ {
        "coding": [ {
          "system": "http://snomed.info/sct",
          "version": "2021-09",
          "code": "10197000",
          "display": "Psychiatric interview and evaluation (procedure)",
          "userSelected": true
        } ]
      } ],
      "subject": {
        "reference": "Patient/d0ba1182-26fa-4cfa-9f91-960503b7fe53"
      },
      "period": {
        "start": "2026-01-02T08:00:00.000+00:00",
        "end": "2026-01-02T08:15:00.000+00:00"
      }
    },
    "request": {
      "method": "PUT",
      "url": "Encounter/12099676-3819-4872-9062-6f48de523422"
    }
  }, {
    "fullUrl": "https://madie.cms.gov/Observation/10d9ef5e-b9c5-4b8c-8e75-010458e46ae2",
    "resource": {
      "resourceType": "Observation",
      "id": "10d9ef5e-b9c5-4b8c-8e75-010458e46ae2",
      "meta": {
        "profile": [ "http://hl7.org/fhir/us/qicore/StructureDefinition/qicore-observationcancelled" ]
      },
      "extension": [ {
        "url": "http://hl7.org/fhir/us/qicore/StructureDefinition/qicore-notDoneReason",
        "valueCodeableConcept": {
          "coding": [ {
            "system": "http://snomed.info/sct",
            "code": "183932001",
            "display": "Procedure contraindicated (situation)",
            "userSelected": true
          } ]
        }
      } ],
      "status": "cancelled",
      "category": [ {
        "coding": [ {
          "system": "http://terminology.hl7.org/CodeSystem/observation-category",
          "code": "procedure",
          "display": "Procedure"
        } ]
      } ],
      "code": {
        "coding": [ {
          "system": "http://loinc.org",
          "code": "73831-0",
          "display": "Adolescent depression screening assessment",
          "userSelected": true
        } ]
      },
      "subject": {
        "reference": "Patient/d0ba1182-26fa-4cfa-9f91-960503b7fe53"
      },
      "issued": "2026-01-02T08:00:00.000+00:00",
      "valueBoolean": true
    },
    "request": {
      "method": "PUT",
      "url": "Observation/10d9ef5e-b9c5-4b8c-8e75-010458e46ae2"
    }
  }, {
    "fullUrl": "https://madie.cms.gov/Coverage/0b6b499c-3dea-4083-aa83-21926bd5e609",
    "resource": {
      "resourceType": "Coverage",
      "id": "0b6b499c-3dea-4083-aa83-21926bd5e609",
      "meta": {
        "profile": [ "http://hl7.org/fhir/us/qicore/StructureDefinition/qicore-coverage" ]
      },
      "status": "active",
      "beneficiary": {
        "reference": "Patient/d0ba1182-26fa-4cfa-9f91-960503b7fe53"
      },
      "payor": [ {
        "reference": "Organization/fed8710e-9dc6-4f48-bdd0-33d2d8431560"
      } ]
    },
    "request": {
      "method": "PUT",
      "url": "Coverage/0b6b499c-3dea-4083-aa83-21926bd5e609"
    }
  }, {
    "fullUrl": "https://madie.cms.gov/Organization/fed8710e-9dc6-4f48-bdd0-33d2d8431560",
    "resource": {
      "resourceType": "Organization",
      "id": "fed8710e-9dc6-4f48-bdd0-33d2d8431560",
      "meta": {
        "profile": [ "http://hl7.org/fhir/us/qicore/StructureDefinition/qicore-organization" ]
      },
      "identifier": [ {
        "use": "temp",
        "system": "urn:oid:2.16.840.1.113883.4.4",
        "value": "21-3259825"
      } ],
      "active": true,
      "type": [ {
        "coding": [ {
          "system": "http://terminology.hl7.org/CodeSystem/organization-type",
          "code": "pay",
          "display": "Payer"
        } ]
      } ],
      "name": "Blue Cross Blue Shield of Texas",
      "telecom": [ {
        "system": "phone",
        "value": "(+1) 972-766-6900"
      } ],
      "address": [ {
        "use": "billing",
        "type": "postal",
        "line": [ "P.O. Box 660044" ],
        "city": "Dallas",
        "state": "TX",
        "postalCode": "75266-0044",
        "country": "USA"
      } ]
    },
    "request": {
      "method": "PUT",
      "url": "Organization/fed8710e-9dc6-4f48-bdd0-33d2d8431560"
    }
  }, {
    "fullUrl": "https://madie.cms.gov/Practitioner/255e0908-ab4c-4383-b12e-192c5111df28",
    "resource": {
      "resourceType": "Practitioner",
      "id": "255e0908-ab4c-4383-b12e-192c5111df28",
      "meta": {
        "profile": [ "http://hl7.org/fhir/us/qicore/StructureDefinition/qicore-practitioner" ]
      },
      "identifier": [ {
        "system": "http://hl7.org/fhir/sid/us-npi",
        "value": "123456"
      } ],
      "name": [ {
        "family": "Evil",
        "prefix": [ "Dr" ]
      } ]
    },
    "request": {
      "method": "PUT",
      "url": "Practitioner/255e0908-ab4c-4383-b12e-192c5111df28"
    }
  }, {
    "fullUrl": "https://madie.cms.gov/MeasureReport/bba94fd2-f682-4242-aaff-80f5ea406b17",
    "resource": {
      "resourceType": "MeasureReport",
      "id": "bba94fd2-f682-4242-aaff-80f5ea406b17",
      "meta": {
        "profile": [ "http://hl7.org/fhir/us/cqfmeasures/StructureDefinition/test-case-cqfm" ]
      },
      "contained": [ {
        "resourceType": "Parameters",
        "id": "91ad0c41-77dc-43d5-be0f-06fc505039ca-parameters",
        "parameter": [ {
          "name": "subject",
          "valueString": "d0ba1182-26fa-4cfa-9f91-960503b7fe53"
        } ]
      } ],
      "extension": [ {
        "url": "http://hl7.org/fhir/StructureDefinition/cqf-inputParameters",
        "valueReference": {
          "reference": "#91ad0c41-77dc-43d5-be0f-06fc505039ca-parameters"
        }
      }, {
        "url": "http://hl7.org/fhir/us/cqfmeasures/StructureDefinition/cqfm-testCaseDescription",
        "valueMarkdown": "12 yo male with medical reason for not screening for depression - Procedure contraindicated - 12 on first day MP."
      } ],
      "modifierExtension": [ {
        "url": "http://hl7.org/fhir/us/cqfmeasures/StructureDefinition/cqfm-isTestCase",
        "valueBoolean": true
      } ],
      "status": "complete",
      "type": "individual",
      "measure": "https://madie.cms.gov/Measure/CMS2FHIRPCSDepressionScreenAndFollowUp",
      "period": {
        "start": "2026-01-01",
        "end": "2026-12-31"
      },
      "group": [ {
        "id": "Group_1",
        "population": [ {
          "id": "InitialPopulation_1",
          "code": {
            "coding": [ {
              "system": "http://terminology.hl7.org/CodeSystem/measure-population",
              "code": "initial-population",
              "display": "Initial Population"
            } ]
          },
          "count": 1
        }, {
          "id": "Denominator_1",
          "code": {
            "coding": [ {
              "system": "http://terminology.hl7.org/CodeSystem/measure-population",
              "code": "denominator",
              "display": "Denominator"
            } ]
          },
          "count": 1
        }, {
          "id": "DenominatorExclusion_1",
          "code": {
            "coding": [ {
              "system": "http://terminology.hl7.org/CodeSystem/measure-population",
              "code": "denominator-exclusion",
              "display": "Denominator Exclusion"
            } ]
          },
          "count": 0
        }, {
          "id": "Numerator_1",
          "code": {
            "coding": [ {
              "system": "http://terminology.hl7.org/CodeSystem/measure-population",
              "code": "numerator",
              "display": "Numerator"
            } ]
          },
          "count": 0
        }, {
          "id": "DenominatorException_1",
          "code": {
            "coding": [ {
              "system": "http://terminology.hl7.org/CodeSystem/measure-population",
              "code": "denominator-exception",
              "display": "Denominator Exception"
            } ]
          },
          "count": 1
        } ],
        "measureScore": {
          "value": 1.0
        }
      } ],
      "evaluatedResource": [ {
        "reference": "Patient/d0ba1182-26fa-4cfa-9f91-960503b7fe53"
      }, {
        "reference": "Encounter/12099676-3819-4872-9062-6f48de523422"
      }, {
        "reference": "Observation/10d9ef5e-b9c5-4b8c-8e75-010458e46ae2"
      }, {
        "reference": "Coverage/0b6b499c-3dea-4083-aa83-21926bd5e609"
      }, {
        "reference": "Organization/fed8710e-9dc6-4f48-bdd0-33d2d8431560"
      }, {
        "reference": "Practitioner/255e0908-ab4c-4383-b12e-192c5111df28"
      } ]
    },
    "request": {
      "method": "PUT",
      "url": "MeasureReport/bba94fd2-f682-4242-aaff-80f5ea406b17"
    }
  } ]
}