{
  "resourceType": "Bundle",
  "id": "416464641651311263",
  "type": "transaction",
  "entry": [ {
    "fullUrl": "https://madie.cms.gov/Patient/b05ea6cd-9b35-4798-b15d-edc8593c2d33",
    "resource": {
      "resourceType": "Patient",
      "id": "b05ea6cd-9b35-4798-b15d-edc8593c2d33",
      "meta": {
        "profile": [ "http://hl7.org/fhir/us/qicore/StructureDefinition/qicore-patient" ]
      },
      "extension": [ {
        "url": "http://hl7.org/fhir/us/core/StructureDefinition/us-core-race",
        "extension": [ {
          "url": "ombCategory",
          "valueCoding": {
            "system": "urn:oid:2.16.840.1.113883.6.238",
            "code": "1002-5",
            "display": "American Indian or Alaska Native"
          }
        }, {
          "url": "text",
          "valueString": "American Indian or Alaska Native"
        } ]
      }, {
        "url": "http://hl7.org/fhir/us/core/StructureDefinition/us-core-ethnicity",
        "extension": [ {
          "url": "ombCategory",
          "valueCoding": {
            "system": "urn:oid:2.16.840.1.113883.6.238",
            "code": "2186-5",
            "display": "Not Hispanic or Latino"
          }
        }, {
          "url": "text",
          "valueString": "Not Hispanic or Latino"
        } ]
      } ],
      "identifier": [ {
        "type": {
          "coding": [ {
            "system": "http://terminology.hl7.org/CodeSystem/v2-0203",
            "code": "MR"
          } ]
        },
        "system": "https://bonnie-fhir.healthit.gov/",
        "value": "516541651313135153"
      } ],
      "active": true,
      "name": [ {
        "use": "usual",
        "family": "DENEXCEPPop1Pass",
        "given": [ "Hypotension" ]
      } ],
      "gender": "female",
      "birthDate": "1947-03-24"
    },
    "request": {
      "method": "PUT",
      "url": "Patient/b05ea6cd-9b35-4798-b15d-edc8593c2d33"
    }
  }, {
    "fullUrl": "https://madie.cms.gov/Encounter/ace1df3c-eb2f-496f-a50b-0fd22476abe7",
    "resource": {
      "resourceType": "Encounter",
      "id": "ace1df3c-eb2f-496f-a50b-0fd22476abe7",
      "meta": {
        "profile": [ "http://hl7.org/fhir/us/qicore/StructureDefinition/qicore-encounter" ]
      },
      "status": "finished",
      "class": {
        "system": "http://terminology.hl7.org/CodeSystem/v3-ActCode",
        "code": "AMB",
        "display": "ambulatory encounter"
      },
      "type": [ {
        "coding": [ {
          "system": "http://www.ama-assn.org/go/cpt",
          "version": "2024",
          "code": "99205"
        } ]
      } ],
      "subject": {
        "reference": "Patient/b05ea6cd-9b35-4798-b15d-edc8593c2d33"
      },
      "period": {
        "start": "2026-04-05T06:00:00.000+00:00",
        "end": "2026-04-05T07:00:00.000+00:00"
      }
    },
    "request": {
      "method": "PUT",
      "url": "Encounter/ace1df3c-eb2f-496f-a50b-0fd22476abe7"
    }
  }, {
    "fullUrl": "https://madie.cms.gov/Encounter/f57e8d01-add0-40f0-b706-b1871703a8c3",
    "resource": {
      "resourceType": "Encounter",
      "id": "f57e8d01-add0-40f0-b706-b1871703a8c3",
      "meta": {
        "profile": [ "http://hl7.org/fhir/us/qicore/StructureDefinition/qicore-encounter" ]
      },
      "status": "finished",
      "class": {
        "system": "http://terminology.hl7.org/CodeSystem/v3-ActCode",
        "code": "AMB",
        "display": "ambulatory encounter"
      },
      "type": [ {
        "coding": [ {
          "system": "http://snomed.info/sct",
          "version": "http://snomed.info/sct/731000124108/version/20230901",
          "code": "185467006",
          "display": "Home visit for acute condition (procedure)"
        } ]
      } ],
      "subject": {
        "reference": "Patient/b05ea6cd-9b35-4798-b15d-edc8593c2d33"
      },
      "period": {
        "start": "2026-07-08T09:00:00.000+00:00",
        "end": "2026-07-08T09:00:00.000+00:00"
      }
    },
    "request": {
      "method": "PUT",
      "url": "Encounter/f57e8d01-add0-40f0-b706-b1871703a8c3"
    }
  }, {
    "fullUrl": "https://madie.cms.gov/Condition/bf06972d-702f-4476-bd21-eb7a2a0fc0db",
    "resource": {
      "resourceType": "Condition",
      "id": "bf06972d-702f-4476-bd21-eb7a2a0fc0db",
      "meta": {
        "profile": [ "http://hl7.org/fhir/us/qicore/StructureDefinition/qicore-condition-problems-health-concerns" ]
      },
      "clinicalStatus": {
        "coding": [ {
          "system": "http://terminology.hl7.org/CodeSystem/condition-clinical",
          "code": "active",
          "display": "Active"
        } ]
      },
      "verificationStatus": {
        "coding": [ {
          "system": "http://terminology.hl7.org/CodeSystem/condition-ver-status",
          "code": "confirmed",
          "display": "Confirmed"
        } ]
      },
      "category": [ {
        "coding": [ {
          "system": "http://terminology.hl7.org/CodeSystem/condition-category",
          "code": "problem-list-item",
          "display": "Problem List Item"
        } ]
      } ],
      "code": {
        "coding": [ {
          "system": "http://snomed.info/sct",
          "version": "http://snomed.info/sct/731000124108/version/20240301",
          "code": "981000124106",
          "display": "Moderate left ventricular systolic dysfunction (disorder)"
        } ]
      },
      "subject": {
        "reference": "Patient/b05ea6cd-9b35-4798-b15d-edc8593c2d33"
      },
      "onsetPeriod": {
        "start": "2026-04-05T06:00:00.000+00:00"
      }
    },
    "request": {
      "method": "PUT",
      "url": "Condition/bf06972d-702f-4476-bd21-eb7a2a0fc0db"
    }
  }, {
    "fullUrl": "https://madie.cms.gov/Condition/32bc592b-2bb8-475b-b4da-7e3652ef5dc6",
    "resource": {
      "resourceType": "Condition",
      "id": "32bc592b-2bb8-475b-b4da-7e3652ef5dc6",
      "meta": {
        "profile": [ "http://hl7.org/fhir/us/qicore/StructureDefinition/qicore-condition-problems-health-concerns" ]
      },
      "clinicalStatus": {
        "coding": [ {
          "system": "http://terminology.hl7.org/CodeSystem/condition-clinical",
          "code": "active",
          "display": "Active"
        } ]
      },
      "verificationStatus": {
        "coding": [ {
          "system": "http://terminology.hl7.org/CodeSystem/condition-ver-status",
          "code": "confirmed",
          "display": "Confirmed"
        } ]
      },
      "category": [ {
        "coding": [ {
          "system": "http://terminology.hl7.org/CodeSystem/condition-category",
          "code": "problem-list-item",
          "display": "Problem List Item"
        } ]
      } ],
      "code": {
        "coding": [ {
          "system": "http://snomed.info/sct",
          "version": "http://snomed.info/sct/731000124108/version/20240301",
          "code": "10365005",
          "display": "Right main coronary artery thrombosis (disorder)"
        } ]
      },
      "subject": {
        "reference": "Patient/b05ea6cd-9b35-4798-b15d-edc8593c2d33"
      },
      "onsetPeriod": {
        "start": "2026-04-05T06:00:00.000+00:00"
      }
    },
    "request": {
      "method": "PUT",
      "url": "Condition/32bc592b-2bb8-475b-b4da-7e3652ef5dc6"
    }
  }, {
    "fullUrl": "https://madie.cms.gov/Condition/b8c61440-aba4-4db2-be40-82cf0ed36d60",
    "resource": {
      "resourceType": "Condition",
      "id": "b8c61440-aba4-4db2-be40-82cf0ed36d60",
      "meta": {
        "profile": [ "http://hl7.org/fhir/us/qicore/StructureDefinition/qicore-condition-problems-health-concerns" ]
      },
      "clinicalStatus": {
        "coding": [ {
          "system": "http://terminology.hl7.org/CodeSystem/condition-clinical",
          "code": "active",
          "display": "Active"
        } ]
      },
      "verificationStatus": {
        "coding": [ {
          "system": "http://terminology.hl7.org/CodeSystem/condition-ver-status",
          "code": "confirmed",
          "display": "Confirmed"
        } ]
      },
      "category": [ {
        "coding": [ {
          "system": "http://terminology.hl7.org/CodeSystem/condition-category",
          "code": "problem-list-item",
          "display": "Problem List Item"
        } ]
      } ],
      "code": {
        "coding": [ {
          "system": "http://snomed.info/sct",
          "version": "http://snomed.info/sct/731000124108/version/20240301",
          "code": "195506001",
          "display": "Idiopathic hypotension (disorder)"
        } ]
      },
      "subject": {
        "reference": "Patient/b05ea6cd-9b35-4798-b15d-edc8593c2d33"
      },
      "onsetPeriod": {
        "start": "2026-04-05T06:00:00.000+00:00"
      }
    },
    "request": {
      "method": "PUT",
      "url": "Condition/b8c61440-aba4-4db2-be40-82cf0ed36d60"
    }
  }, {
    "fullUrl": "https://madie.cms.gov/MeasureReport/a7e86c75-9c26-42af-968a-1e4896d6f0f8",
    "resource": {
      "resourceType": "MeasureReport",
      "id": "a7e86c75-9c26-42af-968a-1e4896d6f0f8",
      "meta": {
        "profile": [ "http://hl7.org/fhir/us/cqfmeasures/StructureDefinition/test-case-cqfm" ]
      },
      "contained": [ {
        "resourceType": "Parameters",
        "id": "02a20ea7-289a-4629-9971-5de7b1ea2f4d-parameters",
        "parameter": [ {
          "name": "subject",
          "valueString": "b05ea6cd-9b35-4798-b15d-edc8593c2d33"
        } ]
      } ],
      "extension": [ {
        "url": "http://hl7.org/fhir/StructureDefinition/cqf-inputParameters",
        "valueReference": {
          "reference": "#02a20ea7-289a-4629-9971-5de7b1ea2f4d-parameters"
        }
      }, {
        "url": "http://hl7.org/fhir/us/cqfmeasures/StructureDefinition/cqfm-testCaseDescription",
        "valueMarkdown": "Pt > 18, 2 visits during MP, and Moderate LVSD, CAD and Hypotension (all with onset during 1st visit)"
      } ],
      "modifierExtension": [ {
        "url": "http://hl7.org/fhir/us/cqfmeasures/StructureDefinition/cqfm-isTestCase",
        "valueBoolean": true
      } ],
      "status": "complete",
      "type": "individual",
      "measure": "https://madie.cms.gov/Measure/CMS145FHIRCADBetaBlockerTherapyPriorMIorLVSD",
      "period": {
        "start": "2026-01-01",
        "end": "2026-12-31"
      },
      "group": [ {
        "id": "Group_1",
        "population": [ {
          "id": "InitialPopulation_1",
          "code": {
            "coding": [ {
              "system": "http://terminology.hl7.org/CodeSystem/measure-population",
              "code": "initial-population",
              "display": "Initial Population"
            } ]
          },
          "count": 1
        }, {
          "id": "Denominator_1",
          "code": {
            "coding": [ {
              "system": "http://terminology.hl7.org/CodeSystem/measure-population",
              "code": "denominator",
              "display": "Denominator"
            } ]
          },
          "count": 1
        }, {
          "id": "Numerator_1",
          "code": {
            "coding": [ {
              "system": "http://terminology.hl7.org/CodeSystem/measure-population",
              "code": "numerator",
              "display": "Numerator"
            } ]
          },
          "count": 0
        }, {
          "id": "DenominatorException_1",
          "code": {
            "coding": [ {
              "system": "http://terminology.hl7.org/CodeSystem/measure-population",
              "code": "denominator-exception",
              "display": "Denominator Exception"
            } ]
          },
          "count": 1
        } ],
        "measureScore": {
          "value": 1.0
        }
      }, {
        "id": "Group_2",
        "population": [ {
          "id": "InitialPopulation_2",
          "code": {
            "coding": [ {
              "system": "http://terminology.hl7.org/CodeSystem/measure-population",
              "code": "initial-population",
              "display": "Initial Population"
            } ]
          },
          "count": 1
        }, {
          "id": "Denominator_2",
          "code": {
            "coding": [ {
              "system": "http://terminology.hl7.org/CodeSystem/measure-population",
              "code": "denominator",
              "display": "Denominator"
            } ]
          },
          "count": 0
        }, {
          "id": "Numerator_2",
          "code": {
            "coding": [ {
              "system": "http://terminology.hl7.org/CodeSystem/measure-population",
              "code": "numerator",
              "display": "Numerator"
            } ]
          },
          "count": 0
        }, {
          "id": "DenominatorException_2",
          "code": {
            "coding": [ {
              "system": "http://terminology.hl7.org/CodeSystem/measure-population",
              "code": "denominator-exception",
              "display": "Denominator Exception"
            } ]
          },
          "count": 0
        } ],
        "measureScore": {
          "value": 1.0
        }
      } ],
      "evaluatedResource": [ {
        "reference": "Patient/b05ea6cd-9b35-4798-b15d-edc8593c2d33"
      }, {
        "reference": "Encounter/ace1df3c-eb2f-496f-a50b-0fd22476abe7"
      }, {
        "reference": "Encounter/f57e8d01-add0-40f0-b706-b1871703a8c3"
      }, {
        "reference": "Condition/bf06972d-702f-4476-bd21-eb7a2a0fc0db"
      }, {
        "reference": "Condition/32bc592b-2bb8-475b-b4da-7e3652ef5dc6"
      }, {
        "reference": "Condition/b8c61440-aba4-4db2-be40-82cf0ed36d60"
      } ]
    },
    "request": {
      "method": "PUT",
      "url": "MeasureReport/a7e86c75-9c26-42af-968a-1e4896d6f0f8"
    }
  } ]
}