{
  "resourceType": "Bundle",
  "id": "61095b0998086b53805591a5",
  "type": "transaction",
  "entry": [ {
    "fullUrl": "https://madie.cms.gov/Patient/b324e9b4-7d8f-4a92-b576-71c9a2ff263c",
    "resource": {
      "resourceType": "Patient",
      "id": "b324e9b4-7d8f-4a92-b576-71c9a2ff263c",
      "meta": {
        "profile": [ "http://hl7.org/fhir/us/qicore/StructureDefinition/qicore-patient" ]
      },
      "text": {
        "status": "generated",
        "div": "<div xmlns=\"http://www.w3.org/1999/xhtml\"><div class=\"hapiHeaderText\">Age@18 <b>DENOMPASS </b></div><table class=\"hapiPropertyTable\"><tbody><tr><td>Identifier</td><td>67f3e33acf17bcb386e754d726ed064ccd48ba21ff0ffb2eb678740a684398be</td></tr><tr><td>Date of birth</td><td><span>01 January 1994</span></td></tr></tbody></table></div>"
      },
      "extension": [ {
        "url": "http://hl7.org/fhir/us/core/StructureDefinition/us-core-race",
        "extension": [ {
          "url": "ombCategory",
          "valueCoding": {
            "system": "urn:oid:2.16.840.1.113883.6.238",
            "code": "1002-5",
            "display": "American Indian or Alaska Native",
            "userSelected": true
          }
        }, {
          "url": "text",
          "valueString": "American Indian or Alaska Native"
        } ]
      }, {
        "url": "http://hl7.org/fhir/us/core/StructureDefinition/us-core-ethnicity",
        "extension": [ {
          "url": "ombCategory",
          "valueCoding": {
            "system": "urn:oid:2.16.840.1.113883.6.238",
            "code": "2135-2",
            "display": "Hispanic or Latino",
            "userSelected": true
          }
        }, {
          "url": "text",
          "valueString": "Hispanic or Latino"
        } ]
      } ],
      "identifier": [ {
        "type": {
          "coding": [ {
            "system": "http://terminology.hl7.org/CodeSystem/v2-0203",
            "code": "MR"
          } ]
        },
        "system": "https://bonnie-fhir.healthit.gov/",
        "value": "61095b0998086b53805591a5"
      } ],
      "active": true,
      "name": [ {
        "use": "usual",
        "family": "DENEXPASS",
        "given": [ "CataractPosteriorPolarOverlapsCatSurg" ]
      } ],
      "gender": "female",
      "birthDate": "1996-01-01"
    },
    "request": {
      "method": "PUT",
      "url": "Patient/b324e9b4-7d8f-4a92-b576-71c9a2ff263c"
    }
  }, {
    "fullUrl": "https://madie.cms.gov/Observation/9a139b23-dd38-4148-80eb-f102234f7fb3",
    "resource": {
      "resourceType": "Observation",
      "id": "9a139b23-dd38-4148-80eb-f102234f7fb3",
      "meta": {
        "profile": [ "http://hl7.org/fhir/us/qicore/StructureDefinition/qicore-observation-clinical-result" ]
      },
      "status": "final",
      "category": [ {
        "coding": [ {
          "system": "http://terminology.hl7.org/CodeSystem/observation-category",
          "code": "exam",
          "display": "exam"
        } ]
      } ],
      "code": {
        "coding": [ {
          "system": "http://snomed.info/sct",
          "code": "419775003"
        } ]
      },
      "subject": {
        "reference": "Patient/b324e9b4-7d8f-4a92-b576-71c9a2ff263c"
      },
      "effectivePeriod": {
        "start": "2026-03-13T09:00:00+00:00",
        "end": "2026-03-13T09:30:00+00:00"
      }
    },
    "request": {
      "method": "PUT",
      "url": "Observation/9a139b23-dd38-4148-80eb-f102234f7fb3"
    }
  }, {
    "fullUrl": "https://madie.cms.gov/Procedure/381a0358-f2f1-43c7-b062-cc994aabfd4e",
    "resource": {
      "resourceType": "Procedure",
      "id": "381a0358-f2f1-43c7-b062-cc994aabfd4e",
      "meta": {
        "profile": [ "http://hl7.org/fhir/us/qicore/StructureDefinition/qicore-procedure" ]
      },
      "extension": [ {
        "url": "http://hl7.org/fhir/us/qicore/StructureDefinition/qicore-recorded",
        "valueDateTime": "2026-03-05T09:35:00-04:00"
      } ],
      "status": "completed",
      "code": {
        "coding": [ {
          "system": "http://snomed.info/sct",
          "code": "84149000"
        } ]
      },
      "subject": {
        "reference": "Patient/b324e9b4-7d8f-4a92-b576-71c9a2ff263c"
      },
      "performedPeriod": {
        "start": "2026-03-05T09:20:00-04:00",
        "end": "2026-04-05T10:30:00-04:00"
      }
    },
    "request": {
      "method": "PUT",
      "url": "Procedure/381a0358-f2f1-43c7-b062-cc994aabfd4e"
    }
  }, {
    "fullUrl": "https://madie.cms.gov/Condition/f3840ac2-7891-41a6-a824-f7fe024ca03c",
    "resource": {
      "resourceType": "Condition",
      "id": "f3840ac2-7891-41a6-a824-f7fe024ca03c",
      "meta": {
        "profile": [ "http://hl7.org/fhir/us/qicore/StructureDefinition/qicore-condition-encounter-diagnosis" ]
      },
      "clinicalStatus": {
        "coding": [ {
          "system": "http://terminology.hl7.org/CodeSystem/condition-clinical",
          "code": "active",
          "display": "active",
          "userSelected": true
        } ]
      },
      "category": [ {
        "coding": [ {
          "system": "http://terminology.hl7.org/CodeSystem/condition-clinical",
          "code": "active",
          "display": "active",
          "userSelected": true
        } ]
      } ],
      "code": {
        "coding": [ {
          "system": "http://hl7.org/fhir/sid/icd-10-cm",
          "code": "H25.041",
          "userSelected": true
        }, {
          "system": "http://snomed.info/sct",
          "code": "315353005",
          "userSelected": true
        } ]
      },
      "subject": {
        "reference": "Patient/b324e9b4-7d8f-4a92-b576-71c9a2ff263c"
      },
      "onsetDateTime": "2024-11-01T08:00:00.000+00:00"
    },
    "request": {
      "method": "PUT",
      "url": "Condition/f3840ac2-7891-41a6-a824-f7fe024ca03c"
    }
  }, {
    "fullUrl": "https://madie.cms.gov/Coverage/7e01789c-522a-4b86-9f54-35d769d2d374",
    "resource": {
      "resourceType": "Coverage",
      "id": "7e01789c-522a-4b86-9f54-35d769d2d374",
      "meta": {
        "profile": [ "http://hl7.org/fhir/us/qicore/StructureDefinition/qicore-coverage" ]
      },
      "status": "active",
      "beneficiary": {
        "reference": "Patient/b324e9b4-7d8f-4a92-b576-71c9a2ff263c"
      },
      "payor": [ {
        "reference": "Organization/00f1690d-b648-46bb-92c8-25f1180be4c0"
      } ]
    },
    "request": {
      "method": "PUT",
      "url": "Coverage/7e01789c-522a-4b86-9f54-35d769d2d374"
    }
  }, {
    "fullUrl": "https://madie.cms.gov/Organization/00f1690d-b648-46bb-92c8-25f1180be4c0",
    "resource": {
      "resourceType": "Organization",
      "id": "00f1690d-b648-46bb-92c8-25f1180be4c0",
      "meta": {
        "profile": [ "http://hl7.org/fhir/us/qicore/StructureDefinition/qicore-organization" ]
      },
      "identifier": [ {
        "use": "temp",
        "system": "urn:oid:2.16.840.1.113883.4.4",
        "value": "21-3259825"
      } ],
      "active": true,
      "type": [ {
        "coding": [ {
          "system": "http://terminology.hl7.org/CodeSystem/organization-type",
          "code": "pay",
          "display": "Payer"
        } ]
      } ],
      "name": "Blue Cross Blue Shield of Texas",
      "telecom": [ {
        "system": "phone",
        "value": "(+1) 972-766-6900"
      } ],
      "address": [ {
        "use": "billing",
        "type": "postal",
        "line": [ "P.O. Box 660044" ],
        "city": "Dallas",
        "state": "TX",
        "postalCode": "75266-0044",
        "country": "USA"
      } ]
    },
    "request": {
      "method": "PUT",
      "url": "Organization/00f1690d-b648-46bb-92c8-25f1180be4c0"
    }
  }, {
    "fullUrl": "https://madie.cms.gov/Practitioner/52f69eeb-ccc1-4bda-a577-310845a46b31",
    "resource": {
      "resourceType": "Practitioner",
      "id": "52f69eeb-ccc1-4bda-a577-310845a46b31",
      "meta": {
        "profile": [ "http://hl7.org/fhir/us/qicore/StructureDefinition/qicore-practitioner" ]
      },
      "identifier": [ {
        "system": "http://hl7.org/fhir/sid/us-npi",
        "value": "123456"
      } ],
      "name": [ {
        "family": "Evil",
        "prefix": [ "Dr" ]
      } ]
    },
    "request": {
      "method": "PUT",
      "url": "Practitioner/52f69eeb-ccc1-4bda-a577-310845a46b31"
    }
  }, {
    "fullUrl": "https://madie.cms.gov/MeasureReport/70d76b5a-ccb0-4e7c-bf96-7aebc59c06ef",
    "resource": {
      "resourceType": "MeasureReport",
      "id": "70d76b5a-ccb0-4e7c-bf96-7aebc59c06ef",
      "meta": {
        "profile": [ "http://hl7.org/fhir/us/cqfmeasures/StructureDefinition/test-case-cqfm" ]
      },
      "contained": [ {
        "resourceType": "Parameters",
        "id": "c98412df-cf9b-4194-ab74-baecbd383374-parameters",
        "parameter": [ {
          "name": "subject",
          "valueString": "b324e9b4-7d8f-4a92-b576-71c9a2ff263c"
        } ]
      } ],
      "extension": [ {
        "url": "http://hl7.org/fhir/StructureDefinition/cqf-inputParameters",
        "valueReference": {
          "reference": "#c98412df-cf9b-4194-ab74-baecbd383374-parameters"
        }
      }, {
        "url": "http://hl7.org/fhir/us/cqfmeasures/StructureDefinition/cqfm-testCaseDescription",
        "valueMarkdown": "Patient with Cataract Posterior Polar overlapping cataract surgery. "
      } ],
      "modifierExtension": [ {
        "url": "http://hl7.org/fhir/us/cqfmeasures/StructureDefinition/cqfm-isTestCase",
        "valueBoolean": true
      } ],
      "status": "complete",
      "type": "individual",
      "measure": "https://madie.cms.gov/Measure/CMS133FHIRCataracts2040BCVAwithin90Days",
      "period": {
        "start": "2026-01-01",
        "end": "2026-12-31"
      },
      "group": [ {
        "id": "Group_1",
        "population": [ {
          "id": "InitialPopulation_1",
          "code": {
            "coding": [ {
              "system": "http://terminology.hl7.org/CodeSystem/measure-population",
              "code": "initial-population",
              "display": "Initial Population"
            } ]
          },
          "count": 1
        }, {
          "id": "Denominator_1",
          "code": {
            "coding": [ {
              "system": "http://terminology.hl7.org/CodeSystem/measure-population",
              "code": "denominator",
              "display": "Denominator"
            } ]
          },
          "count": 1
        }, {
          "id": "DenominatorExclusion_1",
          "code": {
            "coding": [ {
              "system": "http://terminology.hl7.org/CodeSystem/measure-population",
              "code": "denominator-exclusion",
              "display": "Denominator Exclusion"
            } ]
          },
          "count": 1
        }, {
          "id": "Numerator_1",
          "code": {
            "coding": [ {
              "system": "http://terminology.hl7.org/CodeSystem/measure-population",
              "code": "numerator",
              "display": "Numerator"
            } ]
          },
          "count": 0
        } ],
        "measureScore": {
          "value": 0.0
        }
      } ],
      "evaluatedResource": [ {
        "reference": "Patient/b324e9b4-7d8f-4a92-b576-71c9a2ff263c"
      }, {
        "reference": "Observation/9a139b23-dd38-4148-80eb-f102234f7fb3"
      }, {
        "reference": "Procedure/381a0358-f2f1-43c7-b062-cc994aabfd4e"
      }, {
        "reference": "Condition/f3840ac2-7891-41a6-a824-f7fe024ca03c"
      }, {
        "reference": "Coverage/7e01789c-522a-4b86-9f54-35d769d2d374"
      }, {
        "reference": "Organization/00f1690d-b648-46bb-92c8-25f1180be4c0"
      }, {
        "reference": "Practitioner/52f69eeb-ccc1-4bda-a577-310845a46b31"
      } ]
    },
    "request": {
      "method": "PUT",
      "url": "MeasureReport/70d76b5a-ccb0-4e7c-bf96-7aebc59c06ef"
    }
  } ]
}