{
  "resourceType": "Bundle",
  "id": "610d828c37a47d6ac0116a12",
  "type": "transaction",
  "entry": [ {
    "fullUrl": "https://madie.cms.gov/Patient/a3867482-15a8-42fd-8d78-dff5db0d40f4",
    "resource": {
      "resourceType": "Patient",
      "id": "a3867482-15a8-42fd-8d78-dff5db0d40f4",
      "meta": {
        "profile": [ "http://hl7.org/fhir/us/qicore/StructureDefinition/qicore-patient" ]
      },
      "extension": [ {
        "url": "http://hl7.org/fhir/us/core/StructureDefinition/us-core-race",
        "extension": [ {
          "url": "ombCategory",
          "valueCoding": {
            "system": "urn:oid:2.16.840.1.113883.6.238",
            "code": "2054-5",
            "display": "Black or African American",
            "userSelected": true
          }
        }, {
          "url": "text",
          "valueString": "Black or African American"
        } ]
      }, {
        "url": "http://hl7.org/fhir/us/core/StructureDefinition/us-core-ethnicity",
        "extension": [ {
          "url": "ombCategory",
          "valueCoding": {
            "system": "urn:oid:2.16.840.1.113883.6.238",
            "code": "2186-5",
            "display": "Not Hispanic or Latino",
            "userSelected": true
          }
        }, {
          "url": "text",
          "valueString": "Not Hispanic or Latino"
        } ]
      } ],
      "identifier": [ {
        "type": {
          "coding": [ {
            "system": "http://terminology.hl7.org/CodeSystem/v2-0203",
            "code": "MR"
          } ]
        },
        "system": "https://goodhealth.com/",
        "value": "610d828c37a47d6ac0116a12"
      } ],
      "name": [ {
        "family": "DENEXCEPPass",
        "given": [ "AssessmentNotDonePatientReason1MinB4EncEdge" ]
      } ],
      "gender": "male",
      "birthDate": "1976-01-10"
    },
    "request": {
      "method": "PUT",
      "url": "Patient/a3867482-15a8-42fd-8d78-dff5db0d40f4"
    }
  }, {
    "fullUrl": "https://madie.cms.gov/Encounter/f0030917-c368-4b3a-8a5f-d57b3ee3470b",
    "resource": {
      "resourceType": "Encounter",
      "id": "f0030917-c368-4b3a-8a5f-d57b3ee3470b",
      "meta": {
        "profile": [ "http://hl7.org/fhir/us/qicore/StructureDefinition/qicore-encounter" ]
      },
      "status": "finished",
      "class": {
        "system": "http://terminology.hl7.org/CodeSystem/v3-ActCode",
        "code": "AMB",
        "display": "ambulatory",
        "userSelected": true
      },
      "type": [ {
        "coding": [ {
          "system": "http://snomed.info/sct",
          "version": "http://snomed.info/sct/731000124108/version/202303",
          "code": "185460008",
          "display": "Home visit request by patient (procedure)",
          "userSelected": true
        } ]
      } ],
      "subject": {
        "reference": "Patient/a3867482-15a8-42fd-8d78-dff5db0d40f4"
      },
      "period": {
        "start": "2026-08-06T08:00:00.000+00:00",
        "end": "2026-08-06T09:00:00.000+00:00"
      }
    },
    "request": {
      "method": "PUT",
      "url": "Encounter/f0030917-c368-4b3a-8a5f-d57b3ee3470b"
    }
  }, {
    "fullUrl": "https://madie.cms.gov/Condition/a30da8c9-956b-4033-b3c2-e09815ca4aa3",
    "resource": {
      "resourceType": "Condition",
      "id": "a30da8c9-956b-4033-b3c2-e09815ca4aa3",
      "meta": {
        "profile": [ "http://hl7.org/fhir/us/qicore/StructureDefinition/qicore-condition-problems-health-concerns" ]
      },
      "clinicalStatus": {
        "coding": [ {
          "system": "http://terminology.hl7.org/CodeSystem/condition-clinical",
          "code": "active",
          "display": "active",
          "userSelected": true
        } ]
      },
      "category": [ {
        "coding": [ {
          "system": "http://terminology.hl7.org/CodeSystem/condition-clinical",
          "code": "active",
          "display": "active",
          "userSelected": true
        } ]
      } ],
      "code": {
        "coding": [ {
          "system": "http://snomed.info/sct",
          "version": "http://snomed.info/sct/731000124108/version/202303",
          "code": "191451009",
          "display": "Uncomplicated presenile dementia (disorder)",
          "userSelected": true
        } ]
      },
      "subject": {
        "reference": "Patient/a3867482-15a8-42fd-8d78-dff5db0d40f4"
      },
      "onsetDateTime": "2025-05-06T08:00:00.000+00:00",
      "recordedDate": "2025-05-06T08:00:00.000+00:00"
    },
    "request": {
      "method": "PUT",
      "url": "Condition/a30da8c9-956b-4033-b3c2-e09815ca4aa3"
    }
  }, {
    "fullUrl": "https://madie.cms.gov/Encounter/44fea759-89da-4f43-863d-c52784e825ef",
    "resource": {
      "resourceType": "Encounter",
      "id": "44fea759-89da-4f43-863d-c52784e825ef",
      "meta": {
        "profile": [ "http://hl7.org/fhir/us/qicore/StructureDefinition/qicore-encounter" ]
      },
      "status": "finished",
      "class": {
        "system": "http://terminology.hl7.org/CodeSystem/v3-ActCode",
        "code": "AMB",
        "display": "ambulatory",
        "userSelected": true
      },
      "type": [ {
        "coding": [ {
          "system": "http://snomed.info/sct",
          "version": "http://snomed.info/sct/731000124108/version/202303",
          "code": "185316007",
          "display": "Indirect encounter (procedure)",
          "userSelected": true
        } ]
      } ],
      "subject": {
        "reference": "Patient/a3867482-15a8-42fd-8d78-dff5db0d40f4"
      },
      "period": {
        "start": "2026-05-06T08:00:00.000+00:00",
        "end": "2026-05-06T08:15:00.000+00:00"
      }
    },
    "request": {
      "method": "PUT",
      "url": "Encounter/44fea759-89da-4f43-863d-c52784e825ef"
    }
  }, {
    "fullUrl": "https://madie.cms.gov/Procedure/b3a631e4-9e0d-49b0-85db-018569dbeee5",
    "resource": {
      "resourceType": "Procedure",
      "id": "b3a631e4-9e0d-49b0-85db-018569dbeee5",
      "meta": {
        "profile": [ "http://hl7.org/fhir/us/qicore/StructureDefinition/qicore-procedure" ]
      },
      "extension": [ {
        "url": "http://hl7.org/fhir/us/qicore/StructureDefinition/qicore-recorded",
        "valueDateTime": "2026-05-05T13:35:00.000+00:00"
      } ],
      "status": "completed",
      "category": {
        "coding": [ {
          "system": "http://loinc.org",
          "version": "2.73",
          "code": "58151-2",
          "display": "Prior assessment Brief Interview for Mental Status (BIMS) summary score [MDSv3]",
          "userSelected": true
        } ]
      },
      "code": {
        "coding": [ {
          "system": "http://snomed.info/sct",
          "version": "http://snomed.info/sct/731000124108/version/202303",
          "code": "113024001",
          "display": "Assessment and interpretation of higher cerebral function, cognitive testing (procedure)",
          "userSelected": true
        } ]
      },
      "subject": {
        "reference": "Patient/a3867482-15a8-42fd-8d78-dff5db0d40f4"
      },
      "encounter": {
        "reference": "Encounter/home-healthcare-services-8b61"
      },
      "performedDateTime": "2026-05-06T08:00:00.000+00:00"
    },
    "request": {
      "method": "PUT",
      "url": "Procedure/b3a631e4-9e0d-49b0-85db-018569dbeee5"
    }
  }, {
    "fullUrl": "https://madie.cms.gov/Observation/4d8a7fcd-3fd4-48d6-8bd8-efd48cb65f2b",
    "resource": {
      "resourceType": "Observation",
      "id": "4d8a7fcd-3fd4-48d6-8bd8-efd48cb65f2b",
      "meta": {
        "profile": [ "http://hl7.org/fhir/us/qicore/StructureDefinition/qicore-observationcancelled" ]
      },
      "extension": [ {
        "url": "http://hl7.org/fhir/us/qicore/StructureDefinition/qicore-notDoneReason",
        "valueCodeableConcept": {
          "coding": [ {
            "system": "http://snomed.info/sct",
            "version": "http://snomed.info/sct/731000124108/version/20230301",
            "code": "275936005",
            "display": "Patient noncompliance - general (situation)"
          } ]
        }
      } ],
      "status": "cancelled",
      "category": [ {
        "coding": [ {
          "system": "http://snomed.info/sct",
          "version": "http://snomed.info/sct/731000124108/version/202303",
          "code": "113024001",
          "display": "Assessment and interpretation of higher cerebral function, cognitive testing (procedure)",
          "userSelected": true
        } ]
      } ],
      "code": {
        "coding": [ {
          "system": "http://snomed.info/sct",
          "version": "http://snomed.info/sct/731000124108/version/202303",
          "code": "113024001",
          "display": "Assessment and interpretation of higher cerebral function, cognitive testing (procedure)"
        } ]
      },
      "subject": {
        "reference": "Patient/a3867482-15a8-42fd-8d78-dff5db0d40f4"
      },
      "effectiveDateTime": "2026-05-06T08:00:00.000+00:00",
      "issued": "2026-08-06T08:59:00.000+00:00"
    },
    "request": {
      "method": "PUT",
      "url": "Observation/4d8a7fcd-3fd4-48d6-8bd8-efd48cb65f2b"
    }
  }, {
    "fullUrl": "https://madie.cms.gov/MeasureReport/048822df-2be8-4a53-888e-fa565737cc6e",
    "resource": {
      "resourceType": "MeasureReport",
      "id": "048822df-2be8-4a53-888e-fa565737cc6e",
      "meta": {
        "profile": [ "http://hl7.org/fhir/us/cqfmeasures/StructureDefinition/test-case-cqfm" ]
      },
      "contained": [ {
        "resourceType": "Parameters",
        "id": "f641a949-8f0a-4362-ad06-c13f39059ba6-parameters",
        "parameter": [ {
          "name": "subject",
          "valueString": "a3867482-15a8-42fd-8d78-dff5db0d40f4"
        } ]
      } ],
      "extension": [ {
        "url": "http://hl7.org/fhir/StructureDefinition/cqf-inputParameters",
        "valueReference": {
          "reference": "#f641a949-8f0a-4362-ad06-c13f39059ba6-parameters"
        }
      }, {
        "url": "http://hl7.org/fhir/us/cqfmeasures/StructureDefinition/cqfm-testCaseDescription",
        "valueMarkdown": "Patient Reason for not performing Cognitive Assessment is effective one minute before end of Encounter"
      } ],
      "modifierExtension": [ {
        "url": "http://hl7.org/fhir/us/cqfmeasures/StructureDefinition/cqfm-isTestCase",
        "valueBoolean": true
      } ],
      "status": "complete",
      "type": "individual",
      "measure": "https://madie.cms.gov/Measure/CMS149FHIRDementiaCognitiveAssessment",
      "period": {
        "start": "2026-01-01",
        "end": "2026-12-31"
      },
      "group": [ {
        "id": "Group_1",
        "population": [ {
          "id": "InitialPopulation_1",
          "code": {
            "coding": [ {
              "system": "http://terminology.hl7.org/CodeSystem/measure-population",
              "code": "initial-population",
              "display": "Initial Population"
            } ]
          },
          "count": 1
        }, {
          "id": "Denominator_1",
          "code": {
            "coding": [ {
              "system": "http://terminology.hl7.org/CodeSystem/measure-population",
              "code": "denominator",
              "display": "Denominator"
            } ]
          },
          "count": 1
        }, {
          "id": "Numerator_1",
          "code": {
            "coding": [ {
              "system": "http://terminology.hl7.org/CodeSystem/measure-population",
              "code": "numerator",
              "display": "Numerator"
            } ]
          },
          "count": 0
        }, {
          "id": "DenominatorException_1",
          "code": {
            "coding": [ {
              "system": "http://terminology.hl7.org/CodeSystem/measure-population",
              "code": "denominator-exception",
              "display": "Denominator Exception"
            } ]
          },
          "count": 1
        } ],
        "measureScore": {
          "value": 1.0
        }
      } ],
      "evaluatedResource": [ {
        "reference": "Patient/a3867482-15a8-42fd-8d78-dff5db0d40f4"
      }, {
        "reference": "Encounter/f0030917-c368-4b3a-8a5f-d57b3ee3470b"
      }, {
        "reference": "Condition/a30da8c9-956b-4033-b3c2-e09815ca4aa3"
      }, {
        "reference": "Encounter/44fea759-89da-4f43-863d-c52784e825ef"
      }, {
        "reference": "Procedure/b3a631e4-9e0d-49b0-85db-018569dbeee5"
      }, {
        "reference": "Observation/4d8a7fcd-3fd4-48d6-8bd8-efd48cb65f2b"
      } ]
    },
    "request": {
      "method": "PUT",
      "url": "MeasureReport/048822df-2be8-4a53-888e-fa565737cc6e"
    }
  } ]
}