{
  "resourceType": "Bundle",
  "id": "62bb3859e8081f5ef5e199f5",
  "type": "transaction",
  "entry": [ {
    "fullUrl": "https://madie.cms.gov/Patient/49ba8395-b407-4572-aa85-ebac88a617ee",
    "resource": {
      "resourceType": "Patient",
      "id": "49ba8395-b407-4572-aa85-ebac88a617ee",
      "meta": {
        "profile": [ "http://hl7.org/fhir/us/qicore/StructureDefinition/qicore-patient" ]
      },
      "extension": [ {
        "url": "http://hl7.org/fhir/us/core/StructureDefinition/us-core-race",
        "extension": [ {
          "url": "ombCategory",
          "valueCoding": {
            "system": "urn:oid:2.16.840.1.113883.6.238",
            "code": "1002-5",
            "display": "American Indian or Alaska Native",
            "userSelected": true
          }
        }, {
          "url": "text",
          "valueString": "American Indian or Alaska Native"
        } ]
      }, {
        "url": "http://hl7.org/fhir/us/core/StructureDefinition/us-core-ethnicity",
        "extension": [ {
          "url": "ombCategory",
          "valueCoding": {
            "system": "urn:oid:2.16.840.1.113883.6.238",
            "code": "2135-2",
            "display": "Hispanic or Latino",
            "userSelected": true
          }
        }, {
          "url": "text",
          "valueString": "Hispanic or Latino"
        } ]
      } ],
      "identifier": [ {
        "type": {
          "coding": [ {
            "system": "http://terminology.hl7.org/CodeSystem/v2-0203",
            "code": "MR"
          } ]
        },
        "system": "https://bonnie-fhir.healthit.gov/",
        "value": "62bb3859e8081f5ef5e199f5"
      } ],
      "name": [ {
        "family": "IPPFail",
        "given": [ "ADTActive1DayBeforePCaDx" ]
      } ],
      "gender": "male",
      "birthDate": "1962-07-19"
    },
    "request": {
      "method": "PUT",
      "url": "Patient/49ba8395-b407-4572-aa85-ebac88a617ee"
    }
  }, {
    "fullUrl": "https://madie.cms.gov/Encounter/45fed879-0143-4f0d-bbd7-b8d7c8990f12",
    "resource": {
      "resourceType": "Encounter",
      "id": "45fed879-0143-4f0d-bbd7-b8d7c8990f12",
      "meta": {
        "profile": [ "http://hl7.org/fhir/us/qicore/StructureDefinition/qicore-encounter" ]
      },
      "status": "finished",
      "class": {
        "system": "http://terminology.hl7.org/CodeSystem/v3-ActCode",
        "code": "AMB",
        "display": "ambulatory"
      },
      "type": [ {
        "coding": [ {
          "system": "http://snomed.info/sct",
          "version": "http://snomed.info/sct/731000124108/version/20240401",
          "code": "185463005",
          "display": "Visit out of hours (procedure)",
          "userSelected": true
        } ]
      } ],
      "subject": {
        "reference": "Patient/49ba8395-b407-4572-aa85-ebac88a617ee"
      },
      "period": {
        "start": "2026-03-03T08:00:00.000+00:00",
        "end": "2026-03-03T08:15:00.000+00:00"
      }
    },
    "request": {
      "method": "PUT",
      "url": "Encounter/45fed879-0143-4f0d-bbd7-b8d7c8990f12"
    }
  }, {
    "fullUrl": "https://madie.cms.gov/Condition/675c8cd8-411d-4340-a159-ea221ef66907",
    "resource": {
      "resourceType": "Condition",
      "id": "675c8cd8-411d-4340-a159-ea221ef66907",
      "meta": {
        "profile": [ "http://hl7.org/fhir/us/qicore/StructureDefinition/qicore-condition-problems-health-concerns" ]
      },
      "clinicalStatus": {
        "coding": [ {
          "system": "http://terminology.hl7.org/CodeSystem/condition-clinical",
          "code": "active",
          "display": "Active",
          "userSelected": true
        } ]
      },
      "verificationStatus": {
        "coding": [ {
          "system": "http://terminology.hl7.org/CodeSystem/condition-ver-status",
          "code": "confirmed",
          "display": "Confirmed",
          "userSelected": true
        } ]
      },
      "category": [ {
        "coding": [ {
          "system": "http://terminology.hl7.org/CodeSystem/condition-category",
          "code": "problem-list-item",
          "display": "Problem List Item"
        } ]
      } ],
      "code": {
        "coding": [ {
          "system": "http://snomed.info/sct",
          "version": "http://snomed.info/sct/731000124108/version/20240401",
          "code": "254900004",
          "display": "Carcinoma of prostate (disorder)",
          "userSelected": true
        } ]
      },
      "subject": {
        "reference": "Patient/49ba8395-b407-4572-aa85-ebac88a617ee"
      },
      "onsetPeriod": {
        "start": "2026-03-03T08:00:00.000+00:00"
      }
    },
    "request": {
      "method": "PUT",
      "url": "Condition/675c8cd8-411d-4340-a159-ea221ef66907"
    }
  }, {
    "fullUrl": "https://madie.cms.gov/MedicationRequest/4e686d72-c06f-402a-9987-f323b7bc2554",
    "resource": {
      "resourceType": "MedicationRequest",
      "id": "4e686d72-c06f-402a-9987-f323b7bc2554",
      "meta": {
        "profile": [ "http://hl7.org/fhir/us/qicore/StructureDefinition/qicore-medicationrequest" ]
      },
      "status": "active",
      "intent": "order",
      "medicationCodeableConcept": {
        "coding": [ {
          "system": "http://www.nlm.nih.gov/research/umls/rxnorm",
          "version": "2025-01",
          "code": "752884",
          "display": "0.375 ML leuprolide acetate 120 MG/ML Prefilled Syringe",
          "userSelected": true
        } ]
      },
      "subject": {
        "reference": "Patient/49ba8395-b407-4572-aa85-ebac88a617ee"
      },
      "authoredOn": "2026-03-02T08:00:00.000+00:00",
      "requester": {
        "reference": "http://myGoodHealthcare.com/fhir/Practitioner/646346"
      },
      "dosageInstruction": [ {
        "timing": {
          "repeat": {
            "boundsPeriod": {
              "start": "2026-03-02T08:00:00.000+00:00"
            }
          }
        }
      } ]
    },
    "request": {
      "method": "PUT",
      "url": "MedicationRequest/4e686d72-c06f-402a-9987-f323b7bc2554"
    }
  }, {
    "fullUrl": "https://madie.cms.gov/ServiceRequest/03f1dd9b-b2a8-438c-89cb-61bbcf0f9d6d",
    "resource": {
      "resourceType": "ServiceRequest",
      "id": "03f1dd9b-b2a8-438c-89cb-61bbcf0f9d6d",
      "meta": {
        "profile": [ "http://hl7.org/fhir/us/qicore/StructureDefinition/qicore-servicerequest" ]
      },
      "status": "active",
      "intent": "order",
      "code": {
        "coding": [ {
          "system": "http://snomed.info/sct",
          "code": "456381000124102",
          "display": "Injection of leuprolide acetate for twelve month period (regime/therapy)",
          "userSelected": true
        } ]
      },
      "subject": {
        "reference": "Patient/49ba8395-b407-4572-aa85-ebac88a617ee"
      },
      "authoredOn": "2026-03-02T08:00:00.000+00:00"
    },
    "request": {
      "method": "PUT",
      "url": "ServiceRequest/03f1dd9b-b2a8-438c-89cb-61bbcf0f9d6d"
    }
  }, {
    "fullUrl": "https://madie.cms.gov/MeasureReport/89704b96-0421-429b-aa74-fa2f2f5388dc",
    "resource": {
      "resourceType": "MeasureReport",
      "id": "89704b96-0421-429b-aa74-fa2f2f5388dc",
      "meta": {
        "profile": [ "http://hl7.org/fhir/us/cqfmeasures/StructureDefinition/test-case-cqfm" ]
      },
      "contained": [ {
        "resourceType": "Parameters",
        "id": "cec0e9b8-dde5-48d6-9834-a18b896f96ec-parameters",
        "parameter": [ {
          "name": "subject",
          "valueString": "49ba8395-b407-4572-aa85-ebac88a617ee"
        } ]
      } ],
      "extension": [ {
        "url": "http://hl7.org/fhir/StructureDefinition/cqf-inputParameters",
        "valueReference": {
          "reference": "#cec0e9b8-dde5-48d6-9834-a18b896f96ec-parameters"
        }
      }, {
        "url": "http://hl7.org/fhir/us/cqfmeasures/StructureDefinition/cqfm-testCaseDescription",
        "valueMarkdown": "Office Visit in MP.   Dx. Prostate Cancer.  Procedure Order in MP.  Androgen Deprivation Therapy For Urology Care given 1 day before PCa dx..   Fails IPP Criteria"
      } ],
      "modifierExtension": [ {
        "url": "http://hl7.org/fhir/us/cqfmeasures/StructureDefinition/cqfm-isTestCase",
        "valueBoolean": true
      } ],
      "status": "complete",
      "type": "individual",
      "measure": "https://madie.cms.gov/Measure/CMS645FHIRBoneDensityProstateCancerAndrogenDeprivationTherapy",
      "period": {
        "start": "2026-01-01",
        "end": "2026-12-31"
      },
      "group": [ {
        "id": "Group_1",
        "population": [ {
          "id": "InitialPopulation_1",
          "code": {
            "coding": [ {
              "system": "http://terminology.hl7.org/CodeSystem/measure-population",
              "code": "initial-population",
              "display": "Initial Population"
            } ]
          },
          "count": 0
        }, {
          "id": "Denominator_1",
          "code": {
            "coding": [ {
              "system": "http://terminology.hl7.org/CodeSystem/measure-population",
              "code": "denominator",
              "display": "Denominator"
            } ]
          },
          "count": 0
        }, {
          "id": "Numerator_1",
          "code": {
            "coding": [ {
              "system": "http://terminology.hl7.org/CodeSystem/measure-population",
              "code": "numerator",
              "display": "Numerator"
            } ]
          },
          "count": 0
        }, {
          "id": "DenominatorException_1",
          "code": {
            "coding": [ {
              "system": "http://terminology.hl7.org/CodeSystem/measure-population",
              "code": "denominator-exception",
              "display": "Denominator Exception"
            } ]
          },
          "count": 0
        } ],
        "measureScore": {
          "value": 1.0
        }
      } ],
      "evaluatedResource": [ {
        "reference": "Patient/49ba8395-b407-4572-aa85-ebac88a617ee"
      }, {
        "reference": "Encounter/45fed879-0143-4f0d-bbd7-b8d7c8990f12"
      }, {
        "reference": "Condition/675c8cd8-411d-4340-a159-ea221ef66907"
      }, {
        "reference": "MedicationRequest/4e686d72-c06f-402a-9987-f323b7bc2554"
      }, {
        "reference": "ServiceRequest/03f1dd9b-b2a8-438c-89cb-61bbcf0f9d6d"
      } ]
    },
    "request": {
      "method": "PUT",
      "url": "MeasureReport/89704b96-0421-429b-aa74-fa2f2f5388dc"
    }
  } ]
}