{
  "resourceType": "Bundle",
  "id": "463131313413",
  "type": "transaction",
  "entry": [ {
    "fullUrl": "https://madie.cms.gov/Patient/704612ca-2d86-4f6b-88d6-d8f3e9cb031f",
    "resource": {
      "resourceType": "Patient",
      "id": "704612ca-2d86-4f6b-88d6-d8f3e9cb031f",
      "meta": {
        "profile": [ "http://hl7.org/fhir/us/qicore/StructureDefinition/qicore-patient" ]
      },
      "extension": [ {
        "url": "http://hl7.org/fhir/us/core/StructureDefinition/us-core-race",
        "extension": [ {
          "url": "ombCategory",
          "valueCoding": {
            "system": "urn:oid:2.16.840.1.113883.6.238",
            "code": "2106-3",
            "display": "White"
          }
        }, {
          "url": "detailed",
          "valueCoding": {
            "system": "urn:oid:2.16.840.1.113883.6.238",
            "code": "2036-2",
            "display": "Filipino"
          }
        }, {
          "url": "text",
          "valueString": "mixed"
        } ]
      }, {
        "url": "http://hl7.org/fhir/us/core/StructureDefinition/us-core-ethnicity",
        "extension": [ {
          "url": "ombCategory",
          "valueCoding": {
            "system": "urn:oid:2.16.840.1.113883.6.238",
            "code": "2135-2",
            "display": "Hispanic or Latino"
          }
        }, {
          "url": "detailed",
          "valueCoding": {
            "system": "urn:oid:2.16.840.1.113883.6.238",
            "code": "2148-5",
            "display": "Mexican"
          }
        }, {
          "url": "text",
          "valueString": "Hispanic or Latino"
        } ]
      } ],
      "identifier": [ {
        "type": {
          "coding": [ {
            "system": "http://terminology.hl7.org/CodeSystem/v2-0203",
            "code": "MR"
          } ]
        },
        "system": "https://bonnie-fhir.healthit.gov/",
        "value": "43131346846313"
      } ],
      "active": true,
      "name": [ {
        "use": "usual",
        "family": "DENOMFail",
        "given": [ "ModToSevereLVSDAfterHFEncounters" ]
      } ],
      "gender": "male",
      "birthDate": "1973-12-13"
    },
    "request": {
      "method": "PUT",
      "url": "Patient/704612ca-2d86-4f6b-88d6-d8f3e9cb031f"
    }
  }, {
    "fullUrl": "https://madie.cms.gov/Encounter/00c56cda-d8e6-4f47-b59a-91c733b9cd44",
    "resource": {
      "resourceType": "Encounter",
      "id": "00c56cda-d8e6-4f47-b59a-91c733b9cd44",
      "meta": {
        "profile": [ "http://hl7.org/fhir/us/qicore/StructureDefinition/qicore-encounter" ]
      },
      "status": "finished",
      "class": {
        "system": "http://terminology.hl7.org/CodeSystem/v3-ActCode",
        "code": "AMB",
        "display": "ambulatory"
      },
      "type": [ {
        "coding": [ {
          "system": "http://www.ama-assn.org/go/cpt",
          "version": "2024",
          "code": "99213"
        } ]
      } ],
      "subject": {
        "reference": "Patient/704612ca-2d86-4f6b-88d6-d8f3e9cb031f"
      },
      "period": {
        "start": "2026-04-14T14:40:00.000+00:00",
        "end": "2026-04-14T14:50:00.000+00:00"
      },
      "length": {
        "value": 0,
        "unit": "days"
      }
    },
    "request": {
      "method": "PUT",
      "url": "Encounter/00c56cda-d8e6-4f47-b59a-91c733b9cd44"
    }
  }, {
    "fullUrl": "https://madie.cms.gov/Encounter/15d0459d-3d18-4ef7-91ba-101047f735d2",
    "resource": {
      "resourceType": "Encounter",
      "id": "15d0459d-3d18-4ef7-91ba-101047f735d2",
      "meta": {
        "profile": [ "http://hl7.org/fhir/us/qicore/StructureDefinition/qicore-encounter" ]
      },
      "status": "finished",
      "class": {
        "system": "http://terminology.hl7.org/CodeSystem/v3-ActCode",
        "code": "AMB",
        "display": "ambulatory"
      },
      "type": [ {
        "coding": [ {
          "system": "http://www.ama-assn.org/go/cpt",
          "version": "2024",
          "code": "99212"
        } ]
      } ],
      "subject": {
        "reference": "Patient/704612ca-2d86-4f6b-88d6-d8f3e9cb031f"
      },
      "period": {
        "start": "2026-07-20T11:50:00.000+00:00",
        "end": "2026-07-20T12:00:00.000+00:00"
      },
      "length": {
        "value": 0,
        "unit": "days"
      }
    },
    "request": {
      "method": "PUT",
      "url": "Encounter/15d0459d-3d18-4ef7-91ba-101047f735d2"
    }
  }, {
    "fullUrl": "https://madie.cms.gov/Condition/95bec5e8-c815-4dc5-997e-670c59ee2c58",
    "resource": {
      "resourceType": "Condition",
      "id": "95bec5e8-c815-4dc5-997e-670c59ee2c58",
      "meta": {
        "profile": [ "http://hl7.org/fhir/us/qicore/StructureDefinition/qicore-condition-problems-health-concerns" ]
      },
      "clinicalStatus": {
        "coding": [ {
          "system": "http://terminology.hl7.org/CodeSystem/condition-clinical",
          "code": "active",
          "display": "Active"
        } ]
      },
      "verificationStatus": {
        "coding": [ {
          "system": "http://terminology.hl7.org/CodeSystem/condition-ver-status",
          "code": "confirmed",
          "display": "Confirmed"
        } ]
      },
      "category": [ {
        "coding": [ {
          "system": "http://terminology.hl7.org/CodeSystem/condition-category",
          "code": "problem-list-item",
          "display": "Problem List Item"
        } ]
      } ],
      "code": {
        "coding": [ {
          "system": "http://hl7.org/fhir/sid/icd-10-cm",
          "version": "2024",
          "code": "I11.0"
        } ]
      },
      "subject": {
        "reference": "Patient/704612ca-2d86-4f6b-88d6-d8f3e9cb031f"
      },
      "onsetPeriod": {
        "start": "2026-04-11T10:00:00.000+00:00"
      }
    },
    "request": {
      "method": "PUT",
      "url": "Condition/95bec5e8-c815-4dc5-997e-670c59ee2c58"
    }
  }, {
    "fullUrl": "https://madie.cms.gov/Condition/33f86dea-b560-4957-8107-fb5210ae145a",
    "resource": {
      "resourceType": "Condition",
      "id": "33f86dea-b560-4957-8107-fb5210ae145a",
      "meta": {
        "profile": [ "http://hl7.org/fhir/us/qicore/StructureDefinition/qicore-condition-problems-health-concerns" ]
      },
      "clinicalStatus": {
        "coding": [ {
          "system": "http://terminology.hl7.org/CodeSystem/condition-clinical",
          "code": "active",
          "display": "Active"
        } ]
      },
      "verificationStatus": {
        "coding": [ {
          "system": "http://terminology.hl7.org/CodeSystem/condition-ver-status",
          "code": "confirmed",
          "display": "Confirmed"
        } ]
      },
      "category": [ {
        "coding": [ {
          "system": "http://terminology.hl7.org/CodeSystem/condition-category",
          "code": "problem-list-item",
          "display": "Problem List Item"
        } ]
      } ],
      "severity": {
        "coding": [ {
          "system": "http://snomed.info/sct",
          "version": "http://snomed.info/sct/731000124108/version/20240301",
          "code": "24484000",
          "display": "Severe (severity modifier) (qualifier value)"
        } ]
      },
      "code": {
        "coding": [ {
          "system": "http://snomed.info/sct",
          "version": "http://snomed.info/sct/731000124108/version/20240301",
          "code": "134401001",
          "display": "Left ventricular systolic dysfunction (disorder)"
        } ]
      },
      "subject": {
        "reference": "Patient/704612ca-2d86-4f6b-88d6-d8f3e9cb031f"
      },
      "onsetPeriod": {
        "start": "2026-08-14T14:41:00.000+00:00"
      }
    },
    "request": {
      "method": "PUT",
      "url": "Condition/33f86dea-b560-4957-8107-fb5210ae145a"
    }
  }, {
    "fullUrl": "https://madie.cms.gov/MeasureReport/88d4e4e4-681e-4f42-a442-16ae701e008d",
    "resource": {
      "resourceType": "MeasureReport",
      "id": "88d4e4e4-681e-4f42-a442-16ae701e008d",
      "meta": {
        "profile": [ "http://hl7.org/fhir/us/cqfmeasures/StructureDefinition/test-case-cqfm" ]
      },
      "contained": [ {
        "resourceType": "Parameters",
        "id": "7fbe6bf1-1c5c-4246-a7d3-29efda5294da-parameters",
        "parameter": [ {
          "name": "subject",
          "valueString": "704612ca-2d86-4f6b-88d6-d8f3e9cb031f"
        } ]
      } ],
      "extension": [ {
        "url": "http://hl7.org/fhir/StructureDefinition/cqf-inputParameters",
        "valueReference": {
          "reference": "#7fbe6bf1-1c5c-4246-a7d3-29efda5294da-parameters"
        }
      }, {
        "url": "http://hl7.org/fhir/us/cqfmeasures/StructureDefinition/cqfm-testCaseDescription",
        "valueMarkdown": "Patient with moderate to severe LVSD.  Patient excluded from denominator due to moderate to severe LVSD diagnosis after both HF Encounters."
      } ],
      "modifierExtension": [ {
        "url": "http://hl7.org/fhir/us/cqfmeasures/StructureDefinition/cqfm-isTestCase",
        "valueBoolean": true
      } ],
      "status": "complete",
      "type": "individual",
      "measure": "https://madie.cms.gov/Measure/CMS144FHIRHFBetaBlockerTherapyforLVSD",
      "period": {
        "start": "2026-01-01",
        "end": "2026-12-31"
      },
      "group": [ {
        "id": "Group_1",
        "population": [ {
          "id": "InitialPopulation_1",
          "code": {
            "coding": [ {
              "system": "http://terminology.hl7.org/CodeSystem/measure-population",
              "code": "initial-population",
              "display": "Initial Population"
            } ]
          },
          "count": 1
        }, {
          "id": "Denominator_1",
          "code": {
            "coding": [ {
              "system": "http://terminology.hl7.org/CodeSystem/measure-population",
              "code": "denominator",
              "display": "Denominator"
            } ]
          },
          "count": 0
        }, {
          "id": "DenominatorExclusion_1",
          "code": {
            "coding": [ {
              "system": "http://terminology.hl7.org/CodeSystem/measure-population",
              "code": "denominator-exclusion",
              "display": "Denominator Exclusion"
            } ]
          },
          "count": 0
        }, {
          "id": "Numerator_1",
          "code": {
            "coding": [ {
              "system": "http://terminology.hl7.org/CodeSystem/measure-population",
              "code": "numerator",
              "display": "Numerator"
            } ]
          },
          "count": 0
        }, {
          "id": "DenominatorException_1",
          "code": {
            "coding": [ {
              "system": "http://terminology.hl7.org/CodeSystem/measure-population",
              "code": "denominator-exception",
              "display": "Denominator Exception"
            } ]
          },
          "count": 0
        } ],
        "measureScore": {
          "value": 1.0
        }
      } ],
      "evaluatedResource": [ {
        "reference": "Patient/704612ca-2d86-4f6b-88d6-d8f3e9cb031f"
      }, {
        "reference": "Encounter/00c56cda-d8e6-4f47-b59a-91c733b9cd44"
      }, {
        "reference": "Encounter/15d0459d-3d18-4ef7-91ba-101047f735d2"
      }, {
        "reference": "Condition/95bec5e8-c815-4dc5-997e-670c59ee2c58"
      }, {
        "reference": "Condition/33f86dea-b560-4957-8107-fb5210ae145a"
      } ]
    },
    "request": {
      "method": "PUT",
      "url": "MeasureReport/88d4e4e4-681e-4f42-a442-16ae701e008d"
    }
  } ]
}