{
  "resourceType": "Bundle",
  "id": "62ec2c6dea03a4ebacd6a082",
  "type": "transaction",
  "entry": [ {
    "fullUrl": "https://madie.cms.gov/Patient/60ad5deb-5c36-4ba3-bdee-9390f7ffdf6e",
    "resource": {
      "resourceType": "Patient",
      "id": "60ad5deb-5c36-4ba3-bdee-9390f7ffdf6e",
      "meta": {
        "profile": [ "http://hl7.org/fhir/us/qicore/StructureDefinition/qicore-patient" ]
      },
      "extension": [ {
        "url": "http://hl7.org/fhir/us/core/StructureDefinition/us-core-ethnicity",
        "extension": [ {
          "url": "ombCategory",
          "valueCoding": {
            "system": "urn:oid:2.16.840.1.113883.6.238",
            "code": "2135-2",
            "display": "Hispanic or Latino",
            "userSelected": true
          }
        }, {
          "url": "text",
          "valueString": "Hispanic or Latino"
        } ]
      } ],
      "identifier": [ {
        "type": {
          "coding": [ {
            "system": "http://terminology.hl7.org/CodeSystem/v2-0203",
            "code": "MR"
          } ]
        },
        "system": "https://bonnie-fhir.healthit.gov/",
        "value": "62ec2c6dea03a4ebacd6a082"
      } ],
      "name": [ {
        "family": "IPPDenomPass",
        "given": [ "EncMPStatusFinishedDuringMP" ]
      } ],
      "gender": "female",
      "birthDate": "2008-01-01"
    },
    "request": {
      "method": "PUT",
      "url": "Patient/60ad5deb-5c36-4ba3-bdee-9390f7ffdf6e"
    }
  }, {
    "fullUrl": "https://madie.cms.gov/Encounter/c6e2a61a-b3e3-442d-81d1-caa23bacd04f",
    "resource": {
      "resourceType": "Encounter",
      "id": "c6e2a61a-b3e3-442d-81d1-caa23bacd04f",
      "meta": {
        "profile": [ "http://hl7.org/fhir/us/qicore/StructureDefinition/qicore-encounter" ]
      },
      "status": "finished",
      "class": {
        "system": "http://terminology.hl7.org/CodeSystem/v3-ActCode",
        "code": "IMP",
        "display": "inpatient encounter"
      },
      "type": [ {
        "coding": [ {
          "system": "http://snomed.info/sct",
          "version": "2022-03",
          "code": "10197000",
          "display": "Psychiatric interview and evaluation (procedure)",
          "userSelected": true
        } ]
      } ],
      "subject": {
        "reference": "Patient/60ad5deb-5c36-4ba3-bdee-9390f7ffdf6e"
      },
      "period": {
        "start": "2026-03-10T00:00:00.000+00:00",
        "end": "2026-03-10T00:15:00.000+00:00"
      }
    },
    "request": {
      "method": "PUT",
      "url": "Encounter/c6e2a61a-b3e3-442d-81d1-caa23bacd04f"
    }
  }, {
    "fullUrl": "https://madie.cms.gov/MeasureReport/06167ea8-ec66-4820-819c-e2c48b0a6031",
    "resource": {
      "resourceType": "MeasureReport",
      "id": "06167ea8-ec66-4820-819c-e2c48b0a6031",
      "meta": {
        "profile": [ "http://hl7.org/fhir/us/cqfmeasures/StructureDefinition/test-case-cqfm" ]
      },
      "contained": [ {
        "resourceType": "Parameters",
        "id": "bf208763-7ef9-4f39-a52c-5c15288f75b5-parameters",
        "parameter": [ {
          "name": "subject",
          "valueString": "60ad5deb-5c36-4ba3-bdee-9390f7ffdf6e"
        } ]
      } ],
      "extension": [ {
        "url": "http://hl7.org/fhir/StructureDefinition/cqf-inputParameters",
        "valueReference": {
          "reference": "#bf208763-7ef9-4f39-a52c-5c15288f75b5-parameters"
        }
      }, {
        "url": "http://hl7.org/fhir/us/cqfmeasures/StructureDefinition/cqfm-testCaseDescription",
        "valueMarkdown": "Qualifying encounter (status finished) during MP "
      } ],
      "modifierExtension": [ {
        "url": "http://hl7.org/fhir/us/cqfmeasures/StructureDefinition/cqfm-isTestCase",
        "valueBoolean": true
      } ],
      "status": "complete",
      "type": "individual",
      "measure": "https://madie.cms.gov/Measure/CMS68FHIRDocumentationofCurrentMedications",
      "period": {
        "start": "2026-01-01",
        "end": "2026-12-31"
      },
      "group": [ {
        "id": "Group_1",
        "population": [ {
          "id": "InitialPopulation_1",
          "code": {
            "coding": [ {
              "system": "http://terminology.hl7.org/CodeSystem/measure-population",
              "code": "initial-population",
              "display": "Initial Population"
            } ]
          },
          "count": 1
        }, {
          "id": "Denominator_1",
          "code": {
            "coding": [ {
              "system": "http://terminology.hl7.org/CodeSystem/measure-population",
              "code": "denominator",
              "display": "Denominator"
            } ]
          },
          "count": 1
        }, {
          "id": "Numerator_1",
          "code": {
            "coding": [ {
              "system": "http://terminology.hl7.org/CodeSystem/measure-population",
              "code": "numerator",
              "display": "Numerator"
            } ]
          },
          "count": 0
        }, {
          "id": "DenominatorException_1",
          "code": {
            "coding": [ {
              "system": "http://terminology.hl7.org/CodeSystem/measure-population",
              "code": "denominator-exception",
              "display": "Denominator Exception"
            } ]
          },
          "count": 0
        } ],
        "measureScore": {
          "value": 0.0
        }
      } ],
      "evaluatedResource": [ {
        "reference": "Patient/60ad5deb-5c36-4ba3-bdee-9390f7ffdf6e"
      }, {
        "reference": "Encounter/c6e2a61a-b3e3-442d-81d1-caa23bacd04f"
      } ]
    },
    "request": {
      "method": "PUT",
      "url": "MeasureReport/06167ea8-ec66-4820-819c-e2c48b0a6031"
    }
  } ]
}