{
  "resourceType": "Bundle",
  "id": "630307cc0968f8012247860a",
  "type": "transaction",
  "entry": [ {
    "fullUrl": "https://madie.cms.gov/Patient/2c7de2e3-0aa0-4d6b-bc08-f709d40dfbc1",
    "resource": {
      "resourceType": "Patient",
      "id": "2c7de2e3-0aa0-4d6b-bc08-f709d40dfbc1",
      "meta": {
        "profile": [ "http://hl7.org/fhir/us/qicore/StructureDefinition/qicore-patient" ]
      },
      "extension": [ {
        "url": "http://hl7.org/fhir/us/core/StructureDefinition/us-core-race",
        "extension": [ {
          "url": "ombCategory",
          "valueCoding": {
            "system": "urn:oid:2.16.840.1.113883.6.238",
            "code": "2106-3",
            "display": "White"
          }
        }, {
          "url": "text",
          "valueString": "White"
        } ]
      }, {
        "url": "http://hl7.org/fhir/us/core/StructureDefinition/us-core-ethnicity",
        "extension": [ {
          "url": "ombCategory",
          "valueCoding": {
            "system": "urn:oid:2.16.840.1.113883.6.238",
            "code": "2186-5",
            "display": "Not Hispanic or Latino"
          }
        }, {
          "url": "text",
          "valueString": "Not Hispanic or Latino"
        } ]
      } ],
      "identifier": [ {
        "type": {
          "coding": [ {
            "system": "http://terminology.hl7.org/CodeSystem/v2-0203",
            "code": "MR"
          } ]
        },
        "system": "https://bonnie-fhir.healthit.gov/",
        "value": "630307cc0968f8012247860a"
      } ],
      "name": [ {
        "family": "NUMERPopMultiStrat1Pass",
        "given": [ "DXandAssessmentsWithinMAP" ]
      } ],
      "gender": "female",
      "birthDate": "2013-01-01"
    },
    "request": {
      "method": "PUT",
      "url": "Patient/2c7de2e3-0aa0-4d6b-bc08-f709d40dfbc1"
    }
  }, {
    "fullUrl": "https://madie.cms.gov/Encounter/7e744c0e-e091-49a7-9a81-2be1ba9905ee",
    "resource": {
      "resourceType": "Encounter",
      "id": "7e744c0e-e091-49a7-9a81-2be1ba9905ee",
      "meta": {
        "profile": [ "http://hl7.org/fhir/us/qicore/StructureDefinition/qicore-encounter" ]
      },
      "status": "finished",
      "class": {
        "system": "http://terminology.hl7.org/CodeSystem/v3-ActCode",
        "code": "AMB",
        "display": "ambulatory"
      },
      "type": [ {
        "coding": [ {
          "system": "http://www.ama-assn.org/go/cpt",
          "version": "2024",
          "code": "90791"
        } ]
      } ],
      "subject": {
        "reference": "Patient/2c7de2e3-0aa0-4d6b-bc08-f709d40dfbc1"
      },
      "period": {
        "start": "2025-02-25T14:30:00+00:00",
        "end": "2025-02-25T14:50:00+00:00"
      },
      "length": {
        "value": 0,
        "unit": "days"
      }
    },
    "request": {
      "method": "PUT",
      "url": "Encounter/7e744c0e-e091-49a7-9a81-2be1ba9905ee"
    }
  }, {
    "fullUrl": "https://madie.cms.gov/Observation/a7a4e831-ae0d-4cc9-b027-2e11c4ef4b41",
    "resource": {
      "resourceType": "Observation",
      "id": "a7a4e831-ae0d-4cc9-b027-2e11c4ef4b41",
      "meta": {
        "profile": [ "http://hl7.org/fhir/us/qicore/StructureDefinition/qicore-observation-screening-assessment" ]
      },
      "status": "final",
      "category": [ {
        "coding": [ {
          "system": "http://terminology.hl7.org/CodeSystem/observation-category",
          "code": "survey",
          "display": "Survey"
        } ]
      } ],
      "code": {
        "coding": [ {
          "system": "http://loinc.org",
          "version": "2.76",
          "code": "44261-6"
        } ]
      },
      "subject": {
        "reference": "Patient/2c7de2e3-0aa0-4d6b-bc08-f709d40dfbc1"
      },
      "effectiveDateTime": "2025-02-25T14:35:00+00:00",
      "valueInteger": 10
    },
    "request": {
      "method": "PUT",
      "url": "Observation/a7a4e831-ae0d-4cc9-b027-2e11c4ef4b41"
    }
  }, {
    "fullUrl": "https://madie.cms.gov/Observation/7adb777d-7938-40fd-aba2-6c65afc667ff",
    "resource": {
      "resourceType": "Observation",
      "id": "7adb777d-7938-40fd-aba2-6c65afc667ff",
      "meta": {
        "profile": [ "http://hl7.org/fhir/us/qicore/StructureDefinition/qicore-observation-screening-assessment" ]
      },
      "status": "final",
      "category": [ {
        "coding": [ {
          "system": "http://terminology.hl7.org/CodeSystem/observation-category",
          "code": "survey",
          "display": "Survey"
        } ]
      } ],
      "code": {
        "coding": [ {
          "system": "http://loinc.org",
          "version": "2.76",
          "code": "44261-6"
        } ]
      },
      "subject": {
        "reference": "Patient/2c7de2e3-0aa0-4d6b-bc08-f709d40dfbc1"
      },
      "effectiveDateTime": "2026-02-19T14:30:00+00:00",
      "valueInteger": 3
    },
    "request": {
      "method": "PUT",
      "url": "Observation/7adb777d-7938-40fd-aba2-6c65afc667ff"
    }
  }, {
    "fullUrl": "https://madie.cms.gov/Condition/3ce07ed4-b322-4245-bbb0-1c76041e2456",
    "resource": {
      "resourceType": "Condition",
      "id": "3ce07ed4-b322-4245-bbb0-1c76041e2456",
      "meta": {
        "profile": [ "http://hl7.org/fhir/us/qicore/StructureDefinition/qicore-condition-problems-health-concerns" ]
      },
      "clinicalStatus": {
        "coding": [ {
          "system": "http://terminology.hl7.org/CodeSystem/condition-clinical",
          "code": "active",
          "display": "active"
        } ]
      },
      "verificationStatus": {
        "coding": [ {
          "system": "http://terminology.hl7.org/CodeSystem/condition-ver-status",
          "code": "confirmed"
        } ]
      },
      "category": [ {
        "coding": [ {
          "system": "http://terminology.hl7.org/CodeSystem/condition-category",
          "code": "problem-list-item",
          "display": "Problem List Item"
        } ]
      } ],
      "code": {
        "coding": [ {
          "system": "http://hl7.org/fhir/sid/icd-10-cm",
          "version": "2024",
          "code": "F32.9"
        } ]
      },
      "subject": {
        "reference": "Patient/2c7de2e3-0aa0-4d6b-bc08-f709d40dfbc1"
      },
      "onsetDateTime": "2025-02-25T14:35:00+00:00"
    },
    "request": {
      "method": "PUT",
      "url": "Condition/3ce07ed4-b322-4245-bbb0-1c76041e2456"
    }
  }, {
    "fullUrl": "https://madie.cms.gov/Coverage/68419de4-9538-423c-8b89-9f83c80ad6e0",
    "resource": {
      "resourceType": "Coverage",
      "id": "68419de4-9538-423c-8b89-9f83c80ad6e0",
      "meta": {
        "profile": [ "http://hl7.org/fhir/us/qicore/StructureDefinition/qicore-coverage" ]
      },
      "identifier": [ {
        "system": "http://benefitsinc.com/certificate",
        "value": "12345"
      } ],
      "status": "active",
      "type": {
        "coding": [ {
          "system": "https://nahdo.org/sopt",
          "version": "9.2",
          "code": "59",
          "display": "Other Private Insurance"
        } ]
      },
      "beneficiary": {
        "reference": "Patient/2c7de2e3-0aa0-4d6b-bc08-f709d40dfbc1"
      },
      "dependent": "0",
      "relationship": {
        "coding": [ {
          "system": "http://terminology.hl7.org/CodeSystem/subscriber-relationship",
          "code": "self"
        } ]
      },
      "period": {
        "start": "2013-05-23",
        "end": "2014-05-23"
      },
      "payor": [ {
        "reference": "Organization/990d24c8-0683-4520-8405-9c04fead5eb2"
      } ],
      "order": 9
    },
    "request": {
      "method": "PUT",
      "url": "Coverage/68419de4-9538-423c-8b89-9f83c80ad6e0"
    }
  }, {
    "fullUrl": "https://madie.cms.gov/Organization/990d24c8-0683-4520-8405-9c04fead5eb2",
    "resource": {
      "resourceType": "Organization",
      "id": "990d24c8-0683-4520-8405-9c04fead5eb2",
      "meta": {
        "profile": [ "http://hl7.org/fhir/us/qicore/StructureDefinition/qicore-organization" ]
      },
      "identifier": [ {
        "use": "temp",
        "system": "http://terminology.hl7.org/NamingSystem/USEIN",
        "value": "48915164351354"
      } ],
      "active": true,
      "type": [ {
        "coding": [ {
          "system": "http://terminology.hl7.org/CodeSystem/organization-type",
          "code": "team",
          "display": "Organizational team"
        } ]
      } ],
      "name": "Good Healthcare, LLC",
      "telecom": [ {
        "system": "phone",
        "value": "(+1) 901-683-7777"
      }, {
        "system": "fax",
        "value": "(+1) 901-683-6622"
      }, {
        "system": "email",
        "value": "BetterYourHealth@GoodHealthcare.com"
      } ],
      "address": [ {
        "line": [ "3651 Wentrow Blvd, Suite 227" ],
        "city": "Germantown",
        "state": "TN",
        "postalCode": "38138",
        "country": "USA"
      } ]
    },
    "request": {
      "method": "PUT",
      "url": "Organization/990d24c8-0683-4520-8405-9c04fead5eb2"
    }
  }, {
    "fullUrl": "https://madie.cms.gov/MeasureReport/09b7c941-80bb-49c6-8ab7-0c5172593b07",
    "resource": {
      "resourceType": "MeasureReport",
      "id": "09b7c941-80bb-49c6-8ab7-0c5172593b07",
      "meta": {
        "profile": [ "http://hl7.org/fhir/us/cqfmeasures/StructureDefinition/test-case-cqfm" ]
      },
      "contained": [ {
        "resourceType": "Parameters",
        "id": "5fc62071-339f-4f0c-bde8-44327a647809-parameters",
        "parameter": [ {
          "name": "subject",
          "valueString": "2c7de2e3-0aa0-4d6b-bc08-f709d40dfbc1"
        } ]
      } ],
      "extension": [ {
        "url": "http://hl7.org/fhir/StructureDefinition/cqf-inputParameters",
        "valueReference": {
          "reference": "#5fc62071-339f-4f0c-bde8-44327a647809-parameters"
        }
      }, {
        "url": "http://hl7.org/fhir/us/cqfmeasures/StructureDefinition/cqfm-testCaseDescription",
        "valueMarkdown": "Patient is 12 years old and has a Major Depression Dx, an encounter with PHQ-9>9 during Denom ID period and a PHQ-9<5 during MAP. Patient passes num and falls into strat 1."
      } ],
      "modifierExtension": [ {
        "url": "http://hl7.org/fhir/us/cqfmeasures/StructureDefinition/cqfm-isTestCase",
        "valueBoolean": true
      } ],
      "status": "complete",
      "type": "individual",
      "measure": "https://madie.cms.gov/Measure/CMS159FHIRDepressionRemissionatTwelveMonths",
      "period": {
        "start": "2026-01-01",
        "end": "2026-12-31"
      },
      "group": [ {
        "id": "Group_1",
        "population": [ {
          "id": "InitialPopulation_1",
          "code": {
            "coding": [ {
              "system": "http://terminology.hl7.org/CodeSystem/measure-population",
              "code": "initial-population",
              "display": "Initial Population"
            } ]
          },
          "count": 1
        }, {
          "id": "Denominator_1",
          "code": {
            "coding": [ {
              "system": "http://terminology.hl7.org/CodeSystem/measure-population",
              "code": "denominator",
              "display": "Denominator"
            } ]
          },
          "count": 1
        }, {
          "id": "DenominatorExclusion_1",
          "code": {
            "coding": [ {
              "system": "http://terminology.hl7.org/CodeSystem/measure-population",
              "code": "denominator-exclusion",
              "display": "Denominator Exclusion"
            } ]
          },
          "count": 0
        }, {
          "id": "Numerator_1",
          "code": {
            "coding": [ {
              "system": "http://terminology.hl7.org/CodeSystem/measure-population",
              "code": "numerator",
              "display": "Numerator"
            } ]
          },
          "count": 1
        } ],
        "measureScore": {
          "value": 1.0
        }
      } ],
      "evaluatedResource": [ {
        "reference": "Patient/2c7de2e3-0aa0-4d6b-bc08-f709d40dfbc1"
      }, {
        "reference": "Encounter/7e744c0e-e091-49a7-9a81-2be1ba9905ee"
      }, {
        "reference": "Observation/a7a4e831-ae0d-4cc9-b027-2e11c4ef4b41"
      }, {
        "reference": "Observation/7adb777d-7938-40fd-aba2-6c65afc667ff"
      }, {
        "reference": "Condition/3ce07ed4-b322-4245-bbb0-1c76041e2456"
      }, {
        "reference": "Coverage/68419de4-9538-423c-8b89-9f83c80ad6e0"
      }, {
        "reference": "Organization/990d24c8-0683-4520-8405-9c04fead5eb2"
      } ]
    },
    "request": {
      "method": "PUT",
      "url": "MeasureReport/09b7c941-80bb-49c6-8ab7-0c5172593b07"
    }
  } ]
}