{
  "resourceType": "Bundle",
  "id": "DENEXPass-HospiceDischargeToFacilityDuringMP",
  "type": "transaction",
  "entry": [ {
    "fullUrl": "https://madie.cms.gov/Patient/9e57c539-0442-415a-a187-87adc7acdd8a",
    "resource": {
      "resourceType": "Patient",
      "id": "9e57c539-0442-415a-a187-87adc7acdd8a",
      "meta": {
        "profile": [ "http://hl7.org/fhir/us/qicore/StructureDefinition/qicore-patient" ]
      },
      "extension": [ {
        "url": "http://hl7.org/fhir/us/core/StructureDefinition/us-core-race",
        "extension": [ {
          "url": "ombCategory",
          "valueCoding": {
            "system": "urn:oid:2.16.840.1.113883.6.238",
            "code": "2028-9",
            "display": "Asian"
          }
        }, {
          "url": "text",
          "valueString": "Asian"
        } ]
      }, {
        "url": "http://hl7.org/fhir/us/core/StructureDefinition/us-core-ethnicity",
        "extension": [ {
          "url": "ombCategory",
          "valueCoding": {
            "system": "urn:oid:2.16.840.1.113883.6.238",
            "code": "2135-2",
            "display": "Hispanic or Latino"
          }
        }, {
          "url": "text",
          "valueString": "Hispanic or Latino"
        } ]
      } ],
      "identifier": [ {
        "system": "http://hospital.smarthealthit.org",
        "value": "999999995"
      } ],
      "name": [ {
        "family": "Bertha",
        "given": [ "Betty" ]
      } ],
      "gender": "female",
      "birthDate": "2024-01-01"
    },
    "request": {
      "method": "PUT",
      "url": "Patient/9e57c539-0442-415a-a187-87adc7acdd8a"
    }
  }, {
    "fullUrl": "https://madie.cms.gov/Encounter/0ab1c1b1-f55f-455e-9dcc-489f158d71eb",
    "resource": {
      "resourceType": "Encounter",
      "id": "0ab1c1b1-f55f-455e-9dcc-489f158d71eb",
      "meta": {
        "profile": [ "http://hl7.org/fhir/us/qicore/StructureDefinition/qicore-encounter" ]
      },
      "status": "finished",
      "class": {
        "system": "http://terminology.hl7.org/CodeSystem/v3-ActCode",
        "code": "AMB",
        "display": "ambulatory"
      },
      "type": [ {
        "coding": [ {
          "system": "http://snomed.info/sct",
          "code": "185317003",
          "display": "Telephone encounter (procedure)"
        } ]
      } ],
      "subject": {
        "reference": "Patient/9e57c539-0442-415a-a187-87adc7acdd8a"
      },
      "period": {
        "start": "2026-01-01T01:00:00.000Z",
        "end": "2026-01-01T01:15:00.000Z"
      }
    },
    "request": {
      "method": "PUT",
      "url": "Encounter/0ab1c1b1-f55f-455e-9dcc-489f158d71eb"
    }
  }, {
    "fullUrl": "https://madie.cms.gov/Encounter/df648a2b-22ed-4b20-8ff9-c90d5162e93d",
    "resource": {
      "resourceType": "Encounter",
      "id": "df648a2b-22ed-4b20-8ff9-c90d5162e93d",
      "meta": {
        "profile": [ "http://hl7.org/fhir/us/qicore/StructureDefinition/qicore-encounter" ]
      },
      "status": "finished",
      "class": {
        "system": "http://terminology.hl7.org/CodeSystem/v3-ActCode",
        "code": "AMB",
        "display": "ambulatory"
      },
      "type": [ {
        "coding": [ {
          "system": "http://snomed.info/sct",
          "code": "32485007",
          "display": "Hospital admission (procedure)"
        } ]
      } ],
      "subject": {
        "reference": "Patient/9e57c539-0442-415a-a187-87adc7acdd8a"
      },
      "period": {
        "start": "2025-12-31T23:59:59.000Z",
        "end": "2026-01-01T01:00:00.000Z"
      },
      "hospitalization": {
        "dischargeDisposition": {
          "coding": [ {
            "system": "http://snomed.info/sct",
            "code": "428371000124100",
            "display": "Discharge to healthcare facility for hospice care (procedure)"
          } ]
        }
      }
    },
    "request": {
      "method": "PUT",
      "url": "Encounter/df648a2b-22ed-4b20-8ff9-c90d5162e93d"
    }
  }, {
    "fullUrl": "https://madie.cms.gov/MeasureReport/b71abfcc-9d8f-48c5-b5ce-5f835a53d563",
    "resource": {
      "resourceType": "MeasureReport",
      "id": "b71abfcc-9d8f-48c5-b5ce-5f835a53d563",
      "meta": {
        "profile": [ "http://hl7.org/fhir/us/cqfmeasures/StructureDefinition/test-case-cqfm" ]
      },
      "contained": [ {
        "resourceType": "Parameters",
        "id": "dd2d7a2f-816a-4368-b4cb-b96abe2656d8-parameters",
        "parameter": [ {
          "name": "subject",
          "valueString": "9e57c539-0442-415a-a187-87adc7acdd8a"
        } ]
      } ],
      "extension": [ {
        "url": "http://hl7.org/fhir/StructureDefinition/cqf-inputParameters",
        "valueReference": {
          "reference": "#dd2d7a2f-816a-4368-b4cb-b96abe2656d8-parameters"
        }
      }, {
        "url": "http://hl7.org/fhir/us/cqfmeasures/StructureDefinition/cqfm-testCaseDescription",
        "valueMarkdown": "Hospice discharge to facility during MP"
      } ],
      "modifierExtension": [ {
        "url": "http://hl7.org/fhir/us/cqfmeasures/StructureDefinition/cqfm-isTestCase",
        "valueBoolean": true
      } ],
      "status": "complete",
      "type": "individual",
      "measure": "https://madie.cms.gov/Measure/ChildhoodImmunizationStatusFHIR",
      "period": {
        "start": "2026-01-01",
        "end": "2026-12-31"
      },
      "group": [ {
        "id": "Group_1",
        "population": [ {
          "id": "InitialPopulation_1",
          "code": {
            "coding": [ {
              "system": "http://terminology.hl7.org/CodeSystem/measure-population",
              "code": "initial-population",
              "display": "Initial Population"
            } ]
          },
          "count": 1
        }, {
          "id": "Denominator_1",
          "code": {
            "coding": [ {
              "system": "http://terminology.hl7.org/CodeSystem/measure-population",
              "code": "denominator",
              "display": "Denominator"
            } ]
          },
          "count": 1
        }, {
          "id": "DenominatorExclusion_1",
          "code": {
            "coding": [ {
              "system": "http://terminology.hl7.org/CodeSystem/measure-population",
              "code": "denominator-exclusion",
              "display": "Denominator Exclusion"
            } ]
          },
          "count": 1
        }, {
          "id": "Numerator_1",
          "code": {
            "coding": [ {
              "system": "http://terminology.hl7.org/CodeSystem/measure-population",
              "code": "numerator",
              "display": "Numerator"
            } ]
          },
          "count": 0
        } ],
        "measureScore": {
          "value": 1.0
        }
      } ],
      "evaluatedResource": [ {
        "reference": "Patient/9e57c539-0442-415a-a187-87adc7acdd8a"
      }, {
        "reference": "Encounter/0ab1c1b1-f55f-455e-9dcc-489f158d71eb"
      }, {
        "reference": "Encounter/df648a2b-22ed-4b20-8ff9-c90d5162e93d"
      } ]
    },
    "request": {
      "method": "PUT",
      "url": "MeasureReport/b71abfcc-9d8f-48c5-b5ce-5f835a53d563"
    }
  }, {
    "fullUrl": "https://madie.cms.gov/MeasureReport/c1e42cd5-1086-433a-be6b-36440c825bf9",
    "resource": {
      "resourceType": "MeasureReport",
      "id": "c1e42cd5-1086-433a-be6b-36440c825bf9",
      "meta": {
        "profile": [ "http://hl7.org/fhir/us/cqfmeasures/StructureDefinition/test-case-cqfm" ]
      },
      "contained": [ {
        "resourceType": "Parameters",
        "id": "886eb03a-1e58-443d-86cc-07daed703779-parameters",
        "parameter": [ {
          "name": "subject",
          "valueString": "9e57c539-0442-415a-a187-87adc7acdd8a"
        } ]
      } ],
      "extension": [ {
        "url": "http://hl7.org/fhir/StructureDefinition/cqf-inputParameters",
        "valueReference": {
          "reference": "#886eb03a-1e58-443d-86cc-07daed703779-parameters"
        }
      }, {
        "url": "http://hl7.org/fhir/us/cqfmeasures/StructureDefinition/cqfm-testCaseDescription",
        "valueMarkdown": "Hospice discharge to facility during MP"
      } ],
      "modifierExtension": [ {
        "url": "http://hl7.org/fhir/us/cqfmeasures/StructureDefinition/cqfm-isTestCase",
        "valueBoolean": true
      } ],
      "status": "complete",
      "type": "individual",
      "measure": "https://madie.cms.gov/Measure/CMS117FHIRChildhoodImmunizationStatus",
      "period": {
        "start": "2026-01-01",
        "end": "2026-12-31"
      },
      "group": [ {
        "id": "Group_1",
        "population": [ {
          "id": "InitialPopulation_1",
          "code": {
            "coding": [ {
              "system": "http://terminology.hl7.org/CodeSystem/measure-population",
              "code": "initial-population",
              "display": "Initial Population"
            } ]
          },
          "count": 1
        }, {
          "id": "Denominator_1",
          "code": {
            "coding": [ {
              "system": "http://terminology.hl7.org/CodeSystem/measure-population",
              "code": "denominator",
              "display": "Denominator"
            } ]
          },
          "count": 1
        }, {
          "id": "DenominatorExclusion_1",
          "code": {
            "coding": [ {
              "system": "http://terminology.hl7.org/CodeSystem/measure-population",
              "code": "denominator-exclusion",
              "display": "Denominator Exclusion"
            } ]
          },
          "count": 1
        }, {
          "id": "Numerator_1",
          "code": {
            "coding": [ {
              "system": "http://terminology.hl7.org/CodeSystem/measure-population",
              "code": "numerator",
              "display": "Numerator"
            } ]
          },
          "count": 0
        } ],
        "measureScore": {
          "value": 1.0
        }
      } ],
      "evaluatedResource": [ {
        "reference": "Patient/9e57c539-0442-415a-a187-87adc7acdd8a"
      }, {
        "reference": "Encounter/0ab1c1b1-f55f-455e-9dcc-489f158d71eb"
      }, {
        "reference": "Encounter/df648a2b-22ed-4b20-8ff9-c90d5162e93d"
      }, {
        "reference": "MeasureReport/b71abfcc-9d8f-48c5-b5ce-5f835a53d563"
      } ]
    },
    "request": {
      "method": "PUT",
      "url": "MeasureReport/c1e42cd5-1086-433a-be6b-36440c825bf9"
    }
  } ]
}