{
  "resourceType": "Bundle",
  "id": "62ec3235ea03a4ebacd6a08a",
  "type": "transaction",
  "entry": [ {
    "fullUrl": "https://madie.cms.gov/Patient/37daa71d-a2a5-4807-8ee1-93417424ffee",
    "resource": {
      "resourceType": "Patient",
      "id": "37daa71d-a2a5-4807-8ee1-93417424ffee",
      "meta": {
        "profile": [ "http://hl7.org/fhir/us/qicore/StructureDefinition/qicore-patient" ]
      },
      "extension": [ {
        "url": "http://hl7.org/fhir/us/core/StructureDefinition/us-core-race",
        "extension": [ {
          "url": "ombCategory",
          "valueCoding": {
            "system": "urn:oid:2.16.840.1.113883.6.238",
            "code": "1002-5",
            "display": "American Indian or Alaska Native",
            "userSelected": true
          }
        }, {
          "url": "text",
          "valueString": "American Indian or Alaska Native"
        }, {
          "url": "detailed",
          "valueCoding": {
            "system": "urn:oid:2.16.840.1.113883.6.238",
            "code": "1653-5",
            "display": "Tohono O'Odham"
          }
        } ]
      }, {
        "url": "http://hl7.org/fhir/us/core/StructureDefinition/us-core-ethnicity",
        "extension": [ {
          "url": "ombCategory",
          "valueCoding": {
            "system": "urn:oid:2.16.840.1.113883.6.238",
            "code": "2135-2",
            "display": "Hispanic or Latino",
            "userSelected": true
          }
        }, {
          "url": "text",
          "valueString": "Hispanic or Latino"
        }, {
          "url": "detailed",
          "valueCoding": {
            "system": "urn:oid:2.16.840.1.113883.6.238",
            "code": "2153-5",
            "display": "Mexican American Indian"
          }
        } ]
      } ],
      "identifier": [ {
        "type": {
          "coding": [ {
            "system": "http://terminology.hl7.org/CodeSystem/v2-0203",
            "code": "MR"
          } ]
        },
        "system": "https://bonnie-fhir.healthit.gov/",
        "value": "62ec3235ea03a4ebacd6a08a"
      } ],
      "name": [ {
        "family": "NumerPass",
        "given": [ "EncEndsLastDayMPAt2359Doc1stMinEnc" ]
      } ],
      "gender": "unknown",
      "birthDate": "2008-01-01"
    },
    "request": {
      "method": "PUT",
      "url": "Patient/37daa71d-a2a5-4807-8ee1-93417424ffee"
    }
  }, {
    "fullUrl": "https://madie.cms.gov/Encounter/2e1795b4-a00c-4ad5-ad7b-103917b61bfa",
    "resource": {
      "resourceType": "Encounter",
      "id": "2e1795b4-a00c-4ad5-ad7b-103917b61bfa",
      "meta": {
        "profile": [ "http://hl7.org/fhir/us/qicore/StructureDefinition/qicore-encounter" ]
      },
      "status": "finished",
      "class": {
        "system": "http://terminology.hl7.org/CodeSystem/v3-ActCode",
        "code": "AMB",
        "display": "ambulatory"
      },
      "type": [ {
        "coding": [ {
          "system": "http://snomed.info/sct",
          "version": "2022-03",
          "code": "10197000",
          "display": "Psychiatric interview and evaluation (procedure)",
          "userSelected": true
        } ]
      } ],
      "subject": {
        "reference": "Patient/37daa71d-a2a5-4807-8ee1-93417424ffee"
      },
      "period": {
        "start": "2026-12-20T00:00:00.000+00:00",
        "end": "2026-12-31T23:59:00.000+00:00"
      }
    },
    "request": {
      "method": "PUT",
      "url": "Encounter/2e1795b4-a00c-4ad5-ad7b-103917b61bfa"
    }
  }, {
    "fullUrl": "https://madie.cms.gov/Procedure/f2650952-d433-42a0-88ad-19608b18234a",
    "resource": {
      "resourceType": "Procedure",
      "id": "f2650952-d433-42a0-88ad-19608b18234a",
      "meta": {
        "profile": [ "http://hl7.org/fhir/us/qicore/StructureDefinition/qicore-procedure" ]
      },
      "extension": [ {
        "url": "http://hl7.org/fhir/us/qicore/StructureDefinition/qicore-recorded",
        "valueDateTime": "2025-02-01T09:00:00.000+00:00"
      } ],
      "status": "completed",
      "code": {
        "coding": [ {
          "system": "http://snomed.info/sct",
          "code": "428191000124101",
          "display": "Documentation of current medications (procedure)",
          "userSelected": true
        } ]
      },
      "subject": {
        "reference": "Patient/37daa71d-a2a5-4807-8ee1-93417424ffee"
      },
      "performedDateTime": "2026-12-20T00:01:00.000+00:00"
    },
    "request": {
      "method": "PUT",
      "url": "Procedure/f2650952-d433-42a0-88ad-19608b18234a"
    }
  }, {
    "fullUrl": "https://madie.cms.gov/Coverage/3acee930-9ac6-4363-affd-24c74d94ef46",
    "resource": {
      "resourceType": "Coverage",
      "id": "3acee930-9ac6-4363-affd-24c74d94ef46",
      "meta": {
        "profile": [ "http://hl7.org/fhir/us/qicore/StructureDefinition/qicore-coverage" ]
      },
      "status": "active",
      "type": {
        "coding": [ {
          "system": "https://nahdo.org/sopt",
          "code": "1",
          "display": "MEDICARE"
        } ]
      },
      "beneficiary": {
        "reference": "Patient/37daa71d-a2a5-4807-8ee1-93417424ffee"
      },
      "period": {
        "start": "2025-12-01T00:00:00+00:00"
      },
      "payor": [ {
        "reference": "Organization/db140312-e439-4c96-94ca-7783b4d6095b"
      } ]
    },
    "request": {
      "method": "PUT",
      "url": "Coverage/3acee930-9ac6-4363-affd-24c74d94ef46"
    }
  }, {
    "fullUrl": "https://madie.cms.gov/Organization/db140312-e439-4c96-94ca-7783b4d6095b",
    "resource": {
      "resourceType": "Organization",
      "id": "db140312-e439-4c96-94ca-7783b4d6095b",
      "meta": {
        "profile": [ "http://hl7.org/fhir/us/qicore/StructureDefinition/qicore-organization" ]
      },
      "identifier": [ {
        "use": "temp",
        "system": "urn:oid:2.16.840.1.113883.4.4",
        "value": "21-3259825"
      } ],
      "active": true,
      "type": [ {
        "coding": [ {
          "system": "http://terminology.hl7.org/CodeSystem/organization-type",
          "code": "pay",
          "display": "Payer"
        } ]
      } ],
      "name": "Blue Cross Blue Shield of Texas",
      "telecom": [ {
        "system": "phone",
        "value": "(+1) 972-766-6900"
      } ],
      "address": [ {
        "use": "billing",
        "type": "postal",
        "line": [ "P.O. Box 660044" ],
        "city": "Dallas",
        "state": "TX",
        "postalCode": "75266-0044",
        "country": "USA"
      } ]
    },
    "request": {
      "method": "PUT",
      "url": "Organization/db140312-e439-4c96-94ca-7783b4d6095b"
    }
  }, {
    "fullUrl": "https://madie.cms.gov/Practitioner/06c93606-ed22-46ad-bed0-7ac8e427e0fd",
    "resource": {
      "resourceType": "Practitioner",
      "id": "06c93606-ed22-46ad-bed0-7ac8e427e0fd",
      "meta": {
        "profile": [ "http://hl7.org/fhir/us/qicore/StructureDefinition/qicore-practitioner" ]
      },
      "identifier": [ {
        "system": "http://hl7.org/fhir/sid/us-npi",
        "value": "123456"
      } ],
      "name": [ {
        "family": "Evil",
        "prefix": [ "Dr" ]
      } ]
    },
    "request": {
      "method": "PUT",
      "url": "Practitioner/06c93606-ed22-46ad-bed0-7ac8e427e0fd"
    }
  }, {
    "fullUrl": "https://madie.cms.gov/MeasureReport/e4deb322-019e-40b7-af77-49b216684cb1",
    "resource": {
      "resourceType": "MeasureReport",
      "id": "e4deb322-019e-40b7-af77-49b216684cb1",
      "meta": {
        "profile": [ "http://hl7.org/fhir/us/cqfmeasures/StructureDefinition/test-case-cqfm" ]
      },
      "contained": [ {
        "resourceType": "Parameters",
        "id": "d4c2414a-e756-4024-b875-7ce1c6a56250-parameters",
        "parameter": [ {
          "name": "subject",
          "valueString": "37daa71d-a2a5-4807-8ee1-93417424ffee"
        } ]
      } ],
      "extension": [ {
        "url": "http://hl7.org/fhir/StructureDefinition/cqf-inputParameters",
        "valueReference": {
          "reference": "#d4c2414a-e756-4024-b875-7ce1c6a56250-parameters"
        }
      }, {
        "url": "http://hl7.org/fhir/us/cqfmeasures/StructureDefinition/cqfm-testCaseDescription",
        "valueMarkdown": "Encounter ends the last day of the measurement period.  Medication documentation occurs first minute of encounter."
      } ],
      "modifierExtension": [ {
        "url": "http://hl7.org/fhir/us/cqfmeasures/StructureDefinition/cqfm-isTestCase",
        "valueBoolean": true
      } ],
      "status": "complete",
      "type": "individual",
      "measure": "https://madie.cms.gov/Measure/CMS68FHIRDocumentationofCurrentMedications",
      "period": {
        "start": "2026-01-01",
        "end": "2026-12-31"
      },
      "group": [ {
        "id": "Group_1",
        "population": [ {
          "id": "InitialPopulation_1",
          "code": {
            "coding": [ {
              "system": "http://terminology.hl7.org/CodeSystem/measure-population",
              "code": "initial-population",
              "display": "Initial Population"
            } ]
          },
          "count": 1
        }, {
          "id": "Denominator_1",
          "code": {
            "coding": [ {
              "system": "http://terminology.hl7.org/CodeSystem/measure-population",
              "code": "denominator",
              "display": "Denominator"
            } ]
          },
          "count": 1
        }, {
          "id": "Numerator_1",
          "code": {
            "coding": [ {
              "system": "http://terminology.hl7.org/CodeSystem/measure-population",
              "code": "numerator",
              "display": "Numerator"
            } ]
          },
          "count": 1
        }, {
          "id": "DenominatorException_1",
          "code": {
            "coding": [ {
              "system": "http://terminology.hl7.org/CodeSystem/measure-population",
              "code": "denominator-exception",
              "display": "Denominator Exception"
            } ]
          },
          "count": 0
        } ],
        "measureScore": {
          "value": 0.0
        }
      } ],
      "evaluatedResource": [ {
        "reference": "Patient/37daa71d-a2a5-4807-8ee1-93417424ffee"
      }, {
        "reference": "Encounter/2e1795b4-a00c-4ad5-ad7b-103917b61bfa"
      }, {
        "reference": "Procedure/f2650952-d433-42a0-88ad-19608b18234a"
      }, {
        "reference": "Coverage/3acee930-9ac6-4363-affd-24c74d94ef46"
      }, {
        "reference": "Organization/db140312-e439-4c96-94ca-7783b4d6095b"
      }, {
        "reference": "Practitioner/06c93606-ed22-46ad-bed0-7ac8e427e0fd"
      } ]
    },
    "request": {
      "method": "PUT",
      "url": "MeasureReport/e4deb322-019e-40b7-af77-49b216684cb1"
    }
  } ]
}