{
  "resourceType": "Bundle",
  "id": "62bc69333e113102f8cedca6",
  "type": "transaction",
  "entry": [ {
    "fullUrl": "https://madie.cms.gov/Patient/af5c9227-1845-4023-8b4f-ec4eb2fce33a",
    "resource": {
      "resourceType": "Patient",
      "id": "af5c9227-1845-4023-8b4f-ec4eb2fce33a",
      "meta": {
        "profile": [ "http://hl7.org/fhir/us/qicore/StructureDefinition/qicore-patient" ]
      },
      "extension": [ {
        "url": "http://hl7.org/fhir/us/core/StructureDefinition/us-core-race",
        "extension": [ {
          "url": "ombCategory",
          "valueCoding": {
            "system": "urn:oid:2.16.840.1.113883.6.238",
            "code": "1002-5",
            "display": "American Indian or Alaska Native"
          }
        }, {
          "url": "text",
          "valueString": "American Indian or Alaska Native"
        } ]
      }, {
        "url": "http://hl7.org/fhir/us/core/StructureDefinition/us-core-ethnicity",
        "extension": [ {
          "url": "ombCategory",
          "valueCoding": {
            "system": "urn:oid:2.16.840.1.113883.6.238",
            "code": "2135-2",
            "display": "Hispanic or Latino"
          }
        }, {
          "url": "text",
          "valueString": "Hispanic or Latino"
        } ]
      } ],
      "identifier": [ {
        "type": {
          "coding": [ {
            "system": "http://terminology.hl7.org/CodeSystem/v2-0203",
            "code": "MR"
          } ]
        },
        "system": "https://bonnie-fhir.healthit.gov/",
        "value": "62bc69333e113102f8cedca6"
      } ],
      "name": [ {
        "family": "DENEXPass",
        "given": [ "Cystectomy6MonthsPriorEdge" ]
      } ],
      "gender": "female",
      "birthDate": "1947-02-01"
    },
    "request": {
      "method": "PUT",
      "url": "Patient/af5c9227-1845-4023-8b4f-ec4eb2fce33a"
    }
  }, {
    "fullUrl": "https://madie.cms.gov/Encounter/42edc78d-c736-41aa-9dd7-dbae3fd54d79",
    "resource": {
      "resourceType": "Encounter",
      "id": "42edc78d-c736-41aa-9dd7-dbae3fd54d79",
      "meta": {
        "profile": [ "http://hl7.org/fhir/us/qicore/StructureDefinition/qicore-encounter" ]
      },
      "status": "finished",
      "class": {
        "system": "http://terminology.hl7.org/CodeSystem/v3-ActCode",
        "code": "AMB",
        "display": "ambulatory"
      },
      "type": [ {
        "coding": [ {
          "system": "http://snomed.info/sct",
          "version": "http://snomed.info/sct/731000124108/version/20240301",
          "code": "185463005",
          "display": "Visit out of hours (procedure)"
        } ]
      } ],
      "subject": {
        "reference": "Patient/af5c9227-1845-4023-8b4f-ec4eb2fce33a"
      },
      "period": {
        "start": "2026-12-30T08:00:00.000+00:00",
        "end": "2026-12-30T09:15:00.000+00:00"
      }
    },
    "request": {
      "method": "PUT",
      "url": "Encounter/42edc78d-c736-41aa-9dd7-dbae3fd54d79"
    }
  }, {
    "fullUrl": "https://madie.cms.gov/Procedure/93d9ccc8-9cc6-45eb-8586-ebd38f664581",
    "resource": {
      "resourceType": "Procedure",
      "id": "93d9ccc8-9cc6-45eb-8586-ebd38f664581",
      "meta": {
        "profile": [ "http://hl7.org/fhir/us/qicore/StructureDefinition/qicore-procedure" ]
      },
      "extension": [ {
        "url": "http://hl7.org/fhir/us/qicore/StructureDefinition/qicore-recorded",
        "valueDateTime": "2026-01-01T08:00:00.000+00:00"
      } ],
      "status": "completed",
      "code": {
        "coding": [ {
          "system": "http://www.ama-assn.org/go/cpt",
          "version": "2024",
          "code": "51585",
          "display": "Cystectomy Done",
          "userSelected": true
        } ]
      },
      "subject": {
        "reference": "Patient/af5c9227-1845-4023-8b4f-ec4eb2fce33a"
      },
      "performedPeriod": {
        "start": "2026-01-01T08:00:00.000+00:00",
        "end": "2026-01-01T08:15:00.000+00:00"
      }
    },
    "request": {
      "method": "PUT",
      "url": "Procedure/93d9ccc8-9cc6-45eb-8586-ebd38f664581"
    }
  }, {
    "fullUrl": "https://madie.cms.gov/Condition/487fc809-5d18-43cf-9242-1a320f02beb3",
    "resource": {
      "resourceType": "Condition",
      "id": "487fc809-5d18-43cf-9242-1a320f02beb3",
      "meta": {
        "profile": [ "http://hl7.org/fhir/us/qicore/StructureDefinition/qicore-condition-problems-health-concerns" ]
      },
      "clinicalStatus": {
        "coding": [ {
          "system": "http://terminology.hl7.org/CodeSystem/condition-clinical",
          "code": "active",
          "display": "Active"
        } ]
      },
      "verificationStatus": {
        "coding": [ {
          "system": "http://terminology.hl7.org/CodeSystem/condition-ver-status",
          "code": "confirmed",
          "display": "Confirmed"
        } ]
      },
      "category": [ {
        "coding": [ {
          "system": "http://terminology.hl7.org/CodeSystem/condition-category",
          "code": "problem-list-item",
          "display": "Problem List Item"
        } ]
      } ],
      "code": {
        "coding": [ {
          "system": "http://hl7.org/fhir/sid/icd-10-cm",
          "version": "2024",
          "code": "C67.3",
          "display": "Malignant neoplasm of anterior wall of bladder"
        } ]
      },
      "subject": {
        "reference": "Patient/af5c9227-1845-4023-8b4f-ec4eb2fce33a"
      },
      "onsetDateTime": "2026-06-30T08:00:00.000+00:00"
    },
    "request": {
      "method": "PUT",
      "url": "Condition/487fc809-5d18-43cf-9242-1a320f02beb3"
    }
  }, {
    "fullUrl": "https://madie.cms.gov/Observation/361776a7-649b-49bc-8ba3-8e8783273e60",
    "resource": {
      "resourceType": "Observation",
      "id": "361776a7-649b-49bc-8ba3-8e8783273e60",
      "meta": {
        "profile": [ "http://hl7.org/fhir/us/qicore/StructureDefinition/qicore-observation-lab" ]
      },
      "partOf": [ {
        "reference": "Procedure/93d9ccc8-9cc6-45eb-8586-ebd38f664581"
      } ],
      "status": "final",
      "category": [ {
        "coding": [ {
          "system": "http://terminology.hl7.org/CodeSystem/observation-category",
          "code": "procedure",
          "display": "Procedure"
        } ]
      } ],
      "code": {
        "coding": [ {
          "system": "http://loinc.org",
          "version": "2.76",
          "code": "21902-2",
          "display": "Stage group.pathology Cancer"
        } ]
      },
      "subject": {
        "reference": "Patient/af5c9227-1845-4023-8b4f-ec4eb2fce33a"
      },
      "effectivePeriod": {
        "start": "2026-06-30T08:00:00.000+00:00",
        "end": "2026-06-30T08:15:00.000+00:00"
      },
      "issued": "2026-06-30T08:15:00.000+00:00",
      "valueCodeableConcept": {
        "coding": [ {
          "system": "http://snomed.info/sct",
          "version": "http://snomed.info/sct/731000124108/version/20240301",
          "code": "1228883000",
          "display": "American Joint Committee on Cancer cTa (qualifier value)"
        } ]
      }
    },
    "request": {
      "method": "PUT",
      "url": "Observation/361776a7-649b-49bc-8ba3-8e8783273e60"
    }
  }, {
    "fullUrl": "https://madie.cms.gov/Practitioner/db6d9469-8f3c-4b54-9820-a6a48aa9b33d",
    "resource": {
      "resourceType": "Practitioner",
      "id": "db6d9469-8f3c-4b54-9820-a6a48aa9b33d",
      "meta": {
        "profile": [ "http://hl7.org/fhir/us/qicore/StructureDefinition/qicore-practitioner" ]
      },
      "identifier": [ {
        "use": "temp",
        "system": "urn:oid:2.16.840.1.113883.4.336",
        "value": "Practitioner-23"
      } ],
      "active": true,
      "name": [ {
        "family": "Careful",
        "given": [ "Adam" ],
        "prefix": [ "Dr" ]
      } ],
      "address": [ {
        "use": "home",
        "line": [ "534 Erewhon St" ],
        "city": "PleasantVille",
        "state": "UT",
        "postalCode": "84414"
      } ],
      "qualification": [ {
        "identifier": [ {
          "system": "http://example.org/UniversityIdentifier",
          "value": "12345"
        } ],
        "code": {
          "coding": [ {
            "system": "http://terminology.hl7.org/CodeSystem/v2-0360|2.7",
            "code": "BS",
            "display": "Bachelor of Science"
          } ],
          "text": "Bachelor of Science"
        },
        "period": {
          "start": "1996"
        },
        "issuer": {
          "display": "Example University"
        }
      } ]
    },
    "request": {
      "method": "PUT",
      "url": "Practitioner/db6d9469-8f3c-4b54-9820-a6a48aa9b33d"
    }
  }, {
    "fullUrl": "https://madie.cms.gov/Procedure/517309ff-6cdd-416f-9bd8-980ce07880e9",
    "resource": {
      "resourceType": "Procedure",
      "id": "517309ff-6cdd-416f-9bd8-980ce07880e9",
      "meta": {
        "profile": [ "http://hl7.org/fhir/us/qicore/StructureDefinition/qicore-procedure" ]
      },
      "extension": [ {
        "url": "http://hl7.org/fhir/us/qicore/StructureDefinition/qicore-recorded",
        "valueDateTime": "2026-06-30T08:00:00.000+00:00"
      } ],
      "status": "completed",
      "code": {
        "coding": [ {
          "system": "http://snomed.info/sct",
          "version": "http://snomed.info/sct/731000124108/version/20240301",
          "code": "254292007",
          "display": "Tumor staging",
          "userSelected": true
        } ]
      },
      "subject": {
        "reference": "Patient/af5c9227-1845-4023-8b4f-ec4eb2fce33a"
      },
      "performedPeriod": {
        "start": "2026-06-30T08:00:00.000+00:00",
        "end": "2026-06-30T08:15:00.000+00:00"
      }
    },
    "request": {
      "method": "PUT",
      "url": "Procedure/517309ff-6cdd-416f-9bd8-980ce07880e9"
    }
  }, {
    "fullUrl": "https://madie.cms.gov/MeasureReport/daa1774c-be4c-4806-ab9f-62769f573060",
    "resource": {
      "resourceType": "MeasureReport",
      "id": "daa1774c-be4c-4806-ab9f-62769f573060",
      "meta": {
        "profile": [ "http://hl7.org/fhir/us/cqfmeasures/StructureDefinition/test-case-cqfm" ]
      },
      "contained": [ {
        "resourceType": "Parameters",
        "id": "15d6dab2-c7a1-4e50-8ba1-d2fb30f4f928-parameters",
        "parameter": [ {
          "name": "subject",
          "valueString": "af5c9227-1845-4023-8b4f-ec4eb2fce33a"
        } ]
      } ],
      "extension": [ {
        "url": "http://hl7.org/fhir/StructureDefinition/cqf-inputParameters",
        "valueReference": {
          "reference": "#15d6dab2-c7a1-4e50-8ba1-d2fb30f4f928-parameters"
        }
      }, {
        "url": "http://hl7.org/fhir/us/cqfmeasures/StructureDefinition/cqfm-testCaseDescription",
        "valueMarkdown": "Patient with OV in MP. Bladder cancer diagnosis and cancer staging in MP.  Pt had a cystectomy 6 mo prior and should be excluded. "
      } ],
      "modifierExtension": [ {
        "url": "http://hl7.org/fhir/us/cqfmeasures/StructureDefinition/cqfm-isTestCase",
        "valueBoolean": true
      } ],
      "status": "complete",
      "type": "individual",
      "measure": "https://madie.cms.gov/Measure/CMS646FHIRIntravesicalBacillusCalmetteGuerinForBladderCancer",
      "period": {
        "start": "2026-01-01",
        "end": "2026-12-31"
      },
      "group": [ {
        "id": "Group_1",
        "population": [ {
          "id": "InitialPopulation_1",
          "code": {
            "coding": [ {
              "system": "http://terminology.hl7.org/CodeSystem/measure-population",
              "code": "initial-population",
              "display": "Initial Population"
            } ]
          },
          "count": 1
        }, {
          "id": "Denominator_1",
          "code": {
            "coding": [ {
              "system": "http://terminology.hl7.org/CodeSystem/measure-population",
              "code": "denominator",
              "display": "Denominator"
            } ]
          },
          "count": 1
        }, {
          "id": "DenominatorExclusion_1",
          "code": {
            "coding": [ {
              "system": "http://terminology.hl7.org/CodeSystem/measure-population",
              "code": "denominator-exclusion",
              "display": "Denominator Exclusion"
            } ]
          },
          "count": 1
        }, {
          "id": "Numerator_1",
          "code": {
            "coding": [ {
              "system": "http://terminology.hl7.org/CodeSystem/measure-population",
              "code": "numerator",
              "display": "Numerator"
            } ]
          },
          "count": 0
        }, {
          "id": "DenominatorException_1",
          "code": {
            "coding": [ {
              "system": "http://terminology.hl7.org/CodeSystem/measure-population",
              "code": "denominator-exception",
              "display": "Denominator Exception"
            } ]
          },
          "count": 0
        } ],
        "measureScore": {
          "value": 1.0
        }
      } ],
      "evaluatedResource": [ {
        "reference": "Patient/af5c9227-1845-4023-8b4f-ec4eb2fce33a"
      }, {
        "reference": "Encounter/42edc78d-c736-41aa-9dd7-dbae3fd54d79"
      }, {
        "reference": "Procedure/93d9ccc8-9cc6-45eb-8586-ebd38f664581"
      }, {
        "reference": "Condition/487fc809-5d18-43cf-9242-1a320f02beb3"
      }, {
        "reference": "Observation/361776a7-649b-49bc-8ba3-8e8783273e60"
      }, {
        "reference": "Practitioner/db6d9469-8f3c-4b54-9820-a6a48aa9b33d"
      }, {
        "reference": "Procedure/517309ff-6cdd-416f-9bd8-980ce07880e9"
      } ]
    },
    "request": {
      "method": "PUT",
      "url": "MeasureReport/daa1774c-be4c-4806-ab9f-62769f573060"
    }
  } ]
}