{
  "resourceType": "Bundle",
  "id": "62fbe41abf5132f90ee35d36",
  "type": "transaction",
  "entry": [ {
    "fullUrl": "https://madie.cms.gov/Patient/45b1ce40-0f49-4559-8c3b-5c2a8070b0a7",
    "resource": {
      "resourceType": "Patient",
      "id": "45b1ce40-0f49-4559-8c3b-5c2a8070b0a7",
      "meta": {
        "profile": [ "http://hl7.org/fhir/us/qicore/StructureDefinition/qicore-patient" ]
      },
      "extension": [ {
        "url": "http://hl7.org/fhir/us/core/StructureDefinition/us-core-race",
        "extension": [ {
          "url": "ombCategory",
          "valueCoding": {
            "system": "urn:oid:2.16.840.1.113883.6.238",
            "code": "2054-5",
            "display": "Black or African American",
            "userSelected": true
          }
        }, {
          "url": "text",
          "valueString": "Black or African American"
        } ]
      }, {
        "url": "http://hl7.org/fhir/us/core/StructureDefinition/us-core-ethnicity",
        "extension": [ {
          "url": "ombCategory",
          "valueCoding": {
            "system": "urn:oid:2.16.840.1.113883.6.238",
            "code": "2186-5",
            "display": "Not Hispanic or Latino",
            "userSelected": true
          }
        }, {
          "url": "text",
          "valueString": "Not Hispanic or Latino"
        } ]
      } ],
      "identifier": [ {
        "type": {
          "coding": [ {
            "system": "http://terminology.hl7.org/CodeSystem/v2-0203",
            "code": "MR"
          } ]
        },
        "system": "https://bonnie-fhir.healthit.gov/",
        "value": "62fbe41abf5132f90ee35d36"
      } ],
      "name": [ {
        "family": "DENEXPass",
        "given": [ "DischargeToHospiceFacilityDuringMP" ]
      } ],
      "gender": "male",
      "birthDate": "1946-10-15"
    },
    "request": {
      "method": "PUT",
      "url": "Patient/45b1ce40-0f49-4559-8c3b-5c2a8070b0a7"
    }
  }, {
    "fullUrl": "https://madie.cms.gov/Encounter/7f2f2984-bbae-4b58-ab1f-749a9ecfa7c5",
    "resource": {
      "resourceType": "Encounter",
      "id": "7f2f2984-bbae-4b58-ab1f-749a9ecfa7c5",
      "meta": {
        "profile": [ "http://hl7.org/fhir/us/qicore/StructureDefinition/qicore-encounter" ]
      },
      "status": "finished",
      "class": {
        "system": "http://terminology.hl7.org/CodeSystem/v3-ActCode",
        "code": "AMB",
        "display": "ambulatory"
      },
      "type": [ {
        "coding": [ {
          "system": "http://snomed.info/sct",
          "version": "2022-03",
          "code": "10197000",
          "display": "Psychiatric interview and evaluation (procedure)",
          "userSelected": true
        } ]
      } ],
      "subject": {
        "reference": "Patient/45b1ce40-0f49-4559-8c3b-5c2a8070b0a7"
      },
      "period": {
        "start": "2026-12-31T23:30:00.000+00:00",
        "end": "2026-12-31T23:59:00.000+00:00"
      }
    },
    "request": {
      "method": "PUT",
      "url": "Encounter/7f2f2984-bbae-4b58-ab1f-749a9ecfa7c5"
    }
  }, {
    "fullUrl": "https://madie.cms.gov/Observation/1a791676-da99-4b40-bbbb-3fcaea1f09b2",
    "resource": {
      "resourceType": "Observation",
      "id": "1a791676-da99-4b40-bbbb-3fcaea1f09b2",
      "meta": {
        "profile": [ "http://hl7.org/fhir/us/qicore/StructureDefinition/qicore-simple-observation" ]
      },
      "status": "final",
      "category": [ {
        "coding": [ {
          "system": "http://terminology.hl7.org/CodeSystem/observation-category",
          "code": "procedure",
          "display": "Procedure"
        } ]
      } ],
      "code": {
        "coding": [ {
          "system": "http://loinc.org",
          "code": "39156-5",
          "display": "Body mass index (BMI) [Ratio]",
          "userSelected": true
        } ]
      },
      "subject": {
        "reference": "Patient/45b1ce40-0f49-4559-8c3b-5c2a8070b0a7"
      },
      "effectiveDateTime": "2026-12-31T23:59:00.000+00:00",
      "valueQuantity": {
        "value": 40.0,
        "unit": "kg/m2",
        "system": "https://ucum.org",
        "code": "kg/m2"
      }
    },
    "request": {
      "method": "PUT",
      "url": "Observation/1a791676-da99-4b40-bbbb-3fcaea1f09b2"
    }
  }, {
    "fullUrl": "https://madie.cms.gov/Procedure/81c77483-e4ac-4f44-a371-25c6dff72fe5",
    "resource": {
      "resourceType": "Procedure",
      "id": "81c77483-e4ac-4f44-a371-25c6dff72fe5",
      "meta": {
        "profile": [ "http://hl7.org/fhir/us/qicore/StructureDefinition/qicore-procedure" ]
      },
      "extension": [ {
        "url": "http://hl7.org/fhir/us/qicore/StructureDefinition/qicore-recorded",
        "valueDateTime": "2026-12-31T23:59:00.000+00:00"
      } ],
      "status": "completed",
      "code": {
        "coding": [ {
          "system": "http://snomed.info/sct",
          "version": "2022-03",
          "code": "182922004",
          "display": "Dietary regime (regime/therapy)",
          "userSelected": true
        } ]
      },
      "subject": {
        "reference": "Patient/45b1ce40-0f49-4559-8c3b-5c2a8070b0a7"
      },
      "performedDateTime": "2026-12-31T23:59:00.000+00:00",
      "reasonCode": [ {
        "coding": [ {
          "system": "http://hl7.org/fhir/sid/icd-10-cm",
          "code": "E66.01",
          "display": "Morbid (severe) obesity due to excess calories",
          "userSelected": true
        } ]
      } ]
    },
    "request": {
      "method": "PUT",
      "url": "Procedure/81c77483-e4ac-4f44-a371-25c6dff72fe5"
    }
  }, {
    "fullUrl": "https://madie.cms.gov/Encounter/cc787b11-daa3-49bb-a9bd-e0392ab7610e",
    "resource": {
      "resourceType": "Encounter",
      "id": "cc787b11-daa3-49bb-a9bd-e0392ab7610e",
      "meta": {
        "profile": [ "http://hl7.org/fhir/us/qicore/StructureDefinition/qicore-encounter" ]
      },
      "status": "finished",
      "class": {
        "system": "http://terminology.hl7.org/CodeSystem/v3-ActCode",
        "code": "AMB",
        "display": "ambulatory"
      },
      "type": [ {
        "coding": [ {
          "system": "http://snomed.info/sct",
          "version": "2022-03",
          "code": "305336008",
          "display": "Admission to hospice (procedure)",
          "userSelected": true
        } ]
      } ],
      "subject": {
        "reference": "Patient/45b1ce40-0f49-4559-8c3b-5c2a8070b0a7"
      },
      "period": {
        "start": "2026-02-28T23:30:00.000+00:00",
        "end": "2026-02-28T23:59:00.000+00:00"
      },
      "hospitalization": {
        "dischargeDisposition": {
          "coding": [ {
            "system": "http://snomed.info/sct",
            "code": "428371000124100",
            "display": "Discharge to healthcare facility for hospice care (procedure)",
            "userSelected": true
          } ]
        }
      }
    },
    "request": {
      "method": "PUT",
      "url": "Encounter/cc787b11-daa3-49bb-a9bd-e0392ab7610e"
    }
  }, {
    "fullUrl": "https://madie.cms.gov/Coverage/aedbc5e5-cc37-44ff-b567-7e3cb7963a73",
    "resource": {
      "resourceType": "Coverage",
      "id": "aedbc5e5-cc37-44ff-b567-7e3cb7963a73",
      "meta": {
        "profile": [ "http://hl7.org/fhir/us/qicore/StructureDefinition/qicore-coverage" ]
      },
      "status": "active",
      "beneficiary": {
        "reference": "Patient/45b1ce40-0f49-4559-8c3b-5c2a8070b0a7"
      },
      "payor": [ {
        "reference": "Organization/ef566d23-5689-4d71-8ec1-d2a157fb8ca3"
      } ]
    },
    "request": {
      "method": "PUT",
      "url": "Coverage/aedbc5e5-cc37-44ff-b567-7e3cb7963a73"
    }
  }, {
    "fullUrl": "https://madie.cms.gov/Organization/ef566d23-5689-4d71-8ec1-d2a157fb8ca3",
    "resource": {
      "resourceType": "Organization",
      "id": "ef566d23-5689-4d71-8ec1-d2a157fb8ca3",
      "meta": {
        "profile": [ "http://hl7.org/fhir/us/qicore/StructureDefinition/qicore-organization" ]
      },
      "identifier": [ {
        "use": "temp",
        "system": "urn:oid:2.16.840.1.113883.4.4",
        "value": "21-3259825"
      } ],
      "active": true,
      "type": [ {
        "coding": [ {
          "system": "http://terminology.hl7.org/CodeSystem/organization-type",
          "code": "pay",
          "display": "Payer"
        } ]
      } ],
      "name": "Blue Cross Blue Shield of Texas",
      "telecom": [ {
        "system": "phone",
        "value": "(+1) 972-766-6900"
      } ],
      "address": [ {
        "use": "billing",
        "type": "postal",
        "line": [ "P.O. Box 660044" ],
        "city": "Dallas",
        "state": "TX",
        "postalCode": "75266-0044",
        "country": "USA"
      } ]
    },
    "request": {
      "method": "PUT",
      "url": "Organization/ef566d23-5689-4d71-8ec1-d2a157fb8ca3"
    }
  }, {
    "fullUrl": "https://madie.cms.gov/MeasureReport/a1f792e8-20e8-4860-823c-8ea36cbf5a57",
    "resource": {
      "resourceType": "MeasureReport",
      "id": "a1f792e8-20e8-4860-823c-8ea36cbf5a57",
      "meta": {
        "profile": [ "http://hl7.org/fhir/us/cqfmeasures/StructureDefinition/test-case-cqfm" ]
      },
      "contained": [ {
        "resourceType": "Parameters",
        "id": "2fd79011-ea81-4d88-abf3-2afa215ea467-parameters",
        "parameter": [ {
          "name": "subject",
          "valueString": "45b1ce40-0f49-4559-8c3b-5c2a8070b0a7"
        } ]
      } ],
      "extension": [ {
        "url": "http://hl7.org/fhir/StructureDefinition/cqf-inputParameters",
        "valueReference": {
          "reference": "#2fd79011-ea81-4d88-abf3-2afa215ea467-parameters"
        }
      }, {
        "url": "http://hl7.org/fhir/us/cqfmeasures/StructureDefinition/cqfm-testCaseDescription",
        "valueMarkdown": "Amb enc last day of MP, Hospice encounter, BMI 40 kg/m2; dietary regime performed, hospice encounter in Feb of MP"
      } ],
      "modifierExtension": [ {
        "url": "http://hl7.org/fhir/us/cqfmeasures/StructureDefinition/cqfm-isTestCase",
        "valueBoolean": true
      } ],
      "status": "complete",
      "type": "individual",
      "measure": "https://madie.cms.gov/Measure/CMS69FHIRPCSBMIScreenAndFollowUp",
      "period": {
        "start": "2026-01-01",
        "end": "2026-12-31"
      },
      "group": [ {
        "id": "Group_1",
        "population": [ {
          "id": "InitialPopulation_1",
          "code": {
            "coding": [ {
              "system": "http://terminology.hl7.org/CodeSystem/measure-population",
              "code": "initial-population",
              "display": "Initial Population"
            } ]
          },
          "count": 1
        }, {
          "id": "Denominator_1",
          "code": {
            "coding": [ {
              "system": "http://terminology.hl7.org/CodeSystem/measure-population",
              "code": "denominator",
              "display": "Denominator"
            } ]
          },
          "count": 1
        }, {
          "id": "DenominatorExclusion_1",
          "code": {
            "coding": [ {
              "system": "http://terminology.hl7.org/CodeSystem/measure-population",
              "code": "denominator-exclusion",
              "display": "Denominator Exclusion"
            } ]
          },
          "count": 1
        }, {
          "id": "Numerator_1",
          "code": {
            "coding": [ {
              "system": "http://terminology.hl7.org/CodeSystem/measure-population",
              "code": "numerator",
              "display": "Numerator"
            } ]
          },
          "count": 0
        }, {
          "id": "DenominatorException_1",
          "code": {
            "coding": [ {
              "system": "http://terminology.hl7.org/CodeSystem/measure-population",
              "code": "denominator-exception",
              "display": "Denominator Exception"
            } ]
          },
          "count": 0
        } ],
        "measureScore": {
          "value": 1.0
        }
      } ],
      "evaluatedResource": [ {
        "reference": "Patient/45b1ce40-0f49-4559-8c3b-5c2a8070b0a7"
      }, {
        "reference": "Encounter/7f2f2984-bbae-4b58-ab1f-749a9ecfa7c5"
      }, {
        "reference": "Observation/1a791676-da99-4b40-bbbb-3fcaea1f09b2"
      }, {
        "reference": "Procedure/81c77483-e4ac-4f44-a371-25c6dff72fe5"
      }, {
        "reference": "Encounter/cc787b11-daa3-49bb-a9bd-e0392ab7610e"
      }, {
        "reference": "Coverage/aedbc5e5-cc37-44ff-b567-7e3cb7963a73"
      }, {
        "reference": "Organization/ef566d23-5689-4d71-8ec1-d2a157fb8ca3"
      } ]
    },
    "request": {
      "method": "PUT",
      "url": "MeasureReport/a1f792e8-20e8-4860-823c-8ea36cbf5a57"
    }
  } ]
}