{
  "resourceType": "Bundle",
  "id": "62d0897dab06d8c02b5741cd",
  "type": "transaction",
  "entry": [ {
    "fullUrl": "https://madie.cms.gov/Patient/ad737f80-c9ea-41fd-a142-78d9c80a9c7c",
    "resource": {
      "resourceType": "Patient",
      "id": "ad737f80-c9ea-41fd-a142-78d9c80a9c7c",
      "meta": {
        "profile": [ "http://hl7.org/fhir/us/qicore/StructureDefinition/qicore-patient" ]
      },
      "extension": [ {
        "url": "http://hl7.org/fhir/us/core/StructureDefinition/us-core-race",
        "extension": [ {
          "url": "ombCategory",
          "valueCoding": {
            "system": "urn:oid:2.16.840.1.113883.6.238",
            "code": "2054-5",
            "display": "Black or African American",
            "userSelected": true
          }
        }, {
          "url": "text",
          "valueString": "Black or African American"
        } ]
      }, {
        "url": "http://hl7.org/fhir/us/core/StructureDefinition/us-core-ethnicity",
        "extension": [ {
          "url": "ombCategory",
          "valueCoding": {
            "system": "urn:oid:2.16.840.1.113883.6.238",
            "code": "2135-2",
            "display": "Hispanic or Latino",
            "userSelected": true
          }
        }, {
          "url": "text",
          "valueString": "Hispanic or Latino"
        } ]
      } ],
      "identifier": [ {
        "type": {
          "coding": [ {
            "system": "http://terminology.hl7.org/CodeSystem/v2-0203",
            "code": "MR"
          } ]
        },
        "system": "https://bonnie-fhir.healthit.gov/",
        "value": "62d0897dab06d8c02b5741cd"
      } ],
      "name": [ {
        "family": "DENEXCEPPass",
        "given": [ "HTN140DeclinedNonPharm" ]
      } ],
      "gender": "male",
      "birthDate": "2006-01-31"
    },
    "request": {
      "method": "PUT",
      "url": "Patient/ad737f80-c9ea-41fd-a142-78d9c80a9c7c"
    }
  }, {
    "fullUrl": "https://madie.cms.gov/Encounter/3247f5e0-be9a-4fd7-81d5-15c8733f7ffe",
    "resource": {
      "resourceType": "Encounter",
      "id": "3247f5e0-be9a-4fd7-81d5-15c8733f7ffe",
      "meta": {
        "profile": [ "http://hl7.org/fhir/us/qicore/StructureDefinition/qicore-encounter" ]
      },
      "status": "finished",
      "class": {
        "system": "http://terminology.hl7.org/CodeSystem/v3-ActCode",
        "code": "AMB",
        "display": "ambulatory"
      },
      "type": [ {
        "coding": [ {
          "system": "http://snomed.info/sct",
          "version": "2022-03",
          "code": "103705002",
          "display": "Patient status observation (procedure)",
          "userSelected": true
        } ]
      } ],
      "subject": {
        "reference": "Patient/ad737f80-c9ea-41fd-a142-78d9c80a9c7c"
      },
      "period": {
        "start": "2026-01-01T08:00:00.000+00:00",
        "end": "2026-01-01T08:30:00.000+00:00"
      }
    },
    "request": {
      "method": "PUT",
      "url": "Encounter/3247f5e0-be9a-4fd7-81d5-15c8733f7ffe"
    }
  }, {
    "fullUrl": "https://madie.cms.gov/Observation/c56cf7df-dca4-4256-8a06-c6afdaf3e738",
    "resource": {
      "resourceType": "Observation",
      "id": "c56cf7df-dca4-4256-8a06-c6afdaf3e738",
      "meta": {
        "profile": [ "http://hl7.org/fhir/us/core/StructureDefinition/us-core-blood-pressure" ]
      },
      "status": "final",
      "category": [ {
        "coding": [ {
          "system": "http://terminology.hl7.org/CodeSystem/observation-category",
          "code": "vital-signs",
          "display": "Vital Signs"
        } ],
        "text": "Vital Signs"
      } ],
      "code": {
        "coding": [ {
          "system": "http://loinc.org",
          "code": "85354-9",
          "display": "Blood pressure panel"
        } ]
      },
      "subject": {
        "reference": "Patient/ad737f80-c9ea-41fd-a142-78d9c80a9c7c"
      },
      "effectiveDateTime": "2026-01-01T08:05:00.000+00:00",
      "component": [ {
        "code": {
          "coding": [ {
            "system": "http://loinc.org",
            "code": "8480-6",
            "display": "Systolic blood pressure"
          } ]
        },
        "valueQuantity": {
          "value": 140,
          "unit": "mmHg",
          "system": "http://unitsofmeasure.org",
          "code": "mm[Hg]"
        }
      }, {
        "code": {
          "coding": [ {
            "system": "http://loinc.org",
            "code": "8462-4",
            "display": "Diastolic blood pressure"
          } ]
        },
        "valueQuantity": {
          "value": 79,
          "unit": "mmHg",
          "system": "http://unitsofmeasure.org",
          "code": "mm[Hg]"
        }
      } ]
    },
    "request": {
      "method": "PUT",
      "url": "Observation/c56cf7df-dca4-4256-8a06-c6afdaf3e738"
    }
  }, {
    "fullUrl": "https://madie.cms.gov/ServiceRequest/2d42f9f9-961e-4f90-9eb4-5c193e980dd7",
    "resource": {
      "resourceType": "ServiceRequest",
      "id": "2d42f9f9-961e-4f90-9eb4-5c193e980dd7",
      "meta": {
        "profile": [ "http://hl7.org/fhir/us/qicore/StructureDefinition/qicore-servicenotrequested" ]
      },
      "extension": [ {
        "url": "http://hl7.org/fhir/us/qicore/StructureDefinition/qicore-doNotPerformReason",
        "valueCodeableConcept": {
          "coding": [ {
            "system": "http://snomed.info/sct",
            "code": "1296859006",
            "display": "Procedure declined by patient (situation)",
            "userSelected": true
          } ]
        }
      } ],
      "status": "completed",
      "intent": "order",
      "doNotPerform": true,
      "code": {
        "coding": [ {
          "system": "http://snomed.info/sct",
          "version": "2022-03",
          "code": "1181000175107",
          "display": "Recommendation to lose weight (procedure)",
          "userSelected": true
        } ]
      },
      "subject": {
        "reference": "Patient/ad737f80-c9ea-41fd-a142-78d9c80a9c7c"
      },
      "authoredOn": "2026-01-01T08:05:00.000+00:00"
    },
    "request": {
      "method": "PUT",
      "url": "ServiceRequest/2d42f9f9-961e-4f90-9eb4-5c193e980dd7"
    }
  }, {
    "fullUrl": "https://madie.cms.gov/Coverage/068d3de6-5850-4d2c-a44d-1a1994fcd73f",
    "resource": {
      "resourceType": "Coverage",
      "id": "068d3de6-5850-4d2c-a44d-1a1994fcd73f",
      "meta": {
        "profile": [ "http://hl7.org/fhir/us/qicore/StructureDefinition/qicore-coverage" ]
      },
      "status": "active",
      "beneficiary": {
        "reference": "Patient/ad737f80-c9ea-41fd-a142-78d9c80a9c7c"
      },
      "payor": [ {
        "reference": "Organization/4c0057f7-eb7a-478f-b8e5-fbd8dd78f048"
      } ]
    },
    "request": {
      "method": "PUT",
      "url": "Coverage/068d3de6-5850-4d2c-a44d-1a1994fcd73f"
    }
  }, {
    "fullUrl": "https://madie.cms.gov/Organization/4c0057f7-eb7a-478f-b8e5-fbd8dd78f048",
    "resource": {
      "resourceType": "Organization",
      "id": "4c0057f7-eb7a-478f-b8e5-fbd8dd78f048",
      "meta": {
        "profile": [ "http://hl7.org/fhir/us/qicore/StructureDefinition/qicore-organization" ]
      },
      "identifier": [ {
        "use": "temp",
        "system": "urn:oid:2.16.840.1.113883.4.4",
        "value": "21-3259825"
      } ],
      "active": true,
      "type": [ {
        "coding": [ {
          "system": "http://terminology.hl7.org/CodeSystem/organization-type",
          "code": "pay",
          "display": "Payer"
        } ]
      } ],
      "name": "Blue Cross Blue Shield of Texas",
      "telecom": [ {
        "system": "phone",
        "value": "(+1) 972-766-6900"
      } ],
      "address": [ {
        "use": "billing",
        "type": "postal",
        "line": [ "P.O. Box 660044" ],
        "city": "Dallas",
        "state": "TX",
        "postalCode": "75266-0044",
        "country": "USA"
      } ]
    },
    "request": {
      "method": "PUT",
      "url": "Organization/4c0057f7-eb7a-478f-b8e5-fbd8dd78f048"
    }
  }, {
    "fullUrl": "https://madie.cms.gov/Practitioner/4835bbb2-62fe-495d-aefa-6d150d088e09",
    "resource": {
      "resourceType": "Practitioner",
      "id": "4835bbb2-62fe-495d-aefa-6d150d088e09",
      "meta": {
        "profile": [ "http://hl7.org/fhir/us/qicore/StructureDefinition/qicore-practitioner" ]
      },
      "identifier": [ {
        "system": "http://hl7.org/fhir/sid/us-npi",
        "value": "123456"
      } ],
      "name": [ {
        "family": "Evil",
        "prefix": [ "Dr" ]
      } ]
    },
    "request": {
      "method": "PUT",
      "url": "Practitioner/4835bbb2-62fe-495d-aefa-6d150d088e09"
    }
  }, {
    "fullUrl": "https://madie.cms.gov/MeasureReport/a9eed777-077b-4093-aa98-ddf4b0682d40",
    "resource": {
      "resourceType": "MeasureReport",
      "id": "a9eed777-077b-4093-aa98-ddf4b0682d40",
      "meta": {
        "profile": [ "http://hl7.org/fhir/us/cqfmeasures/StructureDefinition/test-case-cqfm" ]
      },
      "contained": [ {
        "resourceType": "Parameters",
        "id": "f60684e9-752e-4e06-af89-511c6b683c98-parameters",
        "parameter": [ {
          "name": "subject",
          "valueString": "ad737f80-c9ea-41fd-a142-78d9c80a9c7c"
        } ]
      } ],
      "extension": [ {
        "url": "http://hl7.org/fhir/StructureDefinition/cqf-inputParameters",
        "valueReference": {
          "reference": "#f60684e9-752e-4e06-af89-511c6b683c98-parameters"
        }
      }, {
        "url": "http://hl7.org/fhir/us/cqfmeasures/StructureDefinition/cqfm-testCaseDescription",
        "valueMarkdown": "Encounter 01/01 0800-0830 during MP, BP 140/79 indicate HTN, patient declined recommendation to reduce weight"
      } ],
      "modifierExtension": [ {
        "url": "http://hl7.org/fhir/us/cqfmeasures/StructureDefinition/cqfm-isTestCase",
        "valueBoolean": true
      } ],
      "status": "complete",
      "type": "individual",
      "measure": "https://madie.cms.gov/Measure/CMS22FHIRPCSBPScreeningFollowUp",
      "period": {
        "start": "2026-01-01",
        "end": "2026-12-31"
      },
      "group": [ {
        "id": "Group_1",
        "population": [ {
          "id": "InitialPopulation_1",
          "code": {
            "coding": [ {
              "system": "http://terminology.hl7.org/CodeSystem/measure-population",
              "code": "initial-population",
              "display": "Initial Population"
            } ]
          },
          "count": 1
        }, {
          "id": "Denominator_1",
          "code": {
            "coding": [ {
              "system": "http://terminology.hl7.org/CodeSystem/measure-population",
              "code": "denominator",
              "display": "Denominator"
            } ]
          },
          "count": 1
        }, {
          "id": "DenominatorExclusion_1",
          "code": {
            "coding": [ {
              "system": "http://terminology.hl7.org/CodeSystem/measure-population",
              "code": "denominator-exclusion",
              "display": "Denominator Exclusion"
            } ]
          },
          "count": 0
        }, {
          "id": "Numerator_1",
          "code": {
            "coding": [ {
              "system": "http://terminology.hl7.org/CodeSystem/measure-population",
              "code": "numerator",
              "display": "Numerator"
            } ]
          },
          "count": 0
        }, {
          "id": "DenominatorException_1",
          "code": {
            "coding": [ {
              "system": "http://terminology.hl7.org/CodeSystem/measure-population",
              "code": "denominator-exception",
              "display": "Denominator Exception"
            } ]
          },
          "count": 1
        } ],
        "measureScore": {
          "value": 0.0
        }
      } ],
      "evaluatedResource": [ {
        "reference": "Patient/ad737f80-c9ea-41fd-a142-78d9c80a9c7c"
      }, {
        "reference": "Encounter/3247f5e0-be9a-4fd7-81d5-15c8733f7ffe"
      }, {
        "reference": "Observation/c56cf7df-dca4-4256-8a06-c6afdaf3e738"
      }, {
        "reference": "ServiceRequest/2d42f9f9-961e-4f90-9eb4-5c193e980dd7"
      }, {
        "reference": "Coverage/068d3de6-5850-4d2c-a44d-1a1994fcd73f"
      }, {
        "reference": "Organization/4c0057f7-eb7a-478f-b8e5-fbd8dd78f048"
      }, {
        "reference": "Practitioner/4835bbb2-62fe-495d-aefa-6d150d088e09"
      } ]
    },
    "request": {
      "method": "PUT",
      "url": "MeasureReport/a9eed777-077b-4093-aa98-ddf4b0682d40"
    }
  } ]
}