{
  "resourceType": "Bundle",
  "id": "DENEXPass-HospiceServicesEndOnJan1OfMP",
  "type": "transaction",
  "entry": [ {
    "fullUrl": "https://madie.cms.gov/Patient/bd9b9e02-ce12-43cb-af1c-25298c891e62",
    "resource": {
      "resourceType": "Patient",
      "id": "bd9b9e02-ce12-43cb-af1c-25298c891e62",
      "meta": {
        "profile": [ "http://hl7.org/fhir/us/qicore/StructureDefinition/qicore-patient" ]
      },
      "extension": [ {
        "url": "http://hl7.org/fhir/us/core/StructureDefinition/us-core-race",
        "extension": [ {
          "url": "ombCategory",
          "valueCoding": {
            "system": "urn:oid:2.16.840.1.113883.6.238",
            "code": "2028-9",
            "display": "Asian",
            "userSelected": true
          }
        }, {
          "url": "text",
          "valueString": "Asian"
        } ]
      }, {
        "url": "http://hl7.org/fhir/us/core/StructureDefinition/us-core-ethnicity",
        "extension": [ {
          "url": "ombCategory",
          "valueCoding": {
            "system": "urn:oid:2.16.840.1.113883.6.238",
            "code": "2135-2",
            "display": "Hispanic or Latino",
            "userSelected": true
          }
        }, {
          "url": "text",
          "valueString": "Hispanic or Latino"
        } ]
      } ],
      "identifier": [ {
        "type": {
          "coding": [ {
            "system": "http://terminology.hl7.org/CodeSystem/v2-0203",
            "code": "MR"
          } ]
        },
        "system": "http://hospital.smarthealthit.org",
        "value": "999999995"
      } ],
      "name": [ {
        "family": "Bertha",
        "given": [ "Betty" ]
      } ],
      "gender": "female",
      "birthDate": "2021-01-01"
    },
    "request": {
      "method": "PUT",
      "url": "Patient/bd9b9e02-ce12-43cb-af1c-25298c891e62"
    }
  }, {
    "fullUrl": "https://madie.cms.gov/Encounter/5ade08dc-7b3a-4480-8aef-c2b5f7b3ed3c",
    "resource": {
      "resourceType": "Encounter",
      "id": "5ade08dc-7b3a-4480-8aef-c2b5f7b3ed3c",
      "meta": {
        "profile": [ "http://hl7.org/fhir/us/qicore/StructureDefinition/qicore-encounter" ]
      },
      "status": "finished",
      "class": {
        "system": "http://terminology.hl7.org/CodeSystem/v3-ActCode",
        "code": "AMB",
        "display": "ambulatory"
      },
      "type": [ {
        "coding": [ {
          "system": "http://snomed.info/sct",
          "code": "185463005",
          "display": "Visit out of hours (procedure)"
        } ]
      } ],
      "subject": {
        "reference": "Patient/bd9b9e02-ce12-43cb-af1c-25298c891e62"
      },
      "period": {
        "start": "2026-01-01T00:00:00.000Z",
        "end": "2026-01-01T00:00:00.000Z"
      }
    },
    "request": {
      "method": "PUT",
      "url": "Encounter/5ade08dc-7b3a-4480-8aef-c2b5f7b3ed3c"
    }
  }, {
    "fullUrl": "https://madie.cms.gov/Encounter/4ec4e68a-7993-4a22-a050-3c7acaeb9aff",
    "resource": {
      "resourceType": "Encounter",
      "id": "4ec4e68a-7993-4a22-a050-3c7acaeb9aff",
      "meta": {
        "profile": [ "http://hl7.org/fhir/us/qicore/StructureDefinition/qicore-encounter" ]
      },
      "status": "finished",
      "class": {
        "system": "http://terminology.hl7.org/CodeSystem/v3-ActCode",
        "code": "AMB",
        "display": "ambulatory"
      },
      "type": [ {
        "coding": [ {
          "system": "http://snomed.info/sct",
          "code": "32485007",
          "display": "Hospital admission (procedure)"
        } ]
      } ],
      "subject": {
        "reference": "Patient/bd9b9e02-ce12-43cb-af1c-25298c891e62"
      },
      "period": {
        "start": "2025-12-31T23:59:59.000Z",
        "end": "2026-01-01T01:00:00.000Z"
      },
      "hospitalization": {
        "dischargeDisposition": {
          "coding": [ {
            "system": "http://snomed.info/sct",
            "code": "428361000124107",
            "display": "Discharge to home for hospice care (procedure)"
          } ]
        }
      }
    },
    "request": {
      "method": "PUT",
      "url": "Encounter/4ec4e68a-7993-4a22-a050-3c7acaeb9aff"
    }
  }, {
    "fullUrl": "https://madie.cms.gov/MeasureReport/bf722c73-172a-48ca-a38b-052e5ac02f65",
    "resource": {
      "resourceType": "MeasureReport",
      "id": "bf722c73-172a-48ca-a38b-052e5ac02f65",
      "meta": {
        "profile": [ "http://hl7.org/fhir/us/cqfmeasures/StructureDefinition/test-case-cqfm" ]
      },
      "contained": [ {
        "resourceType": "Parameters",
        "id": "a013d2e8-835c-4d2a-9b6c-a7db1346ea9e-parameters",
        "parameter": [ {
          "name": "subject",
          "valueString": "bd9b9e02-ce12-43cb-af1c-25298c891e62"
        } ]
      } ],
      "extension": [ {
        "url": "http://hl7.org/fhir/StructureDefinition/cqf-inputParameters",
        "valueReference": {
          "reference": "#a013d2e8-835c-4d2a-9b6c-a7db1346ea9e-parameters"
        }
      }, {
        "url": "http://hl7.org/fhir/us/cqfmeasures/StructureDefinition/cqfm-testCaseDescription",
        "valueMarkdown": "Hospice service end on January 1 of MP"
      } ],
      "modifierExtension": [ {
        "url": "http://hl7.org/fhir/us/cqfmeasures/StructureDefinition/cqfm-isTestCase",
        "valueBoolean": true
      } ],
      "status": "complete",
      "type": "individual",
      "measure": "https://madie.cms.gov/Measure/CMS155FHIRWeightAssessandCounselforKids",
      "period": {
        "start": "2026-01-01",
        "end": "2026-12-31"
      },
      "group": [ {
        "id": "Group_1",
        "population": [ {
          "id": "InitialPopulation_1",
          "code": {
            "coding": [ {
              "system": "http://terminology.hl7.org/CodeSystem/measure-population",
              "code": "initial-population",
              "display": "Initial Population"
            } ]
          },
          "count": 1
        }, {
          "id": "Denominator_1",
          "code": {
            "coding": [ {
              "system": "http://terminology.hl7.org/CodeSystem/measure-population",
              "code": "denominator",
              "display": "Denominator"
            } ]
          },
          "count": 1
        }, {
          "id": "DenominatorExclusion_1",
          "code": {
            "coding": [ {
              "system": "http://terminology.hl7.org/CodeSystem/measure-population",
              "code": "denominator-exclusion",
              "display": "Denominator Exclusion"
            } ]
          },
          "count": 1
        }, {
          "id": "Numerator_1",
          "code": {
            "coding": [ {
              "system": "http://terminology.hl7.org/CodeSystem/measure-population",
              "code": "numerator",
              "display": "Numerator"
            } ]
          },
          "count": 0
        } ],
        "measureScore": {
          "value": 1.0
        },
        "stratifier": [ {
          "id": "Stratification_1_1",
          "code": [ {
            "text": "Stratification 1"
          } ],
          "stratum": [ {
            "value": {
              "text": "true"
            },
            "population": [ {
              "id": "InitialPopulation_1",
              "code": {
                "coding": [ {
                  "system": "http://terminology.hl7.org/CodeSystem/measure-population",
                  "code": "initial-population",
                  "display": "Initial Population"
                } ]
              },
              "count": 1
            }, {
              "id": "Denominator_1",
              "code": {
                "coding": [ {
                  "system": "http://terminology.hl7.org/CodeSystem/measure-population",
                  "code": "denominator",
                  "display": "Denominator"
                } ]
              },
              "count": 1
            }, {
              "id": "DenominatorExclusion_1",
              "code": {
                "coding": [ {
                  "system": "http://terminology.hl7.org/CodeSystem/measure-population",
                  "code": "denominator-exclusion",
                  "display": "Denominator Exclusion"
                } ]
              },
              "count": 1
            }, {
              "id": "Numerator_1",
              "code": {
                "coding": [ {
                  "system": "http://terminology.hl7.org/CodeSystem/measure-population",
                  "code": "numerator",
                  "display": "Numerator"
                } ]
              },
              "count": 0
            } ]
          }, {
            "value": {
              "text": "false"
            },
            "population": [ {
              "id": "InitialPopulation_1",
              "code": {
                "coding": [ {
                  "system": "http://terminology.hl7.org/CodeSystem/measure-population",
                  "code": "initial-population",
                  "display": "Initial Population"
                } ]
              },
              "count": 0
            }, {
              "id": "Denominator_1",
              "code": {
                "coding": [ {
                  "system": "http://terminology.hl7.org/CodeSystem/measure-population",
                  "code": "denominator",
                  "display": "Denominator"
                } ]
              },
              "count": 0
            }, {
              "id": "DenominatorExclusion_1",
              "code": {
                "coding": [ {
                  "system": "http://terminology.hl7.org/CodeSystem/measure-population",
                  "code": "denominator-exclusion",
                  "display": "Denominator Exclusion"
                } ]
              },
              "count": 0
            }, {
              "id": "Numerator_1",
              "code": {
                "coding": [ {
                  "system": "http://terminology.hl7.org/CodeSystem/measure-population",
                  "code": "numerator",
                  "display": "Numerator"
                } ]
              },
              "count": 1
            } ]
          } ]
        }, {
          "id": "Stratification_1_2",
          "code": [ {
            "text": "Stratification 2"
          } ],
          "stratum": [ {
            "value": {
              "text": "true"
            },
            "population": [ {
              "id": "InitialPopulation_1",
              "code": {
                "coding": [ {
                  "system": "http://terminology.hl7.org/CodeSystem/measure-population",
                  "code": "initial-population",
                  "display": "Initial Population"
                } ]
              },
              "count": 0
            }, {
              "id": "Denominator_1",
              "code": {
                "coding": [ {
                  "system": "http://terminology.hl7.org/CodeSystem/measure-population",
                  "code": "denominator",
                  "display": "Denominator"
                } ]
              },
              "count": 0
            }, {
              "id": "DenominatorExclusion_1",
              "code": {
                "coding": [ {
                  "system": "http://terminology.hl7.org/CodeSystem/measure-population",
                  "code": "denominator-exclusion",
                  "display": "Denominator Exclusion"
                } ]
              },
              "count": 0
            }, {
              "id": "Numerator_1",
              "code": {
                "coding": [ {
                  "system": "http://terminology.hl7.org/CodeSystem/measure-population",
                  "code": "numerator",
                  "display": "Numerator"
                } ]
              },
              "count": 0
            } ]
          }, {
            "value": {
              "text": "false"
            },
            "population": [ {
              "id": "InitialPopulation_1",
              "code": {
                "coding": [ {
                  "system": "http://terminology.hl7.org/CodeSystem/measure-population",
                  "code": "initial-population",
                  "display": "Initial Population"
                } ]
              },
              "count": 1
            }, {
              "id": "Denominator_1",
              "code": {
                "coding": [ {
                  "system": "http://terminology.hl7.org/CodeSystem/measure-population",
                  "code": "denominator",
                  "display": "Denominator"
                } ]
              },
              "count": 1
            }, {
              "id": "DenominatorExclusion_1",
              "code": {
                "coding": [ {
                  "system": "http://terminology.hl7.org/CodeSystem/measure-population",
                  "code": "denominator-exclusion",
                  "display": "Denominator Exclusion"
                } ]
              },
              "count": 1
            }, {
              "id": "Numerator_1",
              "code": {
                "coding": [ {
                  "system": "http://terminology.hl7.org/CodeSystem/measure-population",
                  "code": "numerator",
                  "display": "Numerator"
                } ]
              },
              "count": 1
            } ]
          } ]
        } ]
      }, {
        "id": "Group_2",
        "population": [ {
          "id": "InitialPopulation_2",
          "code": {
            "coding": [ {
              "system": "http://terminology.hl7.org/CodeSystem/measure-population",
              "code": "initial-population",
              "display": "Initial Population"
            } ]
          },
          "count": 1
        }, {
          "id": "Denominator_2",
          "code": {
            "coding": [ {
              "system": "http://terminology.hl7.org/CodeSystem/measure-population",
              "code": "denominator",
              "display": "Denominator"
            } ]
          },
          "count": 1
        }, {
          "id": "DenominatorExclusion_2",
          "code": {
            "coding": [ {
              "system": "http://terminology.hl7.org/CodeSystem/measure-population",
              "code": "denominator-exclusion",
              "display": "Denominator Exclusion"
            } ]
          },
          "count": 1
        }, {
          "id": "Numerator_2",
          "code": {
            "coding": [ {
              "system": "http://terminology.hl7.org/CodeSystem/measure-population",
              "code": "numerator",
              "display": "Numerator"
            } ]
          },
          "count": 0
        } ],
        "measureScore": {
          "value": 1.0
        },
        "stratifier": [ {
          "id": "Stratification_2_1",
          "code": [ {
            "text": "Stratification 1"
          } ],
          "stratum": [ {
            "value": {
              "text": "true"
            },
            "population": [ {
              "id": "InitialPopulation_2",
              "code": {
                "coding": [ {
                  "system": "http://terminology.hl7.org/CodeSystem/measure-population",
                  "code": "initial-population",
                  "display": "Initial Population"
                } ]
              },
              "count": 1
            }, {
              "id": "Denominator_2",
              "code": {
                "coding": [ {
                  "system": "http://terminology.hl7.org/CodeSystem/measure-population",
                  "code": "denominator",
                  "display": "Denominator"
                } ]
              },
              "count": 1
            }, {
              "id": "DenominatorExclusion_2",
              "code": {
                "coding": [ {
                  "system": "http://terminology.hl7.org/CodeSystem/measure-population",
                  "code": "denominator-exclusion",
                  "display": "Denominator Exclusion"
                } ]
              },
              "count": 1
            }, {
              "id": "Numerator_2",
              "code": {
                "coding": [ {
                  "system": "http://terminology.hl7.org/CodeSystem/measure-population",
                  "code": "numerator",
                  "display": "Numerator"
                } ]
              },
              "count": 0
            } ]
          }, {
            "value": {
              "text": "false"
            },
            "population": [ {
              "id": "InitialPopulation_2",
              "code": {
                "coding": [ {
                  "system": "http://terminology.hl7.org/CodeSystem/measure-population",
                  "code": "initial-population",
                  "display": "Initial Population"
                } ]
              },
              "count": 0
            }, {
              "id": "Denominator_2",
              "code": {
                "coding": [ {
                  "system": "http://terminology.hl7.org/CodeSystem/measure-population",
                  "code": "denominator",
                  "display": "Denominator"
                } ]
              },
              "count": 0
            }, {
              "id": "DenominatorExclusion_2",
              "code": {
                "coding": [ {
                  "system": "http://terminology.hl7.org/CodeSystem/measure-population",
                  "code": "denominator-exclusion",
                  "display": "Denominator Exclusion"
                } ]
              },
              "count": 0
            }, {
              "id": "Numerator_2",
              "code": {
                "coding": [ {
                  "system": "http://terminology.hl7.org/CodeSystem/measure-population",
                  "code": "numerator",
                  "display": "Numerator"
                } ]
              },
              "count": 1
            } ]
          } ]
        }, {
          "id": "Stratification_2_2",
          "code": [ {
            "text": "Stratification 2"
          } ],
          "stratum": [ {
            "value": {
              "text": "true"
            },
            "population": [ {
              "id": "InitialPopulation_2",
              "code": {
                "coding": [ {
                  "system": "http://terminology.hl7.org/CodeSystem/measure-population",
                  "code": "initial-population",
                  "display": "Initial Population"
                } ]
              },
              "count": 0
            }, {
              "id": "Denominator_2",
              "code": {
                "coding": [ {
                  "system": "http://terminology.hl7.org/CodeSystem/measure-population",
                  "code": "denominator",
                  "display": "Denominator"
                } ]
              },
              "count": 0
            }, {
              "id": "DenominatorExclusion_2",
              "code": {
                "coding": [ {
                  "system": "http://terminology.hl7.org/CodeSystem/measure-population",
                  "code": "denominator-exclusion",
                  "display": "Denominator Exclusion"
                } ]
              },
              "count": 0
            }, {
              "id": "Numerator_2",
              "code": {
                "coding": [ {
                  "system": "http://terminology.hl7.org/CodeSystem/measure-population",
                  "code": "numerator",
                  "display": "Numerator"
                } ]
              },
              "count": 0
            } ]
          }, {
            "value": {
              "text": "false"
            },
            "population": [ {
              "id": "InitialPopulation_2",
              "code": {
                "coding": [ {
                  "system": "http://terminology.hl7.org/CodeSystem/measure-population",
                  "code": "initial-population",
                  "display": "Initial Population"
                } ]
              },
              "count": 1
            }, {
              "id": "Denominator_2",
              "code": {
                "coding": [ {
                  "system": "http://terminology.hl7.org/CodeSystem/measure-population",
                  "code": "denominator",
                  "display": "Denominator"
                } ]
              },
              "count": 1
            }, {
              "id": "DenominatorExclusion_2",
              "code": {
                "coding": [ {
                  "system": "http://terminology.hl7.org/CodeSystem/measure-population",
                  "code": "denominator-exclusion",
                  "display": "Denominator Exclusion"
                } ]
              },
              "count": 1
            }, {
              "id": "Numerator_2",
              "code": {
                "coding": [ {
                  "system": "http://terminology.hl7.org/CodeSystem/measure-population",
                  "code": "numerator",
                  "display": "Numerator"
                } ]
              },
              "count": 1
            } ]
          } ]
        } ]
      }, {
        "id": "Group_3",
        "population": [ {
          "id": "InitialPopulation_3",
          "code": {
            "coding": [ {
              "system": "http://terminology.hl7.org/CodeSystem/measure-population",
              "code": "initial-population",
              "display": "Initial Population"
            } ]
          },
          "count": 1
        }, {
          "id": "Denominator_3",
          "code": {
            "coding": [ {
              "system": "http://terminology.hl7.org/CodeSystem/measure-population",
              "code": "denominator",
              "display": "Denominator"
            } ]
          },
          "count": 1
        }, {
          "id": "DenominatorExclusion_3",
          "code": {
            "coding": [ {
              "system": "http://terminology.hl7.org/CodeSystem/measure-population",
              "code": "denominator-exclusion",
              "display": "Denominator Exclusion"
            } ]
          },
          "count": 1
        }, {
          "id": "Numerator_3",
          "code": {
            "coding": [ {
              "system": "http://terminology.hl7.org/CodeSystem/measure-population",
              "code": "numerator",
              "display": "Numerator"
            } ]
          },
          "count": 0
        } ],
        "measureScore": {
          "value": 1.0
        },
        "stratifier": [ {
          "id": "Stratification_3_1",
          "code": [ {
            "text": "Stratification 1"
          } ],
          "stratum": [ {
            "value": {
              "text": "true"
            },
            "population": [ {
              "id": "InitialPopulation_3",
              "code": {
                "coding": [ {
                  "system": "http://terminology.hl7.org/CodeSystem/measure-population",
                  "code": "initial-population",
                  "display": "Initial Population"
                } ]
              },
              "count": 1
            }, {
              "id": "Denominator_3",
              "code": {
                "coding": [ {
                  "system": "http://terminology.hl7.org/CodeSystem/measure-population",
                  "code": "denominator",
                  "display": "Denominator"
                } ]
              },
              "count": 1
            }, {
              "id": "DenominatorExclusion_3",
              "code": {
                "coding": [ {
                  "system": "http://terminology.hl7.org/CodeSystem/measure-population",
                  "code": "denominator-exclusion",
                  "display": "Denominator Exclusion"
                } ]
              },
              "count": 1
            }, {
              "id": "Numerator_3",
              "code": {
                "coding": [ {
                  "system": "http://terminology.hl7.org/CodeSystem/measure-population",
                  "code": "numerator",
                  "display": "Numerator"
                } ]
              },
              "count": 0
            } ]
          }, {
            "value": {
              "text": "false"
            },
            "population": [ {
              "id": "InitialPopulation_3",
              "code": {
                "coding": [ {
                  "system": "http://terminology.hl7.org/CodeSystem/measure-population",
                  "code": "initial-population",
                  "display": "Initial Population"
                } ]
              },
              "count": 0
            }, {
              "id": "Denominator_3",
              "code": {
                "coding": [ {
                  "system": "http://terminology.hl7.org/CodeSystem/measure-population",
                  "code": "denominator",
                  "display": "Denominator"
                } ]
              },
              "count": 0
            }, {
              "id": "DenominatorExclusion_3",
              "code": {
                "coding": [ {
                  "system": "http://terminology.hl7.org/CodeSystem/measure-population",
                  "code": "denominator-exclusion",
                  "display": "Denominator Exclusion"
                } ]
              },
              "count": 0
            }, {
              "id": "Numerator_3",
              "code": {
                "coding": [ {
                  "system": "http://terminology.hl7.org/CodeSystem/measure-population",
                  "code": "numerator",
                  "display": "Numerator"
                } ]
              },
              "count": 1
            } ]
          } ]
        }, {
          "id": "Stratification_3_2",
          "code": [ {
            "text": "Stratification 2"
          } ],
          "stratum": [ {
            "value": {
              "text": "true"
            },
            "population": [ {
              "id": "InitialPopulation_3",
              "code": {
                "coding": [ {
                  "system": "http://terminology.hl7.org/CodeSystem/measure-population",
                  "code": "initial-population",
                  "display": "Initial Population"
                } ]
              },
              "count": 0
            }, {
              "id": "Denominator_3",
              "code": {
                "coding": [ {
                  "system": "http://terminology.hl7.org/CodeSystem/measure-population",
                  "code": "denominator",
                  "display": "Denominator"
                } ]
              },
              "count": 0
            }, {
              "id": "DenominatorExclusion_3",
              "code": {
                "coding": [ {
                  "system": "http://terminology.hl7.org/CodeSystem/measure-population",
                  "code": "denominator-exclusion",
                  "display": "Denominator Exclusion"
                } ]
              },
              "count": 0
            }, {
              "id": "Numerator_3",
              "code": {
                "coding": [ {
                  "system": "http://terminology.hl7.org/CodeSystem/measure-population",
                  "code": "numerator",
                  "display": "Numerator"
                } ]
              },
              "count": 0
            } ]
          }, {
            "value": {
              "text": "false"
            },
            "population": [ {
              "id": "InitialPopulation_3",
              "code": {
                "coding": [ {
                  "system": "http://terminology.hl7.org/CodeSystem/measure-population",
                  "code": "initial-population",
                  "display": "Initial Population"
                } ]
              },
              "count": 1
            }, {
              "id": "Denominator_3",
              "code": {
                "coding": [ {
                  "system": "http://terminology.hl7.org/CodeSystem/measure-population",
                  "code": "denominator",
                  "display": "Denominator"
                } ]
              },
              "count": 1
            }, {
              "id": "DenominatorExclusion_3",
              "code": {
                "coding": [ {
                  "system": "http://terminology.hl7.org/CodeSystem/measure-population",
                  "code": "denominator-exclusion",
                  "display": "Denominator Exclusion"
                } ]
              },
              "count": 1
            }, {
              "id": "Numerator_3",
              "code": {
                "coding": [ {
                  "system": "http://terminology.hl7.org/CodeSystem/measure-population",
                  "code": "numerator",
                  "display": "Numerator"
                } ]
              },
              "count": 1
            } ]
          } ]
        } ]
      } ],
      "evaluatedResource": [ {
        "reference": "Patient/bd9b9e02-ce12-43cb-af1c-25298c891e62"
      }, {
        "reference": "Encounter/5ade08dc-7b3a-4480-8aef-c2b5f7b3ed3c"
      }, {
        "reference": "Encounter/4ec4e68a-7993-4a22-a050-3c7acaeb9aff"
      } ]
    },
    "request": {
      "method": "PUT",
      "url": "MeasureReport/bf722c73-172a-48ca-a38b-052e5ac02f65"
    }
  } ]
}