{
  "resourceType": "Bundle",
  "id": "61095b0998086b53805591a5",
  "type": "transaction",
  "entry": [ {
    "fullUrl": "https://madie.cms.gov/Patient/e7d855b5-fb38-4449-8c02-54088d561a18",
    "resource": {
      "resourceType": "Patient",
      "id": "e7d855b5-fb38-4449-8c02-54088d561a18",
      "meta": {
        "profile": [ "http://hl7.org/fhir/us/qicore/StructureDefinition/qicore-patient" ]
      },
      "text": {
        "status": "generated",
        "div": "<div xmlns=\"http://www.w3.org/1999/xhtml\"><div class=\"hapiHeaderText\">Age@18 <b>DENOMPASS </b></div><table class=\"hapiPropertyTable\"><tbody><tr><td>Identifier</td><td>67f3e33acf17bcb386e754d726ed064ccd48ba21ff0ffb2eb678740a684398be</td></tr><tr><td>Date of birth</td><td><span>01 January 1994</span></td></tr></tbody></table></div>"
      },
      "extension": [ {
        "url": "http://hl7.org/fhir/us/core/StructureDefinition/us-core-race",
        "extension": [ {
          "url": "ombCategory",
          "valueCoding": {
            "system": "urn:oid:2.16.840.1.113883.6.238",
            "code": "1002-5",
            "display": "American Indian or Alaska Native",
            "userSelected": true
          }
        }, {
          "url": "text",
          "valueString": "American Indian or Alaska Native"
        } ]
      }, {
        "url": "http://hl7.org/fhir/us/core/StructureDefinition/us-core-ethnicity",
        "extension": [ {
          "url": "ombCategory",
          "valueCoding": {
            "system": "urn:oid:2.16.840.1.113883.6.238",
            "code": "2135-2",
            "display": "Hispanic or Latino",
            "userSelected": true
          }
        }, {
          "url": "text",
          "valueString": "Hispanic or Latino"
        } ]
      } ],
      "identifier": [ {
        "type": {
          "coding": [ {
            "system": "http://terminology.hl7.org/CodeSystem/v2-0203",
            "code": "MR"
          } ]
        },
        "system": "https://bonnie-fhir.healthit.gov/",
        "value": "61095b0998086b53805591a5"
      } ],
      "active": true,
      "name": [ {
        "use": "usual",
        "family": "DENEXPASS",
        "given": [ "RetrolentalFibroplasiasWithCatSurg" ]
      } ],
      "gender": "female",
      "birthDate": "1996-01-01"
    },
    "request": {
      "method": "PUT",
      "url": "Patient/e7d855b5-fb38-4449-8c02-54088d561a18"
    }
  }, {
    "fullUrl": "https://madie.cms.gov/Observation/e1d6631e-ad22-4a34-bb63-271299faaba6",
    "resource": {
      "resourceType": "Observation",
      "id": "e1d6631e-ad22-4a34-bb63-271299faaba6",
      "meta": {
        "profile": [ "http://hl7.org/fhir/us/qicore/StructureDefinition/qicore-observation-clinical-result" ]
      },
      "status": "final",
      "category": [ {
        "coding": [ {
          "system": "http://terminology.hl7.org/CodeSystem/observation-category",
          "code": "exam",
          "display": "exam"
        } ]
      } ],
      "code": {
        "coding": [ {
          "system": "http://snomed.info/sct",
          "code": "419775003"
        } ]
      },
      "subject": {
        "reference": "Patient/e7d855b5-fb38-4449-8c02-54088d561a18"
      },
      "effectivePeriod": {
        "start": "2026-03-13T09:00:00+00:00",
        "end": "2026-03-13T09:30:00+00:00"
      }
    },
    "request": {
      "method": "PUT",
      "url": "Observation/e1d6631e-ad22-4a34-bb63-271299faaba6"
    }
  }, {
    "fullUrl": "https://madie.cms.gov/Procedure/19de3d65-37c6-4681-ab5c-c88938fc6b13",
    "resource": {
      "resourceType": "Procedure",
      "id": "19de3d65-37c6-4681-ab5c-c88938fc6b13",
      "meta": {
        "profile": [ "http://hl7.org/fhir/us/qicore/StructureDefinition/qicore-procedure" ]
      },
      "extension": [ {
        "url": "http://hl7.org/fhir/us/qicore/StructureDefinition/qicore-recorded",
        "valueDateTime": "2026-03-05T09:35:00-04:00"
      } ],
      "status": "completed",
      "code": {
        "coding": [ {
          "system": "http://snomed.info/sct",
          "code": "84149000"
        } ]
      },
      "subject": {
        "reference": "Patient/e7d855b5-fb38-4449-8c02-54088d561a18"
      },
      "performedPeriod": {
        "start": "2026-03-05T09:20:00-04:00",
        "end": "2026-04-05T10:30:00-04:00"
      }
    },
    "request": {
      "method": "PUT",
      "url": "Procedure/19de3d65-37c6-4681-ab5c-c88938fc6b13"
    }
  }, {
    "fullUrl": "https://madie.cms.gov/Condition/fd07581d-c337-4118-a237-d29fae0acbcd",
    "resource": {
      "resourceType": "Condition",
      "id": "fd07581d-c337-4118-a237-d29fae0acbcd",
      "meta": {
        "profile": [ "http://hl7.org/fhir/us/qicore/StructureDefinition/qicore-condition-problems-health-concerns" ]
      },
      "clinicalStatus": {
        "coding": [ {
          "system": "http://terminology.hl7.org/CodeSystem/condition-clinical",
          "code": "active",
          "display": "active",
          "userSelected": true
        } ]
      },
      "category": [ {
        "coding": [ {
          "system": "http://terminology.hl7.org/CodeSystem/condition-clinical",
          "code": "active",
          "display": "active",
          "userSelected": true
        } ]
      } ],
      "code": {
        "coding": [ {
          "system": "http://hl7.org/fhir/sid/icd-10-cm",
          "code": "H35.171",
          "userSelected": true
        }, {
          "system": "http://snomed.info/sct",
          "code": "408847006",
          "userSelected": true
        } ]
      },
      "subject": {
        "reference": "Patient/e7d855b5-fb38-4449-8c02-54088d561a18"
      },
      "onsetDateTime": "2024-11-01T08:00:00.000+00:00"
    },
    "request": {
      "method": "PUT",
      "url": "Condition/fd07581d-c337-4118-a237-d29fae0acbcd"
    }
  }, {
    "fullUrl": "https://madie.cms.gov/Coverage/9d282f76-c2ef-47ff-bb65-78807fbdd8ff",
    "resource": {
      "resourceType": "Coverage",
      "id": "9d282f76-c2ef-47ff-bb65-78807fbdd8ff",
      "meta": {
        "profile": [ "http://hl7.org/fhir/us/qicore/StructureDefinition/qicore-coverage" ]
      },
      "status": "active",
      "beneficiary": {
        "reference": "Patient/e7d855b5-fb38-4449-8c02-54088d561a18"
      },
      "payor": [ {
        "reference": "Organization/a018aff5-6124-448f-8206-38b7f0e271fb"
      } ]
    },
    "request": {
      "method": "PUT",
      "url": "Coverage/9d282f76-c2ef-47ff-bb65-78807fbdd8ff"
    }
  }, {
    "fullUrl": "https://madie.cms.gov/Organization/a018aff5-6124-448f-8206-38b7f0e271fb",
    "resource": {
      "resourceType": "Organization",
      "id": "a018aff5-6124-448f-8206-38b7f0e271fb",
      "meta": {
        "profile": [ "http://hl7.org/fhir/us/qicore/StructureDefinition/qicore-organization" ]
      },
      "identifier": [ {
        "use": "temp",
        "system": "urn:oid:2.16.840.1.113883.4.4",
        "value": "21-3259825"
      } ],
      "active": true,
      "type": [ {
        "coding": [ {
          "system": "http://terminology.hl7.org/CodeSystem/organization-type",
          "code": "pay",
          "display": "Payer"
        } ]
      } ],
      "name": "Blue Cross Blue Shield of Texas",
      "telecom": [ {
        "system": "phone",
        "value": "(+1) 972-766-6900"
      } ],
      "address": [ {
        "use": "billing",
        "type": "postal",
        "line": [ "P.O. Box 660044" ],
        "city": "Dallas",
        "state": "TX",
        "postalCode": "75266-0044",
        "country": "USA"
      } ]
    },
    "request": {
      "method": "PUT",
      "url": "Organization/a018aff5-6124-448f-8206-38b7f0e271fb"
    }
  }, {
    "fullUrl": "https://madie.cms.gov/Practitioner/ecb93eba-684e-404a-bde2-449297087ce6",
    "resource": {
      "resourceType": "Practitioner",
      "id": "ecb93eba-684e-404a-bde2-449297087ce6",
      "meta": {
        "profile": [ "http://hl7.org/fhir/us/qicore/StructureDefinition/qicore-practitioner" ]
      },
      "identifier": [ {
        "system": "http://hl7.org/fhir/sid/us-npi",
        "value": "123456"
      } ],
      "name": [ {
        "family": "Evil",
        "prefix": [ "Dr" ]
      } ]
    },
    "request": {
      "method": "PUT",
      "url": "Practitioner/ecb93eba-684e-404a-bde2-449297087ce6"
    }
  }, {
    "fullUrl": "https://madie.cms.gov/MeasureReport/b5d08414-369e-45ea-a1fd-3380f06ec41a",
    "resource": {
      "resourceType": "MeasureReport",
      "id": "b5d08414-369e-45ea-a1fd-3380f06ec41a",
      "meta": {
        "profile": [ "http://hl7.org/fhir/us/cqfmeasures/StructureDefinition/test-case-cqfm" ]
      },
      "contained": [ {
        "resourceType": "Parameters",
        "id": "fab6075a-d4b5-462a-b4fe-42ed16f07ee2-parameters",
        "parameter": [ {
          "name": "subject",
          "valueString": "e7d855b5-fb38-4449-8c02-54088d561a18"
        } ]
      } ],
      "extension": [ {
        "url": "http://hl7.org/fhir/StructureDefinition/cqf-inputParameters",
        "valueReference": {
          "reference": "#fab6075a-d4b5-462a-b4fe-42ed16f07ee2-parameters"
        }
      }, {
        "url": "http://hl7.org/fhir/us/cqfmeasures/StructureDefinition/cqfm-testCaseDescription",
        "valueMarkdown": "Patient with Retrolental Fibroplasias with cataract surgery. "
      } ],
      "modifierExtension": [ {
        "url": "http://hl7.org/fhir/us/cqfmeasures/StructureDefinition/cqfm-isTestCase",
        "valueBoolean": true
      } ],
      "status": "complete",
      "type": "individual",
      "measure": "https://madie.cms.gov/Measure/CMS133FHIRCataracts2040BCVAwithin90Days",
      "period": {
        "start": "2026-01-01",
        "end": "2026-12-31"
      },
      "group": [ {
        "id": "Group_1",
        "population": [ {
          "id": "InitialPopulation_1",
          "code": {
            "coding": [ {
              "system": "http://terminology.hl7.org/CodeSystem/measure-population",
              "code": "initial-population",
              "display": "Initial Population"
            } ]
          },
          "count": 1
        }, {
          "id": "Denominator_1",
          "code": {
            "coding": [ {
              "system": "http://terminology.hl7.org/CodeSystem/measure-population",
              "code": "denominator",
              "display": "Denominator"
            } ]
          },
          "count": 1
        }, {
          "id": "DenominatorExclusion_1",
          "code": {
            "coding": [ {
              "system": "http://terminology.hl7.org/CodeSystem/measure-population",
              "code": "denominator-exclusion",
              "display": "Denominator Exclusion"
            } ]
          },
          "count": 1
        }, {
          "id": "Numerator_1",
          "code": {
            "coding": [ {
              "system": "http://terminology.hl7.org/CodeSystem/measure-population",
              "code": "numerator",
              "display": "Numerator"
            } ]
          },
          "count": 0
        } ],
        "measureScore": {
          "value": 0.0
        }
      } ],
      "evaluatedResource": [ {
        "reference": "Patient/e7d855b5-fb38-4449-8c02-54088d561a18"
      }, {
        "reference": "Observation/e1d6631e-ad22-4a34-bb63-271299faaba6"
      }, {
        "reference": "Procedure/19de3d65-37c6-4681-ab5c-c88938fc6b13"
      }, {
        "reference": "Condition/fd07581d-c337-4118-a237-d29fae0acbcd"
      }, {
        "reference": "Coverage/9d282f76-c2ef-47ff-bb65-78807fbdd8ff"
      }, {
        "reference": "Organization/a018aff5-6124-448f-8206-38b7f0e271fb"
      }, {
        "reference": "Practitioner/ecb93eba-684e-404a-bde2-449297087ce6"
      } ]
    },
    "request": {
      "method": "PUT",
      "url": "MeasureReport/b5d08414-369e-45ea-a1fd-3380f06ec41a"
    }
  } ]
}