{
  "resourceType": "Bundle",
  "id": "62fbef57bf5132f90ee35d41",
  "type": "transaction",
  "entry": [ {
    "fullUrl": "https://madie.cms.gov/Patient/5ef4acf3-4b42-41fd-8793-7d1a9342865a",
    "resource": {
      "resourceType": "Patient",
      "id": "5ef4acf3-4b42-41fd-8793-7d1a9342865a",
      "meta": {
        "profile": [ "http://hl7.org/fhir/us/qicore/StructureDefinition/qicore-patient" ]
      },
      "extension": [ {
        "url": "http://hl7.org/fhir/us/core/StructureDefinition/us-core-race",
        "extension": [ {
          "url": "ombCategory",
          "valueCoding": {
            "system": "urn:oid:2.16.840.1.113883.6.238",
            "code": "2106-3",
            "display": "White",
            "userSelected": true
          }
        }, {
          "url": "text",
          "valueString": "White"
        } ]
      }, {
        "url": "http://hl7.org/fhir/us/core/StructureDefinition/us-core-ethnicity",
        "extension": [ {
          "url": "ombCategory",
          "valueCoding": {
            "system": "urn:oid:2.16.840.1.113883.6.238",
            "code": "2186-5",
            "display": "Not Hispanic or Latino",
            "userSelected": true
          }
        }, {
          "url": "text",
          "valueString": "Not Hispanic or Latino"
        } ]
      } ],
      "identifier": [ {
        "type": {
          "coding": [ {
            "system": "http://terminology.hl7.org/CodeSystem/v2-0203",
            "code": "MR"
          } ]
        },
        "system": "https://bonnie-fhir.healthit.gov/",
        "value": "62fbef57bf5132f90ee35d41"
      } ],
      "name": [ {
        "family": "DENEXPass",
        "given": [ "HospiceCondition" ]
      } ],
      "gender": "unknown",
      "birthDate": "1957-11-07"
    },
    "request": {
      "method": "PUT",
      "url": "Patient/5ef4acf3-4b42-41fd-8793-7d1a9342865a"
    }
  }, {
    "fullUrl": "https://madie.cms.gov/Encounter/58ff918a-4fce-451c-a68d-df2c009d798c",
    "resource": {
      "resourceType": "Encounter",
      "id": "58ff918a-4fce-451c-a68d-df2c009d798c",
      "meta": {
        "profile": [ "http://hl7.org/fhir/us/qicore/StructureDefinition/qicore-encounter" ]
      },
      "status": "finished",
      "class": {
        "system": "http://terminology.hl7.org/CodeSystem/v3-ActCode",
        "code": "AMB",
        "display": "ambulatory"
      },
      "type": [ {
        "coding": [ {
          "system": "http://snomed.info/sct",
          "version": "2022-03",
          "code": "10197000",
          "display": "Psychiatric interview and evaluation (procedure)",
          "userSelected": true
        } ]
      } ],
      "subject": {
        "reference": "Patient/5ef4acf3-4b42-41fd-8793-7d1a9342865a"
      },
      "period": {
        "start": "2026-12-31T23:30:00.000+00:00",
        "end": "2026-12-31T23:59:00.000+00:00"
      }
    },
    "request": {
      "method": "PUT",
      "url": "Encounter/58ff918a-4fce-451c-a68d-df2c009d798c"
    }
  }, {
    "fullUrl": "https://madie.cms.gov/Procedure/19003f59-9546-47c2-bc47-925bb9f9504f",
    "resource": {
      "resourceType": "Procedure",
      "id": "19003f59-9546-47c2-bc47-925bb9f9504f",
      "meta": {
        "profile": [ "http://hl7.org/fhir/us/qicore/StructureDefinition/qicore-procedure" ]
      },
      "extension": [ {
        "url": "http://hl7.org/fhir/us/qicore/StructureDefinition/qicore-recorded",
        "valueDateTime": "2026-12-31T23:59:00.000+00:00"
      } ],
      "status": "completed",
      "code": {
        "coding": [ {
          "system": "http://snomed.info/sct",
          "version": "2022-03",
          "code": "182922004",
          "display": "Dietary regime (regime/therapy)",
          "userSelected": true
        } ]
      },
      "subject": {
        "reference": "Patient/5ef4acf3-4b42-41fd-8793-7d1a9342865a"
      },
      "performedDateTime": "2026-12-31T23:59:00.000+00:00"
    },
    "request": {
      "method": "PUT",
      "url": "Procedure/19003f59-9546-47c2-bc47-925bb9f9504f"
    }
  }, {
    "fullUrl": "https://madie.cms.gov/Condition/98808a8f-5cd4-4c80-8e17-52ba2ef69629",
    "resource": {
      "resourceType": "Condition",
      "id": "98808a8f-5cd4-4c80-8e17-52ba2ef69629",
      "meta": {
        "profile": [ "http://hl7.org/fhir/us/qicore/StructureDefinition/qicore-condition-problems-health-concerns" ]
      },
      "clinicalStatus": {
        "coding": [ {
          "system": "http://terminology.hl7.org/CodeSystem/condition-clinical",
          "code": "active",
          "display": "Active",
          "userSelected": true
        } ]
      },
      "category": [ {
        "coding": [ {
          "system": "http://terminology.hl7.org/CodeSystem/condition-category",
          "code": "problem-list-item",
          "display": "Problem List Item"
        }, {
          "system": "http://snomed.info/sct",
          "code": "439401001",
          "display": "Diagnosis"
        } ]
      } ],
      "code": {
        "coding": [ {
          "system": "http://snomed.info/sct",
          "version": "2022-03",
          "code": "170936009",
          "display": "Shared care - hospice and general practitioner (finding)",
          "userSelected": true
        } ]
      },
      "subject": {
        "reference": "Patient/5ef4acf3-4b42-41fd-8793-7d1a9342865a"
      },
      "onsetDateTime": "2024-07-25T08:00:00.000+00:00"
    },
    "request": {
      "method": "PUT",
      "url": "Condition/98808a8f-5cd4-4c80-8e17-52ba2ef69629"
    }
  }, {
    "fullUrl": "https://madie.cms.gov/Coverage/3ce94b63-afe9-4321-b292-57a1e6a85bd2",
    "resource": {
      "resourceType": "Coverage",
      "id": "3ce94b63-afe9-4321-b292-57a1e6a85bd2",
      "meta": {
        "profile": [ "http://hl7.org/fhir/us/qicore/StructureDefinition/qicore-coverage" ]
      },
      "status": "active",
      "beneficiary": {
        "reference": "Patient/5ef4acf3-4b42-41fd-8793-7d1a9342865a"
      },
      "payor": [ {
        "reference": "Organization/ac641d1d-fb02-43b3-a1be-5af397193ee5"
      } ]
    },
    "request": {
      "method": "PUT",
      "url": "Coverage/3ce94b63-afe9-4321-b292-57a1e6a85bd2"
    }
  }, {
    "fullUrl": "https://madie.cms.gov/Organization/ac641d1d-fb02-43b3-a1be-5af397193ee5",
    "resource": {
      "resourceType": "Organization",
      "id": "ac641d1d-fb02-43b3-a1be-5af397193ee5",
      "meta": {
        "profile": [ "http://hl7.org/fhir/us/qicore/StructureDefinition/qicore-organization" ]
      },
      "identifier": [ {
        "use": "temp",
        "system": "urn:oid:2.16.840.1.113883.4.4",
        "value": "21-3259825"
      } ],
      "active": true,
      "type": [ {
        "coding": [ {
          "system": "http://terminology.hl7.org/CodeSystem/organization-type",
          "code": "pay",
          "display": "Payer"
        } ]
      } ],
      "name": "Blue Cross Blue Shield of Texas",
      "telecom": [ {
        "system": "phone",
        "value": "(+1) 972-766-6900"
      } ],
      "address": [ {
        "use": "billing",
        "type": "postal",
        "line": [ "P.O. Box 660044" ],
        "city": "Dallas",
        "state": "TX",
        "postalCode": "75266-0044",
        "country": "USA"
      } ]
    },
    "request": {
      "method": "PUT",
      "url": "Organization/ac641d1d-fb02-43b3-a1be-5af397193ee5"
    }
  }, {
    "fullUrl": "https://madie.cms.gov/MeasureReport/8918b2a6-483a-4bee-bf2c-1cff90b49c94",
    "resource": {
      "resourceType": "MeasureReport",
      "id": "8918b2a6-483a-4bee-bf2c-1cff90b49c94",
      "meta": {
        "profile": [ "http://hl7.org/fhir/us/cqfmeasures/StructureDefinition/test-case-cqfm" ]
      },
      "contained": [ {
        "resourceType": "Parameters",
        "id": "46dddf8d-f725-4de0-b606-c1c5e700f152-parameters",
        "parameter": [ {
          "name": "subject",
          "valueString": "5ef4acf3-4b42-41fd-8793-7d1a9342865a"
        } ]
      } ],
      "extension": [ {
        "url": "http://hl7.org/fhir/StructureDefinition/cqf-inputParameters",
        "valueReference": {
          "reference": "#46dddf8d-f725-4de0-b606-c1c5e700f152-parameters"
        }
      }, {
        "url": "http://hl7.org/fhir/us/cqfmeasures/StructureDefinition/cqfm-testCaseDescription",
        "valueMarkdown": "Enc last day of MP, pt has hospice condition"
      } ],
      "modifierExtension": [ {
        "url": "http://hl7.org/fhir/us/cqfmeasures/StructureDefinition/cqfm-isTestCase",
        "valueBoolean": true
      } ],
      "status": "complete",
      "type": "individual",
      "measure": "https://madie.cms.gov/Measure/CMS69FHIRPCSBMIScreenAndFollowUp",
      "period": {
        "start": "2026-01-01",
        "end": "2026-12-31"
      },
      "group": [ {
        "id": "Group_1",
        "population": [ {
          "id": "InitialPopulation_1",
          "code": {
            "coding": [ {
              "system": "http://terminology.hl7.org/CodeSystem/measure-population",
              "code": "initial-population",
              "display": "Initial Population"
            } ]
          },
          "count": 1
        }, {
          "id": "Denominator_1",
          "code": {
            "coding": [ {
              "system": "http://terminology.hl7.org/CodeSystem/measure-population",
              "code": "denominator",
              "display": "Denominator"
            } ]
          },
          "count": 1
        }, {
          "id": "DenominatorExclusion_1",
          "code": {
            "coding": [ {
              "system": "http://terminology.hl7.org/CodeSystem/measure-population",
              "code": "denominator-exclusion",
              "display": "Denominator Exclusion"
            } ]
          },
          "count": 1
        }, {
          "id": "Numerator_1",
          "code": {
            "coding": [ {
              "system": "http://terminology.hl7.org/CodeSystem/measure-population",
              "code": "numerator",
              "display": "Numerator"
            } ]
          },
          "count": 0
        }, {
          "id": "DenominatorException_1",
          "code": {
            "coding": [ {
              "system": "http://terminology.hl7.org/CodeSystem/measure-population",
              "code": "denominator-exception",
              "display": "Denominator Exception"
            } ]
          },
          "count": 0
        } ],
        "measureScore": {
          "value": 1.0
        }
      } ],
      "evaluatedResource": [ {
        "reference": "Patient/5ef4acf3-4b42-41fd-8793-7d1a9342865a"
      }, {
        "reference": "Encounter/58ff918a-4fce-451c-a68d-df2c009d798c"
      }, {
        "reference": "Procedure/19003f59-9546-47c2-bc47-925bb9f9504f"
      }, {
        "reference": "Condition/98808a8f-5cd4-4c80-8e17-52ba2ef69629"
      }, {
        "reference": "Coverage/3ce94b63-afe9-4321-b292-57a1e6a85bd2"
      }, {
        "reference": "Organization/ac641d1d-fb02-43b3-a1be-5af397193ee5"
      } ]
    },
    "request": {
      "method": "PUT",
      "url": "MeasureReport/8918b2a6-483a-4bee-bf2c-1cff90b49c94"
    }
  } ]
}