{
  "resourceType": "Bundle",
  "id": "DENEXPass-MechCompDxOverlapsTHAProcInt",
  "type": "transaction",
  "entry": [ {
    "fullUrl": "https://madie.cms.gov/Patient/4701c497-30f2-4807-8049-5d68d5657085",
    "resource": {
      "resourceType": "Patient",
      "id": "4701c497-30f2-4807-8049-5d68d5657085",
      "meta": {
        "profile": [ "http://hl7.org/fhir/us/qicore/StructureDefinition/qicore-patient" ]
      },
      "extension": [ {
        "url": "http://hl7.org/fhir/us/core/StructureDefinition/us-core-race",
        "extension": [ {
          "url": "ombCategory",
          "valueCoding": {
            "system": "urn:oid:2.16.840.1.113883.6.238",
            "code": "2028-9",
            "display": "Asian"
          }
        }, {
          "url": "text",
          "valueString": "Asian"
        } ]
      }, {
        "url": "http://hl7.org/fhir/us/core/StructureDefinition/us-core-ethnicity",
        "extension": [ {
          "url": "ombCategory",
          "valueCoding": {
            "system": "urn:oid:2.16.840.1.113883.6.238",
            "code": "2135-2",
            "display": "Hispanic or Latino"
          }
        }, {
          "url": "text",
          "valueString": "Hispanic or Latino"
        } ]
      } ],
      "identifier": [ {
        "system": "http://hospital.smarthealthit.org",
        "value": "999999995"
      } ],
      "name": [ {
        "family": "Bertha",
        "given": [ "Betty" ]
      } ],
      "gender": "female",
      "birthDate": "2007-01-01"
    },
    "request": {
      "method": "PUT",
      "url": "Patient/4701c497-30f2-4807-8049-5d68d5657085"
    }
  }, {
    "fullUrl": "https://madie.cms.gov/Procedure/2a998ce5-9f34-4b1d-80aa-e709f1583d95",
    "resource": {
      "resourceType": "Procedure",
      "id": "2a998ce5-9f34-4b1d-80aa-e709f1583d95",
      "meta": {
        "profile": [ "http://hl7.org/fhir/us/qicore/StructureDefinition/qicore-procedure" ]
      },
      "extension": [ {
        "url": "http://hl7.org/fhir/us/qicore/StructureDefinition/qicore-recorded",
        "valueDateTime": "2026-01-15T00:00:00.000Z"
      } ],
      "status": "completed",
      "code": {
        "coding": [ {
          "system": "http://www.cms.gov/Medicare/Coding/ICD10",
          "code": "0SR9019",
          "display": "Replacement of Right Hip Joint with Metal Synthetic Substitute, Cemented, Open Approach"
        } ]
      },
      "subject": {
        "reference": "Patient/4701c497-30f2-4807-8049-5d68d5657085"
      },
      "performedPeriod": {
        "start": "2024-11-01T00:00:00.000Z",
        "end": "2024-11-01T01:00:00.000Z"
      }
    },
    "request": {
      "method": "PUT",
      "url": "Procedure/2a998ce5-9f34-4b1d-80aa-e709f1583d95"
    }
  }, {
    "fullUrl": "https://madie.cms.gov/Encounter/6e190876-9e63-41bb-953a-10814290114e",
    "resource": {
      "resourceType": "Encounter",
      "id": "6e190876-9e63-41bb-953a-10814290114e",
      "meta": {
        "profile": [ "http://hl7.org/fhir/us/qicore/StructureDefinition/qicore-encounter" ]
      },
      "status": "finished",
      "class": {
        "system": "http://terminology.hl7.org/CodeSystem/v3-ActCode",
        "code": "AMB",
        "display": "ambulatory"
      },
      "type": [ {
        "coding": [ {
          "system": "http://snomed.info/sct",
          "code": "281036007",
          "display": "Follow-up consultation (procedure)"
        } ]
      } ],
      "subject": {
        "reference": "Patient/4701c497-30f2-4807-8049-5d68d5657085"
      },
      "period": {
        "start": "2025-11-01T00:00:00.000Z",
        "end": "2025-11-01T01:15:00.000Z"
      }
    },
    "request": {
      "method": "PUT",
      "url": "Encounter/6e190876-9e63-41bb-953a-10814290114e"
    }
  }, {
    "fullUrl": "https://madie.cms.gov/Condition/5a5248af-3fae-417a-a532-c3959585795d",
    "resource": {
      "resourceType": "Condition",
      "id": "5a5248af-3fae-417a-a532-c3959585795d",
      "meta": {
        "profile": [ "http://hl7.org/fhir/us/qicore/StructureDefinition/qicore-condition-problems-health-concerns" ]
      },
      "clinicalStatus": {
        "coding": [ {
          "system": "http://terminology.hl7.org/CodeSystem/condition-clinical",
          "code": "active"
        } ]
      },
      "category": [ {
        "coding": [ {
          "system": "http://terminology.hl7.org/CodeSystem/condition-category",
          "code": "problem-list-item",
          "display": "Problem List Item"
        } ]
      } ],
      "code": {
        "coding": [ {
          "system": "http://snomed.info/sct",
          "code": "12077001000119100",
          "display": "Adamantinoma of long bone of lower limb (disorder)"
        } ]
      },
      "subject": {
        "reference": "Patient/4701c497-30f2-4807-8049-5d68d5657085"
      },
      "onsetDateTime": "2024-11-01T00:00:00.000Z"
    },
    "request": {
      "method": "PUT",
      "url": "Condition/5a5248af-3fae-417a-a532-c3959585795d"
    }
  }, {
    "fullUrl": "https://madie.cms.gov/MeasureReport/140eab05-edad-463e-a15b-9a5947a1c3d0",
    "resource": {
      "resourceType": "MeasureReport",
      "id": "140eab05-edad-463e-a15b-9a5947a1c3d0",
      "meta": {
        "profile": [ "http://hl7.org/fhir/us/cqfmeasures/StructureDefinition/test-case-cqfm" ]
      },
      "contained": [ {
        "resourceType": "Parameters",
        "id": "2500ea52-9080-4804-8581-d8b37dc2235d-parameters",
        "parameter": [ {
          "name": "subject",
          "valueString": "4701c497-30f2-4807-8049-5d68d5657085"
        } ]
      } ],
      "extension": [ {
        "url": "http://hl7.org/fhir/StructureDefinition/cqf-inputParameters",
        "valueReference": {
          "reference": "#2500ea52-9080-4804-8581-d8b37dc2235d-parameters"
        }
      }, {
        "url": "http://hl7.org/fhir/us/cqfmeasures/StructureDefinition/cqfm-testCaseDescription",
        "valueMarkdown": "Patient has Dx of Mechanical Complications that overlaps THAProcedure Interval"
      } ],
      "modifierExtension": [ {
        "url": "http://hl7.org/fhir/us/cqfmeasures/StructureDefinition/cqfm-isTestCase",
        "valueBoolean": true
      } ],
      "status": "complete",
      "type": "individual",
      "measure": "https://madie.cms.gov/Measure/CMS56FHIRFunctionalStatusAssessmentforTotalHipReplacement",
      "period": {
        "start": "2026-01-01",
        "end": "2026-12-31"
      },
      "group": [ {
        "id": "Group_1",
        "population": [ {
          "id": "InitialPopulation_1",
          "code": {
            "coding": [ {
              "system": "http://terminology.hl7.org/CodeSystem/measure-population",
              "code": "initial-population",
              "display": "Initial Population"
            } ]
          },
          "count": 1
        }, {
          "id": "Denominator_1",
          "code": {
            "coding": [ {
              "system": "http://terminology.hl7.org/CodeSystem/measure-population",
              "code": "denominator",
              "display": "Denominator"
            } ]
          },
          "count": 1
        }, {
          "id": "DenominatorExclusion_1",
          "code": {
            "coding": [ {
              "system": "http://terminology.hl7.org/CodeSystem/measure-population",
              "code": "denominator-exclusion",
              "display": "Denominator Exclusion"
            } ]
          },
          "count": 1
        }, {
          "id": "Numerator_1",
          "code": {
            "coding": [ {
              "system": "http://terminology.hl7.org/CodeSystem/measure-population",
              "code": "numerator",
              "display": "Numerator"
            } ]
          },
          "count": 0
        } ],
        "measureScore": {
          "value": 1.0
        }
      } ],
      "evaluatedResource": [ {
        "reference": "Patient/4701c497-30f2-4807-8049-5d68d5657085"
      }, {
        "reference": "Procedure/2a998ce5-9f34-4b1d-80aa-e709f1583d95"
      }, {
        "reference": "Encounter/6e190876-9e63-41bb-953a-10814290114e"
      }, {
        "reference": "Condition/5a5248af-3fae-417a-a532-c3959585795d"
      } ]
    },
    "request": {
      "method": "PUT",
      "url": "MeasureReport/140eab05-edad-463e-a15b-9a5947a1c3d0"
    }
  } ]
}