{
  "resourceType": "Bundle",
  "id": "164984613549846513131",
  "type": "transaction",
  "entry": [ {
    "fullUrl": "https://madie.cms.gov/Patient/1bbf669f-a5f6-4dde-a8b2-1be100394e18",
    "resource": {
      "resourceType": "Patient",
      "id": "1bbf669f-a5f6-4dde-a8b2-1be100394e18",
      "meta": {
        "profile": [ "http://hl7.org/fhir/us/qicore/StructureDefinition/qicore-patient" ]
      },
      "extension": [ {
        "url": "http://hl7.org/fhir/us/core/StructureDefinition/us-core-race",
        "extension": [ {
          "url": "ombCategory",
          "valueCoding": {
            "system": "urn:oid:2.16.840.1.113883.6.238",
            "code": "1002-5",
            "display": "American Indian or Alaska Native"
          }
        }, {
          "url": "text",
          "valueString": "American Indian or Alaska Native"
        } ]
      }, {
        "url": "http://hl7.org/fhir/us/core/StructureDefinition/us-core-ethnicity",
        "extension": [ {
          "url": "ombCategory",
          "valueCoding": {
            "system": "urn:oid:2.16.840.1.113883.6.238",
            "code": "2186-5",
            "display": "Not Hispanic or Latino"
          }
        }, {
          "url": "text",
          "valueString": "Not Hispanic or Latino"
        } ]
      } ],
      "identifier": [ {
        "type": {
          "coding": [ {
            "system": "http://terminology.hl7.org/CodeSystem/v2-0203",
            "code": "MR"
          } ]
        },
        "system": "https://bonnie-fhir.healthit.gov/",
        "value": "54161656031313"
      } ],
      "active": true,
      "name": [ {
        "use": "usual",
        "family": "DENEXCEPPop2Pass",
        "given": [ "Arrhythmia" ]
      } ],
      "gender": "female",
      "birthDate": "1923-03-24"
    },
    "request": {
      "method": "PUT",
      "url": "Patient/1bbf669f-a5f6-4dde-a8b2-1be100394e18"
    }
  }, {
    "fullUrl": "https://madie.cms.gov/Encounter/c2e90d9d-8fd1-45c1-abc3-0df6585bf291",
    "resource": {
      "resourceType": "Encounter",
      "id": "c2e90d9d-8fd1-45c1-abc3-0df6585bf291",
      "meta": {
        "profile": [ "http://hl7.org/fhir/us/qicore/StructureDefinition/qicore-encounter" ]
      },
      "status": "finished",
      "class": {
        "system": "http://terminology.hl7.org/CodeSystem/v3-ActCode",
        "code": "AMB",
        "display": "ambulatory encounter"
      },
      "type": [ {
        "coding": [ {
          "system": "http://www.ama-assn.org/go/cpt",
          "version": "2024",
          "code": "99205"
        } ]
      } ],
      "subject": {
        "reference": "Patient/1bbf669f-a5f6-4dde-a8b2-1be100394e18"
      },
      "period": {
        "start": "2026-04-05T06:00:00.000+00:00",
        "end": "2026-04-05T07:00:00.000+00:00"
      }
    },
    "request": {
      "method": "PUT",
      "url": "Encounter/c2e90d9d-8fd1-45c1-abc3-0df6585bf291"
    }
  }, {
    "fullUrl": "https://madie.cms.gov/Encounter/0f13b46b-c79d-4f3c-bf0d-871244da2524",
    "resource": {
      "resourceType": "Encounter",
      "id": "0f13b46b-c79d-4f3c-bf0d-871244da2524",
      "meta": {
        "profile": [ "http://hl7.org/fhir/us/qicore/StructureDefinition/qicore-encounter" ]
      },
      "status": "finished",
      "class": {
        "system": "http://terminology.hl7.org/CodeSystem/v3-ActCode",
        "code": "AMB",
        "display": "ambulatory encounter"
      },
      "type": [ {
        "coding": [ {
          "system": "http://www.ama-assn.org/go/cpt",
          "version": "2024",
          "code": "99205"
        } ]
      } ],
      "subject": {
        "reference": "Patient/1bbf669f-a5f6-4dde-a8b2-1be100394e18"
      },
      "period": {
        "start": "2026-07-08T09:00:00.000+00:00",
        "end": "2026-07-08T09:00:00.000+00:00"
      }
    },
    "request": {
      "method": "PUT",
      "url": "Encounter/0f13b46b-c79d-4f3c-bf0d-871244da2524"
    }
  }, {
    "fullUrl": "https://madie.cms.gov/Condition/6c24ce73-41a5-4e7e-ae71-7043e71512a9",
    "resource": {
      "resourceType": "Condition",
      "id": "6c24ce73-41a5-4e7e-ae71-7043e71512a9",
      "meta": {
        "profile": [ "http://hl7.org/fhir/us/qicore/StructureDefinition/qicore-condition-problems-health-concerns" ]
      },
      "clinicalStatus": {
        "coding": [ {
          "system": "http://terminology.hl7.org/CodeSystem/condition-clinical",
          "code": "active",
          "display": "Active"
        } ]
      },
      "verificationStatus": {
        "coding": [ {
          "system": "http://terminology.hl7.org/CodeSystem/condition-ver-status",
          "code": "confirmed",
          "display": "Confirmed"
        } ]
      },
      "category": [ {
        "coding": [ {
          "system": "http://terminology.hl7.org/CodeSystem/condition-category",
          "code": "problem-list-item",
          "display": "Problem List Item"
        } ]
      } ],
      "code": {
        "coding": [ {
          "system": "http://hl7.org/fhir/sid/icd-10-cm",
          "version": "2024",
          "code": "I21.01"
        } ]
      },
      "subject": {
        "reference": "Patient/1bbf669f-a5f6-4dde-a8b2-1be100394e18"
      },
      "onsetPeriod": {
        "start": "2023-11-22T07:30:00.000+00:00",
        "end": "2023-11-22T08:30:00.000+00:00"
      }
    },
    "request": {
      "method": "PUT",
      "url": "Condition/6c24ce73-41a5-4e7e-ae71-7043e71512a9"
    }
  }, {
    "fullUrl": "https://madie.cms.gov/Condition/0c92afdb-389e-4b0f-bb91-47a484452de4",
    "resource": {
      "resourceType": "Condition",
      "id": "0c92afdb-389e-4b0f-bb91-47a484452de4",
      "meta": {
        "profile": [ "http://hl7.org/fhir/us/qicore/StructureDefinition/qicore-condition-problems-health-concerns" ]
      },
      "clinicalStatus": {
        "coding": [ {
          "system": "http://terminology.hl7.org/CodeSystem/condition-clinical",
          "code": "active",
          "display": "Active"
        } ]
      },
      "verificationStatus": {
        "coding": [ {
          "system": "http://terminology.hl7.org/CodeSystem/condition-ver-status",
          "code": "confirmed"
        } ]
      },
      "category": [ {
        "coding": [ {
          "system": "http://terminology.hl7.org/CodeSystem/condition-category",
          "code": "problem-list-item",
          "display": "Problem List Item"
        } ]
      } ],
      "code": {
        "coding": [ {
          "system": "http://snomed.info/sct",
          "version": "http://snomed.info/sct/731000124108/version/20240301",
          "code": "10365005",
          "display": "Right main coronary artery thrombosis (disorder)"
        } ]
      },
      "subject": {
        "reference": "Patient/1bbf669f-a5f6-4dde-a8b2-1be100394e18"
      },
      "onsetPeriod": {
        "start": "2026-01-21T07:00:00.000+00:00"
      }
    },
    "request": {
      "method": "PUT",
      "url": "Condition/0c92afdb-389e-4b0f-bb91-47a484452de4"
    }
  }, {
    "fullUrl": "https://madie.cms.gov/Condition/2e0aec56-91b1-4371-8873-0ec6c5b01f03",
    "resource": {
      "resourceType": "Condition",
      "id": "2e0aec56-91b1-4371-8873-0ec6c5b01f03",
      "meta": {
        "profile": [ "http://hl7.org/fhir/us/qicore/StructureDefinition/qicore-condition-problems-health-concerns" ]
      },
      "clinicalStatus": {
        "coding": [ {
          "system": "http://terminology.hl7.org/CodeSystem/condition-clinical",
          "code": "active",
          "display": "Active"
        } ]
      },
      "verificationStatus": {
        "coding": [ {
          "system": "http://terminology.hl7.org/CodeSystem/condition-ver-status",
          "code": "confirmed",
          "display": "Confirmed"
        } ]
      },
      "category": [ {
        "coding": [ {
          "system": "http://terminology.hl7.org/CodeSystem/condition-category",
          "code": "problem-list-item",
          "display": "Problem List Item"
        } ]
      } ],
      "code": {
        "coding": [ {
          "system": "http://snomed.info/sct",
          "version": "http://snomed.info/sct/731000124108/version/20240301",
          "code": "1010405004",
          "display": "Paroxysmal atrial fibrillation with rapid ventricular response (disorder)"
        } ]
      },
      "subject": {
        "reference": "Patient/1bbf669f-a5f6-4dde-a8b2-1be100394e18"
      },
      "onsetPeriod": {
        "start": "2026-04-05T06:00:00.000+00:00"
      }
    },
    "request": {
      "method": "PUT",
      "url": "Condition/2e0aec56-91b1-4371-8873-0ec6c5b01f03"
    }
  }, {
    "fullUrl": "https://madie.cms.gov/MeasureReport/f3b44279-c1dd-48c1-a408-eae65672682e",
    "resource": {
      "resourceType": "MeasureReport",
      "id": "f3b44279-c1dd-48c1-a408-eae65672682e",
      "meta": {
        "profile": [ "http://hl7.org/fhir/us/cqfmeasures/StructureDefinition/test-case-cqfm" ]
      },
      "contained": [ {
        "resourceType": "Parameters",
        "id": "7f65488b-4649-4477-aef7-fae8e8800658-parameters",
        "parameter": [ {
          "name": "subject",
          "valueString": "1bbf669f-a5f6-4dde-a8b2-1be100394e18"
        } ]
      } ],
      "extension": [ {
        "url": "http://hl7.org/fhir/StructureDefinition/cqf-inputParameters",
        "valueReference": {
          "reference": "#7f65488b-4649-4477-aef7-fae8e8800658-parameters"
        }
      }, {
        "url": "http://hl7.org/fhir/us/cqfmeasures/StructureDefinition/cqfm-testCaseDescription",
        "valueMarkdown": "Pt > 18, 2 visits in MP, MI onset > 2 years b4 MP, CAD onset during MP b4 1st visit, Arrhythmia onset during 1st visit"
      } ],
      "modifierExtension": [ {
        "url": "http://hl7.org/fhir/us/cqfmeasures/StructureDefinition/cqfm-isTestCase",
        "valueBoolean": true
      } ],
      "status": "complete",
      "type": "individual",
      "measure": "https://madie.cms.gov/Measure/CMS145FHIRCADBetaBlockerTherapyPriorMIorLVSD",
      "period": {
        "start": "2026-01-01",
        "end": "2026-12-31"
      },
      "group": [ {
        "id": "Group_1",
        "population": [ {
          "id": "InitialPopulation_1",
          "code": {
            "coding": [ {
              "system": "http://terminology.hl7.org/CodeSystem/measure-population",
              "code": "initial-population",
              "display": "Initial Population"
            } ]
          },
          "count": 1
        }, {
          "id": "Denominator_1",
          "code": {
            "coding": [ {
              "system": "http://terminology.hl7.org/CodeSystem/measure-population",
              "code": "denominator",
              "display": "Denominator"
            } ]
          },
          "count": 0
        }, {
          "id": "Numerator_1",
          "code": {
            "coding": [ {
              "system": "http://terminology.hl7.org/CodeSystem/measure-population",
              "code": "numerator",
              "display": "Numerator"
            } ]
          },
          "count": 0
        }, {
          "id": "DenominatorException_1",
          "code": {
            "coding": [ {
              "system": "http://terminology.hl7.org/CodeSystem/measure-population",
              "code": "denominator-exception",
              "display": "Denominator Exception"
            } ]
          },
          "count": 0
        } ],
        "measureScore": {
          "value": 1.0
        }
      }, {
        "id": "Group_2",
        "population": [ {
          "id": "InitialPopulation_2",
          "code": {
            "coding": [ {
              "system": "http://terminology.hl7.org/CodeSystem/measure-population",
              "code": "initial-population",
              "display": "Initial Population"
            } ]
          },
          "count": 1
        }, {
          "id": "Denominator_2",
          "code": {
            "coding": [ {
              "system": "http://terminology.hl7.org/CodeSystem/measure-population",
              "code": "denominator",
              "display": "Denominator"
            } ]
          },
          "count": 1
        }, {
          "id": "Numerator_2",
          "code": {
            "coding": [ {
              "system": "http://terminology.hl7.org/CodeSystem/measure-population",
              "code": "numerator",
              "display": "Numerator"
            } ]
          },
          "count": 0
        }, {
          "id": "DenominatorException_2",
          "code": {
            "coding": [ {
              "system": "http://terminology.hl7.org/CodeSystem/measure-population",
              "code": "denominator-exception",
              "display": "Denominator Exception"
            } ]
          },
          "count": 1
        } ],
        "measureScore": {
          "value": 1.0
        }
      } ],
      "evaluatedResource": [ {
        "reference": "Patient/1bbf669f-a5f6-4dde-a8b2-1be100394e18"
      }, {
        "reference": "Encounter/c2e90d9d-8fd1-45c1-abc3-0df6585bf291"
      }, {
        "reference": "Encounter/0f13b46b-c79d-4f3c-bf0d-871244da2524"
      }, {
        "reference": "Condition/6c24ce73-41a5-4e7e-ae71-7043e71512a9"
      }, {
        "reference": "Condition/0c92afdb-389e-4b0f-bb91-47a484452de4"
      }, {
        "reference": "Condition/2e0aec56-91b1-4371-8873-0ec6c5b01f03"
      } ]
    },
    "request": {
      "method": "PUT",
      "url": "MeasureReport/f3b44279-c1dd-48c1-a408-eae65672682e"
    }
  } ]
}