{
  "resourceType": "Bundle",
  "id": "146343513131",
  "type": "transaction",
  "entry": [ {
    "fullUrl": "https://madie.cms.gov/Patient/b2abcd36-fabd-4d6e-93c4-2dd430f4969e",
    "resource": {
      "resourceType": "Patient",
      "id": "b2abcd36-fabd-4d6e-93c4-2dd430f4969e",
      "meta": {
        "profile": [ "http://hl7.org/fhir/us/qicore/StructureDefinition/qicore-patient" ]
      },
      "extension": [ {
        "url": "http://hl7.org/fhir/us/core/StructureDefinition/us-core-race",
        "extension": [ {
          "url": "ombCategory",
          "valueCoding": {
            "system": "urn:oid:2.16.840.1.113883.6.238",
            "code": "1002-5",
            "display": "American Indian or Alaska Native"
          }
        }, {
          "url": "text",
          "valueString": "American Indian or Alaska Native"
        } ]
      }, {
        "url": "http://hl7.org/fhir/us/core/StructureDefinition/us-core-ethnicity",
        "extension": [ {
          "url": "ombCategory",
          "valueCoding": {
            "system": "urn:oid:2.16.840.1.113883.6.238",
            "code": "2186-5",
            "display": "Not Hispanic or Latino"
          }
        }, {
          "url": "text",
          "valueString": "Not Hispanic or Latino"
        } ]
      } ],
      "identifier": [ {
        "type": {
          "coding": [ {
            "system": "http://terminology.hl7.org/CodeSystem/v2-0203",
            "code": "MR"
          } ]
        },
        "system": "https://bonnie-fhir.healthit.gov/",
        "value": "431385494631"
      } ],
      "name": [ {
        "family": "DENOMPass",
        "given": [ "ModtoSevLVSD" ]
      } ],
      "gender": "male",
      "birthDate": "1969-06-14"
    },
    "request": {
      "method": "PUT",
      "url": "Patient/b2abcd36-fabd-4d6e-93c4-2dd430f4969e"
    }
  }, {
    "fullUrl": "https://madie.cms.gov/Encounter/b8b523c9-5cb5-4f33-889d-1f3b55e02acd",
    "resource": {
      "resourceType": "Encounter",
      "id": "b8b523c9-5cb5-4f33-889d-1f3b55e02acd",
      "meta": {
        "profile": [ "http://hl7.org/fhir/us/qicore/StructureDefinition/qicore-encounter" ]
      },
      "status": "finished",
      "class": {
        "system": "http://terminology.hl7.org/CodeSystem/v3-ActCode",
        "code": "AMB",
        "display": "ambulatory"
      },
      "type": [ {
        "coding": [ {
          "system": "http://snomed.info/sct",
          "version": "http://snomed.info/sct/731000124108/version/20240301",
          "code": "185463005",
          "display": "Visit out of hours (procedure)"
        } ]
      } ],
      "subject": {
        "reference": "Patient/b2abcd36-fabd-4d6e-93c4-2dd430f4969e"
      },
      "period": {
        "start": "2026-03-31T14:40:00.000+00:00",
        "end": "2026-03-31T14:40:00.000+00:00"
      }
    },
    "request": {
      "method": "PUT",
      "url": "Encounter/b8b523c9-5cb5-4f33-889d-1f3b55e02acd"
    }
  }, {
    "fullUrl": "https://madie.cms.gov/Encounter/d02cccb5-dbe7-4827-b593-914f70487ac9",
    "resource": {
      "resourceType": "Encounter",
      "id": "d02cccb5-dbe7-4827-b593-914f70487ac9",
      "meta": {
        "profile": [ "http://hl7.org/fhir/us/qicore/StructureDefinition/qicore-encounter" ]
      },
      "status": "finished",
      "class": {
        "system": "http://terminology.hl7.org/CodeSystem/v3-ActCode",
        "code": "AMB",
        "display": "ambulatory"
      },
      "type": [ {
        "coding": [ {
          "system": "http://snomed.info/sct",
          "version": "http://snomed.info/sct/731000124108/version/20240301",
          "code": "185463005",
          "display": "Visit out of hours (procedure)"
        } ]
      } ],
      "subject": {
        "reference": "Patient/b2abcd36-fabd-4d6e-93c4-2dd430f4969e"
      },
      "period": {
        "start": "2026-05-15T11:50:00.000+00:00",
        "end": "2026-05-15T11:50:00.000+00:00"
      }
    },
    "request": {
      "method": "PUT",
      "url": "Encounter/d02cccb5-dbe7-4827-b593-914f70487ac9"
    }
  }, {
    "fullUrl": "https://madie.cms.gov/Condition/930e5c52-ff2d-404b-abd6-4cfabdbedb9e",
    "resource": {
      "resourceType": "Condition",
      "id": "930e5c52-ff2d-404b-abd6-4cfabdbedb9e",
      "meta": {
        "profile": [ "http://hl7.org/fhir/us/qicore/StructureDefinition/qicore-condition-problems-health-concerns" ]
      },
      "clinicalStatus": {
        "coding": [ {
          "system": "http://terminology.hl7.org/CodeSystem/condition-clinical",
          "code": "active",
          "display": "active"
        } ]
      },
      "verificationStatus": {
        "coding": [ {
          "system": "http://terminology.hl7.org/CodeSystem/condition-ver-status",
          "code": "confirmed",
          "display": "Confirmed"
        } ]
      },
      "category": [ {
        "coding": [ {
          "system": "http://terminology.hl7.org/CodeSystem/condition-category",
          "code": "problem-list-item",
          "display": "Problem List Item"
        } ]
      } ],
      "code": {
        "coding": [ {
          "system": "http://snomed.info/sct",
          "version": "http://snomed.info/sct/731000124108/version/20240301",
          "code": "10091002",
          "display": "High output heart failure (disorder)"
        } ]
      },
      "subject": {
        "reference": "Patient/b2abcd36-fabd-4d6e-93c4-2dd430f4969e"
      },
      "onsetPeriod": {
        "start": "2025-05-17T10:00:00.000+00:00"
      }
    },
    "request": {
      "method": "PUT",
      "url": "Condition/930e5c52-ff2d-404b-abd6-4cfabdbedb9e"
    }
  }, {
    "fullUrl": "https://madie.cms.gov/Condition/9fae3864-b493-45ce-9907-bc7fa9796d9b",
    "resource": {
      "resourceType": "Condition",
      "id": "9fae3864-b493-45ce-9907-bc7fa9796d9b",
      "meta": {
        "profile": [ "http://hl7.org/fhir/us/qicore/StructureDefinition/qicore-condition-problems-health-concerns" ]
      },
      "clinicalStatus": {
        "coding": [ {
          "system": "http://terminology.hl7.org/CodeSystem/condition-clinical",
          "code": "active",
          "display": "Active"
        } ]
      },
      "verificationStatus": {
        "coding": [ {
          "system": "http://terminology.hl7.org/CodeSystem/condition-ver-status",
          "code": "confirmed",
          "display": "Confirmed"
        } ]
      },
      "category": [ {
        "coding": [ {
          "system": "http://terminology.hl7.org/CodeSystem/condition-category",
          "code": "problem-list-item",
          "display": "Problem List Item"
        } ]
      } ],
      "code": {
        "coding": [ {
          "system": "http://snomed.info/sct",
          "version": "http://snomed.info/sct/731000124108/version/20240301",
          "code": "991000124109",
          "display": "Severe left ventricular systolic dysfunction (disorder)"
        } ]
      },
      "subject": {
        "reference": "Patient/b2abcd36-fabd-4d6e-93c4-2dd430f4969e"
      },
      "onsetDateTime": "2026-05-14T11:50:00.000+00:00"
    },
    "request": {
      "method": "PUT",
      "url": "Condition/9fae3864-b493-45ce-9907-bc7fa9796d9b"
    }
  }, {
    "fullUrl": "https://madie.cms.gov/MeasureReport/41481150-589d-4c81-b168-ef07bcdf0fb6",
    "resource": {
      "resourceType": "MeasureReport",
      "id": "41481150-589d-4c81-b168-ef07bcdf0fb6",
      "meta": {
        "profile": [ "http://hl7.org/fhir/us/cqfmeasures/StructureDefinition/test-case-cqfm" ]
      },
      "contained": [ {
        "resourceType": "Parameters",
        "id": "7676f8ac-f16d-4022-8ab3-9f8069090918-parameters",
        "parameter": [ {
          "name": "subject",
          "valueString": "b2abcd36-fabd-4d6e-93c4-2dd430f4969e"
        } ]
      } ],
      "extension": [ {
        "url": "http://hl7.org/fhir/StructureDefinition/cqf-inputParameters",
        "valueReference": {
          "reference": "#7676f8ac-f16d-4022-8ab3-9f8069090918-parameters"
        }
      }, {
        "url": "http://hl7.org/fhir/us/cqfmeasures/StructureDefinition/cqfm-testCaseDescription",
        "valueMarkdown": "Patient has two qualifying encounters, HF diagnosis and LVSD history, is not prescribed/taking ACE/ARB medication and does not have documentation of  reason for not being prescribed nor other conditions meeting exclusion and exception criteria."
      } ],
      "modifierExtension": [ {
        "url": "http://hl7.org/fhir/us/cqfmeasures/StructureDefinition/cqfm-isTestCase",
        "valueBoolean": true
      } ],
      "status": "complete",
      "type": "individual",
      "measure": "https://madie.cms.gov/Measure/CMS135FHIRHFACEIorARBorARNIforLVSD",
      "period": {
        "start": "2026-01-01",
        "end": "2026-12-31"
      },
      "group": [ {
        "id": "Group_1",
        "population": [ {
          "id": "InitialPopulation_1",
          "code": {
            "coding": [ {
              "system": "http://terminology.hl7.org/CodeSystem/measure-population",
              "code": "initial-population",
              "display": "Initial Population"
            } ]
          },
          "count": 1
        }, {
          "id": "Denominator_1",
          "code": {
            "coding": [ {
              "system": "http://terminology.hl7.org/CodeSystem/measure-population",
              "code": "denominator",
              "display": "Denominator"
            } ]
          },
          "count": 1
        }, {
          "id": "DenominatorExclusion_1",
          "code": {
            "coding": [ {
              "system": "http://terminology.hl7.org/CodeSystem/measure-population",
              "code": "denominator-exclusion",
              "display": "Denominator Exclusion"
            } ]
          },
          "count": 0
        }, {
          "id": "Numerator_1",
          "code": {
            "coding": [ {
              "system": "http://terminology.hl7.org/CodeSystem/measure-population",
              "code": "numerator",
              "display": "Numerator"
            } ]
          },
          "count": 0
        }, {
          "id": "DenominatorException_1",
          "code": {
            "coding": [ {
              "system": "http://terminology.hl7.org/CodeSystem/measure-population",
              "code": "denominator-exception",
              "display": "Denominator Exception"
            } ]
          },
          "count": 0
        } ],
        "measureScore": {
          "value": 1.0
        }
      } ],
      "evaluatedResource": [ {
        "reference": "Patient/b2abcd36-fabd-4d6e-93c4-2dd430f4969e"
      }, {
        "reference": "Encounter/b8b523c9-5cb5-4f33-889d-1f3b55e02acd"
      }, {
        "reference": "Encounter/d02cccb5-dbe7-4827-b593-914f70487ac9"
      }, {
        "reference": "Condition/930e5c52-ff2d-404b-abd6-4cfabdbedb9e"
      }, {
        "reference": "Condition/9fae3864-b493-45ce-9907-bc7fa9796d9b"
      } ]
    },
    "request": {
      "method": "PUT",
      "url": "MeasureReport/41481150-589d-4c81-b168-ef07bcdf0fb6"
    }
  } ]
}