{
  "resourceType": "Bundle",
  "id": "630307cb0968f8012247851f",
  "type": "transaction",
  "entry": [ {
    "fullUrl": "https://madie.cms.gov/Patient/624b9027-60eb-4661-9a15-344644178c39",
    "resource": {
      "resourceType": "Patient",
      "id": "624b9027-60eb-4661-9a15-344644178c39",
      "meta": {
        "profile": [ "http://hl7.org/fhir/us/qicore/StructureDefinition/qicore-patient" ]
      },
      "extension": [ {
        "url": "http://hl7.org/fhir/us/core/StructureDefinition/us-core-race",
        "extension": [ {
          "url": "ombCategory",
          "valueCoding": {
            "system": "urn:oid:2.16.840.1.113883.6.238",
            "code": "1002-5",
            "display": "American Indian or Alaska Native"
          }
        }, {
          "url": "detailed",
          "valueCoding": {
            "system": "urn:oid:2.16.840.1.113883.6.238",
            "code": "1072-8",
            "display": "Mexican American Indian"
          }
        }, {
          "url": "text",
          "valueString": "Mexican American Indian"
        } ]
      }, {
        "url": "http://hl7.org/fhir/us/core/StructureDefinition/us-core-ethnicity",
        "extension": [ {
          "url": "ombCategory",
          "valueCoding": {
            "system": "urn:oid:2.16.840.1.113883.6.238",
            "code": "2135-2",
            "display": "Hispanic or Latino"
          }
        }, {
          "url": "detailed",
          "valueCoding": {
            "system": "urn:oid:2.16.840.1.113883.6.238",
            "code": "2149-3",
            "display": "Mexican American"
          }
        }, {
          "url": "text",
          "valueString": "Hispanic or Latino"
        } ]
      } ],
      "identifier": [ {
        "type": {
          "coding": [ {
            "system": "http://terminology.hl7.org/CodeSystem/v2-0203",
            "code": "MR"
          } ]
        },
        "system": "https://bonnie-fhir.healthit.gov/",
        "value": "630307cb0968f8012247851f"
      } ],
      "name": [ {
        "family": "NUMERPopStrat1Pass",
        "given": [ "AssessmentInRelevantPeriod" ]
      } ],
      "gender": "female",
      "birthDate": "2013-01-01"
    },
    "request": {
      "method": "PUT",
      "url": "Patient/624b9027-60eb-4661-9a15-344644178c39"
    }
  }, {
    "fullUrl": "https://madie.cms.gov/Encounter/b7f340bb-f357-47aa-8095-1cc639df2f33",
    "resource": {
      "resourceType": "Encounter",
      "id": "b7f340bb-f357-47aa-8095-1cc639df2f33",
      "meta": {
        "profile": [ "http://hl7.org/fhir/us/qicore/StructureDefinition/qicore-encounter" ]
      },
      "status": "finished",
      "class": {
        "system": "http://terminology.hl7.org/CodeSystem/v3-ActCode",
        "code": "AMB",
        "display": "ambulatory"
      },
      "type": [ {
        "coding": [ {
          "system": "http://www.ama-assn.org/go/cpt",
          "version": "2024",
          "code": "90791"
        } ]
      } ],
      "subject": {
        "reference": "Patient/624b9027-60eb-4661-9a15-344644178c39"
      },
      "period": {
        "start": "2025-02-25T14:30:00+00:00",
        "end": "2025-02-25T14:50:00+00:00"
      },
      "length": {
        "value": 0,
        "unit": "days"
      }
    },
    "request": {
      "method": "PUT",
      "url": "Encounter/b7f340bb-f357-47aa-8095-1cc639df2f33"
    }
  }, {
    "fullUrl": "https://madie.cms.gov/Observation/611c38ab-fa1b-44c9-85e3-188ab9a336bb",
    "resource": {
      "resourceType": "Observation",
      "id": "611c38ab-fa1b-44c9-85e3-188ab9a336bb",
      "meta": {
        "profile": [ "http://hl7.org/fhir/us/qicore/StructureDefinition/qicore-observation-screening-assessment" ]
      },
      "status": "final",
      "category": [ {
        "coding": [ {
          "system": "http://terminology.hl7.org/CodeSystem/observation-category",
          "code": "survey",
          "display": "Survey"
        } ]
      } ],
      "code": {
        "coding": [ {
          "system": "http://loinc.org",
          "version": "2.76",
          "code": "44261-6"
        } ]
      },
      "subject": {
        "reference": "Patient/624b9027-60eb-4661-9a15-344644178c39"
      },
      "effectiveDateTime": "2025-02-25T14:35:00+00:00",
      "valueInteger": 10
    },
    "request": {
      "method": "PUT",
      "url": "Observation/611c38ab-fa1b-44c9-85e3-188ab9a336bb"
    }
  }, {
    "fullUrl": "https://madie.cms.gov/Observation/c33d42f7-eb5f-4a8a-9bd5-c1eb12114dd1",
    "resource": {
      "resourceType": "Observation",
      "id": "c33d42f7-eb5f-4a8a-9bd5-c1eb12114dd1",
      "meta": {
        "profile": [ "http://hl7.org/fhir/us/qicore/StructureDefinition/qicore-observation-screening-assessment" ]
      },
      "status": "final",
      "category": [ {
        "coding": [ {
          "system": "http://terminology.hl7.org/CodeSystem/observation-category",
          "code": "survey",
          "display": "Survey"
        } ]
      } ],
      "code": {
        "coding": [ {
          "system": "http://loinc.org",
          "version": "2.76",
          "code": "44261-6"
        } ]
      },
      "subject": {
        "reference": "Patient/624b9027-60eb-4661-9a15-344644178c39"
      },
      "effectiveDateTime": "2026-02-19T14:30:00+00:00",
      "valueInteger": 2
    },
    "request": {
      "method": "PUT",
      "url": "Observation/c33d42f7-eb5f-4a8a-9bd5-c1eb12114dd1"
    }
  }, {
    "fullUrl": "https://madie.cms.gov/Condition/03d625dc-265e-4b47-9d0e-f281d8c2312c",
    "resource": {
      "resourceType": "Condition",
      "id": "03d625dc-265e-4b47-9d0e-f281d8c2312c",
      "meta": {
        "profile": [ "http://hl7.org/fhir/us/qicore/StructureDefinition/qicore-condition-problems-health-concerns" ]
      },
      "clinicalStatus": {
        "coding": [ {
          "system": "http://terminology.hl7.org/CodeSystem/condition-clinical",
          "code": "active",
          "display": "active"
        } ]
      },
      "verificationStatus": {
        "coding": [ {
          "system": "http://terminology.hl7.org/CodeSystem/condition-ver-status",
          "code": "confirmed"
        } ]
      },
      "category": [ {
        "coding": [ {
          "system": "http://terminology.hl7.org/CodeSystem/condition-category",
          "code": "problem-list-item",
          "display": "Problem List Item"
        } ]
      } ],
      "code": {
        "coding": [ {
          "system": "http://hl7.org/fhir/sid/icd-10-cm",
          "version": "2024",
          "code": "F32.9"
        } ]
      },
      "subject": {
        "reference": "Patient/624b9027-60eb-4661-9a15-344644178c39"
      },
      "onsetDateTime": "2025-02-25T14:35:00+00:00"
    },
    "request": {
      "method": "PUT",
      "url": "Condition/03d625dc-265e-4b47-9d0e-f281d8c2312c"
    }
  }, {
    "fullUrl": "https://madie.cms.gov/MeasureReport/64f6d1c1-8ec5-4792-b84d-a360cd9236a7",
    "resource": {
      "resourceType": "MeasureReport",
      "id": "64f6d1c1-8ec5-4792-b84d-a360cd9236a7",
      "meta": {
        "profile": [ "http://hl7.org/fhir/us/cqfmeasures/StructureDefinition/test-case-cqfm" ]
      },
      "contained": [ {
        "resourceType": "Parameters",
        "id": "85320d97-20f1-4e37-b0c7-113841534131-parameters",
        "parameter": [ {
          "name": "subject",
          "valueString": "624b9027-60eb-4661-9a15-344644178c39"
        } ]
      } ],
      "extension": [ {
        "url": "http://hl7.org/fhir/StructureDefinition/cqf-inputParameters",
        "valueReference": {
          "reference": "#85320d97-20f1-4e37-b0c7-113841534131-parameters"
        }
      }, {
        "url": "http://hl7.org/fhir/us/cqfmeasures/StructureDefinition/cqfm-testCaseDescription",
        "valueMarkdown": "Patient is 12 years old and has a Major Depression diagnosis, an encounter with PHQ-9>9 during Denom ID period and a PHQ-9<5 during MAP. Patient passes num and falls into strat 1."
      } ],
      "modifierExtension": [ {
        "url": "http://hl7.org/fhir/us/cqfmeasures/StructureDefinition/cqfm-isTestCase",
        "valueBoolean": true
      } ],
      "status": "complete",
      "type": "individual",
      "measure": "https://madie.cms.gov/Measure/CMS159FHIRDepressionRemissionatTwelveMonths",
      "period": {
        "start": "2026-01-01",
        "end": "2026-12-31"
      },
      "group": [ {
        "id": "Group_1",
        "population": [ {
          "id": "InitialPopulation_1",
          "code": {
            "coding": [ {
              "system": "http://terminology.hl7.org/CodeSystem/measure-population",
              "code": "initial-population",
              "display": "Initial Population"
            } ]
          },
          "count": 1
        }, {
          "id": "Denominator_1",
          "code": {
            "coding": [ {
              "system": "http://terminology.hl7.org/CodeSystem/measure-population",
              "code": "denominator",
              "display": "Denominator"
            } ]
          },
          "count": 1
        }, {
          "id": "DenominatorExclusion_1",
          "code": {
            "coding": [ {
              "system": "http://terminology.hl7.org/CodeSystem/measure-population",
              "code": "denominator-exclusion",
              "display": "Denominator Exclusion"
            } ]
          },
          "count": 0
        }, {
          "id": "Numerator_1",
          "code": {
            "coding": [ {
              "system": "http://terminology.hl7.org/CodeSystem/measure-population",
              "code": "numerator",
              "display": "Numerator"
            } ]
          },
          "count": 1
        } ],
        "measureScore": {
          "value": 1.0
        }
      } ],
      "evaluatedResource": [ {
        "reference": "Patient/624b9027-60eb-4661-9a15-344644178c39"
      }, {
        "reference": "Encounter/b7f340bb-f357-47aa-8095-1cc639df2f33"
      }, {
        "reference": "Observation/611c38ab-fa1b-44c9-85e3-188ab9a336bb"
      }, {
        "reference": "Observation/c33d42f7-eb5f-4a8a-9bd5-c1eb12114dd1"
      }, {
        "reference": "Condition/03d625dc-265e-4b47-9d0e-f281d8c2312c"
      } ]
    },
    "request": {
      "method": "PUT",
      "url": "MeasureReport/64f6d1c1-8ec5-4792-b84d-a360cd9236a7"
    }
  } ]
}