{
  "resourceType": "Bundle",
  "id": "62d95b63f0347d1abcae6c07",
  "type": "transaction",
  "entry": [ {
    "fullUrl": "https://madie.cms.gov/Patient/30561eea-67f0-487c-aff4-a2dea36cb0f9",
    "resource": {
      "resourceType": "Patient",
      "id": "30561eea-67f0-487c-aff4-a2dea36cb0f9",
      "meta": {
        "profile": [ "http://hl7.org/fhir/us/qicore/StructureDefinition/qicore-patient" ]
      },
      "extension": [ {
        "url": "http://hl7.org/fhir/us/core/StructureDefinition/us-core-race",
        "extension": [ {
          "url": "ombCategory",
          "valueCoding": {
            "system": "urn:oid:2.16.840.1.113883.6.238",
            "code": "1002-5",
            "display": "American Indian or Alaska Native",
            "userSelected": true
          }
        }, {
          "url": "text",
          "valueString": "American Indian or Alaska Native"
        } ]
      }, {
        "url": "http://hl7.org/fhir/us/core/StructureDefinition/us-core-ethnicity",
        "extension": [ {
          "url": "ombCategory",
          "valueCoding": {
            "system": "urn:oid:2.16.840.1.113883.6.238",
            "code": "2135-2",
            "display": "Hispanic or Latino",
            "userSelected": true
          }
        }, {
          "url": "text",
          "valueString": "Hispanic or Latino"
        } ]
      } ],
      "identifier": [ {
        "type": {
          "coding": [ {
            "system": "http://terminology.hl7.org/CodeSystem/v2-0203",
            "code": "MR"
          } ]
        },
        "system": "https://bonnie-fhir.healthit.gov/",
        "value": "62d95b63f0347d1abcae6c07"
      } ],
      "name": [ {
        "family": "IPFail",
        "given": [ "EncounterOneDayAfterMP" ]
      } ],
      "gender": "male",
      "birthDate": "2005-12-31"
    },
    "request": {
      "method": "PUT",
      "url": "Patient/30561eea-67f0-487c-aff4-a2dea36cb0f9"
    }
  }, {
    "fullUrl": "https://madie.cms.gov/Encounter/fd3c2650-01ea-44fe-8021-490e15421892",
    "resource": {
      "resourceType": "Encounter",
      "id": "fd3c2650-01ea-44fe-8021-490e15421892",
      "meta": {
        "profile": [ "http://hl7.org/fhir/us/qicore/StructureDefinition/qicore-encounter" ]
      },
      "status": "finished",
      "class": {
        "system": "http://terminology.hl7.org/CodeSystem/v3-ActCode",
        "code": "AMB",
        "display": "Ambulatory",
        "userSelected": true
      },
      "type": [ {
        "coding": [ {
          "system": "http://snomed.info/sct",
          "version": "2022-03",
          "code": "103705002",
          "display": "Patient status observation (procedure)",
          "userSelected": true
        } ]
      } ],
      "subject": {
        "reference": "Patient/30561eea-67f0-487c-aff4-a2dea36cb0f9"
      },
      "period": {
        "start": "2027-01-01T08:00:00.000+00:00",
        "end": "2027-01-01T08:30:00.000+00:00"
      }
    },
    "request": {
      "method": "PUT",
      "url": "Encounter/fd3c2650-01ea-44fe-8021-490e15421892"
    }
  }, {
    "fullUrl": "https://madie.cms.gov/Coverage/34190904-00e0-4a04-86a2-fb1f5fb5eee4",
    "resource": {
      "resourceType": "Coverage",
      "id": "34190904-00e0-4a04-86a2-fb1f5fb5eee4",
      "meta": {
        "profile": [ "http://hl7.org/fhir/us/qicore/StructureDefinition/qicore-coverage" ]
      },
      "status": "active",
      "beneficiary": {
        "reference": "Patient/30561eea-67f0-487c-aff4-a2dea36cb0f9"
      },
      "payor": [ {
        "reference": "Organization/573a3da3-6d89-4056-9d65-d851aa5938f9"
      } ]
    },
    "request": {
      "method": "PUT",
      "url": "Coverage/34190904-00e0-4a04-86a2-fb1f5fb5eee4"
    }
  }, {
    "fullUrl": "https://madie.cms.gov/Organization/573a3da3-6d89-4056-9d65-d851aa5938f9",
    "resource": {
      "resourceType": "Organization",
      "id": "573a3da3-6d89-4056-9d65-d851aa5938f9",
      "meta": {
        "profile": [ "http://hl7.org/fhir/us/qicore/StructureDefinition/qicore-organization" ]
      },
      "identifier": [ {
        "use": "temp",
        "system": "urn:oid:2.16.840.1.113883.4.4",
        "value": "21-3259825"
      } ],
      "active": true,
      "type": [ {
        "coding": [ {
          "system": "http://terminology.hl7.org/CodeSystem/organization-type",
          "code": "pay",
          "display": "Payer"
        } ]
      } ],
      "name": "Blue Cross Blue Shield of Texas",
      "telecom": [ {
        "system": "phone",
        "value": "(+1) 972-766-6900"
      } ],
      "address": [ {
        "use": "billing",
        "type": "postal",
        "line": [ "P.O. Box 660044" ],
        "city": "Dallas",
        "state": "TX",
        "postalCode": "75266-0044",
        "country": "USA"
      } ]
    },
    "request": {
      "method": "PUT",
      "url": "Organization/573a3da3-6d89-4056-9d65-d851aa5938f9"
    }
  }, {
    "fullUrl": "https://madie.cms.gov/Practitioner/470ef8ec-4943-4633-996e-b02b15ac4fcd",
    "resource": {
      "resourceType": "Practitioner",
      "id": "470ef8ec-4943-4633-996e-b02b15ac4fcd",
      "identifier": [ {
        "system": "http://hl7.org/fhir/sid/us-npi",
        "value": "123456"
      } ],
      "name": [ {
        "family": "Evil",
        "prefix": [ "Dr" ]
      } ]
    },
    "request": {
      "method": "PUT",
      "url": "Practitioner/470ef8ec-4943-4633-996e-b02b15ac4fcd"
    }
  }, {
    "fullUrl": "https://madie.cms.gov/MeasureReport/0e39393f-8694-4ea8-817d-0e1f7a37774e",
    "resource": {
      "resourceType": "MeasureReport",
      "id": "0e39393f-8694-4ea8-817d-0e1f7a37774e",
      "meta": {
        "profile": [ "http://hl7.org/fhir/us/cqfmeasures/StructureDefinition/test-case-cqfm" ]
      },
      "contained": [ {
        "resourceType": "Parameters",
        "id": "f9032ce4-dede-48c8-9428-de54bee974d0-parameters",
        "parameter": [ {
          "name": "subject",
          "valueString": "30561eea-67f0-487c-aff4-a2dea36cb0f9"
        } ]
      } ],
      "extension": [ {
        "url": "http://hl7.org/fhir/StructureDefinition/cqf-inputParameters",
        "valueReference": {
          "reference": "#f9032ce4-dede-48c8-9428-de54bee974d0-parameters"
        }
      }, {
        "url": "http://hl7.org/fhir/us/cqfmeasures/StructureDefinition/cqfm-testCaseDescription",
        "valueMarkdown": "Encounter One Day After MP."
      } ],
      "modifierExtension": [ {
        "url": "http://hl7.org/fhir/us/cqfmeasures/StructureDefinition/cqfm-isTestCase",
        "valueBoolean": true
      } ],
      "status": "complete",
      "type": "individual",
      "measure": "https://madie.cms.gov/Measure/CMS22FHIRPCSBPScreeningFollowUp",
      "period": {
        "start": "2026-01-01",
        "end": "2026-12-31"
      },
      "group": [ {
        "id": "Group_1",
        "population": [ {
          "id": "InitialPopulation_1",
          "code": {
            "coding": [ {
              "system": "http://terminology.hl7.org/CodeSystem/measure-population",
              "code": "initial-population",
              "display": "Initial Population"
            } ]
          },
          "count": 0
        }, {
          "id": "Denominator_1",
          "code": {
            "coding": [ {
              "system": "http://terminology.hl7.org/CodeSystem/measure-population",
              "code": "denominator",
              "display": "Denominator"
            } ]
          },
          "count": 0
        }, {
          "id": "DenominatorExclusion_1",
          "code": {
            "coding": [ {
              "system": "http://terminology.hl7.org/CodeSystem/measure-population",
              "code": "denominator-exclusion",
              "display": "Denominator Exclusion"
            } ]
          },
          "count": 0
        }, {
          "id": "Numerator_1",
          "code": {
            "coding": [ {
              "system": "http://terminology.hl7.org/CodeSystem/measure-population",
              "code": "numerator",
              "display": "Numerator"
            } ]
          },
          "count": 0
        }, {
          "id": "DenominatorException_1",
          "code": {
            "coding": [ {
              "system": "http://terminology.hl7.org/CodeSystem/measure-population",
              "code": "denominator-exception",
              "display": "Denominator Exception"
            } ]
          },
          "count": 0
        } ],
        "measureScore": {
          "value": 0.0
        }
      } ],
      "evaluatedResource": [ {
        "reference": "Patient/30561eea-67f0-487c-aff4-a2dea36cb0f9"
      }, {
        "reference": "Encounter/fd3c2650-01ea-44fe-8021-490e15421892"
      }, {
        "reference": "Coverage/34190904-00e0-4a04-86a2-fb1f5fb5eee4"
      }, {
        "reference": "Organization/573a3da3-6d89-4056-9d65-d851aa5938f9"
      }, {
        "reference": "Practitioner/470ef8ec-4943-4633-996e-b02b15ac4fcd"
      } ]
    },
    "request": {
      "method": "PUT",
      "url": "MeasureReport/0e39393f-8694-4ea8-817d-0e1f7a37774e"
    }
  } ]
}