{
  "resourceType": "Bundle",
  "id": "630307be0968f80122477542",
  "type": "transaction",
  "entry": [ {
    "fullUrl": "https://madie.cms.gov/Patient/3776140d-948a-4126-908a-6a95af1d80fa",
    "resource": {
      "resourceType": "Patient",
      "id": "3776140d-948a-4126-908a-6a95af1d80fa",
      "meta": {
        "profile": [ "http://hl7.org/fhir/us/qicore/StructureDefinition/qicore-patient" ]
      },
      "extension": [ {
        "url": "http://hl7.org/fhir/us/core/StructureDefinition/us-core-race",
        "extension": [ {
          "url": "ombCategory",
          "valueCoding": {
            "system": "urn:oid:2.16.840.1.113883.6.238",
            "code": "2106-3",
            "display": "White"
          }
        }, {
          "url": "text",
          "valueString": "White"
        } ]
      }, {
        "url": "http://hl7.org/fhir/us/core/StructureDefinition/us-core-ethnicity",
        "extension": [ {
          "url": "ombCategory",
          "valueCoding": {
            "system": "urn:oid:2.16.840.1.113883.6.238",
            "code": "2186-5",
            "display": "Not Hispanic or Latino"
          }
        }, {
          "url": "text",
          "valueString": "Not Hispanic or Latino"
        } ]
      } ],
      "identifier": [ {
        "type": {
          "coding": [ {
            "system": "http://terminology.hl7.org/CodeSystem/v2-0203",
            "code": "MR"
          } ]
        },
        "system": "https://bonnie-fhir.healthit.gov/",
        "value": "630307be0968f80122477542"
      } ],
      "name": [ {
        "family": "IPPPopStrat1Fail",
        "given": [ "PHQ9Lessthan9Pop1" ]
      } ],
      "gender": "female",
      "birthDate": "2010-01-01"
    },
    "request": {
      "method": "PUT",
      "url": "Patient/3776140d-948a-4126-908a-6a95af1d80fa"
    }
  }, {
    "fullUrl": "https://madie.cms.gov/Encounter/8cd86e8e-09c9-4879-bd42-720a0fade963",
    "resource": {
      "resourceType": "Encounter",
      "id": "8cd86e8e-09c9-4879-bd42-720a0fade963",
      "meta": {
        "profile": [ "http://hl7.org/fhir/us/qicore/StructureDefinition/qicore-encounter" ]
      },
      "status": "finished",
      "class": {
        "system": "http://terminology.hl7.org/CodeSystem/v3-ActCode",
        "code": "AMB",
        "display": "ambulatory"
      },
      "type": [ {
        "coding": [ {
          "system": "http://www.ama-assn.org/go/cpt",
          "version": "2024",
          "code": "90791"
        } ]
      } ],
      "subject": {
        "reference": "Patient/3776140d-948a-4126-908a-6a95af1d80fa"
      },
      "period": {
        "start": "2025-02-25T14:30:00+00:00",
        "end": "2025-02-25T14:50:00+00:00"
      }
    },
    "request": {
      "method": "PUT",
      "url": "Encounter/8cd86e8e-09c9-4879-bd42-720a0fade963"
    }
  }, {
    "fullUrl": "https://madie.cms.gov/Observation/c6215b1a-3ba7-4cbb-a19c-2847eda2297a",
    "resource": {
      "resourceType": "Observation",
      "id": "c6215b1a-3ba7-4cbb-a19c-2847eda2297a",
      "meta": {
        "profile": [ "http://hl7.org/fhir/us/qicore/StructureDefinition/qicore-observation-screening-assessment" ]
      },
      "status": "final",
      "category": [ {
        "coding": [ {
          "system": "http://terminology.hl7.org/CodeSystem/observation-category",
          "code": "survey",
          "display": "Survey"
        } ]
      } ],
      "code": {
        "coding": [ {
          "system": "http://loinc.org",
          "version": "2.76",
          "code": "44261-6"
        } ]
      },
      "subject": {
        "reference": "Patient/3776140d-948a-4126-908a-6a95af1d80fa"
      },
      "effectiveDateTime": "2025-02-25T14:35:00+00:00",
      "valueInteger": 8
    },
    "request": {
      "method": "PUT",
      "url": "Observation/c6215b1a-3ba7-4cbb-a19c-2847eda2297a"
    }
  }, {
    "fullUrl": "https://madie.cms.gov/Observation/e03e5494-6fd3-44a7-8573-c5f0e24951b6",
    "resource": {
      "resourceType": "Observation",
      "id": "e03e5494-6fd3-44a7-8573-c5f0e24951b6",
      "meta": {
        "profile": [ "http://hl7.org/fhir/us/qicore/StructureDefinition/qicore-observation-screening-assessment" ]
      },
      "status": "final",
      "category": [ {
        "coding": [ {
          "system": "http://terminology.hl7.org/CodeSystem/observation-category",
          "code": "survey",
          "display": "Survey"
        } ]
      } ],
      "code": {
        "coding": [ {
          "system": "http://loinc.org",
          "version": "2.76",
          "code": "44261-6"
        } ]
      },
      "subject": {
        "reference": "Patient/3776140d-948a-4126-908a-6a95af1d80fa"
      },
      "effectiveDateTime": "2026-02-19T14:30:00+00:00",
      "valueInteger": 4
    },
    "request": {
      "method": "PUT",
      "url": "Observation/e03e5494-6fd3-44a7-8573-c5f0e24951b6"
    }
  }, {
    "fullUrl": "https://madie.cms.gov/Condition/990243b2-c9a9-4d27-a751-332a62d6344d",
    "resource": {
      "resourceType": "Condition",
      "id": "990243b2-c9a9-4d27-a751-332a62d6344d",
      "meta": {
        "profile": [ "http://hl7.org/fhir/us/qicore/StructureDefinition/qicore-condition-problems-health-concerns" ]
      },
      "clinicalStatus": {
        "coding": [ {
          "system": "http://terminology.hl7.org/CodeSystem/condition-clinical",
          "code": "active",
          "display": "active"
        } ]
      },
      "verificationStatus": {
        "coding": [ {
          "system": "http://terminology.hl7.org/CodeSystem/condition-ver-status",
          "code": "confirmed",
          "display": "confirmed"
        } ]
      },
      "category": [ {
        "coding": [ {
          "system": "http://terminology.hl7.org/CodeSystem/condition-category",
          "code": "problem-list-item",
          "display": "Problem List Item"
        } ]
      } ],
      "code": {
        "coding": [ {
          "system": "http://hl7.org/fhir/sid/icd-10-cm",
          "version": "2024",
          "code": "F32.9",
          "display": "Major Depressive Disorder"
        } ]
      },
      "subject": {
        "reference": "Patient/3776140d-948a-4126-908a-6a95af1d80fa"
      },
      "onsetDateTime": "2024-02-25T14:35:00+00:00"
    },
    "request": {
      "method": "PUT",
      "url": "Condition/990243b2-c9a9-4d27-a751-332a62d6344d"
    }
  }, {
    "fullUrl": "https://madie.cms.gov/Encounter/d9ef7522-3364-43d4-8802-bb7894d204e8",
    "resource": {
      "resourceType": "Encounter",
      "id": "d9ef7522-3364-43d4-8802-bb7894d204e8",
      "meta": {
        "profile": [ "http://hl7.org/fhir/us/qicore/StructureDefinition/qicore-encounter" ]
      },
      "status": "finished",
      "class": {
        "system": "http://terminology.hl7.org/CodeSystem/v3-ActCode",
        "code": "AMB",
        "display": "ambulatory"
      },
      "type": [ {
        "coding": [ {
          "system": "http://www.nlm.nih.gov/research/umls/hcpcs",
          "version": "2024",
          "code": "G0438",
          "display": "Annual wellness visit; includes a personalized prevention plan of service (pps), initial visit"
        } ]
      } ],
      "subject": {
        "reference": "Patient/3776140d-948a-4126-908a-6a95af1d80fa"
      },
      "period": {
        "start": "2025-12-31T08:00:00+00:00",
        "end": "2026-01-01T12:00:00+00:00"
      }
    },
    "request": {
      "method": "PUT",
      "url": "Encounter/d9ef7522-3364-43d4-8802-bb7894d204e8"
    }
  }, {
    "fullUrl": "https://madie.cms.gov/MeasureReport/ad696bee-f3b7-4414-8ea7-6508aa0c4b29",
    "resource": {
      "resourceType": "MeasureReport",
      "id": "ad696bee-f3b7-4414-8ea7-6508aa0c4b29",
      "meta": {
        "profile": [ "http://hl7.org/fhir/us/cqfmeasures/StructureDefinition/test-case-cqfm" ]
      },
      "contained": [ {
        "resourceType": "Parameters",
        "id": "b91de2d5-8759-451a-a6b5-1aeba116a8a7-parameters",
        "parameter": [ {
          "name": "subject",
          "valueString": "3776140d-948a-4126-908a-6a95af1d80fa"
        } ]
      } ],
      "extension": [ {
        "url": "http://hl7.org/fhir/StructureDefinition/cqf-inputParameters",
        "valueReference": {
          "reference": "#b91de2d5-8759-451a-a6b5-1aeba116a8a7-parameters"
        }
      }, {
        "url": "http://hl7.org/fhir/us/cqfmeasures/StructureDefinition/cqfm-testCaseDescription",
        "valueMarkdown": "Patient is 16 and has Major depression diagnosis during denom ID period. Patient has PHQ-9 score below 9 during denom ID period. Note: Stratification issue."
      } ],
      "modifierExtension": [ {
        "url": "http://hl7.org/fhir/us/cqfmeasures/StructureDefinition/cqfm-isTestCase",
        "valueBoolean": true
      } ],
      "status": "complete",
      "type": "individual",
      "measure": "https://madie.cms.gov/Measure/CMS159FHIRDepressionRemissionatTwelveMonths",
      "period": {
        "start": "2026-01-01",
        "end": "2026-12-31"
      },
      "group": [ {
        "id": "Group_1",
        "population": [ {
          "id": "InitialPopulation_1",
          "code": {
            "coding": [ {
              "system": "http://terminology.hl7.org/CodeSystem/measure-population",
              "code": "initial-population",
              "display": "Initial Population"
            } ]
          },
          "count": 0
        }, {
          "id": "Denominator_1",
          "code": {
            "coding": [ {
              "system": "http://terminology.hl7.org/CodeSystem/measure-population",
              "code": "denominator",
              "display": "Denominator"
            } ]
          },
          "count": 0
        }, {
          "id": "DenominatorExclusion_1",
          "code": {
            "coding": [ {
              "system": "http://terminology.hl7.org/CodeSystem/measure-population",
              "code": "denominator-exclusion",
              "display": "Denominator Exclusion"
            } ]
          },
          "count": 0
        }, {
          "id": "Numerator_1",
          "code": {
            "coding": [ {
              "system": "http://terminology.hl7.org/CodeSystem/measure-population",
              "code": "numerator",
              "display": "Numerator"
            } ]
          },
          "count": 0
        } ],
        "measureScore": {
          "value": 1.0
        }
      } ],
      "evaluatedResource": [ {
        "reference": "Patient/3776140d-948a-4126-908a-6a95af1d80fa"
      }, {
        "reference": "Encounter/8cd86e8e-09c9-4879-bd42-720a0fade963"
      }, {
        "reference": "Observation/c6215b1a-3ba7-4cbb-a19c-2847eda2297a"
      }, {
        "reference": "Observation/e03e5494-6fd3-44a7-8573-c5f0e24951b6"
      }, {
        "reference": "Condition/990243b2-c9a9-4d27-a751-332a62d6344d"
      }, {
        "reference": "Encounter/d9ef7522-3364-43d4-8802-bb7894d204e8"
      } ]
    },
    "request": {
      "method": "PUT",
      "url": "MeasureReport/ad696bee-f3b7-4414-8ea7-6508aa0c4b29"
    }
  } ]
}