{
  "resourceType": "Bundle",
  "id": "98941351648165115656",
  "type": "transaction",
  "entry": [ {
    "fullUrl": "https://madie.cms.gov/Patient/75fc7993-6b07-49f8-a8aa-747dfcbb3d8f",
    "resource": {
      "resourceType": "Patient",
      "id": "75fc7993-6b07-49f8-a8aa-747dfcbb3d8f",
      "meta": {
        "profile": [ "http://hl7.org/fhir/us/qicore/StructureDefinition/qicore-patient" ]
      },
      "extension": [ {
        "url": "http://hl7.org/fhir/us/core/StructureDefinition/us-core-race",
        "extension": [ {
          "url": "ombCategory",
          "valueCoding": {
            "system": "urn:oid:2.16.840.1.113883.6.238",
            "code": "1002-5",
            "display": "American Indian or Alaska Native"
          }
        }, {
          "url": "text",
          "valueString": "American Indian or Alaska Native"
        } ]
      }, {
        "url": "http://hl7.org/fhir/us/core/StructureDefinition/us-core-ethnicity",
        "extension": [ {
          "url": "ombCategory",
          "valueCoding": {
            "system": "urn:oid:2.16.840.1.113883.6.238",
            "code": "2186-5",
            "display": "Not Hispanic or Latino"
          }
        }, {
          "url": "text",
          "valueString": "Not Hispanic or Latino"
        } ]
      } ],
      "identifier": [ {
        "type": {
          "coding": [ {
            "system": "http://terminology.hl7.org/CodeSystem/v2-0203",
            "code": "MR"
          } ]
        },
        "system": "https://bonnie-fhir.healthit.gov/",
        "value": "16586168461616"
      } ],
      "active": true,
      "name": [ {
        "use": "usual",
        "family": "DENEXCEPPop2Pass",
        "given": [ "BradycardiaNoQualifyingEncounter" ]
      } ],
      "gender": "female",
      "birthDate": "1947-03-24"
    },
    "request": {
      "method": "PUT",
      "url": "Patient/75fc7993-6b07-49f8-a8aa-747dfcbb3d8f"
    }
  }, {
    "fullUrl": "https://madie.cms.gov/Encounter/262175ba-ec67-4a58-9891-2d4b7c3bafba",
    "resource": {
      "resourceType": "Encounter",
      "id": "262175ba-ec67-4a58-9891-2d4b7c3bafba",
      "meta": {
        "profile": [ "http://hl7.org/fhir/us/qicore/StructureDefinition/qicore-encounter" ]
      },
      "status": "finished",
      "class": {
        "system": "http://terminology.hl7.org/CodeSystem/v3-ActCode",
        "code": "AMB",
        "display": "ambulatory encounter"
      },
      "type": [ {
        "coding": [ {
          "system": "http://www.ama-assn.org/go/cpt",
          "version": "2024",
          "code": "99205"
        } ]
      } ],
      "subject": {
        "reference": "Patient/75fc7993-6b07-49f8-a8aa-747dfcbb3d8f"
      },
      "period": {
        "start": "2026-04-05T06:00:00.000+00:00",
        "end": "2026-04-05T07:00:00.000+00:00"
      }
    },
    "request": {
      "method": "PUT",
      "url": "Encounter/262175ba-ec67-4a58-9891-2d4b7c3bafba"
    }
  }, {
    "fullUrl": "https://madie.cms.gov/Encounter/2e62d7ab-1ead-4dcb-8bcf-76b8cace64f6",
    "resource": {
      "resourceType": "Encounter",
      "id": "2e62d7ab-1ead-4dcb-8bcf-76b8cace64f6",
      "meta": {
        "profile": [ "http://hl7.org/fhir/us/qicore/StructureDefinition/qicore-encounter" ]
      },
      "status": "finished",
      "class": {
        "system": "http://terminology.hl7.org/CodeSystem/v3-ActCode",
        "code": "AMB",
        "display": "ambulatory encounter"
      },
      "type": [ {
        "coding": [ {
          "system": "http://www.ama-assn.org/go/cpt",
          "version": "2024",
          "code": "99205"
        } ]
      } ],
      "subject": {
        "reference": "Patient/75fc7993-6b07-49f8-a8aa-747dfcbb3d8f"
      },
      "period": {
        "start": "2026-07-08T09:00:00.000+00:00",
        "end": "2026-07-08T09:00:00.000+00:00"
      }
    },
    "request": {
      "method": "PUT",
      "url": "Encounter/2e62d7ab-1ead-4dcb-8bcf-76b8cace64f6"
    }
  }, {
    "fullUrl": "https://madie.cms.gov/Condition/3ea8e867-5529-4c3e-b56f-019ce049b16e",
    "resource": {
      "resourceType": "Condition",
      "id": "3ea8e867-5529-4c3e-b56f-019ce049b16e",
      "meta": {
        "profile": [ "http://hl7.org/fhir/us/qicore/StructureDefinition/qicore-condition-problems-health-concerns" ]
      },
      "clinicalStatus": {
        "coding": [ {
          "system": "http://terminology.hl7.org/CodeSystem/condition-clinical",
          "code": "active",
          "display": "Active"
        } ]
      },
      "verificationStatus": {
        "coding": [ {
          "system": "http://terminology.hl7.org/CodeSystem/condition-ver-status",
          "code": "confirmed",
          "display": "Confirmed"
        } ]
      },
      "category": [ {
        "coding": [ {
          "system": "http://terminology.hl7.org/CodeSystem/condition-category",
          "code": "problem-list-item",
          "display": "Problem List Item"
        } ]
      } ],
      "code": {
        "coding": [ {
          "system": "http://hl7.org/fhir/sid/icd-10-cm",
          "version": "2024",
          "code": "I21.01"
        } ]
      },
      "subject": {
        "reference": "Patient/75fc7993-6b07-49f8-a8aa-747dfcbb3d8f"
      },
      "onsetPeriod": {
        "start": "2023-11-22T07:30:00.000+00:00",
        "end": "2023-11-22T08:30:00.000+00:00"
      }
    },
    "request": {
      "method": "PUT",
      "url": "Condition/3ea8e867-5529-4c3e-b56f-019ce049b16e"
    }
  }, {
    "fullUrl": "https://madie.cms.gov/Condition/25bdedd7-d6f5-4296-aa58-1039a9fee6db",
    "resource": {
      "resourceType": "Condition",
      "id": "25bdedd7-d6f5-4296-aa58-1039a9fee6db",
      "meta": {
        "profile": [ "http://hl7.org/fhir/us/qicore/StructureDefinition/qicore-condition-problems-health-concerns" ]
      },
      "clinicalStatus": {
        "coding": [ {
          "system": "http://terminology.hl7.org/CodeSystem/condition-clinical",
          "code": "active",
          "display": "Active"
        } ]
      },
      "verificationStatus": {
        "coding": [ {
          "system": "http://terminology.hl7.org/CodeSystem/condition-ver-status",
          "code": "confirmed"
        } ]
      },
      "category": [ {
        "coding": [ {
          "system": "http://terminology.hl7.org/CodeSystem/condition-category",
          "code": "problem-list-item",
          "display": "Problem List Item"
        } ]
      } ],
      "code": {
        "coding": [ {
          "system": "http://snomed.info/sct",
          "version": "http://snomed.info/sct/731000124108/version/20240301",
          "code": "10365005",
          "display": "Right main coronary artery thrombosis (disorder)"
        } ]
      },
      "subject": {
        "reference": "Patient/75fc7993-6b07-49f8-a8aa-747dfcbb3d8f"
      },
      "onsetPeriod": {
        "start": "2026-01-21T07:00:00.000+00:00"
      }
    },
    "request": {
      "method": "PUT",
      "url": "Condition/25bdedd7-d6f5-4296-aa58-1039a9fee6db"
    }
  }, {
    "fullUrl": "https://madie.cms.gov/Condition/08d8d017-b842-4338-9bee-0b02b9a88c55",
    "resource": {
      "resourceType": "Condition",
      "id": "08d8d017-b842-4338-9bee-0b02b9a88c55",
      "meta": {
        "profile": [ "http://hl7.org/fhir/us/qicore/StructureDefinition/qicore-condition-problems-health-concerns" ]
      },
      "clinicalStatus": {
        "coding": [ {
          "system": "http://terminology.hl7.org/CodeSystem/condition-clinical",
          "code": "active",
          "display": "Active"
        } ]
      },
      "verificationStatus": {
        "coding": [ {
          "system": "http://terminology.hl7.org/CodeSystem/condition-ver-status",
          "code": "confirmed",
          "display": "Confirmed"
        } ]
      },
      "category": [ {
        "coding": [ {
          "system": "http://terminology.hl7.org/CodeSystem/condition-category",
          "code": "problem-list-item",
          "display": "Problem List Item"
        } ]
      } ],
      "code": {
        "coding": [ {
          "system": "http://snomed.info/sct",
          "version": "http://snomed.info/sct/731000124108/version/20240301",
          "code": "29894000"
        } ]
      },
      "subject": {
        "reference": "Patient/75fc7993-6b07-49f8-a8aa-747dfcbb3d8f"
      },
      "onsetPeriod": {
        "start": "2026-04-05T06:00:00.000+00:00"
      }
    },
    "request": {
      "method": "PUT",
      "url": "Condition/08d8d017-b842-4338-9bee-0b02b9a88c55"
    }
  }, {
    "fullUrl": "https://madie.cms.gov/MeasureReport/aff202ac-39a3-422c-90ef-d8c674c38995",
    "resource": {
      "resourceType": "MeasureReport",
      "id": "aff202ac-39a3-422c-90ef-d8c674c38995",
      "meta": {
        "profile": [ "http://hl7.org/fhir/us/cqfmeasures/StructureDefinition/test-case-cqfm" ]
      },
      "contained": [ {
        "resourceType": "Parameters",
        "id": "a9c99cb5-dd08-477b-82d4-13df3cadf654-parameters",
        "parameter": [ {
          "name": "subject",
          "valueString": "75fc7993-6b07-49f8-a8aa-747dfcbb3d8f"
        } ]
      } ],
      "extension": [ {
        "url": "http://hl7.org/fhir/StructureDefinition/cqf-inputParameters",
        "valueReference": {
          "reference": "#a9c99cb5-dd08-477b-82d4-13df3cadf654-parameters"
        }
      }, {
        "url": "http://hl7.org/fhir/us/cqfmeasures/StructureDefinition/cqfm-testCaseDescription",
        "valueMarkdown": "Pt > 18, 2 visits during MP, MI onset > 2 years b4 MP, CAD onset during MP b4 1st visit, and Bradycardia onset during 1st visit"
      } ],
      "modifierExtension": [ {
        "url": "http://hl7.org/fhir/us/cqfmeasures/StructureDefinition/cqfm-isTestCase",
        "valueBoolean": true
      } ],
      "status": "complete",
      "type": "individual",
      "measure": "https://madie.cms.gov/Measure/CMS145FHIRCADBetaBlockerTherapyPriorMIorLVSD",
      "period": {
        "start": "2026-01-01",
        "end": "2026-12-31"
      },
      "group": [ {
        "id": "Group_1",
        "population": [ {
          "id": "InitialPopulation_1",
          "code": {
            "coding": [ {
              "system": "http://terminology.hl7.org/CodeSystem/measure-population",
              "code": "initial-population",
              "display": "Initial Population"
            } ]
          },
          "count": 1
        }, {
          "id": "Denominator_1",
          "code": {
            "coding": [ {
              "system": "http://terminology.hl7.org/CodeSystem/measure-population",
              "code": "denominator",
              "display": "Denominator"
            } ]
          },
          "count": 0
        }, {
          "id": "Numerator_1",
          "code": {
            "coding": [ {
              "system": "http://terminology.hl7.org/CodeSystem/measure-population",
              "code": "numerator",
              "display": "Numerator"
            } ]
          },
          "count": 0
        }, {
          "id": "DenominatorException_1",
          "code": {
            "coding": [ {
              "system": "http://terminology.hl7.org/CodeSystem/measure-population",
              "code": "denominator-exception",
              "display": "Denominator Exception"
            } ]
          },
          "count": 0
        } ],
        "measureScore": {
          "value": 1.0
        }
      }, {
        "id": "Group_2",
        "population": [ {
          "id": "InitialPopulation_2",
          "code": {
            "coding": [ {
              "system": "http://terminology.hl7.org/CodeSystem/measure-population",
              "code": "initial-population",
              "display": "Initial Population"
            } ]
          },
          "count": 1
        }, {
          "id": "Denominator_2",
          "code": {
            "coding": [ {
              "system": "http://terminology.hl7.org/CodeSystem/measure-population",
              "code": "denominator",
              "display": "Denominator"
            } ]
          },
          "count": 1
        }, {
          "id": "Numerator_2",
          "code": {
            "coding": [ {
              "system": "http://terminology.hl7.org/CodeSystem/measure-population",
              "code": "numerator",
              "display": "Numerator"
            } ]
          },
          "count": 0
        }, {
          "id": "DenominatorException_2",
          "code": {
            "coding": [ {
              "system": "http://terminology.hl7.org/CodeSystem/measure-population",
              "code": "denominator-exception",
              "display": "Denominator Exception"
            } ]
          },
          "count": 1
        } ],
        "measureScore": {
          "value": 1.0
        }
      } ],
      "evaluatedResource": [ {
        "reference": "Patient/75fc7993-6b07-49f8-a8aa-747dfcbb3d8f"
      }, {
        "reference": "Encounter/262175ba-ec67-4a58-9891-2d4b7c3bafba"
      }, {
        "reference": "Encounter/2e62d7ab-1ead-4dcb-8bcf-76b8cace64f6"
      }, {
        "reference": "Condition/3ea8e867-5529-4c3e-b56f-019ce049b16e"
      }, {
        "reference": "Condition/25bdedd7-d6f5-4296-aa58-1039a9fee6db"
      }, {
        "reference": "Condition/08d8d017-b842-4338-9bee-0b02b9a88c55"
      } ]
    },
    "request": {
      "method": "PUT",
      "url": "MeasureReport/aff202ac-39a3-422c-90ef-d8c674c38995"
    }
  } ]
}