{
  "resourceType": "Bundle",
  "id": "61095b0998086b53805591a5",
  "type": "transaction",
  "entry": [ {
    "fullUrl": "https://madie.cms.gov/Patient/c7378293-1ceb-4e42-928a-e9800053b335",
    "resource": {
      "resourceType": "Patient",
      "id": "c7378293-1ceb-4e42-928a-e9800053b335",
      "meta": {
        "profile": [ "http://hl7.org/fhir/us/qicore/StructureDefinition/qicore-patient" ]
      },
      "text": {
        "status": "generated",
        "div": "<div xmlns=\"http://www.w3.org/1999/xhtml\"><div class=\"hapiHeaderText\">Age@18 <b>DENOMPASS </b></div><table class=\"hapiPropertyTable\"><tbody><tr><td>Identifier</td><td>67f3e33acf17bcb386e754d726ed064ccd48ba21ff0ffb2eb678740a684398be</td></tr><tr><td>Date of birth</td><td><span>01 January 1994</span></td></tr></tbody></table></div>"
      },
      "extension": [ {
        "url": "http://hl7.org/fhir/us/core/StructureDefinition/us-core-race",
        "extension": [ {
          "url": "ombCategory",
          "valueCoding": {
            "system": "urn:oid:2.16.840.1.113883.6.238",
            "code": "1002-5",
            "display": "American Indian or Alaska Native",
            "userSelected": true
          }
        }, {
          "url": "text",
          "valueString": "American Indian or Alaska Native"
        } ]
      }, {
        "url": "http://hl7.org/fhir/us/core/StructureDefinition/us-core-ethnicity",
        "extension": [ {
          "url": "ombCategory",
          "valueCoding": {
            "system": "urn:oid:2.16.840.1.113883.6.238",
            "code": "2135-2",
            "display": "Hispanic or Latino",
            "userSelected": true
          }
        }, {
          "url": "text",
          "valueString": "Hispanic or Latino"
        } ]
      } ],
      "identifier": [ {
        "type": {
          "coding": [ {
            "system": "http://terminology.hl7.org/CodeSystem/v2-0203",
            "code": "MR"
          } ]
        },
        "system": "https://bonnie-fhir.healthit.gov/",
        "value": "61095b0998086b53805591a5"
      } ],
      "active": true,
      "name": [ {
        "use": "usual",
        "family": "DENEXPASS",
        "given": [ "PriorPenetratingKeratoplastyWithCatSurg" ]
      } ],
      "gender": "female",
      "birthDate": "1996-01-01"
    },
    "request": {
      "method": "PUT",
      "url": "Patient/c7378293-1ceb-4e42-928a-e9800053b335"
    }
  }, {
    "fullUrl": "https://madie.cms.gov/Observation/15ed518d-5502-473f-a491-296ac59afd1e",
    "resource": {
      "resourceType": "Observation",
      "id": "15ed518d-5502-473f-a491-296ac59afd1e",
      "meta": {
        "profile": [ "http://hl7.org/fhir/us/qicore/StructureDefinition/qicore-observation-clinical-result" ]
      },
      "status": "final",
      "category": [ {
        "coding": [ {
          "system": "http://terminology.hl7.org/CodeSystem/observation-category",
          "code": "exam",
          "display": "exam"
        } ]
      } ],
      "code": {
        "coding": [ {
          "system": "http://snomed.info/sct",
          "code": "419775003"
        } ]
      },
      "subject": {
        "reference": "Patient/c7378293-1ceb-4e42-928a-e9800053b335"
      },
      "effectivePeriod": {
        "start": "2026-03-13T09:00:00+00:00",
        "end": "2026-03-13T09:30:00+00:00"
      }
    },
    "request": {
      "method": "PUT",
      "url": "Observation/15ed518d-5502-473f-a491-296ac59afd1e"
    }
  }, {
    "fullUrl": "https://madie.cms.gov/Procedure/4efc99aa-a683-4140-a84a-02a1f359bb37",
    "resource": {
      "resourceType": "Procedure",
      "id": "4efc99aa-a683-4140-a84a-02a1f359bb37",
      "meta": {
        "profile": [ "http://hl7.org/fhir/us/qicore/StructureDefinition/qicore-procedure" ]
      },
      "extension": [ {
        "url": "http://hl7.org/fhir/us/qicore/StructureDefinition/qicore-recorded",
        "valueDateTime": "2026-03-05T09:35:00-04:00"
      } ],
      "status": "completed",
      "code": {
        "coding": [ {
          "system": "http://snomed.info/sct",
          "code": "84149000"
        } ]
      },
      "subject": {
        "reference": "Patient/c7378293-1ceb-4e42-928a-e9800053b335"
      },
      "performedPeriod": {
        "start": "2026-03-05T09:20:00-04:00",
        "end": "2026-04-05T10:30:00-04:00"
      }
    },
    "request": {
      "method": "PUT",
      "url": "Procedure/4efc99aa-a683-4140-a84a-02a1f359bb37"
    }
  }, {
    "fullUrl": "https://madie.cms.gov/Condition/86fcfdc0-db49-4bc9-ac56-c7502bce1db5",
    "resource": {
      "resourceType": "Condition",
      "id": "86fcfdc0-db49-4bc9-ac56-c7502bce1db5",
      "meta": {
        "profile": [ "http://hl7.org/fhir/us/qicore/StructureDefinition/qicore-condition-problems-health-concerns" ]
      },
      "clinicalStatus": {
        "coding": [ {
          "system": "http://terminology.hl7.org/CodeSystem/condition-clinical",
          "code": "active",
          "display": "active",
          "userSelected": true
        } ]
      },
      "category": [ {
        "coding": [ {
          "system": "http://terminology.hl7.org/CodeSystem/condition-clinical",
          "code": "active",
          "display": "active",
          "userSelected": true
        } ]
      } ],
      "code": {
        "coding": [ {
          "system": "http://hl7.org/fhir/sid/icd-10-cm",
          "code": "H18.601",
          "userSelected": true
        }, {
          "system": "http://snomed.info/sct",
          "code": "65636009",
          "userSelected": true
        } ]
      },
      "subject": {
        "reference": "Patient/c7378293-1ceb-4e42-928a-e9800053b335"
      },
      "onsetDateTime": "2024-11-01T08:00:00.000+00:00"
    },
    "request": {
      "method": "PUT",
      "url": "Condition/86fcfdc0-db49-4bc9-ac56-c7502bce1db5"
    }
  }, {
    "fullUrl": "https://madie.cms.gov/Coverage/758ae2e6-2d19-46ce-a2b9-4a20c156a533",
    "resource": {
      "resourceType": "Coverage",
      "id": "758ae2e6-2d19-46ce-a2b9-4a20c156a533",
      "meta": {
        "profile": [ "http://hl7.org/fhir/us/qicore/StructureDefinition/qicore-coverage" ]
      },
      "status": "active",
      "beneficiary": {
        "reference": "Patient/c7378293-1ceb-4e42-928a-e9800053b335"
      },
      "payor": [ {
        "reference": "Organization/9aac2d85-8921-4802-b200-adfad607d5dd"
      } ]
    },
    "request": {
      "method": "PUT",
      "url": "Coverage/758ae2e6-2d19-46ce-a2b9-4a20c156a533"
    }
  }, {
    "fullUrl": "https://madie.cms.gov/Organization/9aac2d85-8921-4802-b200-adfad607d5dd",
    "resource": {
      "resourceType": "Organization",
      "id": "9aac2d85-8921-4802-b200-adfad607d5dd",
      "meta": {
        "profile": [ "http://hl7.org/fhir/us/qicore/StructureDefinition/qicore-organization" ]
      },
      "identifier": [ {
        "use": "temp",
        "system": "urn:oid:2.16.840.1.113883.4.4",
        "value": "21-3259825"
      } ],
      "active": true,
      "type": [ {
        "coding": [ {
          "system": "http://terminology.hl7.org/CodeSystem/organization-type",
          "code": "pay",
          "display": "Payer"
        } ]
      } ],
      "name": "Blue Cross Blue Shield of Texas",
      "telecom": [ {
        "system": "phone",
        "value": "(+1) 972-766-6900"
      } ],
      "address": [ {
        "use": "billing",
        "type": "postal",
        "line": [ "P.O. Box 660044" ],
        "city": "Dallas",
        "state": "TX",
        "postalCode": "75266-0044",
        "country": "USA"
      } ]
    },
    "request": {
      "method": "PUT",
      "url": "Organization/9aac2d85-8921-4802-b200-adfad607d5dd"
    }
  }, {
    "fullUrl": "https://madie.cms.gov/Practitioner/170a910f-66fd-47cc-99b4-b875ff12bf47",
    "resource": {
      "resourceType": "Practitioner",
      "id": "170a910f-66fd-47cc-99b4-b875ff12bf47",
      "meta": {
        "profile": [ "http://hl7.org/fhir/us/qicore/StructureDefinition/qicore-practitioner" ]
      },
      "identifier": [ {
        "system": "http://hl7.org/fhir/sid/us-npi",
        "value": "123456"
      } ],
      "name": [ {
        "family": "Evil",
        "prefix": [ "Dr" ]
      } ]
    },
    "request": {
      "method": "PUT",
      "url": "Practitioner/170a910f-66fd-47cc-99b4-b875ff12bf47"
    }
  }, {
    "fullUrl": "https://madie.cms.gov/MeasureReport/5487926f-ed24-4d99-a792-821e6c162ddf",
    "resource": {
      "resourceType": "MeasureReport",
      "id": "5487926f-ed24-4d99-a792-821e6c162ddf",
      "meta": {
        "profile": [ "http://hl7.org/fhir/us/cqfmeasures/StructureDefinition/test-case-cqfm" ]
      },
      "contained": [ {
        "resourceType": "Parameters",
        "id": "6ec73adf-9b87-4852-841c-165527275125-parameters",
        "parameter": [ {
          "name": "subject",
          "valueString": "c7378293-1ceb-4e42-928a-e9800053b335"
        } ]
      } ],
      "extension": [ {
        "url": "http://hl7.org/fhir/StructureDefinition/cqf-inputParameters",
        "valueReference": {
          "reference": "#6ec73adf-9b87-4852-841c-165527275125-parameters"
        }
      }, {
        "url": "http://hl7.org/fhir/us/cqfmeasures/StructureDefinition/cqfm-testCaseDescription",
        "valueMarkdown": "Patient with Prior Penetrating Keratoplasty with cataract surgery. "
      } ],
      "modifierExtension": [ {
        "url": "http://hl7.org/fhir/us/cqfmeasures/StructureDefinition/cqfm-isTestCase",
        "valueBoolean": true
      } ],
      "status": "complete",
      "type": "individual",
      "measure": "https://madie.cms.gov/Measure/CMS133FHIRCataracts2040BCVAwithin90Days",
      "period": {
        "start": "2026-01-01",
        "end": "2026-12-31"
      },
      "group": [ {
        "id": "Group_1",
        "population": [ {
          "id": "InitialPopulation_1",
          "code": {
            "coding": [ {
              "system": "http://terminology.hl7.org/CodeSystem/measure-population",
              "code": "initial-population",
              "display": "Initial Population"
            } ]
          },
          "count": 1
        }, {
          "id": "Denominator_1",
          "code": {
            "coding": [ {
              "system": "http://terminology.hl7.org/CodeSystem/measure-population",
              "code": "denominator",
              "display": "Denominator"
            } ]
          },
          "count": 1
        }, {
          "id": "DenominatorExclusion_1",
          "code": {
            "coding": [ {
              "system": "http://terminology.hl7.org/CodeSystem/measure-population",
              "code": "denominator-exclusion",
              "display": "Denominator Exclusion"
            } ]
          },
          "count": 1
        }, {
          "id": "Numerator_1",
          "code": {
            "coding": [ {
              "system": "http://terminology.hl7.org/CodeSystem/measure-population",
              "code": "numerator",
              "display": "Numerator"
            } ]
          },
          "count": 0
        } ],
        "measureScore": {
          "value": 0.0
        }
      } ],
      "evaluatedResource": [ {
        "reference": "Patient/c7378293-1ceb-4e42-928a-e9800053b335"
      }, {
        "reference": "Observation/15ed518d-5502-473f-a491-296ac59afd1e"
      }, {
        "reference": "Procedure/4efc99aa-a683-4140-a84a-02a1f359bb37"
      }, {
        "reference": "Condition/86fcfdc0-db49-4bc9-ac56-c7502bce1db5"
      }, {
        "reference": "Coverage/758ae2e6-2d19-46ce-a2b9-4a20c156a533"
      }, {
        "reference": "Organization/9aac2d85-8921-4802-b200-adfad607d5dd"
      }, {
        "reference": "Practitioner/170a910f-66fd-47cc-99b4-b875ff12bf47"
      } ]
    },
    "request": {
      "method": "PUT",
      "url": "MeasureReport/5487926f-ed24-4d99-a792-821e6c162ddf"
    }
  } ]
}