{
  "resourceType": "Bundle",
  "id": "216544684685315464",
  "type": "transaction",
  "entry": [ {
    "fullUrl": "https://madie.cms.gov/Patient/27111f10-365a-4ec3-a918-f856c687211e",
    "resource": {
      "resourceType": "Patient",
      "id": "27111f10-365a-4ec3-a918-f856c687211e",
      "meta": {
        "profile": [ "http://hl7.org/fhir/us/qicore/StructureDefinition/qicore-patient" ]
      },
      "extension": [ {
        "url": "http://hl7.org/fhir/us/core/StructureDefinition/us-core-race",
        "extension": [ {
          "url": "ombCategory",
          "valueCoding": {
            "system": "urn:oid:2.16.840.1.113883.6.238",
            "code": "1002-5",
            "display": "American Indian or Alaska Native"
          }
        }, {
          "url": "text",
          "valueString": "American Indian or Alaska Native"
        } ]
      }, {
        "url": "http://hl7.org/fhir/us/core/StructureDefinition/us-core-ethnicity",
        "extension": [ {
          "url": "ombCategory",
          "valueCoding": {
            "system": "urn:oid:2.16.840.1.113883.6.238",
            "code": "2186-5",
            "display": "Not Hispanic or Latino"
          }
        }, {
          "url": "text",
          "valueString": "Not Hispanic or Latino"
        } ]
      } ],
      "identifier": [ {
        "type": {
          "coding": [ {
            "system": "http://terminology.hl7.org/CodeSystem/v2-0203",
            "code": "MR"
          } ]
        },
        "system": "https://bonnie-fhir.healthit.gov/",
        "value": "431385494631"
      } ],
      "name": [ {
        "family": "DENEXPass",
        "given": [ "LVADPlcmntSBEEnc" ]
      } ],
      "gender": "male",
      "birthDate": "1969-06-14"
    },
    "request": {
      "method": "PUT",
      "url": "Patient/27111f10-365a-4ec3-a918-f856c687211e"
    }
  }, {
    "fullUrl": "https://madie.cms.gov/Encounter/881d5765-9ac1-402c-bf29-5b84529a5f6e",
    "resource": {
      "resourceType": "Encounter",
      "id": "881d5765-9ac1-402c-bf29-5b84529a5f6e",
      "meta": {
        "profile": [ "http://hl7.org/fhir/us/qicore/StructureDefinition/qicore-encounter" ]
      },
      "status": "finished",
      "class": {
        "system": "http://terminology.hl7.org/CodeSystem/v3-ActCode",
        "code": "AMB",
        "display": "ambulatory"
      },
      "type": [ {
        "coding": [ {
          "system": "http://snomed.info/sct",
          "version": "http://snomed.info/sct/731000124108/version/20240301",
          "code": "281036007",
          "display": "Follow-up consultation (procedure)"
        } ]
      } ],
      "subject": {
        "reference": "Patient/27111f10-365a-4ec3-a918-f856c687211e"
      },
      "period": {
        "start": "2026-03-31T14:40:00.000+00:00",
        "end": "2026-03-31T14:40:00.000+00:00"
      }
    },
    "request": {
      "method": "PUT",
      "url": "Encounter/881d5765-9ac1-402c-bf29-5b84529a5f6e"
    }
  }, {
    "fullUrl": "https://madie.cms.gov/Encounter/79a9a6ab-6f65-479d-b281-1268d397c6aa",
    "resource": {
      "resourceType": "Encounter",
      "id": "79a9a6ab-6f65-479d-b281-1268d397c6aa",
      "meta": {
        "profile": [ "http://hl7.org/fhir/us/qicore/StructureDefinition/qicore-encounter" ]
      },
      "status": "finished",
      "class": {
        "system": "http://terminology.hl7.org/CodeSystem/v3-ActCode",
        "code": "AMB",
        "display": "ambulatory"
      },
      "type": [ {
        "coding": [ {
          "system": "http://snomed.info/sct",
          "version": "http://snomed.info/sct/731000124108/version/20240301",
          "code": "281036007",
          "display": "Follow-up consultation (procedure)"
        } ]
      } ],
      "subject": {
        "reference": "Patient/27111f10-365a-4ec3-a918-f856c687211e"
      },
      "period": {
        "start": "2026-05-15T11:50:00.000+00:00",
        "end": "2026-05-15T11:50:00.000+00:00"
      }
    },
    "request": {
      "method": "PUT",
      "url": "Encounter/79a9a6ab-6f65-479d-b281-1268d397c6aa"
    }
  }, {
    "fullUrl": "https://madie.cms.gov/Condition/c21d6f7b-b0bd-4765-9462-e302f33efbca",
    "resource": {
      "resourceType": "Condition",
      "id": "c21d6f7b-b0bd-4765-9462-e302f33efbca",
      "meta": {
        "profile": [ "http://hl7.org/fhir/us/qicore/StructureDefinition/qicore-condition-problems-health-concerns" ]
      },
      "clinicalStatus": {
        "coding": [ {
          "system": "http://terminology.hl7.org/CodeSystem/condition-clinical",
          "code": "active",
          "display": "active"
        } ]
      },
      "verificationStatus": {
        "coding": [ {
          "system": "http://terminology.hl7.org/CodeSystem/condition-ver-status",
          "code": "confirmed",
          "display": "Confirmed"
        } ]
      },
      "category": [ {
        "coding": [ {
          "system": "http://terminology.hl7.org/CodeSystem/condition-category",
          "code": "problem-list-item",
          "display": "Problem List Item"
        } ]
      } ],
      "code": {
        "coding": [ {
          "system": "http://snomed.info/sct",
          "version": "http://snomed.info/sct/731000124108/version/20240301",
          "code": "10091002",
          "display": "High output heart failure (disorder)"
        } ]
      },
      "subject": {
        "reference": "Patient/27111f10-365a-4ec3-a918-f856c687211e"
      },
      "onsetPeriod": {
        "start": "2025-05-17T10:00:00.000+00:00"
      }
    },
    "request": {
      "method": "PUT",
      "url": "Condition/c21d6f7b-b0bd-4765-9462-e302f33efbca"
    }
  }, {
    "fullUrl": "https://madie.cms.gov/Condition/e4ebcb6c-752e-4e18-888a-84935b766346",
    "resource": {
      "resourceType": "Condition",
      "id": "e4ebcb6c-752e-4e18-888a-84935b766346",
      "meta": {
        "profile": [ "http://hl7.org/fhir/us/qicore/StructureDefinition/qicore-condition-encounter-diagnosis" ]
      },
      "clinicalStatus": {
        "coding": [ {
          "system": "http://terminology.hl7.org/CodeSystem/condition-clinical",
          "code": "active",
          "display": "Active"
        } ]
      },
      "verificationStatus": {
        "coding": [ {
          "system": "http://terminology.hl7.org/CodeSystem/condition-ver-status",
          "code": "confirmed",
          "display": "Confirmed"
        } ]
      },
      "category": [ {
        "coding": [ {
          "system": "http://terminology.hl7.org/CodeSystem/condition-category",
          "code": "encounter-diagnosis",
          "display": "Encounter Diagnosis"
        } ]
      } ],
      "code": {
        "coding": [ {
          "system": "http://snomed.info/sct",
          "version": "http://snomed.info/sct/731000124108/version/20240301",
          "code": "991000124109",
          "display": "Severe left ventricular systolic dysfunction (disorder)"
        } ]
      },
      "subject": {
        "reference": "Patient/27111f10-365a-4ec3-a918-f856c687211e"
      },
      "onsetPeriod": {
        "start": "2026-03-25T16:00:00.000+00:00",
        "end": "2026-03-30T16:00:00.000+00:00"
      }
    },
    "request": {
      "method": "PUT",
      "url": "Condition/e4ebcb6c-752e-4e18-888a-84935b766346"
    }
  }, {
    "fullUrl": "https://madie.cms.gov/Procedure/50ca3558-9aed-4ff1-ba52-2db7b781b754",
    "resource": {
      "resourceType": "Procedure",
      "id": "50ca3558-9aed-4ff1-ba52-2db7b781b754",
      "meta": {
        "profile": [ "http://hl7.org/fhir/us/qicore/StructureDefinition/qicore-procedure" ]
      },
      "extension": [ {
        "url": "http://hl7.org/fhir/us/qicore/StructureDefinition/qicore-recorded",
        "valueDateTime": "2025-09-25T13:00:00.000+00:00"
      } ],
      "status": "completed",
      "code": {
        "coding": [ {
          "system": "http://www.ama-assn.org/go/cpt",
          "version": "2024",
          "code": "33976",
          "display": "Insertion of ventricular assist device; extracorporeal, biventricular"
        } ]
      },
      "subject": {
        "reference": "Patient/27111f10-365a-4ec3-a918-f856c687211e"
      },
      "performedPeriod": {
        "start": "2025-09-25T11:00:00.000+00:00",
        "end": "2025-09-25T12:00:00.000+00:00"
      }
    },
    "request": {
      "method": "PUT",
      "url": "Procedure/50ca3558-9aed-4ff1-ba52-2db7b781b754"
    }
  }, {
    "fullUrl": "https://madie.cms.gov/MeasureReport/d4be808c-5d16-4366-9cdc-17ed5390fc77",
    "resource": {
      "resourceType": "MeasureReport",
      "id": "d4be808c-5d16-4366-9cdc-17ed5390fc77",
      "meta": {
        "profile": [ "http://hl7.org/fhir/us/cqfmeasures/StructureDefinition/test-case-cqfm" ]
      },
      "contained": [ {
        "resourceType": "Parameters",
        "id": "589ce261-ea03-4141-9fae-bc5cf2a0e91a-parameters",
        "parameter": [ {
          "name": "subject",
          "valueString": "27111f10-365a-4ec3-a918-f856c687211e"
        } ]
      } ],
      "extension": [ {
        "url": "http://hl7.org/fhir/StructureDefinition/cqf-inputParameters",
        "valueReference": {
          "reference": "#589ce261-ea03-4141-9fae-bc5cf2a0e91a-parameters"
        }
      }, {
        "url": "http://hl7.org/fhir/us/cqfmeasures/StructureDefinition/cqfm-testCaseDescription",
        "valueMarkdown": "Patient has 2 ambulatory encounters, HF diagnosis and LVSD and meets denominator exclusion with history of Left Ventricular Assisted Device placement."
      } ],
      "modifierExtension": [ {
        "url": "http://hl7.org/fhir/us/cqfmeasures/StructureDefinition/cqfm-isTestCase",
        "valueBoolean": true
      } ],
      "status": "complete",
      "type": "individual",
      "measure": "https://madie.cms.gov/Measure/CMS135FHIRHFACEIorARBorARNIforLVSD",
      "period": {
        "start": "2026-01-01",
        "end": "2026-12-31"
      },
      "group": [ {
        "id": "Group_1",
        "population": [ {
          "id": "InitialPopulation_1",
          "code": {
            "coding": [ {
              "system": "http://terminology.hl7.org/CodeSystem/measure-population",
              "code": "initial-population",
              "display": "Initial Population"
            } ]
          },
          "count": 1
        }, {
          "id": "Denominator_1",
          "code": {
            "coding": [ {
              "system": "http://terminology.hl7.org/CodeSystem/measure-population",
              "code": "denominator",
              "display": "Denominator"
            } ]
          },
          "count": 1
        }, {
          "id": "DenominatorExclusion_1",
          "code": {
            "coding": [ {
              "system": "http://terminology.hl7.org/CodeSystem/measure-population",
              "code": "denominator-exclusion",
              "display": "Denominator Exclusion"
            } ]
          },
          "count": 1
        }, {
          "id": "Numerator_1",
          "code": {
            "coding": [ {
              "system": "http://terminology.hl7.org/CodeSystem/measure-population",
              "code": "numerator",
              "display": "Numerator"
            } ]
          },
          "count": 0
        }, {
          "id": "DenominatorException_1",
          "code": {
            "coding": [ {
              "system": "http://terminology.hl7.org/CodeSystem/measure-population",
              "code": "denominator-exception",
              "display": "Denominator Exception"
            } ]
          },
          "count": 0
        } ],
        "measureScore": {
          "value": 1.0
        }
      } ],
      "evaluatedResource": [ {
        "reference": "Patient/27111f10-365a-4ec3-a918-f856c687211e"
      }, {
        "reference": "Encounter/881d5765-9ac1-402c-bf29-5b84529a5f6e"
      }, {
        "reference": "Encounter/79a9a6ab-6f65-479d-b281-1268d397c6aa"
      }, {
        "reference": "Condition/c21d6f7b-b0bd-4765-9462-e302f33efbca"
      }, {
        "reference": "Condition/e4ebcb6c-752e-4e18-888a-84935b766346"
      }, {
        "reference": "Procedure/50ca3558-9aed-4ff1-ba52-2db7b781b754"
      } ]
    },
    "request": {
      "method": "PUT",
      "url": "MeasureReport/d4be808c-5d16-4366-9cdc-17ed5390fc77"
    }
  } ]
}