{
  "resourceType": "Bundle",
  "id": "61168b8798086b77ef9c5ebb",
  "type": "transaction",
  "entry": [ {
    "fullUrl": "https://madie.cms.gov/Patient/164018dc-af9e-47b8-901f-70d00e101e43",
    "resource": {
      "resourceType": "Patient",
      "id": "164018dc-af9e-47b8-901f-70d00e101e43",
      "meta": {
        "profile": [ "http://hl7.org/fhir/us/qicore/StructureDefinition/qicore-patient" ]
      },
      "extension": [ {
        "url": "http://hl7.org/fhir/us/core/StructureDefinition/us-core-race",
        "extension": [ {
          "url": "ombCategory",
          "valueCoding": {
            "system": "urn:oid:2.16.840.1.113883.6.238",
            "code": "2106-3",
            "display": "White",
            "userSelected": true
          }
        }, {
          "url": "text",
          "valueString": "White"
        } ]
      }, {
        "url": "http://hl7.org/fhir/us/core/StructureDefinition/us-core-ethnicity",
        "extension": [ {
          "url": "ombCategory",
          "valueCoding": {
            "system": "urn:oid:2.16.840.1.113883.6.238",
            "code": "2186-5",
            "display": "Not Hispanic or Latino",
            "userSelected": true
          }
        }, {
          "url": "text",
          "valueString": "Not Hispanic or Latino"
        } ]
      } ],
      "identifier": [ {
        "type": {
          "coding": [ {
            "system": "http://terminology.hl7.org/CodeSystem/v2-0203",
            "code": "MR"
          } ]
        },
        "system": "https://GoodHealthCare.com/",
        "value": "61168b8798086b77ef9c5ebb"
      } ],
      "active": true,
      "name": [ {
        "use": "usual",
        "family": "IPFail",
        "given": [ "NoEncDuringMP" ]
      } ],
      "gender": "male",
      "birthDate": "1995-01-10"
    },
    "request": {
      "method": "PUT",
      "url": "Patient/164018dc-af9e-47b8-901f-70d00e101e43"
    }
  }, {
    "fullUrl": "https://madie.cms.gov/Condition/9bff1ad5-95e5-4efa-b3fb-a923cc6c7e10",
    "resource": {
      "resourceType": "Condition",
      "id": "9bff1ad5-95e5-4efa-b3fb-a923cc6c7e10",
      "meta": {
        "profile": [ "http://hl7.org/fhir/us/qicore/StructureDefinition/qicore-condition-problems-health-concerns" ]
      },
      "clinicalStatus": {
        "coding": [ {
          "system": "http://terminology.hl7.org/CodeSystem/condition-clinical",
          "code": "active",
          "display": "active",
          "userSelected": true
        } ]
      },
      "category": [ {
        "coding": [ {
          "system": "http://terminology.hl7.org/CodeSystem/condition-category",
          "code": "problem-list-item",
          "display": "Problem List Item"
        } ]
      } ],
      "code": {
        "coding": [ {
          "system": "http://hl7.org/fhir/sid/icd-10-cm",
          "code": "E08.311"
        }, {
          "system": "http://snomed.info/sct",
          "version": "http://snomed.info/sct/731000124108/version/202303",
          "code": "4855003"
        } ]
      },
      "subject": {
        "reference": "Patient/164018dc-af9e-47b8-901f-70d00e101e43"
      },
      "onsetDateTime": "2025-12-29T15:00:00.000+00:00"
    },
    "request": {
      "method": "PUT",
      "url": "Condition/9bff1ad5-95e5-4efa-b3fb-a923cc6c7e10"
    }
  }, {
    "fullUrl": "https://madie.cms.gov/Observation/64197353-ae3f-4d08-83f7-b33c17950e3f",
    "resource": {
      "resourceType": "Observation",
      "id": "64197353-ae3f-4d08-83f7-b33c17950e3f",
      "meta": {
        "profile": [ "http://hl7.org/fhir/us/qicore/StructureDefinition/qicore-observation-clinical-result" ]
      },
      "status": "final",
      "category": [ {
        "coding": [ {
          "system": "http://terminology.hl7.org/CodeSystem/observation-category",
          "code": "vital-signs",
          "display": "Vital Signs"
        } ]
      } ],
      "code": {
        "coding": [ {
          "system": "http://loinc.org",
          "version": "2.73",
          "code": "32451-7"
        } ]
      },
      "subject": {
        "reference": "Patient/164018dc-af9e-47b8-901f-70d00e101e43"
      },
      "effectivePeriod": {
        "start": "2026-01-29T12:00:00.000+00:00",
        "end": "2026-01-29T12:00:00.000+00:00"
      },
      "valueBoolean": true
    },
    "request": {
      "method": "PUT",
      "url": "Observation/64197353-ae3f-4d08-83f7-b33c17950e3f"
    }
  }, {
    "fullUrl": "https://madie.cms.gov/Coverage/a326a5b9-7524-47af-91c7-1c4fbc0ada32",
    "resource": {
      "resourceType": "Coverage",
      "id": "a326a5b9-7524-47af-91c7-1c4fbc0ada32",
      "meta": {
        "profile": [ "http://hl7.org/fhir/us/qicore/StructureDefinition/qicore-coverage" ]
      },
      "status": "active",
      "beneficiary": {
        "reference": "Patient/164018dc-af9e-47b8-901f-70d00e101e43"
      },
      "payor": [ {
        "reference": "Organization/123456"
      } ]
    },
    "request": {
      "method": "PUT",
      "url": "Coverage/a326a5b9-7524-47af-91c7-1c4fbc0ada32"
    }
  }, {
    "fullUrl": "https://madie.cms.gov/Organization/5d812ae4-09b3-4107-81b7-e4fc1f568998",
    "resource": {
      "resourceType": "Organization",
      "id": "5d812ae4-09b3-4107-81b7-e4fc1f568998",
      "meta": {
        "profile": [ "http://hl7.org/fhir/us/qicore/StructureDefinition/qicore-organization" ]
      },
      "identifier": [ {
        "use": "temp",
        "system": "urn:oid:2.16.840.1.113883.4.4",
        "value": "21-3259825"
      } ],
      "active": true,
      "type": [ {
        "coding": [ {
          "system": "http://terminology.hl7.org/CodeSystem/organization-type",
          "code": "pay",
          "display": "Payer"
        } ]
      } ],
      "name": "Blue Cross Blue Shield of Texas",
      "telecom": [ {
        "system": "phone",
        "value": "(+1) 972-766-6900"
      } ],
      "address": [ {
        "use": "billing",
        "type": "postal",
        "line": [ "P.O. Box 660044" ],
        "city": "Dallas",
        "state": "TX",
        "postalCode": "75266-0044",
        "country": "USA"
      } ]
    },
    "request": {
      "method": "PUT",
      "url": "Organization/5d812ae4-09b3-4107-81b7-e4fc1f568998"
    }
  }, {
    "fullUrl": "https://madie.cms.gov/MeasureReport/cee3b6b3-ea86-4c51-b250-01cb2fde4a29",
    "resource": {
      "resourceType": "MeasureReport",
      "id": "cee3b6b3-ea86-4c51-b250-01cb2fde4a29",
      "meta": {
        "profile": [ "http://hl7.org/fhir/us/cqfmeasures/StructureDefinition/test-case-cqfm" ]
      },
      "contained": [ {
        "resourceType": "Parameters",
        "id": "9110bd6e-f3a3-473c-bc75-2fb5ef225d52-parameters",
        "parameter": [ {
          "name": "subject",
          "valueString": "164018dc-af9e-47b8-901f-70d00e101e43"
        } ]
      } ],
      "extension": [ {
        "url": "http://hl7.org/fhir/StructureDefinition/cqf-inputParameters",
        "valueReference": {
          "reference": "#9110bd6e-f3a3-473c-bc75-2fb5ef225d52-parameters"
        }
      }, {
        "url": "http://hl7.org/fhir/us/cqfmeasures/StructureDefinition/cqfm-testCaseDescription",
        "valueMarkdown": "Patient doesn't have encounter during measurement period"
      } ],
      "modifierExtension": [ {
        "url": "http://hl7.org/fhir/us/cqfmeasures/StructureDefinition/cqfm-isTestCase",
        "valueBoolean": true
      } ],
      "status": "complete",
      "type": "individual",
      "measure": "https://madie.cms.gov/Measure/CMS142FHIRDRCommunicationWithPhysicianManagingDiabetes",
      "period": {
        "start": "2026-01-01",
        "end": "2026-12-31"
      },
      "group": [ {
        "id": "Group_1",
        "population": [ {
          "id": "InitialPopulation_1",
          "code": {
            "coding": [ {
              "system": "http://terminology.hl7.org/CodeSystem/measure-population",
              "code": "initial-population",
              "display": "Initial Population"
            } ]
          },
          "count": 0
        }, {
          "id": "Denominator_1",
          "code": {
            "coding": [ {
              "system": "http://terminology.hl7.org/CodeSystem/measure-population",
              "code": "denominator",
              "display": "Denominator"
            } ]
          },
          "count": 0
        }, {
          "id": "Numerator_1",
          "code": {
            "coding": [ {
              "system": "http://terminology.hl7.org/CodeSystem/measure-population",
              "code": "numerator",
              "display": "Numerator"
            } ]
          },
          "count": 0
        }, {
          "id": "DenominatorException_1",
          "code": {
            "coding": [ {
              "system": "http://terminology.hl7.org/CodeSystem/measure-population",
              "code": "denominator-exception",
              "display": "Denominator Exception"
            } ]
          },
          "count": 0
        } ],
        "measureScore": {
          "value": 1.0
        }
      } ],
      "evaluatedResource": [ {
        "reference": "Patient/164018dc-af9e-47b8-901f-70d00e101e43"
      }, {
        "reference": "Condition/9bff1ad5-95e5-4efa-b3fb-a923cc6c7e10"
      }, {
        "reference": "Observation/64197353-ae3f-4d08-83f7-b33c17950e3f"
      }, {
        "reference": "Coverage/a326a5b9-7524-47af-91c7-1c4fbc0ada32"
      }, {
        "reference": "Organization/5d812ae4-09b3-4107-81b7-e4fc1f568998"
      } ]
    },
    "request": {
      "method": "PUT",
      "url": "MeasureReport/cee3b6b3-ea86-4c51-b250-01cb2fde4a29"
    }
  } ]
}