{
  "resourceType": "Bundle",
  "id": "61095b0998086b53805591a5",
  "type": "transaction",
  "entry": [ {
    "fullUrl": "https://madie.cms.gov/Patient/a408e883-7952-457e-a895-a4fcc055ab0f",
    "resource": {
      "resourceType": "Patient",
      "id": "a408e883-7952-457e-a895-a4fcc055ab0f",
      "meta": {
        "profile": [ "http://hl7.org/fhir/us/qicore/StructureDefinition/qicore-patient" ]
      },
      "text": {
        "status": "generated",
        "div": "<div xmlns=\"http://www.w3.org/1999/xhtml\"><div class=\"hapiHeaderText\">Age@18 <b>DENOMPASS </b></div><table class=\"hapiPropertyTable\"><tbody><tr><td>Identifier</td><td>67f3e33acf17bcb386e754d726ed064ccd48ba21ff0ffb2eb678740a684398be</td></tr><tr><td>Date of birth</td><td><span>01 January 1994</span></td></tr></tbody></table></div>"
      },
      "extension": [ {
        "url": "http://hl7.org/fhir/us/core/StructureDefinition/us-core-race",
        "extension": [ {
          "url": "ombCategory",
          "valueCoding": {
            "system": "urn:oid:2.16.840.1.113883.6.238",
            "code": "1002-5",
            "display": "American Indian or Alaska Native",
            "userSelected": true
          }
        }, {
          "url": "text",
          "valueString": "American Indian or Alaska Native"
        } ]
      }, {
        "url": "http://hl7.org/fhir/us/core/StructureDefinition/us-core-ethnicity",
        "extension": [ {
          "url": "ombCategory",
          "valueCoding": {
            "system": "urn:oid:2.16.840.1.113883.6.238",
            "code": "2135-2",
            "display": "Hispanic or Latino",
            "userSelected": true
          }
        }, {
          "url": "text",
          "valueString": "Hispanic or Latino"
        } ]
      } ],
      "identifier": [ {
        "type": {
          "coding": [ {
            "system": "http://terminology.hl7.org/CodeSystem/v2-0203",
            "code": "MR"
          } ]
        },
        "system": "https://bonnie-fhir.healthit.gov/",
        "value": "61095b0998086b53805591a5"
      } ],
      "active": true,
      "name": [ {
        "use": "usual",
        "family": "DENEXPASS",
        "given": [ "GlaucomaWithCatSurg" ]
      } ],
      "gender": "female",
      "birthDate": "1996-01-01"
    },
    "request": {
      "method": "PUT",
      "url": "Patient/a408e883-7952-457e-a895-a4fcc055ab0f"
    }
  }, {
    "fullUrl": "https://madie.cms.gov/Observation/b5a21ca4-0f3b-49fd-b858-6137a504ad33",
    "resource": {
      "resourceType": "Observation",
      "id": "b5a21ca4-0f3b-49fd-b858-6137a504ad33",
      "meta": {
        "profile": [ "http://hl7.org/fhir/us/qicore/StructureDefinition/qicore-observation-clinical-result" ]
      },
      "status": "final",
      "category": [ {
        "coding": [ {
          "system": "http://terminology.hl7.org/CodeSystem/observation-category",
          "code": "exam",
          "display": "exam"
        } ]
      } ],
      "code": {
        "coding": [ {
          "system": "http://snomed.info/sct",
          "code": "419775003"
        } ]
      },
      "subject": {
        "reference": "Patient/a408e883-7952-457e-a895-a4fcc055ab0f"
      },
      "effectivePeriod": {
        "start": "2026-03-13T09:00:00+00:00",
        "end": "2026-03-13T09:30:00+00:00"
      }
    },
    "request": {
      "method": "PUT",
      "url": "Observation/b5a21ca4-0f3b-49fd-b858-6137a504ad33"
    }
  }, {
    "fullUrl": "https://madie.cms.gov/Procedure/dfa1ce5c-f026-479e-9e40-ff026c1cd6e4",
    "resource": {
      "resourceType": "Procedure",
      "id": "dfa1ce5c-f026-479e-9e40-ff026c1cd6e4",
      "meta": {
        "profile": [ "http://hl7.org/fhir/us/qicore/StructureDefinition/qicore-procedure" ]
      },
      "extension": [ {
        "url": "http://hl7.org/fhir/us/qicore/StructureDefinition/qicore-recorded",
        "valueDateTime": "2026-03-05T09:35:00-04:00"
      } ],
      "status": "completed",
      "code": {
        "coding": [ {
          "system": "http://snomed.info/sct",
          "code": "84149000"
        } ]
      },
      "subject": {
        "reference": "Patient/a408e883-7952-457e-a895-a4fcc055ab0f"
      },
      "performedPeriod": {
        "start": "2026-03-05T09:20:00-04:00",
        "end": "2026-04-05T10:30:00-04:00"
      }
    },
    "request": {
      "method": "PUT",
      "url": "Procedure/dfa1ce5c-f026-479e-9e40-ff026c1cd6e4"
    }
  }, {
    "fullUrl": "https://madie.cms.gov/Condition/d0ee35c5-e132-428e-9881-90207a09159d",
    "resource": {
      "resourceType": "Condition",
      "id": "d0ee35c5-e132-428e-9881-90207a09159d",
      "meta": {
        "profile": [ "http://hl7.org/fhir/us/qicore/StructureDefinition/qicore-condition-problems-health-concerns" ]
      },
      "clinicalStatus": {
        "coding": [ {
          "system": "http://terminology.hl7.org/CodeSystem/condition-clinical",
          "code": "active",
          "display": "active",
          "userSelected": true
        } ]
      },
      "category": [ {
        "coding": [ {
          "system": "http://terminology.hl7.org/CodeSystem/condition-clinical",
          "code": "active",
          "display": "active",
          "userSelected": true
        } ]
      } ],
      "code": {
        "coding": [ {
          "system": "http://hl7.org/fhir/sid/icd-10-cm",
          "code": "H40.89",
          "userSelected": true
        }, {
          "system": "http://snomed.info/sct",
          "code": "111514006",
          "userSelected": true
        } ]
      },
      "subject": {
        "reference": "Patient/a408e883-7952-457e-a895-a4fcc055ab0f"
      },
      "onsetDateTime": "2024-11-01T08:00:00.000+00:00"
    },
    "request": {
      "method": "PUT",
      "url": "Condition/d0ee35c5-e132-428e-9881-90207a09159d"
    }
  }, {
    "fullUrl": "https://madie.cms.gov/Coverage/f384205f-b20a-4346-9951-671fb88a0c5c",
    "resource": {
      "resourceType": "Coverage",
      "id": "f384205f-b20a-4346-9951-671fb88a0c5c",
      "meta": {
        "profile": [ "http://hl7.org/fhir/us/qicore/StructureDefinition/qicore-coverage" ]
      },
      "status": "active",
      "beneficiary": {
        "reference": "Patient/a408e883-7952-457e-a895-a4fcc055ab0f"
      },
      "payor": [ {
        "reference": "Organization/0e4f7a1b-e64f-4ae8-a357-b87e2fb05d06"
      } ]
    },
    "request": {
      "method": "PUT",
      "url": "Coverage/f384205f-b20a-4346-9951-671fb88a0c5c"
    }
  }, {
    "fullUrl": "https://madie.cms.gov/Organization/0e4f7a1b-e64f-4ae8-a357-b87e2fb05d06",
    "resource": {
      "resourceType": "Organization",
      "id": "0e4f7a1b-e64f-4ae8-a357-b87e2fb05d06",
      "meta": {
        "profile": [ "http://hl7.org/fhir/us/qicore/StructureDefinition/qicore-organization" ]
      },
      "identifier": [ {
        "use": "temp",
        "system": "urn:oid:2.16.840.1.113883.4.4",
        "value": "21-3259825"
      } ],
      "active": true,
      "type": [ {
        "coding": [ {
          "system": "http://terminology.hl7.org/CodeSystem/organization-type",
          "code": "pay",
          "display": "Payer"
        } ]
      } ],
      "name": "Blue Cross Blue Shield of Texas",
      "telecom": [ {
        "system": "phone",
        "value": "(+1) 972-766-6900"
      } ],
      "address": [ {
        "use": "billing",
        "type": "postal",
        "line": [ "P.O. Box 660044" ],
        "city": "Dallas",
        "state": "TX",
        "postalCode": "75266-0044",
        "country": "USA"
      } ]
    },
    "request": {
      "method": "PUT",
      "url": "Organization/0e4f7a1b-e64f-4ae8-a357-b87e2fb05d06"
    }
  }, {
    "fullUrl": "https://madie.cms.gov/Practitioner/f01d9f29-91fa-47f1-88fa-7010fe8ba408",
    "resource": {
      "resourceType": "Practitioner",
      "id": "f01d9f29-91fa-47f1-88fa-7010fe8ba408",
      "meta": {
        "profile": [ "http://hl7.org/fhir/us/qicore/StructureDefinition/qicore-practitioner" ]
      },
      "identifier": [ {
        "system": "http://hl7.org/fhir/sid/us-npi",
        "value": "123456"
      } ],
      "name": [ {
        "family": "Evil",
        "prefix": [ "Dr" ]
      } ]
    },
    "request": {
      "method": "PUT",
      "url": "Practitioner/f01d9f29-91fa-47f1-88fa-7010fe8ba408"
    }
  }, {
    "fullUrl": "https://madie.cms.gov/MeasureReport/d148bdc1-d400-4cef-9b7f-3c799be58cc3",
    "resource": {
      "resourceType": "MeasureReport",
      "id": "d148bdc1-d400-4cef-9b7f-3c799be58cc3",
      "meta": {
        "profile": [ "http://hl7.org/fhir/us/cqfmeasures/StructureDefinition/test-case-cqfm" ]
      },
      "contained": [ {
        "resourceType": "Parameters",
        "id": "596883fd-5ad7-457c-a955-1f77e9f0b5b2-parameters",
        "parameter": [ {
          "name": "subject",
          "valueString": "a408e883-7952-457e-a895-a4fcc055ab0f"
        } ]
      } ],
      "extension": [ {
        "url": "http://hl7.org/fhir/StructureDefinition/cqf-inputParameters",
        "valueReference": {
          "reference": "#596883fd-5ad7-457c-a955-1f77e9f0b5b2-parameters"
        }
      }, {
        "url": "http://hl7.org/fhir/us/cqfmeasures/StructureDefinition/cqfm-testCaseDescription",
        "valueMarkdown": "Patient with Glaucoma with cataract surgery. "
      } ],
      "modifierExtension": [ {
        "url": "http://hl7.org/fhir/us/cqfmeasures/StructureDefinition/cqfm-isTestCase",
        "valueBoolean": true
      } ],
      "status": "complete",
      "type": "individual",
      "measure": "https://madie.cms.gov/Measure/CMS133FHIRCataracts2040BCVAwithin90Days",
      "period": {
        "start": "2026-01-01",
        "end": "2026-12-31"
      },
      "group": [ {
        "id": "Group_1",
        "population": [ {
          "id": "InitialPopulation_1",
          "code": {
            "coding": [ {
              "system": "http://terminology.hl7.org/CodeSystem/measure-population",
              "code": "initial-population",
              "display": "Initial Population"
            } ]
          },
          "count": 1
        }, {
          "id": "Denominator_1",
          "code": {
            "coding": [ {
              "system": "http://terminology.hl7.org/CodeSystem/measure-population",
              "code": "denominator",
              "display": "Denominator"
            } ]
          },
          "count": 1
        }, {
          "id": "DenominatorExclusion_1",
          "code": {
            "coding": [ {
              "system": "http://terminology.hl7.org/CodeSystem/measure-population",
              "code": "denominator-exclusion",
              "display": "Denominator Exclusion"
            } ]
          },
          "count": 1
        }, {
          "id": "Numerator_1",
          "code": {
            "coding": [ {
              "system": "http://terminology.hl7.org/CodeSystem/measure-population",
              "code": "numerator",
              "display": "Numerator"
            } ]
          },
          "count": 0
        } ],
        "measureScore": {
          "value": 0.0
        }
      } ],
      "evaluatedResource": [ {
        "reference": "Patient/a408e883-7952-457e-a895-a4fcc055ab0f"
      }, {
        "reference": "Observation/b5a21ca4-0f3b-49fd-b858-6137a504ad33"
      }, {
        "reference": "Procedure/dfa1ce5c-f026-479e-9e40-ff026c1cd6e4"
      }, {
        "reference": "Condition/d0ee35c5-e132-428e-9881-90207a09159d"
      }, {
        "reference": "Coverage/f384205f-b20a-4346-9951-671fb88a0c5c"
      }, {
        "reference": "Organization/0e4f7a1b-e64f-4ae8-a357-b87e2fb05d06"
      }, {
        "reference": "Practitioner/f01d9f29-91fa-47f1-88fa-7010fe8ba408"
      } ]
    },
    "request": {
      "method": "PUT",
      "url": "MeasureReport/d148bdc1-d400-4cef-9b7f-3c799be58cc3"
    }
  } ]
}