{
  "resourceType": "Bundle",
  "id": "62a89f7131a203bdc723752b",
  "type": "transaction",
  "entry": [ {
    "fullUrl": "https://madie.cms.gov/Patient/051c5977-9f2c-4e8b-8e02-ac3ec0c718d6",
    "resource": {
      "resourceType": "Patient",
      "id": "051c5977-9f2c-4e8b-8e02-ac3ec0c718d6",
      "meta": {
        "profile": [ "http://hl7.org/fhir/us/qicore/StructureDefinition/qicore-patient" ]
      },
      "extension": [ {
        "url": "http://hl7.org/fhir/us/core/StructureDefinition/us-core-race",
        "extension": [ {
          "url": "ombCategory",
          "valueCoding": {
            "system": "urn:oid:2.16.840.1.113883.6.238",
            "code": "2106-3",
            "display": "White"
          }
        }, {
          "url": "text",
          "valueString": "White"
        } ]
      }, {
        "url": "http://hl7.org/fhir/us/core/StructureDefinition/us-core-ethnicity",
        "extension": [ {
          "url": "ombCategory",
          "valueCoding": {
            "system": "urn:oid:2.16.840.1.113883.6.238",
            "code": "2186-5",
            "display": "Non Hispanic or Latino"
          }
        }, {
          "url": "text",
          "valueString": "Non Hispanic or Latino"
        } ]
      } ],
      "identifier": [ {
        "type": {
          "coding": [ {
            "system": "http://terminology.hl7.org/CodeSystem/v2-0203",
            "code": "MR"
          } ]
        },
        "system": "https://bonnie-fhir.healthit.gov/",
        "value": "41654161684974312"
      } ],
      "name": [ {
        "family": "IPPass",
        "given": [ "LastQOL" ]
      } ],
      "gender": "male",
      "birthDate": "1952-12-01"
    },
    "request": {
      "method": "PUT",
      "url": "Patient/051c5977-9f2c-4e8b-8e02-ac3ec0c718d6"
    }
  }, {
    "fullUrl": "https://madie.cms.gov/Encounter/3fe99d46-4106-475c-a233-d914084b37e5",
    "resource": {
      "resourceType": "Encounter",
      "id": "3fe99d46-4106-475c-a233-d914084b37e5",
      "meta": {
        "profile": [ "http://hl7.org/fhir/us/qicore/StructureDefinition/qicore-encounter" ]
      },
      "status": "finished",
      "class": {
        "system": "http://terminology.hl7.org/CodeSystem/v3-ActCode",
        "code": "AMB",
        "display": "ambulatory"
      },
      "type": [ {
        "coding": [ {
          "system": "http://snomed.info/sct",
          "version": "http://snomed.info/sct/731000124108/version/20240301",
          "code": "185463005",
          "display": "Visit out of hours (procedure)"
        } ]
      } ],
      "subject": {
        "reference": "Patient/051c5977-9f2c-4e8b-8e02-ac3ec0c718d6"
      },
      "period": {
        "start": "2026-07-01T08:00:00.000+00:00",
        "end": "2026-07-01T09:15:00.000+00:00"
      }
    },
    "request": {
      "method": "PUT",
      "url": "Encounter/3fe99d46-4106-475c-a233-d914084b37e5"
    }
  }, {
    "fullUrl": "https://madie.cms.gov/Condition/c4fa9b7d-1ca9-44f3-8bee-59726d2b8d4d",
    "resource": {
      "resourceType": "Condition",
      "id": "c4fa9b7d-1ca9-44f3-8bee-59726d2b8d4d",
      "meta": {
        "profile": [ "http://hl7.org/fhir/us/qicore/StructureDefinition/qicore-condition-problems-health-concerns" ]
      },
      "clinicalStatus": {
        "coding": [ {
          "system": "http://terminology.hl7.org/CodeSystem/condition-clinical",
          "code": "active",
          "display": "active"
        } ]
      },
      "verificationStatus": {
        "coding": [ {
          "system": "http://terminology.hl7.org/CodeSystem/condition-ver-status",
          "code": "confirmed",
          "display": "Confirmed"
        } ]
      },
      "category": [ {
        "coding": [ {
          "system": "http://terminology.hl7.org/CodeSystem/condition-category",
          "code": "problem-list-item",
          "display": "Problem List Item"
        } ]
      } ],
      "code": {
        "coding": [ {
          "system": "http://hl7.org/fhir/sid/icd-10-cm",
          "version": "2024",
          "code": "N40.1",
          "display": "Benign prostatic hyperplasia with lower urinary tract symptoms"
        } ]
      },
      "subject": {
        "reference": "Patient/051c5977-9f2c-4e8b-8e02-ac3ec0c718d6"
      },
      "onsetPeriod": {
        "start": "2025-07-01T08:00:00.000+00:00"
      }
    },
    "request": {
      "method": "PUT",
      "url": "Condition/c4fa9b7d-1ca9-44f3-8bee-59726d2b8d4d"
    }
  }, {
    "fullUrl": "https://madie.cms.gov/Observation/136d6150-0ea2-417d-b62f-835cc8f091bf",
    "resource": {
      "resourceType": "Observation",
      "id": "136d6150-0ea2-417d-b62f-835cc8f091bf",
      "meta": {
        "profile": [ "http://hl7.org/fhir/us/qicore/StructureDefinition/qicore-observation-screening-assessment" ]
      },
      "status": "final",
      "category": [ {
        "coding": [ {
          "system": "http://terminology.hl7.org/CodeSystem/observation-category",
          "code": "survey",
          "display": "Survey"
        } ]
      } ],
      "code": {
        "coding": [ {
          "system": "http://loinc.org",
          "version": "2.76",
          "code": "80883-2",
          "display": "American Urological Association Symptom Index [AUASI]"
        } ]
      },
      "subject": {
        "reference": "Patient/051c5977-9f2c-4e8b-8e02-ac3ec0c718d6"
      },
      "effectiveDateTime": "2025-08-01T08:00:00.000+00:00",
      "valueInteger": 2
    },
    "request": {
      "method": "PUT",
      "url": "Observation/136d6150-0ea2-417d-b62f-835cc8f091bf"
    }
  }, {
    "fullUrl": "https://madie.cms.gov/Observation/80bd335d-6318-4022-af15-6759a317edd5",
    "resource": {
      "resourceType": "Observation",
      "id": "80bd335d-6318-4022-af15-6759a317edd5",
      "meta": {
        "profile": [ "http://hl7.org/fhir/us/qicore/StructureDefinition/qicore-observation-screening-assessment" ]
      },
      "status": "final",
      "category": [ {
        "coding": [ {
          "system": "http://terminology.hl7.org/CodeSystem/observation-category",
          "code": "survey",
          "display": "Survey"
        } ]
      } ],
      "code": {
        "coding": [ {
          "system": "http://loinc.org",
          "version": "2.76",
          "code": "80883-2",
          "display": "American Urological Association Symptom Index [AUASI]"
        } ]
      },
      "subject": {
        "reference": "Patient/051c5977-9f2c-4e8b-8e02-ac3ec0c718d6"
      },
      "effectiveDateTime": "2026-07-01T08:00:00.000+00:00",
      "valueInteger": 2
    },
    "request": {
      "method": "PUT",
      "url": "Observation/80bd335d-6318-4022-af15-6759a317edd5"
    }
  }, {
    "fullUrl": "https://madie.cms.gov/Observation/363efb86-b4a3-48a7-824b-35d54dc66387",
    "resource": {
      "resourceType": "Observation",
      "id": "363efb86-b4a3-48a7-824b-35d54dc66387",
      "meta": {
        "profile": [ "http://hl7.org/fhir/us/qicore/StructureDefinition/qicore-observation-screening-assessment" ]
      },
      "status": "final",
      "category": [ {
        "coding": [ {
          "system": "http://terminology.hl7.org/CodeSystem/observation-category",
          "code": "survey",
          "display": "Survey"
        } ]
      } ],
      "code": {
        "coding": [ {
          "system": "http://loinc.org",
          "version": "2.76",
          "code": "81090-3",
          "display": "If you were to spend the rest of your life with your urinary condition just the way it is now, how would you feel about that [IPSS]"
        } ]
      },
      "subject": {
        "reference": "Patient/051c5977-9f2c-4e8b-8e02-ac3ec0c718d6"
      },
      "effectiveDateTime": "2026-07-01T08:00:00.000+00:00",
      "valueInteger": 2
    },
    "request": {
      "method": "PUT",
      "url": "Observation/363efb86-b4a3-48a7-824b-35d54dc66387"
    }
  }, {
    "fullUrl": "https://madie.cms.gov/MeasureReport/c05ab9e6-4848-4dd5-8671-6f36e448b220",
    "resource": {
      "resourceType": "MeasureReport",
      "id": "c05ab9e6-4848-4dd5-8671-6f36e448b220",
      "meta": {
        "profile": [ "http://hl7.org/fhir/us/cqfmeasures/StructureDefinition/test-case-cqfm" ]
      },
      "contained": [ {
        "resourceType": "Parameters",
        "id": "47caa9e7-f487-474d-8a04-0ce4e417aa03-parameters",
        "parameter": [ {
          "name": "subject",
          "valueString": "051c5977-9f2c-4e8b-8e02-ac3ec0c718d6"
        } ]
      } ],
      "extension": [ {
        "url": "http://hl7.org/fhir/StructureDefinition/cqf-inputParameters",
        "valueReference": {
          "reference": "#47caa9e7-f487-474d-8a04-0ce4e417aa03-parameters"
        }
      }, {
        "url": "http://hl7.org/fhir/us/cqfmeasures/StructureDefinition/cqfm-testCaseDescription",
        "valueMarkdown": "Male Pt with OV, initial and followup assessment score with BPH during MP. Uses LastQOL as part of AUA Symptom Index and Quality of Life Assessment calculation"
      } ],
      "modifierExtension": [ {
        "url": "http://hl7.org/fhir/us/cqfmeasures/StructureDefinition/cqfm-isTestCase",
        "valueBoolean": true
      } ],
      "status": "complete",
      "type": "individual",
      "measure": "https://madie.cms.gov/Measure/CMS771FHIRUrinarySymptomScoreChangeBenignProstaticHyperplasia",
      "period": {
        "start": "2026-01-01",
        "end": "2026-12-31"
      },
      "group": [ {
        "id": "Group_1",
        "population": [ {
          "id": "InitialPopulation_1",
          "code": {
            "coding": [ {
              "system": "http://terminology.hl7.org/CodeSystem/measure-population",
              "code": "initial-population",
              "display": "Initial Population"
            } ]
          },
          "count": 1
        }, {
          "id": "Denominator_1",
          "code": {
            "coding": [ {
              "system": "http://terminology.hl7.org/CodeSystem/measure-population",
              "code": "denominator",
              "display": "Denominator"
            } ]
          },
          "count": 1
        }, {
          "id": "DenominatorExclusion_1",
          "code": {
            "coding": [ {
              "system": "http://terminology.hl7.org/CodeSystem/measure-population",
              "code": "denominator-exclusion",
              "display": "Denominator Exclusion"
            } ]
          },
          "count": 0
        }, {
          "id": "Numerator_1",
          "code": {
            "coding": [ {
              "system": "http://terminology.hl7.org/CodeSystem/measure-population",
              "code": "numerator",
              "display": "Numerator"
            } ]
          },
          "count": 0
        } ],
        "measureScore": {
          "value": 1.0
        }
      } ],
      "evaluatedResource": [ {
        "reference": "Patient/051c5977-9f2c-4e8b-8e02-ac3ec0c718d6"
      }, {
        "reference": "Encounter/3fe99d46-4106-475c-a233-d914084b37e5"
      }, {
        "reference": "Condition/c4fa9b7d-1ca9-44f3-8bee-59726d2b8d4d"
      }, {
        "reference": "Observation/136d6150-0ea2-417d-b62f-835cc8f091bf"
      }, {
        "reference": "Observation/80bd335d-6318-4022-af15-6759a317edd5"
      }, {
        "reference": "Observation/363efb86-b4a3-48a7-824b-35d54dc66387"
      } ]
    },
    "request": {
      "method": "PUT",
      "url": "MeasureReport/c05ab9e6-4848-4dd5-8671-6f36e448b220"
    }
  } ]
}