{
  "resourceType": "Bundle",
  "id": "1311351313135",
  "type": "transaction",
  "entry": [ {
    "fullUrl": "https://madie.cms.gov/Patient/68a791aa-734a-442b-b82a-e85ee3105a66",
    "resource": {
      "resourceType": "Patient",
      "id": "68a791aa-734a-442b-b82a-e85ee3105a66",
      "meta": {
        "profile": [ "http://hl7.org/fhir/us/qicore/StructureDefinition/qicore-patient" ]
      },
      "extension": [ {
        "url": "http://hl7.org/fhir/us/core/StructureDefinition/us-core-race",
        "extension": [ {
          "url": "ombCategory",
          "valueCoding": {
            "system": "urn:oid:2.16.840.1.113883.6.238",
            "code": "2076-8",
            "display": "Native Hawaiian or Other Pacific Islander"
          }
        }, {
          "url": "text",
          "valueString": "Native Hawaiian or Other Pacific Islander"
        } ]
      }, {
        "url": "http://hl7.org/fhir/us/core/StructureDefinition/us-core-ethnicity",
        "extension": [ {
          "url": "ombCategory",
          "valueCoding": {
            "system": "urn:oid:2.16.840.1.113883.6.238",
            "code": "2186-5",
            "display": "Not Hispanic or Latino"
          }
        }, {
          "url": "text",
          "valueString": "Not Hispanic or Latino"
        } ]
      } ],
      "identifier": [ {
        "type": {
          "coding": [ {
            "system": "http://terminology.hl7.org/CodeSystem/v2-0203",
            "code": "MR"
          } ]
        },
        "system": "https://bonnie-fhir.healthit.gov/",
        "value": "6351g5asg32135135102101"
      } ],
      "name": [ {
        "family": "DENOMPass",
        "given": [ "OVinMPBladderCaAndStaging" ]
      } ],
      "gender": "female",
      "birthDate": "1947-11-03"
    },
    "request": {
      "method": "PUT",
      "url": "Patient/68a791aa-734a-442b-b82a-e85ee3105a66"
    }
  }, {
    "fullUrl": "https://madie.cms.gov/Encounter/41f548fe-3c6c-46b5-abb5-1d3eb0ef43f5",
    "resource": {
      "resourceType": "Encounter",
      "id": "41f548fe-3c6c-46b5-abb5-1d3eb0ef43f5",
      "meta": {
        "profile": [ "http://hl7.org/fhir/us/qicore/StructureDefinition/qicore-encounter" ]
      },
      "status": "finished",
      "class": {
        "system": "http://terminology.hl7.org/CodeSystem/v3-ActCode",
        "code": "AMB",
        "display": "ambulatory"
      },
      "type": [ {
        "coding": [ {
          "system": "http://snomed.info/sct",
          "version": "http://snomed.info/sct/731000124108/version/20240301",
          "code": "185463005",
          "display": "Visit out of hours (procedure)"
        } ]
      } ],
      "subject": {
        "reference": "Patient/68a791aa-734a-442b-b82a-e85ee3105a66"
      },
      "period": {
        "start": "2026-04-06T08:00:00.000+00:00",
        "end": "2026-04-06T09:15:00.000+00:00"
      }
    },
    "request": {
      "method": "PUT",
      "url": "Encounter/41f548fe-3c6c-46b5-abb5-1d3eb0ef43f5"
    }
  }, {
    "fullUrl": "https://madie.cms.gov/Condition/7b81d109-6042-4b52-bd0c-d0b02c1f2148",
    "resource": {
      "resourceType": "Condition",
      "id": "7b81d109-6042-4b52-bd0c-d0b02c1f2148",
      "meta": {
        "profile": [ "http://hl7.org/fhir/us/qicore/StructureDefinition/qicore-condition-problems-health-concerns" ]
      },
      "clinicalStatus": {
        "coding": [ {
          "system": "http://terminology.hl7.org/CodeSystem/condition-clinical",
          "code": "active",
          "display": "Active"
        } ]
      },
      "verificationStatus": {
        "coding": [ {
          "system": "http://terminology.hl7.org/CodeSystem/condition-ver-status",
          "code": "confirmed",
          "display": "Confirmed"
        } ]
      },
      "category": [ {
        "coding": [ {
          "system": "http://terminology.hl7.org/CodeSystem/condition-category",
          "code": "problem-list-item",
          "display": "Problem List Item"
        } ]
      } ],
      "code": {
        "coding": [ {
          "system": "http://hl7.org/fhir/sid/icd-10-cm",
          "version": "2024",
          "code": "C67.1",
          "display": "Malignant neoplasm of dome of bladder"
        } ]
      },
      "subject": {
        "reference": "Patient/68a791aa-734a-442b-b82a-e85ee3105a66"
      },
      "onsetPeriod": {
        "start": "2026-04-06T08:00:00.000+00:00"
      }
    },
    "request": {
      "method": "PUT",
      "url": "Condition/7b81d109-6042-4b52-bd0c-d0b02c1f2148"
    }
  }, {
    "fullUrl": "https://madie.cms.gov/Procedure/0069c6c1-c9f8-47a7-b349-8910d7f5b2d0",
    "resource": {
      "resourceType": "Procedure",
      "id": "0069c6c1-c9f8-47a7-b349-8910d7f5b2d0",
      "meta": {
        "profile": [ "http://hl7.org/fhir/us/qicore/StructureDefinition/qicore-procedure" ]
      },
      "extension": [ {
        "url": "http://hl7.org/fhir/us/qicore/StructureDefinition/qicore-recorded",
        "valueDateTime": "2026-04-06T08:00:00.000+00:00"
      } ],
      "status": "completed",
      "code": {
        "coding": [ {
          "system": "http://snomed.info/sct",
          "version": "http://snomed.info/sct/731000124108/version/20240301",
          "code": "254292007",
          "display": "Tumor staging"
        } ]
      },
      "subject": {
        "reference": "Patient/68a791aa-734a-442b-b82a-e85ee3105a66"
      },
      "performedDateTime": "2026-04-06T08:00:00.000+00:00"
    },
    "request": {
      "method": "PUT",
      "url": "Procedure/0069c6c1-c9f8-47a7-b349-8910d7f5b2d0"
    }
  }, {
    "fullUrl": "https://madie.cms.gov/Observation/6cabdfb7-b6c5-4217-88ca-0dbbcfa8dba8",
    "resource": {
      "resourceType": "Observation",
      "id": "6cabdfb7-b6c5-4217-88ca-0dbbcfa8dba8",
      "meta": {
        "profile": [ "http://hl7.org/fhir/us/qicore/StructureDefinition/qicore-observation-lab" ]
      },
      "partOf": [ {
        "reference": "Procedure/0069c6c1-c9f8-47a7-b349-8910d7f5b2d0"
      } ],
      "status": "final",
      "category": [ {
        "coding": [ {
          "system": "http://terminology.hl7.org/CodeSystem/observation-category",
          "code": "procedure",
          "display": "Procedure"
        } ]
      } ],
      "code": {
        "coding": [ {
          "system": "http://loinc.org",
          "version": "2.76",
          "code": "21902-2",
          "display": "Stage group.pathology Cancer"
        } ]
      },
      "subject": {
        "reference": "Patient/68a791aa-734a-442b-b82a-e85ee3105a66"
      },
      "effectiveDateTime": "2026-04-06T08:00:00.000+00:00",
      "issued": "2026-04-06T08:10:00.000+00:00",
      "valueCodeableConcept": {
        "coding": [ {
          "system": "http://snomed.info/sct",
          "code": "1228883000",
          "display": "American Joint Committee on Cancer cTa (qualifier value)",
          "userSelected": true
        } ]
      }
    },
    "request": {
      "method": "PUT",
      "url": "Observation/6cabdfb7-b6c5-4217-88ca-0dbbcfa8dba8"
    }
  }, {
    "fullUrl": "https://madie.cms.gov/MeasureReport/daf78134-5c23-4019-8661-8d8d7c928046",
    "resource": {
      "resourceType": "MeasureReport",
      "id": "daf78134-5c23-4019-8661-8d8d7c928046",
      "meta": {
        "profile": [ "http://hl7.org/fhir/us/cqfmeasures/StructureDefinition/test-case-cqfm" ]
      },
      "contained": [ {
        "resourceType": "Parameters",
        "id": "05d76696-d87c-4803-aaf9-ccc9a13ea050-parameters",
        "parameter": [ {
          "name": "subject",
          "valueString": "68a791aa-734a-442b-b82a-e85ee3105a66"
        } ]
      } ],
      "extension": [ {
        "url": "http://hl7.org/fhir/StructureDefinition/cqf-inputParameters",
        "valueReference": {
          "reference": "#05d76696-d87c-4803-aaf9-ccc9a13ea050-parameters"
        }
      }, {
        "url": "http://hl7.org/fhir/us/cqfmeasures/StructureDefinition/cqfm-testCaseDescription",
        "valueMarkdown": "Patient with OV in MP with  bladder cancer diagnosis in MP. BCa staging done. DENOM passes."
      } ],
      "modifierExtension": [ {
        "url": "http://hl7.org/fhir/us/cqfmeasures/StructureDefinition/cqfm-isTestCase",
        "valueBoolean": true
      } ],
      "status": "complete",
      "type": "individual",
      "measure": "https://madie.cms.gov/Measure/CMS646FHIRIntravesicalBacillusCalmetteGuerinForBladderCancer",
      "period": {
        "start": "2026-01-01",
        "end": "2026-12-31"
      },
      "group": [ {
        "id": "Group_1",
        "population": [ {
          "id": "InitialPopulation_1",
          "code": {
            "coding": [ {
              "system": "http://terminology.hl7.org/CodeSystem/measure-population",
              "code": "initial-population",
              "display": "Initial Population"
            } ]
          },
          "count": 1
        }, {
          "id": "Denominator_1",
          "code": {
            "coding": [ {
              "system": "http://terminology.hl7.org/CodeSystem/measure-population",
              "code": "denominator",
              "display": "Denominator"
            } ]
          },
          "count": 1
        }, {
          "id": "DenominatorExclusion_1",
          "code": {
            "coding": [ {
              "system": "http://terminology.hl7.org/CodeSystem/measure-population",
              "code": "denominator-exclusion",
              "display": "Denominator Exclusion"
            } ]
          },
          "count": 0
        }, {
          "id": "Numerator_1",
          "code": {
            "coding": [ {
              "system": "http://terminology.hl7.org/CodeSystem/measure-population",
              "code": "numerator",
              "display": "Numerator"
            } ]
          },
          "count": 0
        }, {
          "id": "DenominatorException_1",
          "code": {
            "coding": [ {
              "system": "http://terminology.hl7.org/CodeSystem/measure-population",
              "code": "denominator-exception",
              "display": "Denominator Exception"
            } ]
          },
          "count": 0
        } ],
        "measureScore": {
          "value": 1.0
        }
      } ],
      "evaluatedResource": [ {
        "reference": "Patient/68a791aa-734a-442b-b82a-e85ee3105a66"
      }, {
        "reference": "Encounter/41f548fe-3c6c-46b5-abb5-1d3eb0ef43f5"
      }, {
        "reference": "Condition/7b81d109-6042-4b52-bd0c-d0b02c1f2148"
      }, {
        "reference": "Procedure/0069c6c1-c9f8-47a7-b349-8910d7f5b2d0"
      }, {
        "reference": "Observation/6cabdfb7-b6c5-4217-88ca-0dbbcfa8dba8"
      } ]
    },
    "request": {
      "method": "PUT",
      "url": "MeasureReport/daf78134-5c23-4019-8661-8d8d7c928046"
    }
  } ]
}