{
  "resourceType": "Bundle",
  "id": "62f663525efef5272905e70e",
  "type": "transaction",
  "entry": [ {
    "fullUrl": "https://madie.cms.gov/Patient/4a1f1d8c-0de8-4819-a0a3-28f6caaf6265",
    "resource": {
      "resourceType": "Patient",
      "id": "4a1f1d8c-0de8-4819-a0a3-28f6caaf6265",
      "meta": {
        "profile": [ "http://hl7.org/fhir/us/qicore/StructureDefinition/qicore-patient" ]
      },
      "extension": [ {
        "url": "http://hl7.org/fhir/us/core/StructureDefinition/us-core-race",
        "extension": [ {
          "url": "ombCategory",
          "valueCoding": {
            "system": "urn:oid:2.16.840.1.113883.6.238",
            "code": "1002-5",
            "display": "American Indian or Alaska Native",
            "userSelected": true
          }
        }, {
          "url": "text",
          "valueString": "American Indian or Alaska Native"
        } ]
      }, {
        "url": "http://hl7.org/fhir/us/core/StructureDefinition/us-core-ethnicity",
        "extension": [ {
          "url": "ombCategory",
          "valueCoding": {
            "system": "urn:oid:2.16.840.1.113883.6.238",
            "code": "2135-2",
            "display": "Hispanic or Latino",
            "userSelected": true
          }
        }, {
          "url": "text",
          "valueString": "Hispanic or Latino"
        } ]
      } ],
      "identifier": [ {
        "type": {
          "coding": [ {
            "system": "http://terminology.hl7.org/CodeSystem/v2-0203",
            "code": "MR"
          } ]
        },
        "system": "https://bonnie-fhir.healthit.gov/",
        "value": "62f663525efef5272905e70e"
      } ],
      "name": [ {
        "family": "DENOMPass",
        "given": [ "AdultPhysicalTherapyEvaluation" ]
      } ],
      "gender": "male",
      "birthDate": "2008-12-31"
    },
    "request": {
      "method": "PUT",
      "url": "Patient/4a1f1d8c-0de8-4819-a0a3-28f6caaf6265"
    }
  }, {
    "fullUrl": "https://madie.cms.gov/Encounter/8ee0fcc9-7b3c-4b02-b890-61f191819cee",
    "resource": {
      "resourceType": "Encounter",
      "id": "8ee0fcc9-7b3c-4b02-b890-61f191819cee",
      "meta": {
        "profile": [ "http://hl7.org/fhir/us/qicore/StructureDefinition/qicore-encounter" ]
      },
      "status": "finished",
      "class": {
        "system": "http://terminology.hl7.org/CodeSystem/v3-ActCode",
        "code": "IMP",
        "display": "inpatient encounter"
      },
      "type": [ {
        "coding": [ {
          "system": "http://snomed.info/sct",
          "version": "2021-09",
          "code": "183326003",
          "display": "Combined physical therapy (regime/therapy)",
          "userSelected": true
        } ]
      } ],
      "subject": {
        "reference": "Patient/4a1f1d8c-0de8-4819-a0a3-28f6caaf6265"
      },
      "period": {
        "start": "2026-08-12T08:00:00.000+00:00",
        "end": "2026-08-12T08:15:00.000+00:00"
      }
    },
    "request": {
      "method": "PUT",
      "url": "Encounter/8ee0fcc9-7b3c-4b02-b890-61f191819cee"
    }
  }, {
    "fullUrl": "https://madie.cms.gov/Coverage/c8dba0f0-b8c2-4c59-bdaa-6bd5da02b1e8",
    "resource": {
      "resourceType": "Coverage",
      "id": "c8dba0f0-b8c2-4c59-bdaa-6bd5da02b1e8",
      "meta": {
        "profile": [ "http://hl7.org/fhir/us/qicore/StructureDefinition/qicore-coverage" ]
      },
      "status": "active",
      "beneficiary": {
        "reference": "Patient/4a1f1d8c-0de8-4819-a0a3-28f6caaf6265"
      },
      "payor": [ {
        "reference": "Organization/5a14ae26-a21a-4576-8fc7-0175e826c25e"
      } ]
    },
    "request": {
      "method": "PUT",
      "url": "Coverage/c8dba0f0-b8c2-4c59-bdaa-6bd5da02b1e8"
    }
  }, {
    "fullUrl": "https://madie.cms.gov/Organization/5a14ae26-a21a-4576-8fc7-0175e826c25e",
    "resource": {
      "resourceType": "Organization",
      "id": "5a14ae26-a21a-4576-8fc7-0175e826c25e",
      "meta": {
        "profile": [ "http://hl7.org/fhir/us/qicore/StructureDefinition/qicore-organization" ]
      },
      "identifier": [ {
        "use": "temp",
        "system": "urn:oid:2.16.840.1.113883.4.4",
        "value": "21-3259825"
      } ],
      "active": true,
      "type": [ {
        "coding": [ {
          "system": "http://terminology.hl7.org/CodeSystem/organization-type",
          "code": "pay",
          "display": "Payer"
        } ]
      } ],
      "name": "Blue Cross Blue Shield of Texas",
      "telecom": [ {
        "system": "phone",
        "value": "(+1) 972-766-6900"
      } ],
      "address": [ {
        "use": "billing",
        "type": "postal",
        "line": [ "P.O. Box 660044" ],
        "city": "Dallas",
        "state": "TX",
        "postalCode": "75266-0044",
        "country": "USA"
      } ]
    },
    "request": {
      "method": "PUT",
      "url": "Organization/5a14ae26-a21a-4576-8fc7-0175e826c25e"
    }
  }, {
    "fullUrl": "https://madie.cms.gov/Practitioner/063c39e0-6843-431f-a1a9-2a4f80af6fe3",
    "resource": {
      "resourceType": "Practitioner",
      "id": "063c39e0-6843-431f-a1a9-2a4f80af6fe3",
      "meta": {
        "profile": [ "http://hl7.org/fhir/us/qicore/StructureDefinition/qicore-practitioner" ]
      },
      "identifier": [ {
        "system": "http://hl7.org/fhir/sid/us-npi",
        "value": "123456"
      } ],
      "name": [ {
        "family": "Evil",
        "prefix": [ "Dr" ]
      } ]
    },
    "request": {
      "method": "PUT",
      "url": "Practitioner/063c39e0-6843-431f-a1a9-2a4f80af6fe3"
    }
  }, {
    "fullUrl": "https://madie.cms.gov/MeasureReport/f03e542f-f2c0-495a-a59c-b0b3ac17abab",
    "resource": {
      "resourceType": "MeasureReport",
      "id": "f03e542f-f2c0-495a-a59c-b0b3ac17abab",
      "meta": {
        "profile": [ "http://hl7.org/fhir/us/cqfmeasures/StructureDefinition/test-case-cqfm" ]
      },
      "contained": [ {
        "resourceType": "Parameters",
        "id": "ef7999a9-83db-45fc-9144-ab02d3b80f1d-parameters",
        "parameter": [ {
          "name": "subject",
          "valueString": "4a1f1d8c-0de8-4819-a0a3-28f6caaf6265"
        } ]
      } ],
      "extension": [ {
        "url": "http://hl7.org/fhir/StructureDefinition/cqf-inputParameters",
        "valueReference": {
          "reference": "#ef7999a9-83db-45fc-9144-ab02d3b80f1d-parameters"
        }
      }, {
        "url": "http://hl7.org/fhir/us/cqfmeasures/StructureDefinition/cqfm-testCaseDescription",
        "valueMarkdown": "18 yo male with physical therapy evaluation"
      } ],
      "modifierExtension": [ {
        "url": "http://hl7.org/fhir/us/cqfmeasures/StructureDefinition/cqfm-isTestCase",
        "valueBoolean": true
      } ],
      "status": "complete",
      "type": "individual",
      "measure": "https://madie.cms.gov/Measure/CMS2FHIRPCSDepressionScreenAndFollowUp",
      "period": {
        "start": "2026-01-01",
        "end": "2026-12-31"
      },
      "group": [ {
        "id": "Group_1",
        "population": [ {
          "id": "InitialPopulation_1",
          "code": {
            "coding": [ {
              "system": "http://terminology.hl7.org/CodeSystem/measure-population",
              "code": "initial-population",
              "display": "Initial Population"
            } ]
          },
          "count": 1
        }, {
          "id": "Denominator_1",
          "code": {
            "coding": [ {
              "system": "http://terminology.hl7.org/CodeSystem/measure-population",
              "code": "denominator",
              "display": "Denominator"
            } ]
          },
          "count": 1
        }, {
          "id": "DenominatorExclusion_1",
          "code": {
            "coding": [ {
              "system": "http://terminology.hl7.org/CodeSystem/measure-population",
              "code": "denominator-exclusion",
              "display": "Denominator Exclusion"
            } ]
          },
          "count": 0
        }, {
          "id": "Numerator_1",
          "code": {
            "coding": [ {
              "system": "http://terminology.hl7.org/CodeSystem/measure-population",
              "code": "numerator",
              "display": "Numerator"
            } ]
          },
          "count": 0
        }, {
          "id": "DenominatorException_1",
          "code": {
            "coding": [ {
              "system": "http://terminology.hl7.org/CodeSystem/measure-population",
              "code": "denominator-exception",
              "display": "Denominator Exception"
            } ]
          },
          "count": 0
        } ],
        "measureScore": {
          "value": 1.0
        }
      } ],
      "evaluatedResource": [ {
        "reference": "Patient/4a1f1d8c-0de8-4819-a0a3-28f6caaf6265"
      }, {
        "reference": "Encounter/8ee0fcc9-7b3c-4b02-b890-61f191819cee"
      }, {
        "reference": "Coverage/c8dba0f0-b8c2-4c59-bdaa-6bd5da02b1e8"
      }, {
        "reference": "Organization/5a14ae26-a21a-4576-8fc7-0175e826c25e"
      }, {
        "reference": "Practitioner/063c39e0-6843-431f-a1a9-2a4f80af6fe3"
      } ]
    },
    "request": {
      "method": "PUT",
      "url": "MeasureReport/f03e542f-f2c0-495a-a59c-b0b3ac17abab"
    }
  } ]
}