{
  "resourceType": "Bundle",
  "id": "6101649298086b4fedf65e22",
  "type": "transaction",
  "entry": [ {
    "fullUrl": "https://madie.cms.gov/Patient/bc79e5bc-237e-44be-b5fc-c5c4efb50286",
    "resource": {
      "resourceType": "Patient",
      "id": "bc79e5bc-237e-44be-b5fc-c5c4efb50286",
      "meta": {
        "profile": [ "http://hl7.org/fhir/us/qicore/StructureDefinition/qicore-patient" ]
      },
      "extension": [ {
        "url": "http://hl7.org/fhir/us/core/StructureDefinition/us-core-race",
        "extension": [ {
          "url": "ombCategory",
          "valueCoding": {
            "system": "urn:oid:2.16.840.1.113883.6.238",
            "code": "1002-5",
            "display": "American Indian or Alaska Native"
          }
        }, {
          "url": "text",
          "valueString": "American Indian or Alaska Native"
        } ]
      }, {
        "url": "http://hl7.org/fhir/us/core/StructureDefinition/us-core-ethnicity",
        "extension": [ {
          "url": "ombCategory",
          "valueCoding": {
            "system": "urn:oid:2.16.840.1.113883.6.238",
            "code": "2135-2",
            "display": "Hispanic or Latino"
          }
        }, {
          "url": "text",
          "valueString": "Hispanic or Latino"
        } ]
      } ],
      "identifier": [ {
        "type": {
          "coding": [ {
            "system": "http://terminology.hl7.org/CodeSystem/v2-0203",
            "code": "MR"
          } ]
        },
        "system": "https://bonnie-fhir.healthit.gov/",
        "value": "465416131564861"
      } ],
      "active": true,
      "name": [ {
        "use": "usual",
        "family": "DENEXFail",
        "given": [ "BMIGreaterThan40After2ndUSS" ]
      } ],
      "gender": "male",
      "birthDate": "1945-11-18"
    },
    "request": {
      "method": "PUT",
      "url": "Patient/bc79e5bc-237e-44be-b5fc-c5c4efb50286"
    }
  }, {
    "fullUrl": "https://madie.cms.gov/Encounter/31cc82dc-eeb8-4bf0-9ed9-46d140263e93",
    "resource": {
      "resourceType": "Encounter",
      "id": "31cc82dc-eeb8-4bf0-9ed9-46d140263e93",
      "meta": {
        "profile": [ "http://hl7.org/fhir/us/qicore/StructureDefinition/qicore-encounter" ]
      },
      "status": "finished",
      "class": {
        "system": "http://terminology.hl7.org/CodeSystem/v3-ActCode",
        "code": "AMB",
        "display": "ambulatory"
      },
      "type": [ {
        "coding": [ {
          "system": "http://snomed.info/sct",
          "version": "http://snomed.info/sct/731000124108/version/20240301",
          "code": "185463005",
          "display": "Visit out of hours (procedure)"
        } ]
      } ],
      "subject": {
        "reference": "Patient/bc79e5bc-237e-44be-b5fc-c5c4efb50286"
      },
      "period": {
        "start": "2026-03-01T09:00:00.000+00:00",
        "end": "2026-03-01T09:45:00.000+00:00"
      }
    },
    "request": {
      "method": "PUT",
      "url": "Encounter/31cc82dc-eeb8-4bf0-9ed9-46d140263e93"
    }
  }, {
    "fullUrl": "https://madie.cms.gov/Observation/a4af2bc5-544e-47ba-9b78-51fb57a1b032",
    "resource": {
      "resourceType": "Observation",
      "id": "a4af2bc5-544e-47ba-9b78-51fb57a1b032",
      "meta": {
        "profile": [ "http://hl7.org/fhir/us/qicore/StructureDefinition/qicore-observation-screening-assessment" ]
      },
      "status": "final",
      "category": [ {
        "coding": [ {
          "system": "http://terminology.hl7.org/CodeSystem/observation-category",
          "code": "survey",
          "display": "Survey"
        } ],
        "text": "Survey"
      } ],
      "code": {
        "coding": [ {
          "system": "http://loinc.org",
          "version": "2.76",
          "code": "80976-4",
          "display": "International Prostate Symptom Score [IPSS]"
        } ]
      },
      "subject": {
        "reference": "Patient/bc79e5bc-237e-44be-b5fc-c5c4efb50286"
      },
      "effectiveDateTime": "2026-01-30T08:00:00.000+00:00",
      "valueInteger": 30
    },
    "request": {
      "method": "PUT",
      "url": "Observation/a4af2bc5-544e-47ba-9b78-51fb57a1b032"
    }
  }, {
    "fullUrl": "https://madie.cms.gov/Observation/e73ad73b-0d57-4b08-ab8e-8d94bd5f93b1",
    "resource": {
      "resourceType": "Observation",
      "id": "e73ad73b-0d57-4b08-ab8e-8d94bd5f93b1",
      "meta": {
        "profile": [ "http://hl7.org/fhir/us/qicore/StructureDefinition/qicore-observation-screening-assessment" ]
      },
      "status": "final",
      "category": [ {
        "coding": [ {
          "system": "http://terminology.hl7.org/CodeSystem/observation-category",
          "code": "survey",
          "display": "Survey"
        } ],
        "text": "Survey"
      } ],
      "code": {
        "coding": [ {
          "system": "http://loinc.org",
          "version": "2.76",
          "code": "80976-4",
          "display": "International Prostate Symptom Score [IPSS]"
        } ]
      },
      "subject": {
        "reference": "Patient/bc79e5bc-237e-44be-b5fc-c5c4efb50286"
      },
      "effectiveDateTime": "2026-09-08T08:00:00.000+00:00",
      "valueInteger": 18
    },
    "request": {
      "method": "PUT",
      "url": "Observation/e73ad73b-0d57-4b08-ab8e-8d94bd5f93b1"
    }
  }, {
    "fullUrl": "https://madie.cms.gov/Observation/0ac7a4b1-a6dd-4705-9233-b5c9f2a78c8e",
    "resource": {
      "resourceType": "Observation",
      "id": "0ac7a4b1-a6dd-4705-9233-b5c9f2a78c8e",
      "meta": {
        "profile": [ "http://hl7.org/fhir/StructureDefinition/bmi" ]
      },
      "status": "final",
      "category": [ {
        "coding": [ {
          "system": "http://terminology.hl7.org/CodeSystem/observation-category",
          "code": "vital-signs",
          "display": "Vital Signs"
        } ],
        "text": "Vital Signs"
      }, {
        "coding": [ {
          "system": "http://terminology.hl7.org/CodeSystem/observation-category",
          "code": "survey",
          "display": "Survey"
        } ],
        "text": "Survey"
      } ],
      "code": {
        "coding": [ {
          "system": "http://loinc.org",
          "version": "2.76",
          "code": "39156-5",
          "display": "Body mass index (BMI) [Ratio]"
        } ]
      },
      "subject": {
        "reference": "Patient/bc79e5bc-237e-44be-b5fc-c5c4efb50286"
      },
      "effectiveDateTime": "2026-09-09T08:00:00.000+00:00",
      "valueQuantity": {
        "value": 41,
        "unit": "kg/m2",
        "system": "http://unitsofmeasure.org",
        "code": "kg/m2"
      }
    },
    "request": {
      "method": "PUT",
      "url": "Observation/0ac7a4b1-a6dd-4705-9233-b5c9f2a78c8e"
    }
  }, {
    "fullUrl": "https://madie.cms.gov/Condition/602971b3-fc83-464c-9201-b0905e37a9a6",
    "resource": {
      "resourceType": "Condition",
      "id": "602971b3-fc83-464c-9201-b0905e37a9a6",
      "meta": {
        "profile": [ "http://hl7.org/fhir/us/qicore/StructureDefinition/qicore-condition-problems-health-concerns" ]
      },
      "clinicalStatus": {
        "coding": [ {
          "system": "http://terminology.hl7.org/CodeSystem/condition-clinical",
          "code": "active",
          "display": "Active"
        } ]
      },
      "verificationStatus": {
        "coding": [ {
          "system": "http://terminology.hl7.org/CodeSystem/condition-ver-status",
          "code": "confirmed",
          "display": "Confirmed"
        } ]
      },
      "category": [ {
        "coding": [ {
          "system": "http://terminology.hl7.org/CodeSystem/condition-category",
          "code": "problem-list-item",
          "display": "Problem List Item"
        } ]
      } ],
      "code": {
        "coding": [ {
          "system": "http://hl7.org/fhir/sid/icd-10-cm",
          "version": "2024",
          "code": "N40.1",
          "display": "Benign prostatic hyperplasia with lower urinary tract symptoms"
        } ]
      },
      "subject": {
        "reference": "Patient/bc79e5bc-237e-44be-b5fc-c5c4efb50286"
      },
      "onsetPeriod": {
        "start": "2025-12-31T08:00:00.000+00:00"
      }
    },
    "request": {
      "method": "PUT",
      "url": "Condition/602971b3-fc83-464c-9201-b0905e37a9a6"
    }
  }, {
    "fullUrl": "https://madie.cms.gov/MeasureReport/c6f108fc-59b1-4da4-b119-258befe2fdbd",
    "resource": {
      "resourceType": "MeasureReport",
      "id": "c6f108fc-59b1-4da4-b119-258befe2fdbd",
      "meta": {
        "profile": [ "http://hl7.org/fhir/us/cqfmeasures/StructureDefinition/test-case-cqfm" ]
      },
      "contained": [ {
        "resourceType": "Parameters",
        "id": "f4ead52c-0bf7-476d-b8fe-4010f2b87385-parameters",
        "parameter": [ {
          "name": "subject",
          "valueString": "bc79e5bc-237e-44be-b5fc-c5c4efb50286"
        } ]
      } ],
      "extension": [ {
        "url": "http://hl7.org/fhir/StructureDefinition/cqf-inputParameters",
        "valueReference": {
          "reference": "#f4ead52c-0bf7-476d-b8fe-4010f2b87385-parameters"
        }
      }, {
        "url": "http://hl7.org/fhir/us/cqfmeasures/StructureDefinition/cqfm-testCaseDescription",
        "valueMarkdown": "Male Patient with OV, BPH diagnosis, initial and second encounter. Patient has BMI > 40 but fails Denominator Exclusion due to it being after the followup (second) USS assessment"
      } ],
      "modifierExtension": [ {
        "url": "http://hl7.org/fhir/us/cqfmeasures/StructureDefinition/cqfm-isTestCase",
        "valueBoolean": true
      } ],
      "status": "complete",
      "type": "individual",
      "measure": "https://madie.cms.gov/Measure/CMS771FHIRUrinarySymptomScoreChangeBenignProstaticHyperplasia",
      "period": {
        "start": "2026-01-01",
        "end": "2026-12-31"
      },
      "group": [ {
        "id": "Group_1",
        "population": [ {
          "id": "InitialPopulation_1",
          "code": {
            "coding": [ {
              "system": "http://terminology.hl7.org/CodeSystem/measure-population",
              "code": "initial-population",
              "display": "Initial Population"
            } ]
          },
          "count": 1
        }, {
          "id": "Denominator_1",
          "code": {
            "coding": [ {
              "system": "http://terminology.hl7.org/CodeSystem/measure-population",
              "code": "denominator",
              "display": "Denominator"
            } ]
          },
          "count": 1
        }, {
          "id": "DenominatorExclusion_1",
          "code": {
            "coding": [ {
              "system": "http://terminology.hl7.org/CodeSystem/measure-population",
              "code": "denominator-exclusion",
              "display": "Denominator Exclusion"
            } ]
          },
          "count": 0
        }, {
          "id": "Numerator_1",
          "code": {
            "coding": [ {
              "system": "http://terminology.hl7.org/CodeSystem/measure-population",
              "code": "numerator",
              "display": "Numerator"
            } ]
          },
          "count": 1
        } ],
        "measureScore": {
          "value": 1.0
        }
      } ],
      "evaluatedResource": [ {
        "reference": "Patient/bc79e5bc-237e-44be-b5fc-c5c4efb50286"
      }, {
        "reference": "Encounter/31cc82dc-eeb8-4bf0-9ed9-46d140263e93"
      }, {
        "reference": "Observation/a4af2bc5-544e-47ba-9b78-51fb57a1b032"
      }, {
        "reference": "Observation/e73ad73b-0d57-4b08-ab8e-8d94bd5f93b1"
      }, {
        "reference": "Observation/0ac7a4b1-a6dd-4705-9233-b5c9f2a78c8e"
      }, {
        "reference": "Condition/602971b3-fc83-464c-9201-b0905e37a9a6"
      } ]
    },
    "request": {
      "method": "PUT",
      "url": "MeasureReport/c6f108fc-59b1-4da4-b119-258befe2fdbd"
    }
  } ]
}