{
  "resourceType": "Bundle",
  "id": "610965b898086b538055c147",
  "type": "transaction",
  "entry": [ {
    "fullUrl": "https://madie.cms.gov/Patient/15d4c0f3-e862-4b06-9ed0-7a572b901aba",
    "resource": {
      "resourceType": "Patient",
      "id": "15d4c0f3-e862-4b06-9ed0-7a572b901aba",
      "meta": {
        "profile": [ "http://hl7.org/fhir/us/qicore/StructureDefinition/qicore-patient" ]
      },
      "text": {
        "status": "generated",
        "div": "<div xmlns=\"http://www.w3.org/1999/xhtml\"><div class=\"hapiHeaderText\">Patient65StartMP <b>IPPPASS </b></div><table class=\"hapiPropertyTable\"><tbody><tr><td>Identifier</td><td>4ea62120f3865f3430b6456f1259ae03c5efd14d62bd7e26962ff6dfa3b4556e</td></tr><tr><td>Date of birth</td><td><span>02 January 1946</span></td></tr></tbody></table></div>"
      },
      "extension": [ {
        "url": "http://hl7.org/fhir/us/core/StructureDefinition/us-core-race",
        "extension": [ {
          "url": "ombCategory",
          "valueCoding": {
            "system": "urn:oid:2.16.840.1.113883.6.238",
            "code": "2076-8",
            "display": "Native Hawaiian or Other Pacific Islander",
            "userSelected": true
          }
        }, {
          "url": "text",
          "valueString": "Native Hawaiian or Other Pacific Islander"
        } ]
      }, {
        "url": "http://hl7.org/fhir/us/core/StructureDefinition/us-core-ethnicity",
        "extension": [ {
          "url": "ombCategory",
          "valueCoding": {
            "system": "urn:oid:2.16.840.1.113883.6.238",
            "code": "2186-5",
            "display": "Not Hispanic or Latino",
            "userSelected": true
          }
        }, {
          "url": "text",
          "valueString": "Not Hispanic or Latino"
        } ]
      } ],
      "identifier": [ {
        "type": {
          "coding": [ {
            "system": "http://terminology.hl7.org/CodeSystem/v2-0203",
            "code": "MR"
          } ]
        },
        "system": "https://bonnie-fhir.healthit.gov/",
        "value": "610965b898086b538055c147"
      } ],
      "active": true,
      "name": [ {
        "use": "usual",
        "family": "IPPPass",
        "given": [ "Patient65StartMP" ]
      } ],
      "gender": "unknown",
      "birthDate": "1960-01-02"
    },
    "request": {
      "method": "PUT",
      "url": "Patient/15d4c0f3-e862-4b06-9ed0-7a572b901aba"
    }
  }, {
    "fullUrl": "https://madie.cms.gov/Encounter/b88c97c0-fd52-4ddf-9cbd-bf6cd9b45547",
    "resource": {
      "resourceType": "Encounter",
      "id": "b88c97c0-fd52-4ddf-9cbd-bf6cd9b45547",
      "meta": {
        "profile": [ "http://hl7.org/fhir/us/qicore/StructureDefinition/qicore-encounter" ]
      },
      "status": "finished",
      "class": {
        "system": "http://terminology.hl7.org/CodeSystem/v3-ActCode",
        "code": "AMB",
        "display": "ambulatory",
        "userSelected": true
      },
      "type": [ {
        "coding": [ {
          "system": "http://snomed.info/sct",
          "code": "185463005"
        }, {
          "system": "http://www.ama-assn.org/go/cpt",
          "code": "99212"
        } ]
      } ],
      "subject": {
        "reference": "Patient/15d4c0f3-e862-4b06-9ed0-7a572b901aba"
      },
      "period": {
        "start": "2026-10-24T08:00:00.000+00:00",
        "end": "2026-10-24T08:15:00.000+00:00"
      }
    },
    "request": {
      "method": "PUT",
      "url": "Encounter/b88c97c0-fd52-4ddf-9cbd-bf6cd9b45547"
    }
  }, {
    "fullUrl": "https://madie.cms.gov/MeasureReport/97115cc0-6027-4c4e-8940-91f0b64cf493",
    "resource": {
      "resourceType": "MeasureReport",
      "id": "97115cc0-6027-4c4e-8940-91f0b64cf493",
      "meta": {
        "profile": [ "http://hl7.org/fhir/us/cqfmeasures/StructureDefinition/test-case-cqfm" ]
      },
      "contained": [ {
        "resourceType": "Parameters",
        "id": "09f6538b-1715-44a4-b4e1-ccea5a0a1931-parameters",
        "parameter": [ {
          "name": "subject",
          "valueString": "15d4c0f3-e862-4b06-9ed0-7a572b901aba"
        } ]
      } ],
      "extension": [ {
        "url": "http://hl7.org/fhir/StructureDefinition/cqf-inputParameters",
        "valueReference": {
          "reference": "#09f6538b-1715-44a4-b4e1-ccea5a0a1931-parameters"
        }
      }, {
        "url": "http://hl7.org/fhir/us/cqfmeasures/StructureDefinition/cqfm-testCaseDescription",
        "valueMarkdown": "Patient 65 at start of MP, with qualifying encounter."
      } ],
      "modifierExtension": [ {
        "url": "http://hl7.org/fhir/us/cqfmeasures/StructureDefinition/cqfm-isTestCase",
        "valueBoolean": true
      } ],
      "status": "complete",
      "type": "individual",
      "measure": "https://madie.cms.gov/Measure/CMS349FHIRHIVScreening",
      "period": {
        "start": "2026-01-01",
        "end": "2026-12-31"
      },
      "group": [ {
        "id": "Group_1",
        "population": [ {
          "id": "InitialPopulation_1",
          "code": {
            "coding": [ {
              "system": "http://terminology.hl7.org/CodeSystem/measure-population",
              "code": "initial-population",
              "display": "Initial Population"
            } ]
          },
          "count": 1
        }, {
          "id": "Denominator_1",
          "code": {
            "coding": [ {
              "system": "http://terminology.hl7.org/CodeSystem/measure-population",
              "code": "denominator",
              "display": "Denominator"
            } ]
          },
          "count": 1
        }, {
          "id": "DenominatorExclusion_1",
          "code": {
            "coding": [ {
              "system": "http://terminology.hl7.org/CodeSystem/measure-population",
              "code": "denominator-exclusion",
              "display": "Denominator Exclusion"
            } ]
          },
          "count": 0
        }, {
          "id": "Numerator_1",
          "code": {
            "coding": [ {
              "system": "http://terminology.hl7.org/CodeSystem/measure-population",
              "code": "numerator",
              "display": "Numerator"
            } ]
          },
          "count": 0
        }, {
          "id": "DenominatorException_1",
          "code": {
            "coding": [ {
              "system": "http://terminology.hl7.org/CodeSystem/measure-population",
              "code": "denominator-exception",
              "display": "Denominator Exception"
            } ]
          },
          "count": 0
        } ],
        "measureScore": {
          "value": 1.0
        }
      } ],
      "evaluatedResource": [ {
        "reference": "Patient/15d4c0f3-e862-4b06-9ed0-7a572b901aba"
      }, {
        "reference": "Encounter/b88c97c0-fd52-4ddf-9cbd-bf6cd9b45547"
      } ]
    },
    "request": {
      "method": "PUT",
      "url": "MeasureReport/97115cc0-6027-4c4e-8940-91f0b64cf493"
    }
  } ]
}