{
  "resourceType": "Bundle",
  "id": "DENEXPass-Death300DaysAfterTHAProcNov1",
  "type": "transaction",
  "entry": [ {
    "fullUrl": "https://madie.cms.gov/Patient/33112481-d914-4ba0-99ba-41a033e721cb",
    "resource": {
      "resourceType": "Patient",
      "id": "33112481-d914-4ba0-99ba-41a033e721cb",
      "meta": {
        "profile": [ "http://hl7.org/fhir/us/qicore/StructureDefinition/qicore-patient" ]
      },
      "extension": [ {
        "url": "http://hl7.org/fhir/us/core/StructureDefinition/us-core-race",
        "extension": [ {
          "url": "ombCategory",
          "valueCoding": {
            "system": "urn:oid:2.16.840.1.113883.6.238",
            "code": "2028-9",
            "display": "Asian"
          }
        }, {
          "url": "text",
          "valueString": "Asian"
        } ]
      }, {
        "url": "http://hl7.org/fhir/us/core/StructureDefinition/us-core-ethnicity",
        "extension": [ {
          "url": "ombCategory",
          "valueCoding": {
            "system": "urn:oid:2.16.840.1.113883.6.238",
            "code": "2135-2",
            "display": "Hispanic or Latino"
          }
        }, {
          "url": "text",
          "valueString": "Hispanic or Latino"
        } ]
      } ],
      "identifier": [ {
        "system": "http://hospital.smarthealthit.org",
        "value": "999999995"
      } ],
      "name": [ {
        "family": "Bertha",
        "given": [ "Betty" ]
      } ],
      "gender": "female",
      "birthDate": "2007-01-01",
      "deceasedDateTime": "2025-08-27T00:00:00.000Z"
    },
    "request": {
      "method": "PUT",
      "url": "Patient/33112481-d914-4ba0-99ba-41a033e721cb"
    }
  }, {
    "fullUrl": "https://madie.cms.gov/Procedure/cb53e74b-b410-44df-b2c5-58bc62484911",
    "resource": {
      "resourceType": "Procedure",
      "id": "cb53e74b-b410-44df-b2c5-58bc62484911",
      "meta": {
        "profile": [ "http://hl7.org/fhir/us/qicore/StructureDefinition/qicore-procedure" ]
      },
      "extension": [ {
        "url": "http://hl7.org/fhir/us/qicore/StructureDefinition/qicore-recorded",
        "valueDateTime": "2024-11-01T00:00:00.000Z"
      } ],
      "status": "completed",
      "code": {
        "coding": [ {
          "system": "http://www.cms.gov/Medicare/Coding/ICD10",
          "code": "0SR9019",
          "display": "Replacement of Right Hip Joint with Metal Synthetic Substitute, Cemented, Open Approach"
        } ]
      },
      "subject": {
        "reference": "Patient/33112481-d914-4ba0-99ba-41a033e721cb"
      },
      "performedPeriod": {
        "start": "2024-11-01T00:00:00.000Z",
        "end": "2024-11-01T01:00:00.000Z"
      }
    },
    "request": {
      "method": "PUT",
      "url": "Procedure/cb53e74b-b410-44df-b2c5-58bc62484911"
    }
  }, {
    "fullUrl": "https://madie.cms.gov/Encounter/f0236f05-181e-4133-9fbd-cccf7789d40c",
    "resource": {
      "resourceType": "Encounter",
      "id": "f0236f05-181e-4133-9fbd-cccf7789d40c",
      "meta": {
        "profile": [ "http://hl7.org/fhir/us/qicore/StructureDefinition/qicore-encounter" ]
      },
      "status": "finished",
      "class": {
        "system": "http://terminology.hl7.org/CodeSystem/v3-ActCode",
        "code": "AMB",
        "display": "ambulatory"
      },
      "type": [ {
        "coding": [ {
          "system": "http://snomed.info/sct",
          "code": "281036007",
          "display": "Follow-up consultation (procedure)"
        } ]
      } ],
      "subject": {
        "reference": "Patient/33112481-d914-4ba0-99ba-41a033e721cb"
      },
      "period": {
        "start": "2025-11-01T00:00:00.000Z",
        "end": "2025-11-01T01:15:00.000Z"
      }
    },
    "request": {
      "method": "PUT",
      "url": "Encounter/f0236f05-181e-4133-9fbd-cccf7789d40c"
    }
  }, {
    "fullUrl": "https://madie.cms.gov/MeasureReport/8637505b-77e5-4d04-8c27-79cd7a15ffc2",
    "resource": {
      "resourceType": "MeasureReport",
      "id": "8637505b-77e5-4d04-8c27-79cd7a15ffc2",
      "meta": {
        "profile": [ "http://hl7.org/fhir/us/cqfmeasures/StructureDefinition/test-case-cqfm" ]
      },
      "contained": [ {
        "resourceType": "Parameters",
        "id": "3a7edb7e-7290-4355-b05b-c18a20153de5-parameters",
        "parameter": [ {
          "name": "subject",
          "valueString": "33112481-d914-4ba0-99ba-41a033e721cb"
        } ]
      } ],
      "extension": [ {
        "url": "http://hl7.org/fhir/StructureDefinition/cqf-inputParameters",
        "valueReference": {
          "reference": "#3a7edb7e-7290-4355-b05b-c18a20153de5-parameters"
        }
      }, {
        "url": "http://hl7.org/fhir/us/cqfmeasures/StructureDefinition/cqfm-testCaseDescription",
        "valueMarkdown": "Patient deceased 300 days after THAProcedure on 11/1."
      } ],
      "modifierExtension": [ {
        "url": "http://hl7.org/fhir/us/cqfmeasures/StructureDefinition/cqfm-isTestCase",
        "valueBoolean": true
      } ],
      "status": "complete",
      "type": "individual",
      "measure": "https://madie.cms.gov/Measure/CMS56FHIRFunctionalStatusAssessmentforTotalHipReplacement",
      "period": {
        "start": "2026-01-01",
        "end": "2026-12-31"
      },
      "group": [ {
        "id": "Group_1",
        "population": [ {
          "id": "InitialPopulation_1",
          "code": {
            "coding": [ {
              "system": "http://terminology.hl7.org/CodeSystem/measure-population",
              "code": "initial-population",
              "display": "Initial Population"
            } ]
          },
          "count": 1
        }, {
          "id": "Denominator_1",
          "code": {
            "coding": [ {
              "system": "http://terminology.hl7.org/CodeSystem/measure-population",
              "code": "denominator",
              "display": "Denominator"
            } ]
          },
          "count": 1
        }, {
          "id": "DenominatorExclusion_1",
          "code": {
            "coding": [ {
              "system": "http://terminology.hl7.org/CodeSystem/measure-population",
              "code": "denominator-exclusion",
              "display": "Denominator Exclusion"
            } ]
          },
          "count": 1
        }, {
          "id": "Numerator_1",
          "code": {
            "coding": [ {
              "system": "http://terminology.hl7.org/CodeSystem/measure-population",
              "code": "numerator",
              "display": "Numerator"
            } ]
          },
          "count": 0
        } ],
        "measureScore": {
          "value": 1.0
        }
      } ],
      "evaluatedResource": [ {
        "reference": "Patient/33112481-d914-4ba0-99ba-41a033e721cb"
      }, {
        "reference": "Procedure/cb53e74b-b410-44df-b2c5-58bc62484911"
      }, {
        "reference": "Encounter/f0236f05-181e-4133-9fbd-cccf7789d40c"
      } ]
    },
    "request": {
      "method": "PUT",
      "url": "MeasureReport/8637505b-77e5-4d04-8c27-79cd7a15ffc2"
    }
  } ]
}