{
  "resourceType": "Bundle",
  "id": "4613103634163131",
  "type": "transaction",
  "entry": [ {
    "fullUrl": "https://madie.cms.gov/Patient/06c71e6e-18fd-4cef-a68d-960ef84a56f7",
    "resource": {
      "resourceType": "Patient",
      "id": "06c71e6e-18fd-4cef-a68d-960ef84a56f7",
      "meta": {
        "profile": [ "http://hl7.org/fhir/us/qicore/StructureDefinition/qicore-patient" ]
      },
      "extension": [ {
        "url": "http://hl7.org/fhir/us/core/StructureDefinition/us-core-race",
        "extension": [ {
          "url": "ombCategory",
          "valueCoding": {
            "system": "urn:oid:2.16.840.1.113883.6.238",
            "code": "2076-8",
            "display": "Native Hawaiian or Other Pacific Islander"
          }
        }, {
          "url": "text",
          "valueString": "Native Hawaiian or Other Pacific Islander"
        } ]
      }, {
        "url": "http://hl7.org/fhir/us/core/StructureDefinition/us-core-ethnicity",
        "extension": [ {
          "url": "ombCategory",
          "valueCoding": {
            "system": "urn:oid:2.16.840.1.113883.6.238",
            "code": "2186-5",
            "display": "Not Hispanic or Latino"
          }
        }, {
          "url": "text",
          "valueString": "Not Hispanic or Latino"
        } ]
      }, {
        "url": "http://hl7.org/fhir/us/core/StructureDefinition/us-core-sex",
        "valueCode": "248153007"
      } ],
      "identifier": [ {
        "type": {
          "coding": [ {
            "system": "http://terminology.hl7.org/CodeSystem/v2-0203",
            "code": "MR"
          } ]
        },
        "system": "https://bonnie-fhir.healthit.gov/",
        "value": "7843135463165262"
      } ],
      "name": [ {
        "family": "DENEXFail",
        "given": [ "HIVDxAfterStaging" ]
      } ],
      "gender": "male",
      "birthDate": "1947-11-03"
    },
    "request": {
      "method": "PUT",
      "url": "Patient/06c71e6e-18fd-4cef-a68d-960ef84a56f7"
    }
  }, {
    "fullUrl": "https://madie.cms.gov/Encounter/00b4c138-b1d7-4519-aad8-3aaa4ed34d8a",
    "resource": {
      "resourceType": "Encounter",
      "id": "00b4c138-b1d7-4519-aad8-3aaa4ed34d8a",
      "meta": {
        "profile": [ "http://hl7.org/fhir/us/qicore/StructureDefinition/qicore-encounter" ]
      },
      "status": "finished",
      "class": {
        "system": "http://terminology.hl7.org/CodeSystem/v3-ActCode",
        "code": "AMB",
        "display": "ambulatory"
      },
      "type": [ {
        "coding": [ {
          "system": "http://snomed.info/sct",
          "version": "http://snomed.info/sct/731000124108/version/20240301",
          "code": "185463005",
          "display": "Visit out of hours (procedure)"
        } ]
      } ],
      "subject": {
        "reference": "Patient/06c71e6e-18fd-4cef-a68d-960ef84a56f7"
      },
      "period": {
        "start": "2026-04-06T08:00:00.000+00:00",
        "end": "2026-04-06T09:15:00.000+00:00"
      }
    },
    "request": {
      "method": "PUT",
      "url": "Encounter/00b4c138-b1d7-4519-aad8-3aaa4ed34d8a"
    }
  }, {
    "fullUrl": "https://madie.cms.gov/Condition/43239404-8cb8-4481-8408-75e3f96146d0",
    "resource": {
      "resourceType": "Condition",
      "id": "43239404-8cb8-4481-8408-75e3f96146d0",
      "meta": {
        "profile": [ "http://hl7.org/fhir/us/qicore/StructureDefinition/qicore-condition-problems-health-concerns" ]
      },
      "clinicalStatus": {
        "coding": [ {
          "system": "http://terminology.hl7.org/CodeSystem/condition-clinical",
          "code": "active",
          "display": "Active"
        } ]
      },
      "verificationStatus": {
        "coding": [ {
          "system": "http://terminology.hl7.org/CodeSystem/condition-ver-status",
          "code": "confirmed",
          "display": "Confirmed"
        } ]
      },
      "category": [ {
        "coding": [ {
          "system": "http://terminology.hl7.org/CodeSystem/condition-category",
          "code": "problem-list-item",
          "display": "Problem List Item"
        } ]
      } ],
      "code": {
        "coding": [ {
          "system": "http://hl7.org/fhir/sid/icd-10-cm",
          "version": "2024",
          "code": "C67.1",
          "display": "Malignant neoplasm of dome of bladder"
        } ]
      },
      "subject": {
        "reference": "Patient/06c71e6e-18fd-4cef-a68d-960ef84a56f7"
      },
      "onsetPeriod": {
        "start": "2026-04-06T08:00:00.000+00:00"
      }
    },
    "request": {
      "method": "PUT",
      "url": "Condition/43239404-8cb8-4481-8408-75e3f96146d0"
    }
  }, {
    "fullUrl": "https://madie.cms.gov/Condition/26b671a5-0809-486e-a268-edb88e93c722",
    "resource": {
      "resourceType": "Condition",
      "id": "26b671a5-0809-486e-a268-edb88e93c722",
      "meta": {
        "profile": [ "http://hl7.org/fhir/us/qicore/StructureDefinition/qicore-condition-problems-health-concerns" ]
      },
      "clinicalStatus": {
        "coding": [ {
          "system": "http://terminology.hl7.org/CodeSystem/condition-clinical",
          "code": "active",
          "display": "Active"
        } ]
      },
      "verificationStatus": {
        "coding": [ {
          "system": "http://terminology.hl7.org/CodeSystem/condition-ver-status",
          "code": "confirmed",
          "display": "Confirmed"
        } ]
      },
      "category": [ {
        "coding": [ {
          "system": "http://terminology.hl7.org/CodeSystem/condition-category",
          "code": "problem-list-item",
          "display": "Problem List Item"
        } ]
      } ],
      "code": {
        "coding": [ {
          "system": "http://snomed.info/sct",
          "version": "http://snomed.info/sct/731000124108/version/20240301",
          "code": "111880001",
          "display": "HIV"
        } ]
      },
      "subject": {
        "reference": "Patient/06c71e6e-18fd-4cef-a68d-960ef84a56f7"
      },
      "onsetPeriod": {
        "start": "2026-06-06T08:00:00.000+00:00"
      }
    },
    "request": {
      "method": "PUT",
      "url": "Condition/26b671a5-0809-486e-a268-edb88e93c722"
    }
  }, {
    "fullUrl": "https://madie.cms.gov/Procedure/ae8b95b1-bb84-4546-9952-6e385df36c0d",
    "resource": {
      "resourceType": "Procedure",
      "id": "ae8b95b1-bb84-4546-9952-6e385df36c0d",
      "meta": {
        "profile": [ "http://hl7.org/fhir/us/qicore/StructureDefinition/qicore-procedure" ]
      },
      "extension": [ {
        "url": "http://hl7.org/fhir/us/qicore/StructureDefinition/qicore-recorded",
        "valueDateTime": "2026-04-06T08:00:00.000+00:00"
      } ],
      "status": "completed",
      "code": {
        "coding": [ {
          "system": "http://snomed.info/sct",
          "version": "http://snomed.info/sct/731000124108/version/20240301",
          "code": "254292007",
          "display": "Tumor staging"
        } ]
      },
      "subject": {
        "reference": "Patient/06c71e6e-18fd-4cef-a68d-960ef84a56f7"
      },
      "performedDateTime": "2026-04-06T08:00:00.000+00:00"
    },
    "request": {
      "method": "PUT",
      "url": "Procedure/ae8b95b1-bb84-4546-9952-6e385df36c0d"
    }
  }, {
    "fullUrl": "https://madie.cms.gov/Observation/80fb3bec-5e9f-4111-920c-985df3e1eb67",
    "resource": {
      "resourceType": "Observation",
      "id": "80fb3bec-5e9f-4111-920c-985df3e1eb67",
      "meta": {
        "profile": [ "http://hl7.org/fhir/us/qicore/StructureDefinition/qicore-observation-lab" ]
      },
      "partOf": [ {
        "reference": "Procedure/ae8b95b1-bb84-4546-9952-6e385df36c0d"
      } ],
      "status": "final",
      "category": [ {
        "coding": [ {
          "system": "http://terminology.hl7.org/CodeSystem/observation-category",
          "code": "procedure",
          "display": "Procedure"
        } ]
      } ],
      "code": {
        "coding": [ {
          "system": "http://loinc.org",
          "version": "2.76",
          "code": "21902-2",
          "display": "Stage group.pathology Cancer"
        } ]
      },
      "subject": {
        "reference": "Patient/06c71e6e-18fd-4cef-a68d-960ef84a56f7"
      },
      "effectiveDateTime": "2026-04-06T08:00:00.000+00:00",
      "issued": "2026-04-06T08:10:00.000+00:00",
      "valueCodeableConcept": {
        "coding": [ {
          "system": "http://snomed.info/sct",
          "version": "http://snomed.info/sct/731000124108/version/20240301",
          "code": "1228883000",
          "display": "American Joint Committee on Cancer cTa (qualifier value)"
        } ]
      }
    },
    "request": {
      "method": "PUT",
      "url": "Observation/80fb3bec-5e9f-4111-920c-985df3e1eb67"
    }
  }, {
    "fullUrl": "https://madie.cms.gov/MeasureReport/8d43e2b6-bcf6-4b69-898f-dafe61a8903b",
    "resource": {
      "resourceType": "MeasureReport",
      "id": "8d43e2b6-bcf6-4b69-898f-dafe61a8903b",
      "meta": {
        "profile": [ "http://hl7.org/fhir/us/cqfmeasures/StructureDefinition/test-case-cqfm" ]
      },
      "contained": [ {
        "resourceType": "Parameters",
        "id": "52d5aa81-18ee-4152-92b3-96b712a8545e-parameters",
        "parameter": [ {
          "name": "subject",
          "valueString": "06c71e6e-18fd-4cef-a68d-960ef84a56f7"
        } ]
      } ],
      "extension": [ {
        "url": "http://hl7.org/fhir/StructureDefinition/cqf-inputParameters",
        "valueReference": {
          "reference": "#52d5aa81-18ee-4152-92b3-96b712a8545e-parameters"
        }
      }, {
        "url": "http://hl7.org/fhir/us/cqfmeasures/StructureDefinition/cqfm-testCaseDescription",
        "valueMarkdown": "patient with OV in MP. Bladder cancer diagnosis and cancer staging in MP.  Pt has HIV dx after staging and should not be excluded."
      } ],
      "modifierExtension": [ {
        "url": "http://hl7.org/fhir/us/cqfmeasures/StructureDefinition/cqfm-isTestCase",
        "valueBoolean": true
      } ],
      "status": "complete",
      "type": "individual",
      "measure": "https://madie.cms.gov/Measure/CMS646FHIRIntravesicalBacillusCalmetteGuerinForBladderCancer",
      "period": {
        "start": "2026-01-01",
        "end": "2026-12-31"
      },
      "group": [ {
        "id": "Group_1",
        "population": [ {
          "id": "InitialPopulation_1",
          "code": {
            "coding": [ {
              "system": "http://terminology.hl7.org/CodeSystem/measure-population",
              "code": "initial-population",
              "display": "Initial Population"
            } ]
          },
          "count": 1
        }, {
          "id": "Denominator_1",
          "code": {
            "coding": [ {
              "system": "http://terminology.hl7.org/CodeSystem/measure-population",
              "code": "denominator",
              "display": "Denominator"
            } ]
          },
          "count": 1
        }, {
          "id": "DenominatorExclusion_1",
          "code": {
            "coding": [ {
              "system": "http://terminology.hl7.org/CodeSystem/measure-population",
              "code": "denominator-exclusion",
              "display": "Denominator Exclusion"
            } ]
          },
          "count": 0
        }, {
          "id": "Numerator_1",
          "code": {
            "coding": [ {
              "system": "http://terminology.hl7.org/CodeSystem/measure-population",
              "code": "numerator",
              "display": "Numerator"
            } ]
          },
          "count": 0
        }, {
          "id": "DenominatorException_1",
          "code": {
            "coding": [ {
              "system": "http://terminology.hl7.org/CodeSystem/measure-population",
              "code": "denominator-exception",
              "display": "Denominator Exception"
            } ]
          },
          "count": 0
        } ],
        "measureScore": {
          "value": 1.0
        }
      } ],
      "evaluatedResource": [ {
        "reference": "Patient/06c71e6e-18fd-4cef-a68d-960ef84a56f7"
      }, {
        "reference": "Encounter/00b4c138-b1d7-4519-aad8-3aaa4ed34d8a"
      }, {
        "reference": "Condition/43239404-8cb8-4481-8408-75e3f96146d0"
      }, {
        "reference": "Condition/26b671a5-0809-486e-a268-edb88e93c722"
      }, {
        "reference": "Procedure/ae8b95b1-bb84-4546-9952-6e385df36c0d"
      }, {
        "reference": "Observation/80fb3bec-5e9f-4111-920c-985df3e1eb67"
      } ]
    },
    "request": {
      "method": "PUT",
      "url": "MeasureReport/8d43e2b6-bcf6-4b69-898f-dafe61a8903b"
    }
  } ]
}