{
  "resourceType": "Bundle",
  "id": "630307c30968f80122477ae5",
  "type": "transaction",
  "entry": [ {
    "fullUrl": "https://madie.cms.gov/Patient/3c1d5414-b278-413e-ac39-dd6ae5675671",
    "resource": {
      "resourceType": "Patient",
      "id": "3c1d5414-b278-413e-ac39-dd6ae5675671",
      "meta": {
        "profile": [ "http://hl7.org/fhir/us/qicore/StructureDefinition/qicore-patient" ]
      },
      "extension": [ {
        "url": "http://hl7.org/fhir/us/core/StructureDefinition/us-core-race",
        "extension": [ {
          "url": "ombCategory",
          "valueCoding": {
            "system": "urn:oid:2.16.840.1.113883.6.238",
            "code": "2106-3",
            "display": "White"
          }
        }, {
          "url": "text",
          "valueString": "White"
        } ]
      }, {
        "url": "http://hl7.org/fhir/us/core/StructureDefinition/us-core-ethnicity",
        "extension": [ {
          "url": "ombCategory",
          "valueCoding": {
            "system": "urn:oid:2.16.840.1.113883.6.238",
            "code": "2186-5",
            "display": "Not Hispanic or Latino"
          }
        }, {
          "url": "text",
          "valueString": "Not Hispanic or Latino"
        } ]
      } ],
      "identifier": [ {
        "type": {
          "coding": [ {
            "system": "http://terminology.hl7.org/CodeSystem/v2-0203",
            "code": "MR"
          } ]
        },
        "system": "https://bonnie-fhir.healthit.gov/",
        "value": "630307c30968f80122477ae5"
      } ],
      "name": [ {
        "family": "DENEXPopStrat2Pass",
        "given": [ "HospiceEncounterduringMP" ]
      } ],
      "gender": "female",
      "birthDate": "1984-01-01"
    },
    "request": {
      "method": "PUT",
      "url": "Patient/3c1d5414-b278-413e-ac39-dd6ae5675671"
    }
  }, {
    "fullUrl": "https://madie.cms.gov/Encounter/b333194d-632a-440d-8cef-003222f10f9e",
    "resource": {
      "resourceType": "Encounter",
      "id": "b333194d-632a-440d-8cef-003222f10f9e",
      "meta": {
        "profile": [ "http://hl7.org/fhir/us/qicore/StructureDefinition/qicore-encounter" ]
      },
      "status": "finished",
      "class": {
        "system": "http://terminology.hl7.org/CodeSystem/v3-ActCode",
        "code": "AMB",
        "display": "ambulatory"
      },
      "type": [ {
        "coding": [ {
          "system": "http://www.ama-assn.org/go/cpt",
          "version": "2024",
          "code": "90791"
        } ]
      } ],
      "subject": {
        "reference": "Patient/3c1d5414-b278-413e-ac39-dd6ae5675671"
      },
      "period": {
        "start": "2025-02-25T14:30:00+00:00",
        "end": "2025-02-25T14:50:00+00:00"
      },
      "length": {
        "value": 0,
        "unit": "days"
      }
    },
    "request": {
      "method": "PUT",
      "url": "Encounter/b333194d-632a-440d-8cef-003222f10f9e"
    }
  }, {
    "fullUrl": "https://madie.cms.gov/Observation/f9a1862e-00e1-4180-9d5c-a810b2de89bc",
    "resource": {
      "resourceType": "Observation",
      "id": "f9a1862e-00e1-4180-9d5c-a810b2de89bc",
      "meta": {
        "profile": [ "http://hl7.org/fhir/us/qicore/StructureDefinition/qicore-observation-screening-assessment" ]
      },
      "status": "final",
      "category": [ {
        "coding": [ {
          "system": "http://terminology.hl7.org/CodeSystem/observation-category",
          "code": "survey",
          "display": "Survey"
        } ]
      } ],
      "code": {
        "coding": [ {
          "system": "http://loinc.org",
          "version": "2.76",
          "code": "44261-6"
        } ]
      },
      "subject": {
        "reference": "Patient/3c1d5414-b278-413e-ac39-dd6ae5675671"
      },
      "effectiveDateTime": "2025-02-25T14:35:00+00:00",
      "valueInteger": 10
    },
    "request": {
      "method": "PUT",
      "url": "Observation/f9a1862e-00e1-4180-9d5c-a810b2de89bc"
    }
  }, {
    "fullUrl": "https://madie.cms.gov/Observation/304ad292-be9e-404a-bd30-cff03ec71bbc",
    "resource": {
      "resourceType": "Observation",
      "id": "304ad292-be9e-404a-bd30-cff03ec71bbc",
      "meta": {
        "profile": [ "http://hl7.org/fhir/us/qicore/StructureDefinition/qicore-observation-screening-assessment" ]
      },
      "status": "final",
      "category": [ {
        "coding": [ {
          "system": "http://terminology.hl7.org/CodeSystem/observation-category",
          "code": "survey",
          "display": "Survey"
        } ]
      } ],
      "code": {
        "coding": [ {
          "system": "http://loinc.org",
          "version": "2.76",
          "code": "44261-6"
        } ]
      },
      "subject": {
        "reference": "Patient/3c1d5414-b278-413e-ac39-dd6ae5675671"
      },
      "effectiveDateTime": "2026-02-19T14:30:00+00:00",
      "valueInteger": 3
    },
    "request": {
      "method": "PUT",
      "url": "Observation/304ad292-be9e-404a-bd30-cff03ec71bbc"
    }
  }, {
    "fullUrl": "https://madie.cms.gov/Condition/d9b83221-1c97-451f-a726-8abfb1b23217",
    "resource": {
      "resourceType": "Condition",
      "id": "d9b83221-1c97-451f-a726-8abfb1b23217",
      "meta": {
        "profile": [ "http://hl7.org/fhir/us/qicore/StructureDefinition/qicore-condition-problems-health-concerns" ]
      },
      "clinicalStatus": {
        "coding": [ {
          "system": "http://terminology.hl7.org/CodeSystem/condition-clinical",
          "code": "active",
          "display": "active"
        } ]
      },
      "verificationStatus": {
        "coding": [ {
          "system": "http://terminology.hl7.org/CodeSystem/condition-ver-status",
          "code": "confirmed"
        } ]
      },
      "category": [ {
        "coding": [ {
          "system": "http://terminology.hl7.org/CodeSystem/condition-category",
          "code": "problem-list-item",
          "display": "Problem List Item"
        } ]
      } ],
      "code": {
        "coding": [ {
          "system": "http://hl7.org/fhir/sid/icd-10-cm",
          "version": "2024",
          "code": "F32.9",
          "display": "Major Depressive Disorder"
        } ]
      },
      "subject": {
        "reference": "Patient/3c1d5414-b278-413e-ac39-dd6ae5675671"
      },
      "onsetDateTime": "2025-02-25T14:35:00+00:00"
    },
    "request": {
      "method": "PUT",
      "url": "Condition/d9b83221-1c97-451f-a726-8abfb1b23217"
    }
  }, {
    "fullUrl": "https://madie.cms.gov/Encounter/fbd07427-d94a-41b0-9d30-369469247ac8",
    "resource": {
      "resourceType": "Encounter",
      "id": "fbd07427-d94a-41b0-9d30-369469247ac8",
      "meta": {
        "profile": [ "http://hl7.org/fhir/us/qicore/StructureDefinition/qicore-encounter" ]
      },
      "status": "finished",
      "class": {
        "system": "http://terminology.hl7.org/CodeSystem/v3-ActCode",
        "code": "NONAC",
        "display": "inpatient non-acute"
      },
      "type": [ {
        "coding": [ {
          "system": "http://snomed.info/sct",
          "version": "http://snomed.info/sct/731000124108/version/20240301",
          "code": "305336008"
        } ]
      } ],
      "subject": {
        "reference": "Patient/3c1d5414-b278-413e-ac39-dd6ae5675671"
      },
      "period": {
        "start": "2025-12-31T08:00:00+00:00",
        "end": "2026-01-01T12:00:00+00:00"
      },
      "length": {
        "value": 0,
        "unit": "days"
      }
    },
    "request": {
      "method": "PUT",
      "url": "Encounter/fbd07427-d94a-41b0-9d30-369469247ac8"
    }
  }, {
    "fullUrl": "https://madie.cms.gov/MeasureReport/b5384a6e-5af8-4113-a1ee-a63f9a87e1be",
    "resource": {
      "resourceType": "MeasureReport",
      "id": "b5384a6e-5af8-4113-a1ee-a63f9a87e1be",
      "meta": {
        "profile": [ "http://hl7.org/fhir/us/cqfmeasures/StructureDefinition/test-case-cqfm" ]
      },
      "contained": [ {
        "resourceType": "Parameters",
        "id": "c733bdc1-7c28-46ff-9ea6-3ecaca6b3be2-parameters",
        "parameter": [ {
          "name": "subject",
          "valueString": "3c1d5414-b278-413e-ac39-dd6ae5675671"
        } ]
      } ],
      "extension": [ {
        "url": "http://hl7.org/fhir/StructureDefinition/cqf-inputParameters",
        "valueReference": {
          "reference": "#c733bdc1-7c28-46ff-9ea6-3ecaca6b3be2-parameters"
        }
      }, {
        "url": "http://hl7.org/fhir/us/cqfmeasures/StructureDefinition/cqfm-testCaseDescription",
        "valueMarkdown": "Patient > 12  and has Major Depressive Dx. Hospice encounter during MP."
      } ],
      "modifierExtension": [ {
        "url": "http://hl7.org/fhir/us/cqfmeasures/StructureDefinition/cqfm-isTestCase",
        "valueBoolean": true
      } ],
      "status": "complete",
      "type": "individual",
      "measure": "https://madie.cms.gov/Measure/CMS159FHIRDepressionRemissionatTwelveMonths",
      "period": {
        "start": "2026-01-01",
        "end": "2026-12-31"
      },
      "group": [ {
        "id": "Group_1",
        "population": [ {
          "id": "InitialPopulation_1",
          "code": {
            "coding": [ {
              "system": "http://terminology.hl7.org/CodeSystem/measure-population",
              "code": "initial-population",
              "display": "Initial Population"
            } ]
          },
          "count": 1
        }, {
          "id": "Denominator_1",
          "code": {
            "coding": [ {
              "system": "http://terminology.hl7.org/CodeSystem/measure-population",
              "code": "denominator",
              "display": "Denominator"
            } ]
          },
          "count": 1
        }, {
          "id": "DenominatorExclusion_1",
          "code": {
            "coding": [ {
              "system": "http://terminology.hl7.org/CodeSystem/measure-population",
              "code": "denominator-exclusion",
              "display": "Denominator Exclusion"
            } ]
          },
          "count": 1
        }, {
          "id": "Numerator_1",
          "code": {
            "coding": [ {
              "system": "http://terminology.hl7.org/CodeSystem/measure-population",
              "code": "numerator",
              "display": "Numerator"
            } ]
          },
          "count": 0
        } ],
        "measureScore": {
          "value": 1.0
        }
      } ],
      "evaluatedResource": [ {
        "reference": "Patient/3c1d5414-b278-413e-ac39-dd6ae5675671"
      }, {
        "reference": "Encounter/b333194d-632a-440d-8cef-003222f10f9e"
      }, {
        "reference": "Observation/f9a1862e-00e1-4180-9d5c-a810b2de89bc"
      }, {
        "reference": "Observation/304ad292-be9e-404a-bd30-cff03ec71bbc"
      }, {
        "reference": "Condition/d9b83221-1c97-451f-a726-8abfb1b23217"
      }, {
        "reference": "Encounter/fbd07427-d94a-41b0-9d30-369469247ac8"
      } ]
    },
    "request": {
      "method": "PUT",
      "url": "MeasureReport/b5384a6e-5af8-4113-a1ee-a63f9a87e1be"
    }
  } ]
}