{
  "resourceType": "Bundle",
  "id": "61095b0998086b53805591a5",
  "type": "transaction",
  "entry": [ {
    "fullUrl": "https://madie.cms.gov/Patient/25d3565a-4bf6-4082-9ea6-62a0bed23a9c",
    "resource": {
      "resourceType": "Patient",
      "id": "25d3565a-4bf6-4082-9ea6-62a0bed23a9c",
      "meta": {
        "profile": [ "http://hl7.org/fhir/us/qicore/StructureDefinition/qicore-patient" ]
      },
      "text": {
        "status": "generated",
        "div": "<div xmlns=\"http://www.w3.org/1999/xhtml\"><div class=\"hapiHeaderText\">Age@18 <b>DENOMPASS </b></div><table class=\"hapiPropertyTable\"><tbody><tr><td>Identifier</td><td>67f3e33acf17bcb386e754d726ed064ccd48ba21ff0ffb2eb678740a684398be</td></tr><tr><td>Date of birth</td><td><span>01 January 1994</span></td></tr></tbody></table></div>"
      },
      "extension": [ {
        "url": "http://hl7.org/fhir/us/core/StructureDefinition/us-core-race",
        "extension": [ {
          "url": "ombCategory",
          "valueCoding": {
            "system": "urn:oid:2.16.840.1.113883.6.238",
            "code": "1002-5",
            "display": "American Indian or Alaska Native",
            "userSelected": true
          }
        }, {
          "url": "text",
          "valueString": "American Indian or Alaska Native"
        } ]
      }, {
        "url": "http://hl7.org/fhir/us/core/StructureDefinition/us-core-ethnicity",
        "extension": [ {
          "url": "ombCategory",
          "valueCoding": {
            "system": "urn:oid:2.16.840.1.113883.6.238",
            "code": "2135-2",
            "display": "Hispanic or Latino",
            "userSelected": true
          }
        }, {
          "url": "text",
          "valueString": "Hispanic or Latino"
        } ]
      } ],
      "identifier": [ {
        "type": {
          "coding": [ {
            "system": "http://terminology.hl7.org/CodeSystem/v2-0203",
            "code": "MR"
          } ]
        },
        "system": "https://bonnie-fhir.healthit.gov/",
        "value": "61095b0998086b53805591a5"
      } ],
      "active": true,
      "name": [ {
        "use": "usual",
        "family": "DENEXPASS",
        "given": [ "OtherBackgroundRetinopathyWithCatSurg" ]
      } ],
      "gender": "female",
      "birthDate": "1996-01-01"
    },
    "request": {
      "method": "PUT",
      "url": "Patient/25d3565a-4bf6-4082-9ea6-62a0bed23a9c"
    }
  }, {
    "fullUrl": "https://madie.cms.gov/Observation/5531218f-8838-4d40-94e5-119f3366ec94",
    "resource": {
      "resourceType": "Observation",
      "id": "5531218f-8838-4d40-94e5-119f3366ec94",
      "meta": {
        "profile": [ "http://hl7.org/fhir/us/qicore/StructureDefinition/qicore-observation-clinical-result" ]
      },
      "status": "final",
      "category": [ {
        "coding": [ {
          "system": "http://terminology.hl7.org/CodeSystem/observation-category",
          "code": "exam",
          "display": "exam"
        } ]
      } ],
      "code": {
        "coding": [ {
          "system": "http://snomed.info/sct",
          "code": "419775003"
        } ]
      },
      "subject": {
        "reference": "Patient/25d3565a-4bf6-4082-9ea6-62a0bed23a9c"
      },
      "effectivePeriod": {
        "start": "2026-03-13T09:00:00+00:00",
        "end": "2026-03-13T09:30:00+00:00"
      }
    },
    "request": {
      "method": "PUT",
      "url": "Observation/5531218f-8838-4d40-94e5-119f3366ec94"
    }
  }, {
    "fullUrl": "https://madie.cms.gov/Procedure/5694b24b-71e6-418c-bbd5-2d377904041e",
    "resource": {
      "resourceType": "Procedure",
      "id": "5694b24b-71e6-418c-bbd5-2d377904041e",
      "meta": {
        "profile": [ "http://hl7.org/fhir/us/qicore/StructureDefinition/qicore-procedure" ]
      },
      "extension": [ {
        "url": "http://hl7.org/fhir/us/qicore/StructureDefinition/qicore-recorded",
        "valueDateTime": "2026-03-05T09:35:00-04:00"
      } ],
      "status": "completed",
      "code": {
        "coding": [ {
          "system": "http://snomed.info/sct",
          "code": "84149000"
        } ]
      },
      "subject": {
        "reference": "Patient/25d3565a-4bf6-4082-9ea6-62a0bed23a9c"
      },
      "performedPeriod": {
        "start": "2026-03-05T09:20:00-04:00",
        "end": "2026-04-05T10:30:00-04:00"
      }
    },
    "request": {
      "method": "PUT",
      "url": "Procedure/5694b24b-71e6-418c-bbd5-2d377904041e"
    }
  }, {
    "fullUrl": "https://madie.cms.gov/Condition/2967251b-722d-420d-85c1-130401c77c45",
    "resource": {
      "resourceType": "Condition",
      "id": "2967251b-722d-420d-85c1-130401c77c45",
      "meta": {
        "profile": [ "http://hl7.org/fhir/us/qicore/StructureDefinition/qicore-condition-problems-health-concerns" ]
      },
      "clinicalStatus": {
        "coding": [ {
          "system": "http://terminology.hl7.org/CodeSystem/condition-clinical",
          "code": "active",
          "display": "active",
          "userSelected": true
        } ]
      },
      "category": [ {
        "coding": [ {
          "system": "http://terminology.hl7.org/CodeSystem/condition-clinical",
          "code": "active",
          "display": "active",
          "userSelected": true
        } ]
      } ],
      "code": {
        "coding": [ {
          "system": "http://hl7.org/fhir/sid/icd-10-cm",
          "code": "H35.021",
          "userSelected": true
        }, {
          "system": "http://snomed.info/sct",
          "code": "7089008",
          "userSelected": true
        } ]
      },
      "subject": {
        "reference": "Patient/25d3565a-4bf6-4082-9ea6-62a0bed23a9c"
      },
      "onsetDateTime": "2024-11-01T08:00:00.000+00:00"
    },
    "request": {
      "method": "PUT",
      "url": "Condition/2967251b-722d-420d-85c1-130401c77c45"
    }
  }, {
    "fullUrl": "https://madie.cms.gov/Coverage/aa3bd9e5-8073-491f-abfd-1255d4897c8e",
    "resource": {
      "resourceType": "Coverage",
      "id": "aa3bd9e5-8073-491f-abfd-1255d4897c8e",
      "meta": {
        "profile": [ "http://hl7.org/fhir/us/qicore/StructureDefinition/qicore-coverage" ]
      },
      "status": "active",
      "beneficiary": {
        "reference": "Patient/25d3565a-4bf6-4082-9ea6-62a0bed23a9c"
      },
      "payor": [ {
        "reference": "Organization/5d3ba3dc-509e-45e4-9e55-a7e084063c11"
      } ]
    },
    "request": {
      "method": "PUT",
      "url": "Coverage/aa3bd9e5-8073-491f-abfd-1255d4897c8e"
    }
  }, {
    "fullUrl": "https://madie.cms.gov/Organization/5d3ba3dc-509e-45e4-9e55-a7e084063c11",
    "resource": {
      "resourceType": "Organization",
      "id": "5d3ba3dc-509e-45e4-9e55-a7e084063c11",
      "meta": {
        "profile": [ "http://hl7.org/fhir/us/qicore/StructureDefinition/qicore-organization" ]
      },
      "identifier": [ {
        "use": "temp",
        "system": "urn:oid:2.16.840.1.113883.4.4",
        "value": "21-3259825"
      } ],
      "active": true,
      "type": [ {
        "coding": [ {
          "system": "http://terminology.hl7.org/CodeSystem/organization-type",
          "code": "pay",
          "display": "Payer"
        } ]
      } ],
      "name": "Blue Cross Blue Shield of Texas",
      "telecom": [ {
        "system": "phone",
        "value": "(+1) 972-766-6900"
      } ],
      "address": [ {
        "use": "billing",
        "type": "postal",
        "line": [ "P.O. Box 660044" ],
        "city": "Dallas",
        "state": "TX",
        "postalCode": "75266-0044",
        "country": "USA"
      } ]
    },
    "request": {
      "method": "PUT",
      "url": "Organization/5d3ba3dc-509e-45e4-9e55-a7e084063c11"
    }
  }, {
    "fullUrl": "https://madie.cms.gov/Practitioner/d31d7979-0a85-460c-9b9a-2766c7a9beaa",
    "resource": {
      "resourceType": "Practitioner",
      "id": "d31d7979-0a85-460c-9b9a-2766c7a9beaa",
      "meta": {
        "profile": [ "http://hl7.org/fhir/us/qicore/StructureDefinition/qicore-practitioner" ]
      },
      "identifier": [ {
        "system": "http://hl7.org/fhir/sid/us-npi",
        "value": "123456"
      } ],
      "name": [ {
        "family": "Evil",
        "prefix": [ "Dr" ]
      } ]
    },
    "request": {
      "method": "PUT",
      "url": "Practitioner/d31d7979-0a85-460c-9b9a-2766c7a9beaa"
    }
  }, {
    "fullUrl": "https://madie.cms.gov/MeasureReport/d4f87699-ec6c-4129-ad29-b72ba7755318",
    "resource": {
      "resourceType": "MeasureReport",
      "id": "d4f87699-ec6c-4129-ad29-b72ba7755318",
      "meta": {
        "profile": [ "http://hl7.org/fhir/us/cqfmeasures/StructureDefinition/test-case-cqfm" ]
      },
      "contained": [ {
        "resourceType": "Parameters",
        "id": "f6be99c9-6ed7-48ce-96f9-21daf1ea8354-parameters",
        "parameter": [ {
          "name": "subject",
          "valueString": "25d3565a-4bf6-4082-9ea6-62a0bed23a9c"
        } ]
      } ],
      "extension": [ {
        "url": "http://hl7.org/fhir/StructureDefinition/cqf-inputParameters",
        "valueReference": {
          "reference": "#f6be99c9-6ed7-48ce-96f9-21daf1ea8354-parameters"
        }
      }, {
        "url": "http://hl7.org/fhir/us/cqfmeasures/StructureDefinition/cqfm-testCaseDescription",
        "valueMarkdown": "Patient with Other Background Retinopathy with cataract surgery. "
      } ],
      "modifierExtension": [ {
        "url": "http://hl7.org/fhir/us/cqfmeasures/StructureDefinition/cqfm-isTestCase",
        "valueBoolean": true
      } ],
      "status": "complete",
      "type": "individual",
      "measure": "https://madie.cms.gov/Measure/CMS133FHIRCataracts2040BCVAwithin90Days",
      "period": {
        "start": "2026-01-01",
        "end": "2026-12-31"
      },
      "group": [ {
        "id": "Group_1",
        "population": [ {
          "id": "InitialPopulation_1",
          "code": {
            "coding": [ {
              "system": "http://terminology.hl7.org/CodeSystem/measure-population",
              "code": "initial-population",
              "display": "Initial Population"
            } ]
          },
          "count": 1
        }, {
          "id": "Denominator_1",
          "code": {
            "coding": [ {
              "system": "http://terminology.hl7.org/CodeSystem/measure-population",
              "code": "denominator",
              "display": "Denominator"
            } ]
          },
          "count": 1
        }, {
          "id": "DenominatorExclusion_1",
          "code": {
            "coding": [ {
              "system": "http://terminology.hl7.org/CodeSystem/measure-population",
              "code": "denominator-exclusion",
              "display": "Denominator Exclusion"
            } ]
          },
          "count": 1
        }, {
          "id": "Numerator_1",
          "code": {
            "coding": [ {
              "system": "http://terminology.hl7.org/CodeSystem/measure-population",
              "code": "numerator",
              "display": "Numerator"
            } ]
          },
          "count": 0
        } ],
        "measureScore": {
          "value": 0.0
        }
      } ],
      "evaluatedResource": [ {
        "reference": "Patient/25d3565a-4bf6-4082-9ea6-62a0bed23a9c"
      }, {
        "reference": "Observation/5531218f-8838-4d40-94e5-119f3366ec94"
      }, {
        "reference": "Procedure/5694b24b-71e6-418c-bbd5-2d377904041e"
      }, {
        "reference": "Condition/2967251b-722d-420d-85c1-130401c77c45"
      }, {
        "reference": "Coverage/aa3bd9e5-8073-491f-abfd-1255d4897c8e"
      }, {
        "reference": "Organization/5d3ba3dc-509e-45e4-9e55-a7e084063c11"
      }, {
        "reference": "Practitioner/d31d7979-0a85-460c-9b9a-2766c7a9beaa"
      } ]
    },
    "request": {
      "method": "PUT",
      "url": "MeasureReport/d4f87699-ec6c-4129-ad29-b72ba7755318"
    }
  } ]
}