{
  "resourceType": "Bundle",
  "id": "62df2a6b0056b6e23ec675a9",
  "type": "transaction",
  "entry": [ {
    "fullUrl": "https://madie.cms.gov/Patient/659f9c7b-5c1c-475f-bfcb-77c246fa7a28",
    "resource": {
      "resourceType": "Patient",
      "id": "659f9c7b-5c1c-475f-bfcb-77c246fa7a28",
      "meta": {
        "profile": [ "http://hl7.org/fhir/us/qicore/StructureDefinition/qicore-patient" ]
      },
      "extension": [ {
        "url": "http://hl7.org/fhir/us/core/StructureDefinition/us-core-race",
        "extension": [ {
          "url": "ombCategory",
          "valueCoding": {
            "system": "urn:oid:2.16.840.1.113883.6.238",
            "code": "2106-3",
            "display": "White",
            "userSelected": true
          }
        }, {
          "url": "text",
          "valueString": "White"
        } ]
      }, {
        "url": "http://hl7.org/fhir/us/core/StructureDefinition/us-core-ethnicity",
        "extension": [ {
          "url": "ombCategory",
          "valueCoding": {
            "system": "urn:oid:2.16.840.1.113883.6.238",
            "code": "2186-5",
            "display": "Not Hispanic or Latino",
            "userSelected": true
          }
        }, {
          "url": "text",
          "valueString": "Not Hispanic or Latino"
        } ]
      } ],
      "identifier": [ {
        "type": {
          "coding": [ {
            "system": "http://terminology.hl7.org/CodeSystem/v2-0203",
            "code": "MR"
          } ]
        },
        "system": "https://bonnie-fhir.healthit.gov/",
        "value": "62df2a6b0056b6e23ec675a9"
      } ],
      "name": [ {
        "family": "DENEXCEPPass",
        "given": [ "MedicalReasonMedicationForAboveNormalBMI" ]
      } ],
      "gender": "unknown",
      "birthDate": "1957-11-07"
    },
    "request": {
      "method": "PUT",
      "url": "Patient/659f9c7b-5c1c-475f-bfcb-77c246fa7a28"
    }
  }, {
    "fullUrl": "https://madie.cms.gov/Encounter/2055130b-4fa0-4336-aa70-f31bdc06bed4",
    "resource": {
      "resourceType": "Encounter",
      "id": "2055130b-4fa0-4336-aa70-f31bdc06bed4",
      "meta": {
        "profile": [ "http://hl7.org/fhir/us/qicore/StructureDefinition/qicore-encounter" ]
      },
      "status": "finished",
      "class": {
        "system": "http://terminology.hl7.org/CodeSystem/v3-ActCode",
        "code": "AMB",
        "display": "ambulatory"
      },
      "type": [ {
        "coding": [ {
          "system": "http://snomed.info/sct",
          "version": "2022-03",
          "code": "10197000",
          "display": "Psychiatric interview and evaluation (procedure)",
          "userSelected": true
        } ]
      } ],
      "subject": {
        "reference": "Patient/659f9c7b-5c1c-475f-bfcb-77c246fa7a28"
      },
      "period": {
        "start": "2026-01-01T08:00:00.000+00:00",
        "end": "2026-01-01T08:25:00.000+00:00"
      }
    },
    "request": {
      "method": "PUT",
      "url": "Encounter/2055130b-4fa0-4336-aa70-f31bdc06bed4"
    }
  }, {
    "fullUrl": "https://madie.cms.gov/Observation/82431aac-5fd0-42e8-9ef3-7d15180f2b1b",
    "resource": {
      "resourceType": "Observation",
      "id": "82431aac-5fd0-42e8-9ef3-7d15180f2b1b",
      "meta": {
        "profile": [ "http://hl7.org/fhir/us/qicore/StructureDefinition/qicore-observationcancelled" ]
      },
      "extension": [ {
        "url": "http://hl7.org/fhir/us/qicore/StructureDefinition/qicore-notDoneReason",
        "valueCodeableConcept": {
          "coding": [ {
            "system": "http://snomed.info/sct",
            "code": "183945002",
            "display": "Procedure declined for religious reason (situation)",
            "userSelected": true
          } ]
        }
      } ],
      "status": "cancelled",
      "category": [ {
        "coding": [ {
          "system": "http://terminology.hl7.org/CodeSystem/observation-category",
          "code": "procedure",
          "display": "Procedure"
        } ]
      } ],
      "code": {
        "coding": [ {
          "system": "http://loinc.org",
          "code": "39156-5",
          "display": "Body mass index (BMI) [Ratio]",
          "userSelected": true
        } ]
      },
      "subject": {
        "reference": "Patient/659f9c7b-5c1c-475f-bfcb-77c246fa7a28"
      },
      "effectiveDateTime": "2026-01-01T08:05:00.000+00:00",
      "issued": "2026-01-01T08:05:00.000+00:00",
      "valueBoolean": true
    },
    "request": {
      "method": "PUT",
      "url": "Observation/82431aac-5fd0-42e8-9ef3-7d15180f2b1b"
    }
  }, {
    "fullUrl": "https://madie.cms.gov/MedicationRequest/a0aca334-b65b-4229-80e0-a1f94f7aaf82",
    "resource": {
      "resourceType": "MedicationRequest",
      "id": "a0aca334-b65b-4229-80e0-a1f94f7aaf82",
      "meta": {
        "profile": [ "http://hl7.org/fhir/us/qicore/StructureDefinition/qicore-mednotrequested" ]
      },
      "status": "completed",
      "intent": "order",
      "doNotPerform": true,
      "medicationCodeableConcept": {
        "coding": [ {
          "system": "http://www.nlm.nih.gov/research/umls/rxnorm",
          "code": "1112982",
          "display": "phentermine hydrochloride 15 MG Disintegrating Oral Tablet",
          "userSelected": true
        } ]
      },
      "subject": {
        "reference": "Patient/659f9c7b-5c1c-475f-bfcb-77c246fa7a28"
      },
      "authoredOn": "2026-01-01T08:10:00.000+00:00",
      "requester": {
        "reference": "Practitioner/f007",
        "display": "Patrick Pump"
      },
      "reasonCode": [ {
        "coding": [ {
          "system": "http://snomed.info/sct",
          "code": "62014003",
          "display": "Adverse reaction caused by drug (disorder)",
          "userSelected": true
        } ]
      } ]
    },
    "request": {
      "method": "PUT",
      "url": "MedicationRequest/a0aca334-b65b-4229-80e0-a1f94f7aaf82"
    }
  }, {
    "fullUrl": "https://madie.cms.gov/Coverage/b9238b1d-7229-47cb-b365-70268c6474ff",
    "resource": {
      "resourceType": "Coverage",
      "id": "b9238b1d-7229-47cb-b365-70268c6474ff",
      "meta": {
        "profile": [ "http://hl7.org/fhir/us/qicore/StructureDefinition/qicore-coverage" ]
      },
      "status": "active",
      "beneficiary": {
        "reference": "Patient/659f9c7b-5c1c-475f-bfcb-77c246fa7a28"
      },
      "payor": [ {
        "reference": "Organization/86e47db4-84b7-41eb-850d-6a86f00a034a"
      } ]
    },
    "request": {
      "method": "PUT",
      "url": "Coverage/b9238b1d-7229-47cb-b365-70268c6474ff"
    }
  }, {
    "fullUrl": "https://madie.cms.gov/Organization/86e47db4-84b7-41eb-850d-6a86f00a034a",
    "resource": {
      "resourceType": "Organization",
      "id": "86e47db4-84b7-41eb-850d-6a86f00a034a",
      "meta": {
        "profile": [ "http://hl7.org/fhir/us/qicore/StructureDefinition/qicore-organization" ]
      },
      "identifier": [ {
        "use": "temp",
        "system": "urn:oid:2.16.840.1.113883.4.4",
        "value": "21-3259825"
      } ],
      "active": true,
      "type": [ {
        "coding": [ {
          "system": "http://terminology.hl7.org/CodeSystem/organization-type",
          "code": "pay",
          "display": "Payer"
        } ]
      } ],
      "name": "Blue Cross Blue Shield of Texas",
      "telecom": [ {
        "system": "phone",
        "value": "(+1) 972-766-6900"
      } ],
      "address": [ {
        "use": "billing",
        "type": "postal",
        "line": [ "P.O. Box 660044" ],
        "city": "Dallas",
        "state": "TX",
        "postalCode": "75266-0044",
        "country": "USA"
      } ]
    },
    "request": {
      "method": "PUT",
      "url": "Organization/86e47db4-84b7-41eb-850d-6a86f00a034a"
    }
  }, {
    "fullUrl": "https://madie.cms.gov/Practitioner/b19865d6-a318-440e-a271-47d8b1b8c5c5",
    "resource": {
      "resourceType": "Practitioner",
      "id": "b19865d6-a318-440e-a271-47d8b1b8c5c5",
      "meta": {
        "profile": [ "http://hl7.org/fhir/us/qicore/StructureDefinition/qicore-practitioner" ]
      },
      "identifier": [ {
        "system": "http://hl7.org/fhir/sid/us-npi",
        "value": "123456"
      } ],
      "name": [ {
        "family": "Evil",
        "prefix": [ "Dr" ]
      } ]
    },
    "request": {
      "method": "PUT",
      "url": "Practitioner/b19865d6-a318-440e-a271-47d8b1b8c5c5"
    }
  }, {
    "fullUrl": "https://madie.cms.gov/MeasureReport/3639b2ee-5d64-421d-ac4e-55d0c3c3d249",
    "resource": {
      "resourceType": "MeasureReport",
      "id": "3639b2ee-5d64-421d-ac4e-55d0c3c3d249",
      "meta": {
        "profile": [ "http://hl7.org/fhir/us/cqfmeasures/StructureDefinition/test-case-cqfm" ]
      },
      "contained": [ {
        "resourceType": "Parameters",
        "id": "0b6ce469-567b-45b1-8461-fbe005d74ef1-parameters",
        "parameter": [ {
          "name": "subject",
          "valueString": "659f9c7b-5c1c-475f-bfcb-77c246fa7a28"
        } ]
      } ],
      "extension": [ {
        "url": "http://hl7.org/fhir/StructureDefinition/cqf-inputParameters",
        "valueReference": {
          "reference": "#0b6ce469-567b-45b1-8461-fbe005d74ef1-parameters"
        }
      }, {
        "url": "http://hl7.org/fhir/us/cqfmeasures/StructureDefinition/cqfm-testCaseDescription",
        "valueMarkdown": "Enc during MP, no BMI or medication intervention as pat refused"
      } ],
      "modifierExtension": [ {
        "url": "http://hl7.org/fhir/us/cqfmeasures/StructureDefinition/cqfm-isTestCase",
        "valueBoolean": true
      } ],
      "status": "complete",
      "type": "individual",
      "measure": "https://madie.cms.gov/Measure/CMS69FHIRPCSBMIScreenAndFollowUp",
      "period": {
        "start": "2026-01-01",
        "end": "2026-12-31"
      },
      "group": [ {
        "id": "Group_1",
        "population": [ {
          "id": "InitialPopulation_1",
          "code": {
            "coding": [ {
              "system": "http://terminology.hl7.org/CodeSystem/measure-population",
              "code": "initial-population",
              "display": "Initial Population"
            } ]
          },
          "count": 1
        }, {
          "id": "Denominator_1",
          "code": {
            "coding": [ {
              "system": "http://terminology.hl7.org/CodeSystem/measure-population",
              "code": "denominator",
              "display": "Denominator"
            } ]
          },
          "count": 1
        }, {
          "id": "DenominatorExclusion_1",
          "code": {
            "coding": [ {
              "system": "http://terminology.hl7.org/CodeSystem/measure-population",
              "code": "denominator-exclusion",
              "display": "Denominator Exclusion"
            } ]
          },
          "count": 0
        }, {
          "id": "Numerator_1",
          "code": {
            "coding": [ {
              "system": "http://terminology.hl7.org/CodeSystem/measure-population",
              "code": "numerator",
              "display": "Numerator"
            } ]
          },
          "count": 0
        }, {
          "id": "DenominatorException_1",
          "code": {
            "coding": [ {
              "system": "http://terminology.hl7.org/CodeSystem/measure-population",
              "code": "denominator-exception",
              "display": "Denominator Exception"
            } ]
          },
          "count": 1
        } ],
        "measureScore": {
          "value": 1.0
        }
      } ],
      "evaluatedResource": [ {
        "reference": "Patient/659f9c7b-5c1c-475f-bfcb-77c246fa7a28"
      }, {
        "reference": "Encounter/2055130b-4fa0-4336-aa70-f31bdc06bed4"
      }, {
        "reference": "Observation/82431aac-5fd0-42e8-9ef3-7d15180f2b1b"
      }, {
        "reference": "MedicationRequest/a0aca334-b65b-4229-80e0-a1f94f7aaf82"
      }, {
        "reference": "Coverage/b9238b1d-7229-47cb-b365-70268c6474ff"
      }, {
        "reference": "Organization/86e47db4-84b7-41eb-850d-6a86f00a034a"
      }, {
        "reference": "Practitioner/b19865d6-a318-440e-a271-47d8b1b8c5c5"
      } ]
    },
    "request": {
      "method": "PUT",
      "url": "MeasureReport/3639b2ee-5d64-421d-ac4e-55d0c3c3d249"
    }
  } ]
}