{
  "resourceType": "Bundle",
  "id": "630307ce0968f80122478884",
  "type": "transaction",
  "entry": [ {
    "fullUrl": "https://madie.cms.gov/Patient/5803e753-e2a2-4c62-9914-20f7134f36c3",
    "resource": {
      "resourceType": "Patient",
      "id": "5803e753-e2a2-4c62-9914-20f7134f36c3",
      "meta": {
        "profile": [ "http://hl7.org/fhir/us/qicore/StructureDefinition/qicore-patient" ]
      },
      "extension": [ {
        "url": "http://hl7.org/fhir/us/core/StructureDefinition/us-core-race",
        "extension": [ {
          "url": "ombCategory",
          "valueCoding": {
            "system": "urn:oid:2.16.840.1.113883.6.238",
            "code": "2106-3",
            "display": "White"
          }
        }, {
          "url": "text",
          "valueString": "White"
        } ]
      }, {
        "url": "http://hl7.org/fhir/us/core/StructureDefinition/us-core-ethnicity",
        "extension": [ {
          "url": "ombCategory",
          "valueCoding": {
            "system": "urn:oid:2.16.840.1.113883.6.238",
            "code": "2186-5",
            "display": "Not Hispanic or Latino"
          }
        }, {
          "url": "text",
          "valueString": "Not Hispanic or Latino"
        } ]
      } ],
      "identifier": [ {
        "type": {
          "coding": [ {
            "system": "http://terminology.hl7.org/CodeSystem/v2-0203",
            "code": "MR"
          } ]
        },
        "system": "https://bonnie-fhir.healthit.gov/",
        "value": "630307ce0968f80122478884"
      } ],
      "name": [ {
        "family": "NUMERPopStrat1Fail",
        "given": [ "Strat2FUAssessment12MonthsAfterInitial" ]
      } ],
      "gender": "female",
      "birthDate": "2011-01-01"
    },
    "request": {
      "method": "PUT",
      "url": "Patient/5803e753-e2a2-4c62-9914-20f7134f36c3"
    }
  }, {
    "fullUrl": "https://madie.cms.gov/Encounter/43bd119f-de50-48c8-b111-9de0fb4f2ef2",
    "resource": {
      "resourceType": "Encounter",
      "id": "43bd119f-de50-48c8-b111-9de0fb4f2ef2",
      "meta": {
        "profile": [ "http://hl7.org/fhir/us/qicore/StructureDefinition/qicore-encounter" ]
      },
      "status": "finished",
      "class": {
        "system": "http://terminology.hl7.org/CodeSystem/v3-ActCode",
        "code": "AMB",
        "display": "ambulatory"
      },
      "type": [ {
        "coding": [ {
          "system": "http://www.ama-assn.org/go/cpt",
          "version": "2024",
          "code": "90791"
        } ]
      } ],
      "subject": {
        "reference": "Patient/5803e753-e2a2-4c62-9914-20f7134f36c3"
      },
      "period": {
        "start": "2025-02-25T14:30:00+00:00",
        "end": "2025-02-25T14:50:00+00:00"
      },
      "length": {
        "value": 0,
        "unit": "days"
      }
    },
    "request": {
      "method": "PUT",
      "url": "Encounter/43bd119f-de50-48c8-b111-9de0fb4f2ef2"
    }
  }, {
    "fullUrl": "https://madie.cms.gov/Observation/418d2639-3d60-4c7e-9797-548794ecd731",
    "resource": {
      "resourceType": "Observation",
      "id": "418d2639-3d60-4c7e-9797-548794ecd731",
      "meta": {
        "profile": [ "http://hl7.org/fhir/us/qicore/StructureDefinition/qicore-observation-screening-assessment" ]
      },
      "status": "final",
      "category": [ {
        "coding": [ {
          "system": "http://terminology.hl7.org/CodeSystem/observation-category",
          "code": "survey",
          "display": "Survey"
        } ]
      } ],
      "code": {
        "coding": [ {
          "system": "http://loinc.org",
          "version": "2.76",
          "code": "44261-6"
        } ]
      },
      "subject": {
        "reference": "Patient/5803e753-e2a2-4c62-9914-20f7134f36c3"
      },
      "effectiveDateTime": "2025-02-25T14:35:00+00:00",
      "valueInteger": 20
    },
    "request": {
      "method": "PUT",
      "url": "Observation/418d2639-3d60-4c7e-9797-548794ecd731"
    }
  }, {
    "fullUrl": "https://madie.cms.gov/Observation/da07ddd5-c334-4e19-a2ed-9e26d87356f2",
    "resource": {
      "resourceType": "Observation",
      "id": "da07ddd5-c334-4e19-a2ed-9e26d87356f2",
      "meta": {
        "profile": [ "http://hl7.org/fhir/us/qicore/StructureDefinition/qicore-observation-screening-assessment" ]
      },
      "status": "final",
      "category": [ {
        "coding": [ {
          "system": "http://terminology.hl7.org/CodeSystem/observation-category",
          "code": "survey",
          "display": "Survey"
        } ]
      } ],
      "code": {
        "coding": [ {
          "system": "http://loinc.org",
          "version": "2.76",
          "code": "44261-6"
        } ]
      },
      "subject": {
        "reference": "Patient/5803e753-e2a2-4c62-9914-20f7134f36c3"
      },
      "effectiveDateTime": "2025-12-19T14:30:00+00:00",
      "valueInteger": 4
    },
    "request": {
      "method": "PUT",
      "url": "Observation/da07ddd5-c334-4e19-a2ed-9e26d87356f2"
    }
  }, {
    "fullUrl": "https://madie.cms.gov/Condition/f37b3cc5-f200-4b9a-8aa0-c1454afb7f21",
    "resource": {
      "resourceType": "Condition",
      "id": "f37b3cc5-f200-4b9a-8aa0-c1454afb7f21",
      "meta": {
        "profile": [ "http://hl7.org/fhir/us/qicore/StructureDefinition/qicore-condition-problems-health-concerns" ]
      },
      "clinicalStatus": {
        "coding": [ {
          "system": "http://terminology.hl7.org/CodeSystem/condition-clinical",
          "code": "active",
          "display": "active"
        } ]
      },
      "verificationStatus": {
        "coding": [ {
          "system": "http://terminology.hl7.org/CodeSystem/condition-ver-status",
          "code": "confirmed"
        } ]
      },
      "category": [ {
        "coding": [ {
          "system": "http://terminology.hl7.org/CodeSystem/condition-category",
          "code": "problem-list-item",
          "display": "Problem List Item"
        } ]
      } ],
      "code": {
        "coding": [ {
          "system": "http://hl7.org/fhir/sid/icd-10-cm",
          "version": "2024",
          "code": "F32.9"
        } ]
      },
      "subject": {
        "reference": "Patient/5803e753-e2a2-4c62-9914-20f7134f36c3"
      },
      "onsetDateTime": "2025-02-25T14:35:00+00:00"
    },
    "request": {
      "method": "PUT",
      "url": "Condition/f37b3cc5-f200-4b9a-8aa0-c1454afb7f21"
    }
  }, {
    "fullUrl": "https://madie.cms.gov/MeasureReport/6b9e0c22-446a-4f61-ae81-b44b9637ebd6",
    "resource": {
      "resourceType": "MeasureReport",
      "id": "6b9e0c22-446a-4f61-ae81-b44b9637ebd6",
      "meta": {
        "profile": [ "http://hl7.org/fhir/us/cqfmeasures/StructureDefinition/test-case-cqfm" ]
      },
      "contained": [ {
        "resourceType": "Parameters",
        "id": "69d53fa0-1fec-4db9-b28d-8ea20ed9e4aa-parameters",
        "parameter": [ {
          "name": "subject",
          "valueString": "5803e753-e2a2-4c62-9914-20f7134f36c3"
        } ]
      } ],
      "extension": [ {
        "url": "http://hl7.org/fhir/StructureDefinition/cqf-inputParameters",
        "valueReference": {
          "reference": "#69d53fa0-1fec-4db9-b28d-8ea20ed9e4aa-parameters"
        }
      }, {
        "url": "http://hl7.org/fhir/us/cqfmeasures/StructureDefinition/cqfm-testCaseDescription",
        "valueMarkdown": "Patient is 15 years old and has a Major Depressive diagnosis, an encounter with PHQ-9>9 during Denom ID period and a PHQ-9<5 that occurred before start of MAP. Patient should be denom for strat 1."
      } ],
      "modifierExtension": [ {
        "url": "http://hl7.org/fhir/us/cqfmeasures/StructureDefinition/cqfm-isTestCase",
        "valueBoolean": true
      } ],
      "status": "complete",
      "type": "individual",
      "measure": "https://madie.cms.gov/Measure/CMS159FHIRDepressionRemissionatTwelveMonths",
      "period": {
        "start": "2026-01-01",
        "end": "2026-12-31"
      },
      "group": [ {
        "id": "Group_1",
        "population": [ {
          "id": "InitialPopulation_1",
          "code": {
            "coding": [ {
              "system": "http://terminology.hl7.org/CodeSystem/measure-population",
              "code": "initial-population",
              "display": "Initial Population"
            } ]
          },
          "count": 1
        }, {
          "id": "Denominator_1",
          "code": {
            "coding": [ {
              "system": "http://terminology.hl7.org/CodeSystem/measure-population",
              "code": "denominator",
              "display": "Denominator"
            } ]
          },
          "count": 1
        }, {
          "id": "DenominatorExclusion_1",
          "code": {
            "coding": [ {
              "system": "http://terminology.hl7.org/CodeSystem/measure-population",
              "code": "denominator-exclusion",
              "display": "Denominator Exclusion"
            } ]
          },
          "count": 0
        }, {
          "id": "Numerator_1",
          "code": {
            "coding": [ {
              "system": "http://terminology.hl7.org/CodeSystem/measure-population",
              "code": "numerator",
              "display": "Numerator"
            } ]
          },
          "count": 0
        } ],
        "measureScore": {
          "value": 1.0
        }
      } ],
      "evaluatedResource": [ {
        "reference": "Patient/5803e753-e2a2-4c62-9914-20f7134f36c3"
      }, {
        "reference": "Encounter/43bd119f-de50-48c8-b111-9de0fb4f2ef2"
      }, {
        "reference": "Observation/418d2639-3d60-4c7e-9797-548794ecd731"
      }, {
        "reference": "Observation/da07ddd5-c334-4e19-a2ed-9e26d87356f2"
      }, {
        "reference": "Condition/f37b3cc5-f200-4b9a-8aa0-c1454afb7f21"
      } ]
    },
    "request": {
      "method": "PUT",
      "url": "MeasureReport/6b9e0c22-446a-4f61-ae81-b44b9637ebd6"
    }
  } ]
}