{
  "resourceType": "Bundle",
  "id": "6109658e98086b538055b9db",
  "type": "transaction",
  "entry": [ {
    "fullUrl": "https://madie.cms.gov/Patient/4ca8189d-0064-457f-af42-9a02e5d0cc97",
    "resource": {
      "resourceType": "Patient",
      "id": "4ca8189d-0064-457f-af42-9a02e5d0cc97",
      "meta": {
        "profile": [ "http://hl7.org/fhir/us/qicore/StructureDefinition/qicore-patient" ]
      },
      "extension": [ {
        "url": "http://hl7.org/fhir/us/core/StructureDefinition/us-core-race",
        "extension": [ {
          "url": "ombCategory",
          "valueCoding": {
            "system": "urn:oid:2.16.840.1.113883.6.238",
            "code": "2028-9",
            "display": "Asian",
            "userSelected": true
          }
        }, {
          "url": "text",
          "valueString": "Asian"
        } ]
      }, {
        "url": "http://hl7.org/fhir/us/core/StructureDefinition/us-core-ethnicity",
        "extension": [ {
          "url": "ombCategory",
          "valueCoding": {
            "system": "urn:oid:2.16.840.1.113883.6.238",
            "code": "2186-5",
            "display": "Not Hispanic or Latino",
            "userSelected": true
          }
        }, {
          "url": "text",
          "valueString": "Not Hispanic or Latino"
        } ]
      } ],
      "identifier": [ {
        "type": {
          "coding": [ {
            "system": "http://terminology.hl7.org/CodeSystem/v2-0203",
            "code": "MR"
          } ]
        },
        "system": "https://GoodHealthCare.com",
        "value": "6109658e98086b538055b9db"
      } ],
      "active": true,
      "name": [ {
        "use": "usual",
        "family": "DENEXCEPPass",
        "given": [ "DiscRatioNotDoneMR" ]
      } ],
      "gender": "male",
      "birthDate": "1984-08-12"
    },
    "request": {
      "method": "PUT",
      "url": "Patient/4ca8189d-0064-457f-af42-9a02e5d0cc97"
    }
  }, {
    "fullUrl": "https://madie.cms.gov/Condition/29f80970-5de6-4dad-813a-9acea92b664f",
    "resource": {
      "resourceType": "Condition",
      "id": "29f80970-5de6-4dad-813a-9acea92b664f",
      "meta": {
        "profile": [ "http://hl7.org/fhir/us/qicore/StructureDefinition/qicore-condition-problems-health-concerns" ]
      },
      "clinicalStatus": {
        "coding": [ {
          "system": "http://terminology.hl7.org/CodeSystem/condition-clinical",
          "code": "active",
          "display": "active",
          "userSelected": true
        } ]
      },
      "category": [ {
        "coding": [ {
          "system": "http://terminology.hl7.org/CodeSystem/condition-category",
          "code": "encounter-diagnosis",
          "display": "Encounter Diagnosis",
          "userSelected": true
        } ]
      } ],
      "code": {
        "coding": [ {
          "system": "http://hl7.org/fhir/sid/icd-10-cm",
          "code": "H40.10X0"
        } ]
      },
      "subject": {
        "reference": "Patient/4ca8189d-0064-457f-af42-9a02e5d0cc97"
      },
      "onsetDateTime": "2014-08-27T13:00:00+00:00"
    },
    "request": {
      "method": "PUT",
      "url": "Condition/29f80970-5de6-4dad-813a-9acea92b664f"
    }
  }, {
    "fullUrl": "https://madie.cms.gov/Observation/2870eeb8-fd95-4af3-8c63-d3c747bf8d8f",
    "resource": {
      "resourceType": "Observation",
      "id": "2870eeb8-fd95-4af3-8c63-d3c747bf8d8f",
      "meta": {
        "profile": [ "http://hl7.org/fhir/us/qicore/StructureDefinition/qicore-observation-clinical-result" ]
      },
      "status": "final",
      "category": [ {
        "coding": [ {
          "system": "http://terminology.hl7.org/CodeSystem/observation-category",
          "code": "laboratory",
          "display": "Laboratory",
          "userSelected": true
        } ]
      } ],
      "code": {
        "coding": [ {
          "system": "http://loinc.org",
          "code": "71487-3"
        } ]
      },
      "subject": {
        "reference": "Patient/4ca8189d-0064-457f-af42-9a02e5d0cc97"
      },
      "effectivePeriod": {
        "start": "2026-08-27T13:00:00.000+00:00",
        "end": "2026-08-27T13:15:00.000+00:00"
      },
      "valueString": "Documented, progressive thinning of the neuroretinal rim with an associated increase in cupping of the optic disc"
    },
    "request": {
      "method": "PUT",
      "url": "Observation/2870eeb8-fd95-4af3-8c63-d3c747bf8d8f"
    }
  }, {
    "fullUrl": "https://madie.cms.gov/Observation/c0e542e3-1eb2-408e-918c-5a033807a992",
    "resource": {
      "resourceType": "Observation",
      "id": "c0e542e3-1eb2-408e-918c-5a033807a992",
      "meta": {
        "profile": [ "http://hl7.org/fhir/us/qicore/StructureDefinition/qicore-observationcancelled" ]
      },
      "extension": [ {
        "url": "http://hl7.org/fhir/us/qicore/StructureDefinition/qicore-notDoneReason",
        "valueCodeableConcept": {
          "coding": [ {
            "system": "http://snomed.info/sct",
            "version": "http://snomed.info/sct/731000124108/version/202303",
            "code": "410536001",
            "display": "Contraindicated (qualifier value)"
          } ]
        }
      } ],
      "status": "cancelled",
      "category": [ {
        "coding": [ {
          "system": "http://snomed.info/sct",
          "version": "http://snomed.info/sct/731000124108/version/202303",
          "code": "428119001",
          "display": "Procedure not indicated (situation)",
          "userSelected": true
        } ]
      } ],
      "code": {
        "coding": [ {
          "system": "http://loinc.org",
          "version": "2.73",
          "code": "71487-3"
        } ]
      },
      "subject": {
        "reference": "Patient/4ca8189d-0064-457f-af42-9a02e5d0cc97"
      },
      "effectiveDateTime": "2026-08-27T13:00:00.000+00:00",
      "issued": "2026-08-27T13:00:00.000+00:00"
    },
    "request": {
      "method": "PUT",
      "url": "Observation/c0e542e3-1eb2-408e-918c-5a033807a992"
    }
  }, {
    "fullUrl": "https://madie.cms.gov/Encounter/25e56dd9-9d10-47f2-8aff-bc50135d2c07",
    "resource": {
      "resourceType": "Encounter",
      "id": "25e56dd9-9d10-47f2-8aff-bc50135d2c07",
      "meta": {
        "profile": [ "http://hl7.org/fhir/us/qicore/StructureDefinition/qicore-encounter" ]
      },
      "status": "finished",
      "class": {
        "system": "http://terminology.hl7.org/CodeSystem/v3-ActCode",
        "code": "AMB",
        "display": "ambulatory",
        "userSelected": true
      },
      "type": [ {
        "coding": [ {
          "system": "http://www.ama-assn.org/go/cpt",
          "code": "92002"
        } ]
      } ],
      "subject": {
        "reference": "Patient/4ca8189d-0064-457f-af42-9a02e5d0cc97"
      },
      "period": {
        "start": "2026-08-27T12:40:00.000+00:00",
        "end": "2026-08-27T13:40:00.000+00:00"
      },
      "length": {
        "value": 0.0,
        "unit": "days"
      }
    },
    "request": {
      "method": "PUT",
      "url": "Encounter/25e56dd9-9d10-47f2-8aff-bc50135d2c07"
    }
  }, {
    "fullUrl": "https://madie.cms.gov/MeasureReport/1b4623ed-7239-4e58-bda6-bddb74814988",
    "resource": {
      "resourceType": "MeasureReport",
      "id": "1b4623ed-7239-4e58-bda6-bddb74814988",
      "meta": {
        "profile": [ "http://hl7.org/fhir/us/cqfmeasures/StructureDefinition/test-case-cqfm" ]
      },
      "contained": [ {
        "resourceType": "Parameters",
        "id": "5b52aed4-9571-4d5c-bac2-9b79c9063308-parameters",
        "parameter": [ {
          "name": "subject",
          "valueString": "4ca8189d-0064-457f-af42-9a02e5d0cc97"
        } ]
      } ],
      "extension": [ {
        "url": "http://hl7.org/fhir/StructureDefinition/cqf-inputParameters",
        "valueReference": {
          "reference": "#5b52aed4-9571-4d5c-bac2-9b79c9063308-parameters"
        }
      }, {
        "url": "http://hl7.org/fhir/us/cqfmeasures/StructureDefinition/cqfm-testCaseDescription",
        "valueMarkdown": "Patient with glaucoma, optic disc exam done but cup to disc ratio not performed due to medical reason documented and issued within associated Encounter period."
      } ],
      "modifierExtension": [ {
        "url": "http://hl7.org/fhir/us/cqfmeasures/StructureDefinition/cqfm-isTestCase",
        "valueBoolean": true
      } ],
      "status": "complete",
      "type": "individual",
      "measure": "https://madie.cms.gov/Measure/CMS143FHIRPOAGOpticNerveEvaluation",
      "period": {
        "start": "2026-01-01",
        "end": "2026-12-31"
      },
      "group": [ {
        "id": "Group_1",
        "population": [ {
          "id": "InitialPopulation_1",
          "code": {
            "coding": [ {
              "system": "http://terminology.hl7.org/CodeSystem/measure-population",
              "code": "initial-population",
              "display": "Initial Population"
            } ]
          },
          "count": 1
        }, {
          "id": "Denominator_1",
          "code": {
            "coding": [ {
              "system": "http://terminology.hl7.org/CodeSystem/measure-population",
              "code": "denominator",
              "display": "Denominator"
            } ]
          },
          "count": 1
        }, {
          "id": "Numerator_1",
          "code": {
            "coding": [ {
              "system": "http://terminology.hl7.org/CodeSystem/measure-population",
              "code": "numerator",
              "display": "Numerator"
            } ]
          },
          "count": 0
        }, {
          "id": "DenominatorException_1",
          "code": {
            "coding": [ {
              "system": "http://terminology.hl7.org/CodeSystem/measure-population",
              "code": "denominator-exception",
              "display": "Denominator Exception"
            } ]
          },
          "count": 1
        } ],
        "measureScore": {
          "value": 1.0
        }
      } ],
      "evaluatedResource": [ {
        "reference": "Patient/4ca8189d-0064-457f-af42-9a02e5d0cc97"
      }, {
        "reference": "Condition/29f80970-5de6-4dad-813a-9acea92b664f"
      }, {
        "reference": "Observation/2870eeb8-fd95-4af3-8c63-d3c747bf8d8f"
      }, {
        "reference": "Observation/c0e542e3-1eb2-408e-918c-5a033807a992"
      }, {
        "reference": "Encounter/25e56dd9-9d10-47f2-8aff-bc50135d2c07"
      } ]
    },
    "request": {
      "method": "PUT",
      "url": "MeasureReport/1b4623ed-7239-4e58-bda6-bddb74814988"
    }
  } ]
}