{
  "resourceType": "Bundle",
  "id": "61095b0998086b53805591a5",
  "type": "transaction",
  "entry": [ {
    "fullUrl": "https://madie.cms.gov/Patient/c1d89d7f-dff7-4bd8-ba7f-5657f92090d4",
    "resource": {
      "resourceType": "Patient",
      "id": "c1d89d7f-dff7-4bd8-ba7f-5657f92090d4",
      "meta": {
        "profile": [ "http://hl7.org/fhir/us/qicore/StructureDefinition/qicore-patient" ]
      },
      "text": {
        "status": "generated",
        "div": "<div xmlns=\"http://www.w3.org/1999/xhtml\"><div class=\"hapiHeaderText\">Age@18 <b>DENOMPASS </b></div><table class=\"hapiPropertyTable\"><tbody><tr><td>Identifier</td><td>67f3e33acf17bcb386e754d726ed064ccd48ba21ff0ffb2eb678740a684398be</td></tr><tr><td>Date of birth</td><td><span>01 January 1994</span></td></tr></tbody></table></div>"
      },
      "extension": [ {
        "url": "http://hl7.org/fhir/us/core/StructureDefinition/us-core-race",
        "extension": [ {
          "url": "ombCategory",
          "valueCoding": {
            "system": "urn:oid:2.16.840.1.113883.6.238",
            "code": "1002-5",
            "display": "American Indian or Alaska Native",
            "userSelected": true
          }
        }, {
          "url": "text",
          "valueString": "American Indian or Alaska Native"
        } ]
      }, {
        "url": "http://hl7.org/fhir/us/core/StructureDefinition/us-core-ethnicity",
        "extension": [ {
          "url": "ombCategory",
          "valueCoding": {
            "system": "urn:oid:2.16.840.1.113883.6.238",
            "code": "2135-2",
            "display": "Hispanic or Latino",
            "userSelected": true
          }
        }, {
          "url": "text",
          "valueString": "Hispanic or Latino"
        } ]
      } ],
      "identifier": [ {
        "type": {
          "coding": [ {
            "system": "http://terminology.hl7.org/CodeSystem/v2-0203",
            "code": "MR"
          } ]
        },
        "system": "https://bonnie-fhir.healthit.gov/",
        "value": "61095b0998086b53805591a5"
      } ],
      "active": true,
      "name": [ {
        "use": "usual",
        "family": "DENEXPASS",
        "given": [ "CataractCongenitalWithCatSurg" ]
      } ],
      "gender": "female",
      "birthDate": "1996-01-01"
    },
    "request": {
      "method": "PUT",
      "url": "Patient/c1d89d7f-dff7-4bd8-ba7f-5657f92090d4"
    }
  }, {
    "fullUrl": "https://madie.cms.gov/Observation/7ce26192-69aa-4578-9804-2b17b2b43d99",
    "resource": {
      "resourceType": "Observation",
      "id": "7ce26192-69aa-4578-9804-2b17b2b43d99",
      "meta": {
        "profile": [ "http://hl7.org/fhir/us/qicore/StructureDefinition/qicore-observation-clinical-result" ]
      },
      "status": "final",
      "category": [ {
        "coding": [ {
          "system": "http://terminology.hl7.org/CodeSystem/observation-category",
          "code": "exam",
          "display": "exam"
        } ]
      } ],
      "code": {
        "coding": [ {
          "system": "http://snomed.info/sct",
          "code": "419775003"
        } ]
      },
      "subject": {
        "reference": "Patient/c1d89d7f-dff7-4bd8-ba7f-5657f92090d4"
      },
      "effectivePeriod": {
        "start": "2026-03-13T09:00:00+00:00",
        "end": "2026-03-13T09:30:00+00:00"
      }
    },
    "request": {
      "method": "PUT",
      "url": "Observation/7ce26192-69aa-4578-9804-2b17b2b43d99"
    }
  }, {
    "fullUrl": "https://madie.cms.gov/Procedure/ab0885b4-028d-4bc2-9355-f01c13f37ff1",
    "resource": {
      "resourceType": "Procedure",
      "id": "ab0885b4-028d-4bc2-9355-f01c13f37ff1",
      "meta": {
        "profile": [ "http://hl7.org/fhir/us/qicore/StructureDefinition/qicore-procedure" ]
      },
      "extension": [ {
        "url": "http://hl7.org/fhir/us/qicore/StructureDefinition/qicore-recorded",
        "valueDateTime": "2026-03-05T09:35:00-04:00"
      } ],
      "status": "completed",
      "code": {
        "coding": [ {
          "system": "http://snomed.info/sct",
          "code": "84149000"
        } ]
      },
      "subject": {
        "reference": "Patient/c1d89d7f-dff7-4bd8-ba7f-5657f92090d4"
      },
      "performedPeriod": {
        "start": "2026-03-05T09:20:00-04:00",
        "end": "2026-04-05T10:30:00-04:00"
      }
    },
    "request": {
      "method": "PUT",
      "url": "Procedure/ab0885b4-028d-4bc2-9355-f01c13f37ff1"
    }
  }, {
    "fullUrl": "https://madie.cms.gov/Condition/934324d6-c554-4efb-964a-60c274a5d02b",
    "resource": {
      "resourceType": "Condition",
      "id": "934324d6-c554-4efb-964a-60c274a5d02b",
      "meta": {
        "profile": [ "http://hl7.org/fhir/us/qicore/StructureDefinition/qicore-condition-encounter-diagnosis" ]
      },
      "clinicalStatus": {
        "coding": [ {
          "system": "http://terminology.hl7.org/CodeSystem/condition-clinical",
          "code": "active",
          "display": "active",
          "userSelected": true
        } ]
      },
      "category": [ {
        "coding": [ {
          "system": "http://terminology.hl7.org/CodeSystem/condition-clinical",
          "code": "active",
          "display": "active",
          "userSelected": true
        } ]
      } ],
      "code": {
        "coding": [ {
          "system": "http://hl7.org/fhir/sid/icd-10-cm",
          "code": "Q12.0",
          "userSelected": true
        }, {
          "system": "http://snomed.info/sct",
          "code": "849000",
          "display": "Mature cataract (disorder)",
          "userSelected": true
        } ]
      },
      "subject": {
        "reference": "Patient/c1d89d7f-dff7-4bd8-ba7f-5657f92090d4"
      },
      "onsetDateTime": "2024-11-01T08:00:00.000+00:00"
    },
    "request": {
      "method": "PUT",
      "url": "Condition/934324d6-c554-4efb-964a-60c274a5d02b"
    }
  }, {
    "fullUrl": "https://madie.cms.gov/Coverage/871dc195-c2ab-48a1-813d-33e8be7817b1",
    "resource": {
      "resourceType": "Coverage",
      "id": "871dc195-c2ab-48a1-813d-33e8be7817b1",
      "meta": {
        "profile": [ "http://hl7.org/fhir/us/qicore/StructureDefinition/qicore-coverage" ]
      },
      "status": "active",
      "beneficiary": {
        "reference": "Patient/c1d89d7f-dff7-4bd8-ba7f-5657f92090d4"
      },
      "payor": [ {
        "reference": "Organization/c6cfab0b-0766-4ac5-9702-167751c551db"
      } ]
    },
    "request": {
      "method": "PUT",
      "url": "Coverage/871dc195-c2ab-48a1-813d-33e8be7817b1"
    }
  }, {
    "fullUrl": "https://madie.cms.gov/Organization/c6cfab0b-0766-4ac5-9702-167751c551db",
    "resource": {
      "resourceType": "Organization",
      "id": "c6cfab0b-0766-4ac5-9702-167751c551db",
      "meta": {
        "profile": [ "http://hl7.org/fhir/us/qicore/StructureDefinition/qicore-organization" ]
      },
      "identifier": [ {
        "use": "temp",
        "system": "urn:oid:2.16.840.1.113883.4.4",
        "value": "21-3259825"
      } ],
      "active": true,
      "type": [ {
        "coding": [ {
          "system": "http://terminology.hl7.org/CodeSystem/organization-type",
          "code": "pay",
          "display": "Payer"
        } ]
      } ],
      "name": "Blue Cross Blue Shield of Texas",
      "telecom": [ {
        "system": "phone",
        "value": "(+1) 972-766-6900"
      } ],
      "address": [ {
        "use": "billing",
        "type": "postal",
        "line": [ "P.O. Box 660044" ],
        "city": "Dallas",
        "state": "TX",
        "postalCode": "75266-0044",
        "country": "USA"
      } ]
    },
    "request": {
      "method": "PUT",
      "url": "Organization/c6cfab0b-0766-4ac5-9702-167751c551db"
    }
  }, {
    "fullUrl": "https://madie.cms.gov/Practitioner/dc269952-b93d-4f1a-95b7-07a45fdd9c17",
    "resource": {
      "resourceType": "Practitioner",
      "id": "dc269952-b93d-4f1a-95b7-07a45fdd9c17",
      "meta": {
        "profile": [ "http://hl7.org/fhir/us/qicore/StructureDefinition/qicore-practitioner" ]
      },
      "identifier": [ {
        "system": "http://hl7.org/fhir/sid/us-npi",
        "value": "123456"
      } ],
      "name": [ {
        "family": "Evil",
        "prefix": [ "Dr" ]
      } ]
    },
    "request": {
      "method": "PUT",
      "url": "Practitioner/dc269952-b93d-4f1a-95b7-07a45fdd9c17"
    }
  }, {
    "fullUrl": "https://madie.cms.gov/MeasureReport/37308a8e-2bcf-4c35-8a31-73ed641afbd3",
    "resource": {
      "resourceType": "MeasureReport",
      "id": "37308a8e-2bcf-4c35-8a31-73ed641afbd3",
      "meta": {
        "profile": [ "http://hl7.org/fhir/us/cqfmeasures/StructureDefinition/test-case-cqfm" ]
      },
      "contained": [ {
        "resourceType": "Parameters",
        "id": "e3aa3059-34bc-4dd7-9613-522bbba3c22c-parameters",
        "parameter": [ {
          "name": "subject",
          "valueString": "c1d89d7f-dff7-4bd8-ba7f-5657f92090d4"
        } ]
      } ],
      "extension": [ {
        "url": "http://hl7.org/fhir/StructureDefinition/cqf-inputParameters",
        "valueReference": {
          "reference": "#e3aa3059-34bc-4dd7-9613-522bbba3c22c-parameters"
        }
      }, {
        "url": "http://hl7.org/fhir/us/cqfmeasures/StructureDefinition/cqfm-testCaseDescription",
        "valueMarkdown": "Patient with congenital cataract with cataract surgery. "
      } ],
      "modifierExtension": [ {
        "url": "http://hl7.org/fhir/us/cqfmeasures/StructureDefinition/cqfm-isTestCase",
        "valueBoolean": true
      } ],
      "status": "complete",
      "type": "individual",
      "measure": "https://madie.cms.gov/Measure/CMS133FHIRCataracts2040BCVAwithin90Days",
      "period": {
        "start": "2026-01-01",
        "end": "2026-12-31"
      },
      "group": [ {
        "id": "Group_1",
        "population": [ {
          "id": "InitialPopulation_1",
          "code": {
            "coding": [ {
              "system": "http://terminology.hl7.org/CodeSystem/measure-population",
              "code": "initial-population",
              "display": "Initial Population"
            } ]
          },
          "count": 1
        }, {
          "id": "Denominator_1",
          "code": {
            "coding": [ {
              "system": "http://terminology.hl7.org/CodeSystem/measure-population",
              "code": "denominator",
              "display": "Denominator"
            } ]
          },
          "count": 1
        }, {
          "id": "DenominatorExclusion_1",
          "code": {
            "coding": [ {
              "system": "http://terminology.hl7.org/CodeSystem/measure-population",
              "code": "denominator-exclusion",
              "display": "Denominator Exclusion"
            } ]
          },
          "count": 1
        }, {
          "id": "Numerator_1",
          "code": {
            "coding": [ {
              "system": "http://terminology.hl7.org/CodeSystem/measure-population",
              "code": "numerator",
              "display": "Numerator"
            } ]
          },
          "count": 0
        } ],
        "measureScore": {
          "value": 0.0
        }
      } ],
      "evaluatedResource": [ {
        "reference": "Patient/c1d89d7f-dff7-4bd8-ba7f-5657f92090d4"
      }, {
        "reference": "Observation/7ce26192-69aa-4578-9804-2b17b2b43d99"
      }, {
        "reference": "Procedure/ab0885b4-028d-4bc2-9355-f01c13f37ff1"
      }, {
        "reference": "Condition/934324d6-c554-4efb-964a-60c274a5d02b"
      }, {
        "reference": "Coverage/871dc195-c2ab-48a1-813d-33e8be7817b1"
      }, {
        "reference": "Organization/c6cfab0b-0766-4ac5-9702-167751c551db"
      }, {
        "reference": "Practitioner/dc269952-b93d-4f1a-95b7-07a45fdd9c17"
      } ]
    },
    "request": {
      "method": "PUT",
      "url": "MeasureReport/37308a8e-2bcf-4c35-8a31-73ed641afbd3"
    }
  } ]
}