{
  "resourceType": "Bundle",
  "id": "DENEXFail-HospiceServicesEndOnDec31B4MP",
  "type": "transaction",
  "entry": [ {
    "fullUrl": "https://madie.cms.gov/Patient/6ddffc8d-02e7-44ce-a766-e67ae088db62",
    "resource": {
      "resourceType": "Patient",
      "id": "6ddffc8d-02e7-44ce-a766-e67ae088db62",
      "meta": {
        "profile": [ "http://hl7.org/fhir/us/qicore/StructureDefinition/qicore-patient" ]
      },
      "extension": [ {
        "url": "http://hl7.org/fhir/us/core/StructureDefinition/us-core-race",
        "extension": [ {
          "url": "ombCategory",
          "valueCoding": {
            "system": "urn:oid:2.16.840.1.113883.6.238",
            "code": "2028-9",
            "display": "Asian"
          }
        }, {
          "url": "text",
          "valueString": "Asian"
        } ]
      }, {
        "url": "http://hl7.org/fhir/us/core/StructureDefinition/us-core-ethnicity",
        "extension": [ {
          "url": "ombCategory",
          "valueCoding": {
            "system": "urn:oid:2.16.840.1.113883.6.238",
            "code": "2135-2",
            "display": "Hispanic or Latino"
          }
        }, {
          "url": "text",
          "valueString": "Hispanic or Latino"
        } ]
      } ],
      "identifier": [ {
        "system": "http://hospital.smarthealthit.org",
        "value": "999999995"
      } ],
      "name": [ {
        "family": "Bertha",
        "given": [ "Betty" ]
      } ],
      "gender": "female",
      "birthDate": "2006-01-01"
    },
    "request": {
      "method": "PUT",
      "url": "Patient/6ddffc8d-02e7-44ce-a766-e67ae088db62"
    }
  }, {
    "fullUrl": "https://madie.cms.gov/Encounter/6629fd6d-ba1d-48df-a4f3-ce1c59a0f7d6",
    "resource": {
      "resourceType": "Encounter",
      "id": "6629fd6d-ba1d-48df-a4f3-ce1c59a0f7d6",
      "meta": {
        "profile": [ "http://hl7.org/fhir/us/qicore/StructureDefinition/qicore-encounter" ]
      },
      "status": "finished",
      "class": {
        "system": "http://terminology.hl7.org/CodeSystem/v3-ActCode",
        "code": "AMB",
        "display": "ambulatory"
      },
      "type": [ {
        "coding": [ {
          "system": "http://www.ada.org/cdt",
          "code": "D0120",
          "display": "periodic oral evaluation - established patient"
        } ]
      } ],
      "subject": {
        "reference": "Patient/6ddffc8d-02e7-44ce-a766-e67ae088db62"
      },
      "period": {
        "start": "2026-01-01T00:00:00.000Z",
        "end": "2026-01-01T01:15:00.000Z"
      }
    },
    "request": {
      "method": "PUT",
      "url": "Encounter/6629fd6d-ba1d-48df-a4f3-ce1c59a0f7d6"
    }
  }, {
    "fullUrl": "https://madie.cms.gov/Encounter/6629fd6d-ba1d-48df-a4f3-ce1c59a0f7d6.1",
    "resource": {
      "resourceType": "Encounter",
      "id": "6629fd6d-ba1d-48df-a4f3-ce1c59a0f7d6.1",
      "meta": {
        "profile": [ "http://hl7.org/fhir/us/qicore/StructureDefinition/qicore-encounter" ]
      },
      "status": "finished",
      "class": {
        "system": "http://terminology.hl7.org/CodeSystem/v3-ActCode",
        "code": "AMB",
        "display": "ambulatory"
      },
      "type": [ {
        "coding": [ {
          "system": "http://snomed.info/sct",
          "code": "183452005",
          "display": "Emergency hospital admission (procedure)"
        } ]
      } ],
      "subject": {
        "reference": "Patient/6ddffc8d-02e7-44ce-a766-e67ae088db62"
      },
      "period": {
        "start": "2025-12-31T00:00:00.000Z",
        "end": "2025-12-31T23:59:59.000Z"
      },
      "hospitalization": {
        "dischargeDisposition": {
          "coding": [ {
            "system": "http://snomed.info/sct",
            "code": "428371000124100",
            "display": "Discharge to healthcare facility for hospice care (procedure)"
          } ]
        }
      }
    },
    "request": {
      "method": "PUT",
      "url": "Encounter/6629fd6d-ba1d-48df-a4f3-ce1c59a0f7d6.1"
    }
  }, {
    "fullUrl": "https://madie.cms.gov/MeasureReport/dbcc5b21-f0f1-4531-be3e-b687c75bcb48",
    "resource": {
      "resourceType": "MeasureReport",
      "id": "dbcc5b21-f0f1-4531-be3e-b687c75bcb48",
      "meta": {
        "profile": [ "http://hl7.org/fhir/us/cqfmeasures/StructureDefinition/test-case-cqfm" ]
      },
      "contained": [ {
        "resourceType": "Parameters",
        "id": "c0372a8e-747d-45d8-bc3f-437525327f2e-parameters",
        "parameter": [ {
          "name": "subject",
          "valueString": "6ddffc8d-02e7-44ce-a766-e67ae088db62"
        } ]
      } ],
      "extension": [ {
        "url": "http://hl7.org/fhir/StructureDefinition/cqf-inputParameters",
        "valueReference": {
          "reference": "#c0372a8e-747d-45d8-bc3f-437525327f2e-parameters"
        }
      }, {
        "url": "http://hl7.org/fhir/us/cqfmeasures/StructureDefinition/cqfm-testCaseDescription",
        "valueMarkdown": "Patient 20yo w/ an Oral Evaluation Encounter 1/1 of the MP & Hospice Encounter that ends on 1/1 of the MP."
      } ],
      "modifierExtension": [ {
        "url": "http://hl7.org/fhir/us/cqfmeasures/StructureDefinition/cqfm-isTestCase",
        "valueBoolean": true
      } ],
      "status": "complete",
      "type": "individual",
      "measure": "https://madie.cms.gov/Measure/CMS75FHIRChildrenWhoHaveDentalDecayOrCavities",
      "period": {
        "start": "2026-01-01",
        "end": "2026-12-31"
      },
      "group": [ {
        "id": "Group_1",
        "population": [ {
          "id": "InitialPopulation_1",
          "code": {
            "coding": [ {
              "system": "http://terminology.hl7.org/CodeSystem/measure-population",
              "code": "initial-population",
              "display": "Initial Population"
            } ]
          },
          "count": 1
        }, {
          "id": "Denominator_1",
          "code": {
            "coding": [ {
              "system": "http://terminology.hl7.org/CodeSystem/measure-population",
              "code": "denominator",
              "display": "Denominator"
            } ]
          },
          "count": 1
        }, {
          "id": "DenominatorExclusion_1",
          "code": {
            "coding": [ {
              "system": "http://terminology.hl7.org/CodeSystem/measure-population",
              "code": "denominator-exclusion",
              "display": "Denominator Exclusion"
            } ]
          },
          "count": 0
        }, {
          "id": "Numerator_1",
          "code": {
            "coding": [ {
              "system": "http://terminology.hl7.org/CodeSystem/measure-population",
              "code": "numerator",
              "display": "Numerator"
            } ]
          },
          "count": 0
        } ],
        "measureScore": {
          "value": 1.0
        }
      } ],
      "evaluatedResource": [ {
        "reference": "Patient/6ddffc8d-02e7-44ce-a766-e67ae088db62"
      }, {
        "reference": "Encounter/6629fd6d-ba1d-48df-a4f3-ce1c59a0f7d6"
      }, {
        "reference": "Encounter/6629fd6d-ba1d-48df-a4f3-ce1c59a0f7d6.1"
      } ]
    },
    "request": {
      "method": "PUT",
      "url": "MeasureReport/dbcc5b21-f0f1-4531-be3e-b687c75bcb48"
    }
  } ]
}