{
  "resourceType": "Bundle",
  "id": "DENEXFail-DementiaAfterMP",
  "type": "transaction",
  "entry": [ {
    "fullUrl": "https://madie.cms.gov/Patient/661d05e7-a6e4-49d2-943b-229d360cde08",
    "resource": {
      "resourceType": "Patient",
      "id": "661d05e7-a6e4-49d2-943b-229d360cde08",
      "meta": {
        "profile": [ "http://hl7.org/fhir/us/qicore/StructureDefinition/qicore-patient" ]
      },
      "extension": [ {
        "url": "http://hl7.org/fhir/us/core/StructureDefinition/us-core-race",
        "extension": [ {
          "url": "ombCategory",
          "valueCoding": {
            "system": "urn:oid:2.16.840.1.113883.6.238",
            "code": "2028-9",
            "display": "Asian"
          }
        }, {
          "url": "text",
          "valueString": "Asian"
        } ]
      }, {
        "url": "http://hl7.org/fhir/us/core/StructureDefinition/us-core-ethnicity",
        "extension": [ {
          "url": "ombCategory",
          "valueCoding": {
            "system": "urn:oid:2.16.840.1.113883.6.238",
            "code": "2135-2",
            "display": "Hispanic or Latino"
          }
        }, {
          "url": "text",
          "valueString": "Hispanic or Latino"
        } ]
      } ],
      "identifier": [ {
        "system": "http://hospital.smarthealthit.org",
        "value": "999999995"
      } ],
      "name": [ {
        "family": "Bertha",
        "given": [ "Betty" ]
      } ],
      "gender": "female",
      "birthDate": "2007-01-01"
    },
    "request": {
      "method": "PUT",
      "url": "Patient/661d05e7-a6e4-49d2-943b-229d360cde08"
    }
  }, {
    "fullUrl": "https://madie.cms.gov/Procedure/48bff486-9071-42af-b09d-13e20e6aa742",
    "resource": {
      "resourceType": "Procedure",
      "id": "48bff486-9071-42af-b09d-13e20e6aa742",
      "meta": {
        "profile": [ "http://hl7.org/fhir/us/qicore/StructureDefinition/qicore-procedure" ]
      },
      "extension": [ {
        "url": "http://hl7.org/fhir/us/qicore/StructureDefinition/qicore-recorded",
        "valueDateTime": "2026-01-15T00:00:00.000Z"
      } ],
      "status": "completed",
      "code": {
        "coding": [ {
          "system": "http://www.cms.gov/Medicare/Coding/ICD10",
          "code": "0SR9019",
          "display": "Replacement of Right Hip Joint with Metal Synthetic Substitute, Cemented, Open Approach"
        } ]
      },
      "subject": {
        "reference": "Patient/661d05e7-a6e4-49d2-943b-229d360cde08"
      },
      "performedPeriod": {
        "start": "2024-11-01T00:00:00.000Z",
        "end": "2024-11-01T01:00:00.000Z"
      }
    },
    "request": {
      "method": "PUT",
      "url": "Procedure/48bff486-9071-42af-b09d-13e20e6aa742"
    }
  }, {
    "fullUrl": "https://madie.cms.gov/Encounter/42ac6b5e-8b15-4400-9485-ca4b72fcb6b6",
    "resource": {
      "resourceType": "Encounter",
      "id": "42ac6b5e-8b15-4400-9485-ca4b72fcb6b6",
      "meta": {
        "profile": [ "http://hl7.org/fhir/us/qicore/StructureDefinition/qicore-encounter" ]
      },
      "status": "finished",
      "class": {
        "system": "http://terminology.hl7.org/CodeSystem/v3-ActCode",
        "code": "AMB",
        "display": "ambulatory"
      },
      "type": [ {
        "coding": [ {
          "system": "http://snomed.info/sct",
          "code": "281036007",
          "display": "Follow-up consultation (procedure)"
        } ]
      } ],
      "subject": {
        "reference": "Patient/661d05e7-a6e4-49d2-943b-229d360cde08"
      },
      "period": {
        "start": "2025-11-01T00:00:00.000Z",
        "end": "2025-11-01T01:15:00.000Z"
      }
    },
    "request": {
      "method": "PUT",
      "url": "Encounter/42ac6b5e-8b15-4400-9485-ca4b72fcb6b6"
    }
  }, {
    "fullUrl": "https://madie.cms.gov/Condition/221aa226-cb6b-4442-a48b-6a2de4fef8d3",
    "resource": {
      "resourceType": "Condition",
      "id": "221aa226-cb6b-4442-a48b-6a2de4fef8d3",
      "meta": {
        "profile": [ "http://hl7.org/fhir/us/qicore/StructureDefinition/qicore-condition-problems-health-concerns" ]
      },
      "clinicalStatus": {
        "coding": [ {
          "system": "http://terminology.hl7.org/CodeSystem/condition-clinical",
          "code": "active"
        } ]
      },
      "category": [ {
        "coding": [ {
          "system": "http://terminology.hl7.org/CodeSystem/condition-category",
          "code": "problem-list-item",
          "display": "Problem List Item"
        } ]
      } ],
      "code": {
        "coding": [ {
          "system": "http://snomed.info/sct",
          "code": "702956004",
          "display": "Severe cognitive impairment (finding)"
        } ]
      },
      "subject": {
        "reference": "Patient/661d05e7-a6e4-49d2-943b-229d360cde08"
      },
      "onsetDateTime": "2027-01-01T00:00:00.000Z"
    },
    "request": {
      "method": "PUT",
      "url": "Condition/221aa226-cb6b-4442-a48b-6a2de4fef8d3"
    }
  }, {
    "fullUrl": "https://madie.cms.gov/MeasureReport/7095ce40-eb78-432e-bc77-6ff9d3239ad1",
    "resource": {
      "resourceType": "MeasureReport",
      "id": "7095ce40-eb78-432e-bc77-6ff9d3239ad1",
      "meta": {
        "profile": [ "http://hl7.org/fhir/us/cqfmeasures/StructureDefinition/test-case-cqfm" ]
      },
      "contained": [ {
        "resourceType": "Parameters",
        "id": "4b7d6544-4e80-443e-b3c3-dfa94511c91b-parameters",
        "parameter": [ {
          "name": "subject",
          "valueString": "661d05e7-a6e4-49d2-943b-229d360cde08"
        } ]
      } ],
      "extension": [ {
        "url": "http://hl7.org/fhir/StructureDefinition/cqf-inputParameters",
        "valueReference": {
          "reference": "#4b7d6544-4e80-443e-b3c3-dfa94511c91b-parameters"
        }
      }, {
        "url": "http://hl7.org/fhir/us/cqfmeasures/StructureDefinition/cqfm-testCaseDescription",
        "valueMarkdown": "Severe Cognitive Impairment Dx after the Measurement Period"
      } ],
      "modifierExtension": [ {
        "url": "http://hl7.org/fhir/us/cqfmeasures/StructureDefinition/cqfm-isTestCase",
        "valueBoolean": true
      } ],
      "status": "complete",
      "type": "individual",
      "measure": "https://madie.cms.gov/Measure/CMS56FHIRFunctionalStatusAssessmentforTotalHipReplacement",
      "period": {
        "start": "2026-01-01",
        "end": "2026-12-31"
      },
      "group": [ {
        "id": "Group_1",
        "population": [ {
          "id": "InitialPopulation_1",
          "code": {
            "coding": [ {
              "system": "http://terminology.hl7.org/CodeSystem/measure-population",
              "code": "initial-population",
              "display": "Initial Population"
            } ]
          },
          "count": 1
        }, {
          "id": "Denominator_1",
          "code": {
            "coding": [ {
              "system": "http://terminology.hl7.org/CodeSystem/measure-population",
              "code": "denominator",
              "display": "Denominator"
            } ]
          },
          "count": 1
        }, {
          "id": "DenominatorExclusion_1",
          "code": {
            "coding": [ {
              "system": "http://terminology.hl7.org/CodeSystem/measure-population",
              "code": "denominator-exclusion",
              "display": "Denominator Exclusion"
            } ]
          },
          "count": 0
        }, {
          "id": "Numerator_1",
          "code": {
            "coding": [ {
              "system": "http://terminology.hl7.org/CodeSystem/measure-population",
              "code": "numerator",
              "display": "Numerator"
            } ]
          },
          "count": 0
        } ],
        "measureScore": {
          "value": 1.0
        }
      } ],
      "evaluatedResource": [ {
        "reference": "Patient/661d05e7-a6e4-49d2-943b-229d360cde08"
      }, {
        "reference": "Procedure/48bff486-9071-42af-b09d-13e20e6aa742"
      }, {
        "reference": "Encounter/42ac6b5e-8b15-4400-9485-ca4b72fcb6b6"
      }, {
        "reference": "Condition/221aa226-cb6b-4442-a48b-6a2de4fef8d3"
      } ]
    },
    "request": {
      "method": "PUT",
      "url": "MeasureReport/7095ce40-eb78-432e-bc77-6ff9d3239ad1"
    }
  } ]
}