{
  "resourceType": "Bundle",
  "id": "62c880ec0111a60120dc21fb",
  "type": "transaction",
  "entry": [ {
    "fullUrl": "https://madie.cms.gov/Patient/fe6ef07d-bff1-4e0e-9bf4-b0424a1d0ab4",
    "resource": {
      "resourceType": "Patient",
      "id": "fe6ef07d-bff1-4e0e-9bf4-b0424a1d0ab4",
      "meta": {
        "profile": [ "http://hl7.org/fhir/us/qicore/StructureDefinition/qicore-patient" ]
      },
      "text": {
        "status": "generated",
        "div": "<div xmlns=\"http://www.w3.org/1999/xhtml\"><div class=\"hapiHeaderText\">ChemoSameDayofEncAnd30DaysB4Enc<b>IPPPassPop1</b></div><table class=\"hapiPropertyTable\"><tbody><tr><td>Identifier</td><td>60e349100edd633ca8f54b90369c7513</td></tr><tr><td>Date of birth</td><td><span>13 May 1937</span></td></tr></tbody></table></div>"
      },
      "extension": [ {
        "url": "http://hl7.org/fhir/us/core/StructureDefinition/us-core-race",
        "extension": [ {
          "url": "ombCategory",
          "valueCoding": {
            "system": "urn:oid:2.16.840.1.113883.6.238",
            "code": "1002-5",
            "display": "American Indian or Alaska Native",
            "userSelected": true
          }
        }, {
          "url": "text",
          "valueString": "American Indian or Alaska Native"
        } ]
      }, {
        "url": "http://hl7.org/fhir/us/core/StructureDefinition/us-core-ethnicity",
        "extension": [ {
          "url": "ombCategory",
          "valueCoding": {
            "system": "urn:oid:2.16.840.1.113883.6.238",
            "code": "2135-2",
            "display": "Hispanic or Latino",
            "userSelected": true
          }
        }, {
          "url": "text",
          "valueString": "Hispanic or Latino"
        } ]
      } ],
      "identifier": [ {
        "type": {
          "coding": [ {
            "system": "http://terminology.hl7.org/CodeSystem/v2-0203",
            "code": "MR"
          } ]
        },
        "system": "https://bonnie-fhir.healthit.gov/",
        "value": "62c880ec0111a60120dc21fb"
      } ],
      "active": true,
      "name": [ {
        "use": "usual",
        "family": "IPPPassPop1",
        "given": [ "ChemoSameDayofEncAnd30DaysB4Enc" ]
      } ],
      "gender": "female",
      "birthDate": "1937-05-13"
    },
    "request": {
      "method": "PUT",
      "url": "Patient/fe6ef07d-bff1-4e0e-9bf4-b0424a1d0ab4"
    }
  }, {
    "fullUrl": "https://madie.cms.gov/Condition/67e2b260-6527-4b6b-a53c-8f4a759f9c08",
    "resource": {
      "resourceType": "Condition",
      "id": "67e2b260-6527-4b6b-a53c-8f4a759f9c08",
      "meta": {
        "profile": [ "http://hl7.org/fhir/us/qicore/StructureDefinition/qicore-condition" ]
      },
      "clinicalStatus": {
        "coding": [ {
          "system": "http://terminology.hl7.org/CodeSystem/condition-clinical",
          "code": "active",
          "display": "Active"
        } ]
      },
      "verificationStatus": {
        "coding": [ {
          "system": "http://terminology.hl7.org/CodeSystem/condition-ver-status",
          "code": "confirmed",
          "display": "Confirmed"
        } ]
      },
      "category": [ {
        "coding": [ {
          "system": "http://terminology.hl7.org/CodeSystem/condition-category",
          "code": "problem-list-item",
          "display": "Problem List Item"
        } ]
      } ],
      "code": {
        "coding": [ {
          "system": "http://hl7.org/fhir/sid/icd-10-cm",
          "code": "C40.00"
        } ]
      },
      "subject": {
        "reference": "Patient/fe6ef07d-bff1-4e0e-9bf4-b0424a1d0ab4"
      },
      "onsetDateTime": "2023-05-01T13:30:00.000Z"
    },
    "request": {
      "method": "PUT",
      "url": "Condition/67e2b260-6527-4b6b-a53c-8f4a759f9c08"
    }
  }, {
    "fullUrl": "https://madie.cms.gov/Encounter/fe99486c-9be4-44df-84bc-89865312df82",
    "resource": {
      "resourceType": "Encounter",
      "id": "fe99486c-9be4-44df-84bc-89865312df82",
      "meta": {
        "profile": [ "http://hl7.org/fhir/us/qicore/StructureDefinition/qicore-encounter" ]
      },
      "status": "finished",
      "class": {
        "system": "http://terminology.hl7.org/CodeSystem/v3-ActCode",
        "code": "AMB",
        "display": "ambulatory",
        "userSelected": true
      },
      "type": [ {
        "coding": [ {
          "system": "http://www.ama-assn.org/go/cpt",
          "code": "99203"
        } ]
      } ],
      "subject": {
        "reference": "Patient/fe6ef07d-bff1-4e0e-9bf4-b0424a1d0ab4"
      },
      "period": {
        "start": "2025-01-01T14:00:00.000Z",
        "end": "2025-01-01T15:00:00.000Z"
      }
    },
    "request": {
      "method": "PUT",
      "url": "Encounter/fe99486c-9be4-44df-84bc-89865312df82"
    }
  }, {
    "fullUrl": "https://madie.cms.gov/Coverage/374f852a-8604-430b-a6bf-ae084696f98a",
    "resource": {
      "resourceType": "Coverage",
      "id": "374f852a-8604-430b-a6bf-ae084696f98a",
      "meta": {
        "profile": [ "http://hl7.org/fhir/us/qicore/StructureDefinition/qicore-coverage" ]
      },
      "status": "active",
      "beneficiary": {
        "reference": "Patient/fe6ef07d-bff1-4e0e-9bf4-b0424a1d0ab4"
      },
      "period": {
        "start": "1937-05-13T08:00:00.000Z"
      },
      "payor": [ {
        "reference": "Organization/b25cbc1b-beaf-499b-ba8b-39d11d1cae5a"
      } ]
    },
    "request": {
      "method": "PUT",
      "url": "Coverage/374f852a-8604-430b-a6bf-ae084696f98a"
    }
  }, {
    "fullUrl": "https://madie.cms.gov/Procedure/c87d4d7c-d37d-4eee-9d11-cc4729d1acd6",
    "resource": {
      "resourceType": "Procedure",
      "id": "c87d4d7c-d37d-4eee-9d11-cc4729d1acd6",
      "meta": {
        "profile": [ "http://hl7.org/fhir/us/qicore/StructureDefinition/qicore-procedure" ]
      },
      "extension": [ {
        "url": "http://hl7.org/fhir/us/qicore/StructureDefinition/qicore-recorded",
        "valueDateTime": "2025-01-01T12:35:00.000Z"
      } ],
      "status": "completed",
      "code": {
        "coding": [ {
          "system": "http://snomed.info/sct",
          "code": "169396008"
        } ]
      },
      "subject": {
        "reference": "Patient/fe6ef07d-bff1-4e0e-9bf4-b0424a1d0ab4"
      },
      "performedPeriod": {
        "start": "2025-01-01T08:00:00.000Z",
        "end": "2025-01-01T08:15:00.000Z"
      }
    },
    "request": {
      "method": "PUT",
      "url": "Procedure/c87d4d7c-d37d-4eee-9d11-cc4729d1acd6"
    }
  }, {
    "fullUrl": "https://madie.cms.gov/Procedure/c9edf87f-2aaf-49f8-b667-5805cb13251f",
    "resource": {
      "resourceType": "Procedure",
      "id": "c9edf87f-2aaf-49f8-b667-5805cb13251f",
      "meta": {
        "profile": [ "http://hl7.org/fhir/us/qicore/StructureDefinition/qicore-procedure" ]
      },
      "extension": [ {
        "url": "http://hl7.org/fhir/us/qicore/StructureDefinition/qicore-recorded",
        "valueDateTime": "2025-01-31T12:35:00.000Z"
      } ],
      "status": "completed",
      "code": {
        "coding": [ {
          "system": "http://snomed.info/sct",
          "code": "169396008"
        } ]
      },
      "subject": {
        "reference": "Patient/fe6ef07d-bff1-4e0e-9bf4-b0424a1d0ab4"
      },
      "performedPeriod": {
        "start": "2024-12-02T08:00:00.000Z",
        "end": "2024-12-02T08:15:00.000Z"
      }
    },
    "request": {
      "method": "PUT",
      "url": "Procedure/c9edf87f-2aaf-49f8-b667-5805cb13251f"
    }
  }, {
    "fullUrl": "https://madie.cms.gov/Organization/b25cbc1b-beaf-499b-ba8b-39d11d1cae5a",
    "resource": {
      "resourceType": "Organization",
      "id": "b25cbc1b-beaf-499b-ba8b-39d11d1cae5a",
      "meta": {
        "profile": [ "http://hl7.org/fhir/us/qicore/StructureDefinition/qicore-organization" ]
      },
      "identifier": [ {
        "use": "temp",
        "system": "urn:oid:2.16.840.1.113883.4.4",
        "value": "21-3259825"
      } ],
      "active": true,
      "type": [ {
        "coding": [ {
          "system": "http://terminology.hl7.org/CodeSystem/organization-type",
          "code": "pay",
          "display": "Payer"
        } ]
      } ],
      "name": "Blue Cross Blue Shield of Texas",
      "telecom": [ {
        "system": "phone",
        "value": "(+1) 972-766-6900"
      } ],
      "address": [ {
        "use": "billing",
        "type": "postal",
        "line": [ "P.O. Box 660044" ],
        "city": "Dallas",
        "state": "TX",
        "postalCode": "75266-0044",
        "country": "USA"
      } ]
    },
    "request": {
      "method": "PUT",
      "url": "Organization/b25cbc1b-beaf-499b-ba8b-39d11d1cae5a"
    }
  }, {
    "fullUrl": "https://madie.cms.gov/Practitioner/bdb32685-d195-40a4-89e5-305d1b3277f1",
    "resource": {
      "resourceType": "Practitioner",
      "id": "bdb32685-d195-40a4-89e5-305d1b3277f1",
      "meta": {
        "profile": [ "http://hl7.org/fhir/us/qicore/StructureDefinition/qicore-practitioner" ]
      },
      "identifier": [ {
        "system": "http://hl7.org/fhir/sid/us-npi",
        "value": "123456"
      } ],
      "name": [ {
        "family": "Evil",
        "prefix": [ "Dr" ]
      } ]
    },
    "request": {
      "method": "PUT",
      "url": "Practitioner/bdb32685-d195-40a4-89e5-305d1b3277f1"
    }
  }, {
    "fullUrl": "https://madie.cms.gov/MeasureReport/fc29387a-97a0-4cc1-894e-a3b1552e8f90",
    "resource": {
      "resourceType": "MeasureReport",
      "id": "fc29387a-97a0-4cc1-894e-a3b1552e8f90",
      "meta": {
        "profile": [ "http://hl7.org/fhir/us/cqfmeasures/StructureDefinition/test-case-cqfm" ]
      },
      "contained": [ {
        "resourceType": "Parameters",
        "id": "9889618a-c441-47b2-82b4-749489e96f78-parameters",
        "parameter": [ {
          "name": "subject",
          "valueString": "fe6ef07d-bff1-4e0e-9bf4-b0424a1d0ab4"
        } ]
      } ],
      "extension": [ {
        "url": "http://hl7.org/fhir/StructureDefinition/cqf-inputParameters",
        "valueReference": {
          "reference": "#9889618a-c441-47b2-82b4-749489e96f78-parameters"
        }
      }, {
        "url": "http://hl7.org/fhir/us/cqfmeasures/StructureDefinition/cqfm-testCaseDescription",
        "valueMarkdown": "Patient with cancer diagnosis that overlaps the office visit during measurement period. Received chemo 30 days before the office visit and another chemo on the same day of office visit."
      } ],
      "modifierExtension": [ {
        "url": "http://hl7.org/fhir/us/cqfmeasures/StructureDefinition/cqfm-isTestCase",
        "valueBoolean": true
      } ],
      "status": "complete",
      "type": "individual",
      "measure": "https://madie.cms.gov/Measure/OncologyPainIntensityQuantifiedFHIR",
      "period": {
        "start": "2026-01-01",
        "end": "2026-12-31"
      },
      "group": [ {
        "id": "Group_1",
        "population": [ {
          "id": "InitialPopulation_1",
          "code": {
            "coding": [ {
              "system": "http://terminology.hl7.org/CodeSystem/measure-population",
              "code": "initial-population",
              "display": "Initial Population"
            } ]
          },
          "count": 1
        }, {
          "id": "Denominator_1",
          "code": {
            "coding": [ {
              "system": "http://terminology.hl7.org/CodeSystem/measure-population",
              "code": "denominator",
              "display": "Denominator"
            } ]
          },
          "count": 1
        }, {
          "id": "Numerator_1",
          "code": {
            "coding": [ {
              "system": "http://terminology.hl7.org/CodeSystem/measure-population",
              "code": "numerator",
              "display": "Numerator"
            } ]
          },
          "count": 0
        } ],
        "measureScore": {
          "value": 0.0
        }
      }, {
        "id": "Group_2",
        "population": [ {
          "id": "InitialPopulation_2",
          "code": {
            "coding": [ {
              "system": "http://terminology.hl7.org/CodeSystem/measure-population",
              "code": "initial-population",
              "display": "Initial Population"
            } ]
          },
          "count": 0
        }, {
          "id": "Denominator_2",
          "code": {
            "coding": [ {
              "system": "http://terminology.hl7.org/CodeSystem/measure-population",
              "code": "denominator",
              "display": "Denominator"
            } ]
          },
          "count": 0
        }, {
          "id": "Numerator_2",
          "code": {
            "coding": [ {
              "system": "http://terminology.hl7.org/CodeSystem/measure-population",
              "code": "numerator",
              "display": "Numerator"
            } ]
          },
          "count": 0
        } ],
        "measureScore": {
          "value": 0.0
        }
      } ],
      "evaluatedResource": [ {
        "reference": "Patient/fe6ef07d-bff1-4e0e-9bf4-b0424a1d0ab4"
      }, {
        "reference": "Condition/67e2b260-6527-4b6b-a53c-8f4a759f9c08"
      }, {
        "reference": "Encounter/fe99486c-9be4-44df-84bc-89865312df82"
      }, {
        "reference": "Coverage/374f852a-8604-430b-a6bf-ae084696f98a"
      }, {
        "reference": "Procedure/c87d4d7c-d37d-4eee-9d11-cc4729d1acd6"
      }, {
        "reference": "Procedure/c9edf87f-2aaf-49f8-b667-5805cb13251f"
      }, {
        "reference": "Organization/b25cbc1b-beaf-499b-ba8b-39d11d1cae5a"
      }, {
        "reference": "Practitioner/bdb32685-d195-40a4-89e5-305d1b3277f1"
      } ]
    },
    "request": {
      "method": "PUT",
      "url": "MeasureReport/fc29387a-97a0-4cc1-894e-a3b1552e8f90"
    }
  } ]
}