{
  "resourceType": "Bundle",
  "id": "61095b0998086b53805591a5",
  "type": "transaction",
  "entry": [ {
    "fullUrl": "https://madie.cms.gov/Patient/631703fb-7ae8-4f63-84bb-e39692bbd261",
    "resource": {
      "resourceType": "Patient",
      "id": "631703fb-7ae8-4f63-84bb-e39692bbd261",
      "meta": {
        "profile": [ "http://hl7.org/fhir/us/qicore/StructureDefinition/qicore-patient" ]
      },
      "text": {
        "status": "generated",
        "div": "<div xmlns=\"http://www.w3.org/1999/xhtml\"><div class=\"hapiHeaderText\">Age@18 <b>DENOMPASS </b></div><table class=\"hapiPropertyTable\"><tbody><tr><td>Identifier</td><td>67f3e33acf17bcb386e754d726ed064ccd48ba21ff0ffb2eb678740a684398be</td></tr><tr><td>Date of birth</td><td><span>01 January 1994</span></td></tr></tbody></table></div>"
      },
      "extension": [ {
        "url": "http://hl7.org/fhir/us/core/StructureDefinition/us-core-race",
        "extension": [ {
          "url": "ombCategory",
          "valueCoding": {
            "system": "urn:oid:2.16.840.1.113883.6.238",
            "code": "1002-5",
            "display": "American Indian or Alaska Native",
            "userSelected": true
          }
        }, {
          "url": "text",
          "valueString": "American Indian or Alaska Native"
        } ]
      }, {
        "url": "http://hl7.org/fhir/us/core/StructureDefinition/us-core-ethnicity",
        "extension": [ {
          "url": "ombCategory",
          "valueCoding": {
            "system": "urn:oid:2.16.840.1.113883.6.238",
            "code": "2135-2",
            "display": "Hispanic or Latino",
            "userSelected": true
          }
        }, {
          "url": "text",
          "valueString": "Hispanic or Latino"
        } ]
      } ],
      "identifier": [ {
        "type": {
          "coding": [ {
            "system": "http://terminology.hl7.org/CodeSystem/v2-0203",
            "code": "MR"
          } ]
        },
        "system": "https://bonnie-fhir.healthit.gov/",
        "value": "61095b0998086b53805591a5"
      } ],
      "active": true,
      "name": [ {
        "use": "usual",
        "family": "DENEXPASS",
        "given": [ "DisseminatedChorioretinitisWithCatSurg" ]
      } ],
      "gender": "female",
      "birthDate": "1996-01-01"
    },
    "request": {
      "method": "PUT",
      "url": "Patient/631703fb-7ae8-4f63-84bb-e39692bbd261"
    }
  }, {
    "fullUrl": "https://madie.cms.gov/Observation/5fc73acf-6f35-4555-b155-d1d585808f64",
    "resource": {
      "resourceType": "Observation",
      "id": "5fc73acf-6f35-4555-b155-d1d585808f64",
      "meta": {
        "profile": [ "http://hl7.org/fhir/us/qicore/StructureDefinition/qicore-observation-clinical-result" ]
      },
      "status": "final",
      "category": [ {
        "coding": [ {
          "system": "http://terminology.hl7.org/CodeSystem/observation-category",
          "code": "exam",
          "display": "exam"
        } ]
      } ],
      "code": {
        "coding": [ {
          "system": "http://snomed.info/sct",
          "code": "419775003"
        } ]
      },
      "subject": {
        "reference": "Patient/631703fb-7ae8-4f63-84bb-e39692bbd261"
      },
      "effectivePeriod": {
        "start": "2026-03-13T09:00:00+00:00",
        "end": "2026-03-13T09:30:00+00:00"
      }
    },
    "request": {
      "method": "PUT",
      "url": "Observation/5fc73acf-6f35-4555-b155-d1d585808f64"
    }
  }, {
    "fullUrl": "https://madie.cms.gov/Procedure/20fdbab7-e492-40a1-b5c7-3577f004bed1",
    "resource": {
      "resourceType": "Procedure",
      "id": "20fdbab7-e492-40a1-b5c7-3577f004bed1",
      "meta": {
        "profile": [ "http://hl7.org/fhir/us/qicore/StructureDefinition/qicore-procedure" ]
      },
      "extension": [ {
        "url": "http://hl7.org/fhir/us/qicore/StructureDefinition/qicore-recorded",
        "valueDateTime": "2026-03-05T09:35:00-04:00"
      } ],
      "status": "completed",
      "code": {
        "coding": [ {
          "system": "http://snomed.info/sct",
          "code": "84149000"
        } ]
      },
      "subject": {
        "reference": "Patient/631703fb-7ae8-4f63-84bb-e39692bbd261"
      },
      "performedPeriod": {
        "start": "2026-03-05T09:20:00-04:00",
        "end": "2026-04-05T10:30:00-04:00"
      }
    },
    "request": {
      "method": "PUT",
      "url": "Procedure/20fdbab7-e492-40a1-b5c7-3577f004bed1"
    }
  }, {
    "fullUrl": "https://madie.cms.gov/Condition/4bdcdf3d-bcc3-400d-8857-4bee3b97d470",
    "resource": {
      "resourceType": "Condition",
      "id": "4bdcdf3d-bcc3-400d-8857-4bee3b97d470",
      "meta": {
        "profile": [ "http://hl7.org/fhir/us/qicore/StructureDefinition/qicore-condition-problems-health-concerns" ]
      },
      "clinicalStatus": {
        "coding": [ {
          "system": "http://terminology.hl7.org/CodeSystem/condition-clinical",
          "code": "active",
          "display": "active",
          "userSelected": true
        } ]
      },
      "category": [ {
        "coding": [ {
          "system": "http://terminology.hl7.org/CodeSystem/condition-clinical",
          "code": "active",
          "display": "active",
          "userSelected": true
        } ]
      } ],
      "code": {
        "coding": [ {
          "system": "http://hl7.org/fhir/sid/icd-10-cm",
          "code": "A18.53",
          "userSelected": true
        }, {
          "system": "http://snomed.info/sct",
          "code": "14894002",
          "userSelected": true
        } ]
      },
      "subject": {
        "reference": "Patient/631703fb-7ae8-4f63-84bb-e39692bbd261"
      },
      "onsetDateTime": "2024-11-01T08:00:00.000+00:00"
    },
    "request": {
      "method": "PUT",
      "url": "Condition/4bdcdf3d-bcc3-400d-8857-4bee3b97d470"
    }
  }, {
    "fullUrl": "https://madie.cms.gov/Coverage/b7495d79-0f70-4b14-9ac8-7cce0bc250b1",
    "resource": {
      "resourceType": "Coverage",
      "id": "b7495d79-0f70-4b14-9ac8-7cce0bc250b1",
      "meta": {
        "profile": [ "http://hl7.org/fhir/us/qicore/StructureDefinition/qicore-coverage" ]
      },
      "status": "active",
      "beneficiary": {
        "reference": "Patient/631703fb-7ae8-4f63-84bb-e39692bbd261"
      },
      "payor": [ {
        "reference": "Organization/0236da94-af72-4659-b0af-d3d1a4726e6d"
      } ]
    },
    "request": {
      "method": "PUT",
      "url": "Coverage/b7495d79-0f70-4b14-9ac8-7cce0bc250b1"
    }
  }, {
    "fullUrl": "https://madie.cms.gov/Organization/0236da94-af72-4659-b0af-d3d1a4726e6d",
    "resource": {
      "resourceType": "Organization",
      "id": "0236da94-af72-4659-b0af-d3d1a4726e6d",
      "meta": {
        "profile": [ "http://hl7.org/fhir/us/qicore/StructureDefinition/qicore-organization" ]
      },
      "identifier": [ {
        "use": "temp",
        "system": "urn:oid:2.16.840.1.113883.4.4",
        "value": "21-3259825"
      } ],
      "active": true,
      "type": [ {
        "coding": [ {
          "system": "http://terminology.hl7.org/CodeSystem/organization-type",
          "code": "pay",
          "display": "Payer"
        } ]
      } ],
      "name": "Blue Cross Blue Shield of Texas",
      "telecom": [ {
        "system": "phone",
        "value": "(+1) 972-766-6900"
      } ],
      "address": [ {
        "use": "billing",
        "type": "postal",
        "line": [ "P.O. Box 660044" ],
        "city": "Dallas",
        "state": "TX",
        "postalCode": "75266-0044",
        "country": "USA"
      } ]
    },
    "request": {
      "method": "PUT",
      "url": "Organization/0236da94-af72-4659-b0af-d3d1a4726e6d"
    }
  }, {
    "fullUrl": "https://madie.cms.gov/Practitioner/a9184690-130b-483e-910a-e10e8347983b",
    "resource": {
      "resourceType": "Practitioner",
      "id": "a9184690-130b-483e-910a-e10e8347983b",
      "meta": {
        "profile": [ "http://hl7.org/fhir/us/qicore/StructureDefinition/qicore-practitioner" ]
      },
      "identifier": [ {
        "system": "http://hl7.org/fhir/sid/us-npi",
        "value": "123456"
      } ],
      "name": [ {
        "family": "Evil",
        "prefix": [ "Dr" ]
      } ]
    },
    "request": {
      "method": "PUT",
      "url": "Practitioner/a9184690-130b-483e-910a-e10e8347983b"
    }
  }, {
    "fullUrl": "https://madie.cms.gov/MeasureReport/bb75e978-19da-43c4-b160-5359bb6c9858",
    "resource": {
      "resourceType": "MeasureReport",
      "id": "bb75e978-19da-43c4-b160-5359bb6c9858",
      "meta": {
        "profile": [ "http://hl7.org/fhir/us/cqfmeasures/StructureDefinition/test-case-cqfm" ]
      },
      "contained": [ {
        "resourceType": "Parameters",
        "id": "5c115548-e8ac-464b-aaab-88b9430a278f-parameters",
        "parameter": [ {
          "name": "subject",
          "valueString": "631703fb-7ae8-4f63-84bb-e39692bbd261"
        } ]
      } ],
      "extension": [ {
        "url": "http://hl7.org/fhir/StructureDefinition/cqf-inputParameters",
        "valueReference": {
          "reference": "#5c115548-e8ac-464b-aaab-88b9430a278f-parameters"
        }
      }, {
        "url": "http://hl7.org/fhir/us/cqfmeasures/StructureDefinition/cqfm-testCaseDescription",
        "valueMarkdown": "Patient with Disseminated Chorioretinitis and Disseminated Retinochoroiditis with cataract surgery. "
      } ],
      "modifierExtension": [ {
        "url": "http://hl7.org/fhir/us/cqfmeasures/StructureDefinition/cqfm-isTestCase",
        "valueBoolean": true
      } ],
      "status": "complete",
      "type": "individual",
      "measure": "https://madie.cms.gov/Measure/CMS133FHIRCataracts2040BCVAwithin90Days",
      "period": {
        "start": "2026-01-01",
        "end": "2026-12-31"
      },
      "group": [ {
        "id": "Group_1",
        "population": [ {
          "id": "InitialPopulation_1",
          "code": {
            "coding": [ {
              "system": "http://terminology.hl7.org/CodeSystem/measure-population",
              "code": "initial-population",
              "display": "Initial Population"
            } ]
          },
          "count": 1
        }, {
          "id": "Denominator_1",
          "code": {
            "coding": [ {
              "system": "http://terminology.hl7.org/CodeSystem/measure-population",
              "code": "denominator",
              "display": "Denominator"
            } ]
          },
          "count": 1
        }, {
          "id": "DenominatorExclusion_1",
          "code": {
            "coding": [ {
              "system": "http://terminology.hl7.org/CodeSystem/measure-population",
              "code": "denominator-exclusion",
              "display": "Denominator Exclusion"
            } ]
          },
          "count": 1
        }, {
          "id": "Numerator_1",
          "code": {
            "coding": [ {
              "system": "http://terminology.hl7.org/CodeSystem/measure-population",
              "code": "numerator",
              "display": "Numerator"
            } ]
          },
          "count": 0
        } ],
        "measureScore": {
          "value": 0.0
        }
      } ],
      "evaluatedResource": [ {
        "reference": "Patient/631703fb-7ae8-4f63-84bb-e39692bbd261"
      }, {
        "reference": "Observation/5fc73acf-6f35-4555-b155-d1d585808f64"
      }, {
        "reference": "Procedure/20fdbab7-e492-40a1-b5c7-3577f004bed1"
      }, {
        "reference": "Condition/4bdcdf3d-bcc3-400d-8857-4bee3b97d470"
      }, {
        "reference": "Coverage/b7495d79-0f70-4b14-9ac8-7cce0bc250b1"
      }, {
        "reference": "Organization/0236da94-af72-4659-b0af-d3d1a4726e6d"
      }, {
        "reference": "Practitioner/a9184690-130b-483e-910a-e10e8347983b"
      } ]
    },
    "request": {
      "method": "PUT",
      "url": "MeasureReport/bb75e978-19da-43c4-b160-5359bb6c9858"
    }
  } ]
}