{
  "resourceType": "Bundle",
  "id": "numerpass-high-dose",
  "type": "transaction",
  "entry": [ {
    "fullUrl": "https://madie.cms.gov/Patient/87e15976-6935-4de9-b594-6169b4dbda7a",
    "resource": {
      "resourceType": "Patient",
      "id": "87e15976-6935-4de9-b594-6169b4dbda7a",
      "meta": {
        "profile": [ "http://hl7.org/fhir/us/core/StructureDefinition/us-core-patient", "http://hl7.org/fhir/us/qicore/StructureDefinition/qicore-patient" ]
      },
      "extension": [ {
        "url": "http://hl7.org/fhir/us/core/StructureDefinition/us-core-race",
        "extension": [ {
          "url": "ombCategory",
          "valueCoding": {
            "system": "urn:oid:2.16.840.1.113883.6.238",
            "code": "2028-9",
            "display": "Asian"
          }
        }, {
          "url": "text",
          "valueString": "Asian"
        } ]
      }, {
        "url": "http://hl7.org/fhir/us/core/StructureDefinition/us-core-ethnicity",
        "extension": [ {
          "url": "ombCategory",
          "valueCoding": {
            "system": "urn:oid:2.16.840.1.113883.6.238",
            "code": "2135-2",
            "display": "Hispanic or Latino"
          }
        }, {
          "url": "text",
          "valueString": "Hispanic or Latino"
        } ]
      } ],
      "identifier": [ {
        "system": "http://hospital.smarthealthit.org",
        "value": "999999995"
      } ],
      "name": [ {
        "family": "HighDose",
        "given": [ "NUMERPass" ]
      } ],
      "gender": "female",
      "birthDate": "1987-06-12"
    },
    "request": {
      "method": "PUT",
      "url": "Patient/87e15976-6935-4de9-b594-6169b4dbda7a"
    }
  }, {
    "fullUrl": "https://madie.cms.gov/Observation/bc17de01-a0d9-479b-86b7-4bec34db8ec9",
    "resource": {
      "resourceType": "Observation",
      "id": "bc17de01-a0d9-479b-86b7-4bec34db8ec9",
      "meta": {
        "profile": [ "http://hl7.org/fhir/us/qicore/StructureDefinition/qicore-observation-lab" ]
      },
      "status": "final",
      "category": [ {
        "coding": [ {
          "system": "http://terminology.hl7.org/CodeSystem/observation-category",
          "code": "imaging",
          "display": "Imaging"
        } ]
      } ],
      "code": {
        "coding": [ {
          "system": "http://loinc.org",
          "code": "96914-7",
          "display": "CT dose and image quality category"
        } ],
        "text": "CT dose and image quality category"
      },
      "subject": {
        "reference": "Patient/87e15976-6935-4de9-b594-6169b4dbda7a"
      },
      "effectiveDateTime": "2026-01-02T00:00:00+00:00",
      "valueCodeableConcept": {
        "coding": [ {
          "system": "http://loinc.org",
          "code": "LA31752-1",
          "display": "Abdomen and Pelvis Low Dose"
        } ]
      },
      "component": [ {
        "code": {
          "coding": [ {
            "system": "http://loinc.org",
            "code": "96912-1",
            "display": "Calculated CT global noise"
          } ]
        },
        "valueQuantity": {
          "value": 63,
          "unit": "[hnsf'U]",
          "system": "http://unitsofmeasure.org",
          "code": "[hnsf'U]"
        }
      }, {
        "code": {
          "coding": [ {
            "system": "http://loinc.org",
            "code": "96913-9",
            "display": "Calculated CT size-adjusted dose"
          } ]
        },
        "valueQuantity": {
          "value": 599,
          "unit": "mGy.cm",
          "system": "http://unitsofmeasure.org",
          "code": "mGy.cm"
        }
      } ]
    },
    "request": {
      "method": "PUT",
      "url": "Observation/bc17de01-a0d9-479b-86b7-4bec34db8ec9"
    }
  }, {
    "fullUrl": "https://madie.cms.gov/MeasureReport/e3d7a2a8-5f9b-4df4-89c1-90c6e90b939f",
    "resource": {
      "resourceType": "MeasureReport",
      "id": "e3d7a2a8-5f9b-4df4-89c1-90c6e90b939f",
      "meta": {
        "profile": [ "http://hl7.org/fhir/us/cqfmeasures/StructureDefinition/test-case-cqfm" ]
      },
      "contained": [ {
        "resourceType": "Parameters",
        "id": "84ebfe86-68ce-42df-8c93-47feda5586a8-parameters",
        "parameter": [ {
          "name": "subject",
          "valueString": "87e15976-6935-4de9-b594-6169b4dbda7a"
        } ]
      } ],
      "extension": [ {
        "url": "http://hl7.org/fhir/StructureDefinition/cqf-inputParameters",
        "valueReference": {
          "reference": "#84ebfe86-68ce-42df-8c93-47feda5586a8-parameters"
        }
      }, {
        "url": "http://hl7.org/fhir/us/cqfmeasures/StructureDefinition/cqfm-testCaseDescription",
        "valueMarkdown": "Patient has a valid CT Scan but the dose is too high for the given scan type"
      } ],
      "modifierExtension": [ {
        "url": "http://hl7.org/fhir/us/cqfmeasures/StructureDefinition/cqfm-isTestCase",
        "valueBoolean": true
      } ],
      "status": "complete",
      "type": "individual",
      "measure": "https://madie.cms.gov/Measure/CMS1056CTClinicalFHIR",
      "period": {
        "start": "2026-01-01",
        "end": "2026-12-31"
      },
      "group": [ {
        "id": "Group_1",
        "population": [ {
          "id": "InitialPopulation_1",
          "code": {
            "coding": [ {
              "system": "http://terminology.hl7.org/CodeSystem/measure-population",
              "code": "initial-population",
              "display": "Initial Population"
            } ]
          },
          "count": 1
        }, {
          "id": "Denominator_1",
          "code": {
            "coding": [ {
              "system": "http://terminology.hl7.org/CodeSystem/measure-population",
              "code": "denominator",
              "display": "Denominator"
            } ]
          },
          "count": 1
        }, {
          "id": "DenominatorExclusion_1",
          "code": {
            "coding": [ {
              "system": "http://terminology.hl7.org/CodeSystem/measure-population",
              "code": "denominator-exclusion",
              "display": "Denominator Exclusion"
            } ]
          },
          "count": 0
        }, {
          "id": "Numerator_1",
          "code": {
            "coding": [ {
              "system": "http://terminology.hl7.org/CodeSystem/measure-population",
              "code": "numerator",
              "display": "Numerator"
            } ]
          },
          "count": 1
        } ],
        "measureScore": {
          "value": 1.0
        }
      } ],
      "evaluatedResource": [ {
        "reference": "Patient/87e15976-6935-4de9-b594-6169b4dbda7a"
      }, {
        "reference": "Observation/bc17de01-a0d9-479b-86b7-4bec34db8ec9"
      } ]
    },
    "request": {
      "method": "PUT",
      "url": "MeasureReport/e3d7a2a8-5f9b-4df4-89c1-90c6e90b939f"
    }
  } ]
}