{
  "resourceType": "Bundle",
  "id": "4616513133030",
  "type": "transaction",
  "entry": [ {
    "fullUrl": "https://madie.cms.gov/Patient/5ee5544a-1846-4312-9048-82e030bb93cd",
    "resource": {
      "resourceType": "Patient",
      "id": "5ee5544a-1846-4312-9048-82e030bb93cd",
      "meta": {
        "profile": [ "http://hl7.org/fhir/us/qicore/StructureDefinition/qicore-patient" ]
      },
      "extension": [ {
        "url": "http://hl7.org/fhir/us/core/StructureDefinition/us-core-race",
        "extension": [ {
          "url": "ombCategory",
          "valueCoding": {
            "system": "urn:oid:2.16.840.1.113883.6.238",
            "code": "2076-8",
            "display": "Native Hawaiian or Other Pacific Islander"
          }
        }, {
          "url": "text",
          "valueString": "Native Hawaiian or Other Pacific Islander"
        } ]
      }, {
        "url": "http://hl7.org/fhir/us/core/StructureDefinition/us-core-ethnicity",
        "extension": [ {
          "url": "ombCategory",
          "valueCoding": {
            "system": "urn:oid:2.16.840.1.113883.6.238",
            "code": "2186-5",
            "display": "Not Hispanic or Latino"
          }
        }, {
          "url": "text",
          "valueString": "Not Hispanic or Latino"
        } ]
      }, {
        "url": "http://hl7.org/fhir/us/core/StructureDefinition/us-core-sex",
        "valueCode": "248152002"
      } ],
      "identifier": [ {
        "type": {
          "coding": [ {
            "system": "http://terminology.hl7.org/CodeSystem/v2-0203",
            "code": "MR"
          } ]
        },
        "system": "https://bonnie-fhir.healthit.gov/",
        "value": "60d4bda907206d58cd96b128"
      } ],
      "name": [ {
        "family": "NUMERFail",
        "given": [ "StagingLastDayOfYearBCG4MonthsLaterEdgeTest" ]
      } ],
      "gender": "female",
      "birthDate": "1951-12-25"
    },
    "request": {
      "method": "PUT",
      "url": "Patient/5ee5544a-1846-4312-9048-82e030bb93cd"
    }
  }, {
    "fullUrl": "https://madie.cms.gov/Encounter/603eaf21-abe3-4fa4-ad74-db02331353dd",
    "resource": {
      "resourceType": "Encounter",
      "id": "603eaf21-abe3-4fa4-ad74-db02331353dd",
      "meta": {
        "profile": [ "http://hl7.org/fhir/us/qicore/StructureDefinition/qicore-encounter" ]
      },
      "status": "finished",
      "class": {
        "system": "http://terminology.hl7.org/CodeSystem/v3-ActCode",
        "code": "AMB",
        "display": "ambulatory"
      },
      "type": [ {
        "coding": [ {
          "system": "http://snomed.info/sct",
          "version": "http://snomed.info/sct/731000124108/version/20240301",
          "code": "185463005",
          "display": "Visit out of hours (procedure)"
        } ]
      } ],
      "subject": {
        "reference": "Patient/5ee5544a-1846-4312-9048-82e030bb93cd"
      },
      "period": {
        "start": "2026-01-01T08:00:00.000+00:00",
        "end": "2026-01-01T09:15:00.000+00:00"
      }
    },
    "request": {
      "method": "PUT",
      "url": "Encounter/603eaf21-abe3-4fa4-ad74-db02331353dd"
    }
  }, {
    "fullUrl": "https://madie.cms.gov/Condition/b9cb983e-34dc-4e09-817b-5c3b86d7e2f7",
    "resource": {
      "resourceType": "Condition",
      "id": "b9cb983e-34dc-4e09-817b-5c3b86d7e2f7",
      "meta": {
        "profile": [ "http://hl7.org/fhir/us/qicore/StructureDefinition/qicore-condition-problems-health-concerns" ]
      },
      "clinicalStatus": {
        "coding": [ {
          "system": "http://terminology.hl7.org/CodeSystem/condition-clinical",
          "code": "active",
          "display": "Active"
        } ]
      },
      "verificationStatus": {
        "coding": [ {
          "system": "http://terminology.hl7.org/CodeSystem/condition-ver-status",
          "code": "confirmed",
          "display": "Confirmed"
        } ]
      },
      "category": [ {
        "coding": [ {
          "system": "http://terminology.hl7.org/CodeSystem/condition-category",
          "code": "problem-list-item",
          "display": "Problem List Item"
        } ]
      } ],
      "code": {
        "coding": [ {
          "system": "http://hl7.org/fhir/sid/icd-10-cm",
          "version": "2024",
          "code": "C67.1",
          "display": "Malignant neoplasm of dome of bladder"
        } ]
      },
      "subject": {
        "reference": "Patient/5ee5544a-1846-4312-9048-82e030bb93cd"
      },
      "onsetPeriod": {
        "start": "2025-12-31T08:00:00.000+00:00"
      }
    },
    "request": {
      "method": "PUT",
      "url": "Condition/b9cb983e-34dc-4e09-817b-5c3b86d7e2f7"
    }
  }, {
    "fullUrl": "https://madie.cms.gov/Procedure/09b6d979-3968-47c2-81ac-dec4d98f2f26",
    "resource": {
      "resourceType": "Procedure",
      "id": "09b6d979-3968-47c2-81ac-dec4d98f2f26",
      "meta": {
        "profile": [ "http://hl7.org/fhir/us/qicore/StructureDefinition/qicore-procedure" ]
      },
      "extension": [ {
        "url": "http://hl7.org/fhir/us/qicore/StructureDefinition/qicore-recorded",
        "valueDateTime": "2025-12-31T08:00:00.000+00:00"
      } ],
      "status": "completed",
      "code": {
        "coding": [ {
          "system": "http://snomed.info/sct",
          "version": "http://snomed.info/sct/731000124108/version/20240301",
          "code": "254292007",
          "display": "Tumor staging"
        } ]
      },
      "subject": {
        "reference": "Patient/5ee5544a-1846-4312-9048-82e030bb93cd"
      },
      "performedPeriod": {
        "start": "2025-12-31T08:00:00.000+00:00",
        "end": "2025-12-31T08:15:00.000+00:00"
      }
    },
    "request": {
      "method": "PUT",
      "url": "Procedure/09b6d979-3968-47c2-81ac-dec4d98f2f26"
    }
  }, {
    "fullUrl": "https://madie.cms.gov/Observation/61b5c25d-aafc-4f52-9749-ddb5aff38b9d",
    "resource": {
      "resourceType": "Observation",
      "id": "61b5c25d-aafc-4f52-9749-ddb5aff38b9d",
      "meta": {
        "profile": [ "http://hl7.org/fhir/us/qicore/StructureDefinition/qicore-observation-lab" ]
      },
      "partOf": [ {
        "reference": "Procedure/09b6d979-3968-47c2-81ac-dec4d98f2f26"
      } ],
      "status": "final",
      "category": [ {
        "coding": [ {
          "system": "http://terminology.hl7.org/CodeSystem/observation-category",
          "code": "procedure",
          "display": "Procedure"
        } ]
      } ],
      "code": {
        "coding": [ {
          "system": "http://loinc.org",
          "version": "2.76",
          "code": "21902-2",
          "display": "Stage group.pathology Cancer"
        } ]
      },
      "subject": {
        "reference": "Patient/5ee5544a-1846-4312-9048-82e030bb93cd"
      },
      "effectivePeriod": {
        "start": "2025-12-31T08:00:00.000+00:00",
        "end": "2025-12-31T08:15:00.000+00:00"
      },
      "issued": "2025-12-31T08:15:00.000+00:00",
      "valueCodeableConcept": {
        "coding": [ {
          "system": "http://snomed.info/sct",
          "version": "http://snomed.info/sct/731000124108/version/20240301",
          "code": "1228883000",
          "display": "American Joint Committee on Cancer cTa (qualifier value)"
        } ]
      }
    },
    "request": {
      "method": "PUT",
      "url": "Observation/61b5c25d-aafc-4f52-9749-ddb5aff38b9d"
    }
  }, {
    "fullUrl": "https://madie.cms.gov/MedicationAdministration/226a36ef-6693-42a9-a94f-18099b3a12d8",
    "resource": {
      "resourceType": "MedicationAdministration",
      "id": "226a36ef-6693-42a9-a94f-18099b3a12d8",
      "meta": {
        "profile": [ "http://hl7.org/fhir/us/qicore/StructureDefinition/qicore-medicationadministration" ]
      },
      "status": "completed",
      "medicationCodeableConcept": {
        "coding": [ {
          "system": "http://www.nlm.nih.gov/research/umls/rxnorm",
          "version": "04012024",
          "code": "1653484",
          "display": "BCG, live, Tice strain 50 MG/ML Topical Suspension"
        } ]
      },
      "subject": {
        "reference": "Patient/5ee5544a-1846-4312-9048-82e030bb93cd"
      },
      "effectivePeriod": {
        "start": "2026-07-01T08:00:00.000+00:00",
        "end": "2026-07-01T08:15:00.000+00:00"
      }
    },
    "request": {
      "method": "PUT",
      "url": "MedicationAdministration/226a36ef-6693-42a9-a94f-18099b3a12d8"
    }
  }, {
    "fullUrl": "https://madie.cms.gov/MeasureReport/85ce4d34-6611-4901-b9f9-3f0f0c3f4c4c",
    "resource": {
      "resourceType": "MeasureReport",
      "id": "85ce4d34-6611-4901-b9f9-3f0f0c3f4c4c",
      "meta": {
        "profile": [ "http://hl7.org/fhir/us/cqfmeasures/StructureDefinition/test-case-cqfm" ]
      },
      "contained": [ {
        "resourceType": "Parameters",
        "id": "49df394f-cc15-4ffc-80a3-3648642a2be6-parameters",
        "parameter": [ {
          "name": "subject",
          "valueString": "5ee5544a-1846-4312-9048-82e030bb93cd"
        } ]
      } ],
      "extension": [ {
        "url": "http://hl7.org/fhir/StructureDefinition/cqf-inputParameters",
        "valueReference": {
          "reference": "#49df394f-cc15-4ffc-80a3-3648642a2be6-parameters"
        }
      }, {
        "url": "http://hl7.org/fhir/us/cqfmeasures/StructureDefinition/cqfm-testCaseDescription",
        "valueMarkdown": "Bladder Ca dx and first qualifying staging done on Dec 31.  BCG given 6 months later.  Fails numerator"
      } ],
      "modifierExtension": [ {
        "url": "http://hl7.org/fhir/us/cqfmeasures/StructureDefinition/cqfm-isTestCase",
        "valueBoolean": true
      } ],
      "status": "complete",
      "type": "individual",
      "measure": "https://madie.cms.gov/Measure/CMS646FHIRIntravesicalBacillusCalmetteGuerinForBladderCancer",
      "period": {
        "start": "2026-01-01",
        "end": "2026-12-31"
      },
      "group": [ {
        "id": "Group_1",
        "population": [ {
          "id": "InitialPopulation_1",
          "code": {
            "coding": [ {
              "system": "http://terminology.hl7.org/CodeSystem/measure-population",
              "code": "initial-population",
              "display": "Initial Population"
            } ]
          },
          "count": 1
        }, {
          "id": "Denominator_1",
          "code": {
            "coding": [ {
              "system": "http://terminology.hl7.org/CodeSystem/measure-population",
              "code": "denominator",
              "display": "Denominator"
            } ]
          },
          "count": 1
        }, {
          "id": "DenominatorExclusion_1",
          "code": {
            "coding": [ {
              "system": "http://terminology.hl7.org/CodeSystem/measure-population",
              "code": "denominator-exclusion",
              "display": "Denominator Exclusion"
            } ]
          },
          "count": 0
        }, {
          "id": "Numerator_1",
          "code": {
            "coding": [ {
              "system": "http://terminology.hl7.org/CodeSystem/measure-population",
              "code": "numerator",
              "display": "Numerator"
            } ]
          },
          "count": 0
        }, {
          "id": "DenominatorException_1",
          "code": {
            "coding": [ {
              "system": "http://terminology.hl7.org/CodeSystem/measure-population",
              "code": "denominator-exception",
              "display": "Denominator Exception"
            } ]
          },
          "count": 0
        } ],
        "measureScore": {
          "value": 1.0
        }
      } ],
      "evaluatedResource": [ {
        "reference": "Patient/5ee5544a-1846-4312-9048-82e030bb93cd"
      }, {
        "reference": "Encounter/603eaf21-abe3-4fa4-ad74-db02331353dd"
      }, {
        "reference": "Condition/b9cb983e-34dc-4e09-817b-5c3b86d7e2f7"
      }, {
        "reference": "Procedure/09b6d979-3968-47c2-81ac-dec4d98f2f26"
      }, {
        "reference": "Observation/61b5c25d-aafc-4f52-9749-ddb5aff38b9d"
      }, {
        "reference": "MedicationAdministration/226a36ef-6693-42a9-a94f-18099b3a12d8"
      } ]
    },
    "request": {
      "method": "PUT",
      "url": "MeasureReport/85ce4d34-6611-4901-b9f9-3f0f0c3f4c4c"
    }
  } ]
}