{
  "resourceType": "Bundle",
  "id": "6345651316431",
  "type": "transaction",
  "entry": [ {
    "fullUrl": "https://madie.cms.gov/Patient/c095195c-8893-4bf1-aa7d-ad2bfd9bafa5",
    "resource": {
      "resourceType": "Patient",
      "id": "c095195c-8893-4bf1-aa7d-ad2bfd9bafa5",
      "meta": {
        "profile": [ "http://hl7.org/fhir/us/qicore/StructureDefinition/qicore-patient" ]
      },
      "extension": [ {
        "url": "http://hl7.org/fhir/us/core/StructureDefinition/us-core-race",
        "extension": [ {
          "url": "ombCategory",
          "valueCoding": {
            "system": "urn:oid:2.16.840.1.113883.6.238",
            "code": "1002-5",
            "display": "American Indian or Alaska Native"
          }
        }, {
          "url": "text",
          "valueString": "American Indian or Alaska Native"
        } ]
      }, {
        "url": "http://hl7.org/fhir/us/core/StructureDefinition/us-core-ethnicity",
        "extension": [ {
          "url": "ombCategory",
          "valueCoding": {
            "system": "urn:oid:2.16.840.1.113883.6.238",
            "code": "2135-2",
            "display": "Hispanic or Latino"
          }
        }, {
          "url": "text",
          "valueString": "Hispanic or Latino"
        } ]
      } ],
      "identifier": [ {
        "type": {
          "coding": [ {
            "system": "http://terminology.hl7.org/CodeSystem/v2-0203",
            "code": "MR"
          } ]
        },
        "system": "https://bonnie-fhir.healthit.gov/",
        "value": "684964651963"
      } ],
      "name": [ {
        "family": "DENOMFail",
        "given": [ "EFLT40Obsv1MinAfterEncEdge" ]
      } ],
      "gender": "female",
      "birthDate": "1958-12-21"
    },
    "request": {
      "method": "PUT",
      "url": "Patient/c095195c-8893-4bf1-aa7d-ad2bfd9bafa5"
    }
  }, {
    "fullUrl": "https://madie.cms.gov/Encounter/d9df2165-f74f-472f-bdcc-b5b6efa854ef",
    "resource": {
      "resourceType": "Encounter",
      "id": "d9df2165-f74f-472f-bdcc-b5b6efa854ef",
      "meta": {
        "profile": [ "http://hl7.org/fhir/us/qicore/StructureDefinition/qicore-encounter" ]
      },
      "status": "finished",
      "class": {
        "system": "http://terminology.hl7.org/CodeSystem/v3-ActCode",
        "code": "AMB",
        "display": "ambulatory"
      },
      "type": [ {
        "coding": [ {
          "system": "http://snomed.info/sct",
          "version": "http://snomed.info/sct/731000124108/version/20240301",
          "code": "281036007",
          "display": "Follow-up consultation (procedure)"
        } ]
      } ],
      "subject": {
        "reference": "Patient/c095195c-8893-4bf1-aa7d-ad2bfd9bafa5"
      },
      "period": {
        "start": "2026-06-15T08:00:00.000+00:00",
        "end": "2026-06-15T08:15:00.000+00:00"
      }
    },
    "request": {
      "method": "PUT",
      "url": "Encounter/d9df2165-f74f-472f-bdcc-b5b6efa854ef"
    }
  }, {
    "fullUrl": "https://madie.cms.gov/Encounter/ab278e54-6c3a-411a-8b8b-6a95dddb3fc3",
    "resource": {
      "resourceType": "Encounter",
      "id": "ab278e54-6c3a-411a-8b8b-6a95dddb3fc3",
      "meta": {
        "profile": [ "http://hl7.org/fhir/us/qicore/StructureDefinition/qicore-encounter" ]
      },
      "status": "finished",
      "class": {
        "system": "http://terminology.hl7.org/CodeSystem/v3-ActCode",
        "code": "AMB",
        "display": "ambulatory"
      },
      "type": [ {
        "coding": [ {
          "system": "http://snomed.info/sct",
          "version": "http://snomed.info/sct/731000124108/version/20240301",
          "code": "281036007",
          "display": "Follow-up consultation (procedure)"
        } ]
      } ],
      "subject": {
        "reference": "Patient/c095195c-8893-4bf1-aa7d-ad2bfd9bafa5"
      },
      "period": {
        "start": "2026-07-15T08:00:00.000+00:00",
        "end": "2026-07-15T08:15:00.000+00:00"
      }
    },
    "request": {
      "method": "PUT",
      "url": "Encounter/ab278e54-6c3a-411a-8b8b-6a95dddb3fc3"
    }
  }, {
    "fullUrl": "https://madie.cms.gov/Condition/08d35ec1-ff26-46cd-ba45-898a975cb945",
    "resource": {
      "resourceType": "Condition",
      "id": "08d35ec1-ff26-46cd-ba45-898a975cb945",
      "meta": {
        "profile": [ "http://hl7.org/fhir/us/qicore/StructureDefinition/qicore-condition-problems-health-concerns" ]
      },
      "clinicalStatus": {
        "coding": [ {
          "system": "http://terminology.hl7.org/CodeSystem/condition-clinical",
          "code": "active",
          "display": "active"
        } ]
      },
      "verificationStatus": {
        "coding": [ {
          "system": "http://terminology.hl7.org/CodeSystem/condition-ver-status",
          "code": "confirmed",
          "display": "Confirmed"
        } ]
      },
      "category": [ {
        "coding": [ {
          "system": "http://terminology.hl7.org/CodeSystem/condition-category",
          "code": "problem-list-item",
          "display": "Problem List Item"
        } ]
      } ],
      "code": {
        "coding": [ {
          "system": "http://snomed.info/sct",
          "version": "http://snomed.info/sct/731000124108/version/20240301",
          "code": "10091002",
          "display": "High output heart failure (disorder)"
        } ]
      },
      "subject": {
        "reference": "Patient/c095195c-8893-4bf1-aa7d-ad2bfd9bafa5"
      },
      "onsetPeriod": {
        "start": "2026-06-10T08:00:00.000+00:00",
        "end": "2026-07-14T08:15:00.000+00:00"
      }
    },
    "request": {
      "method": "PUT",
      "url": "Condition/08d35ec1-ff26-46cd-ba45-898a975cb945"
    }
  }, {
    "fullUrl": "https://madie.cms.gov/Observation/446dbe81-7617-46ba-818a-cb01499465f1",
    "resource": {
      "resourceType": "Observation",
      "id": "446dbe81-7617-46ba-818a-cb01499465f1",
      "meta": {
        "profile": [ "http://hl7.org/fhir/us/qicore/StructureDefinition/qicore-observation-clinical-result" ]
      },
      "status": "final",
      "category": [ {
        "coding": [ {
          "system": "http://terminology.hl7.org/CodeSystem/observation-category",
          "code": "imaging",
          "display": "Imaging"
        } ]
      } ],
      "code": {
        "coding": [ {
          "system": "http://loinc.org",
          "version": "2.76",
          "code": "10230-1",
          "display": "Left ventricular Ejection fraction"
        } ]
      },
      "subject": {
        "reference": "Patient/c095195c-8893-4bf1-aa7d-ad2bfd9bafa5"
      },
      "effectiveDateTime": "2026-07-15T08:16:00.000+00:00",
      "valueQuantity": {
        "value": 39,
        "unit": "%",
        "system": "http://unitsofmeasure.org",
        "code": "%"
      }
    },
    "request": {
      "method": "PUT",
      "url": "Observation/446dbe81-7617-46ba-818a-cb01499465f1"
    }
  }, {
    "fullUrl": "https://madie.cms.gov/MedicationRequest/952ae9ef-bc03-4c73-ac7b-08a04ed86ae9",
    "resource": {
      "resourceType": "MedicationRequest",
      "id": "952ae9ef-bc03-4c73-ac7b-08a04ed86ae9",
      "meta": {
        "profile": [ "http://hl7.org/fhir/us/qicore/StructureDefinition/qicore-medicationrequest" ]
      },
      "status": "completed",
      "intent": "order",
      "medicationReference": {
        "reference": "Medication/8150ce01-c2c4-4a3e-a992-fb197ed6d8ba"
      },
      "subject": {
        "reference": "Patient/c095195c-8893-4bf1-aa7d-ad2bfd9bafa5"
      },
      "authoredOn": "2026-04-15T10:30:00.000+00:00",
      "requester": {
        "reference": "Practitioner/0d96a9e4-bdff-4cd7-860e-799797c1f800"
      }
    },
    "request": {
      "method": "PUT",
      "url": "MedicationRequest/952ae9ef-bc03-4c73-ac7b-08a04ed86ae9"
    }
  }, {
    "fullUrl": "https://madie.cms.gov/Medication/8150ce01-c2c4-4a3e-a992-fb197ed6d8ba",
    "resource": {
      "resourceType": "Medication",
      "id": "8150ce01-c2c4-4a3e-a992-fb197ed6d8ba",
      "meta": {
        "profile": [ "http://hl7.org/fhir/us/qicore/StructureDefinition/qicore-medication" ]
      },
      "code": {
        "coding": [ {
          "system": "http://www.nlm.nih.gov/research/umls/rxnorm",
          "version": "04012024",
          "code": "1000001",
          "display": "amlodipine 5 MG / hydrochlorothiazide 25 MG / olmesartan medoxomil 40 MG Oral Tablet"
        } ]
      }
    },
    "request": {
      "method": "PUT",
      "url": "Medication/8150ce01-c2c4-4a3e-a992-fb197ed6d8ba"
    }
  }, {
    "fullUrl": "https://madie.cms.gov/Coverage/27218d44-0ba0-4882-882b-080c1f090aa2",
    "resource": {
      "resourceType": "Coverage",
      "id": "27218d44-0ba0-4882-882b-080c1f090aa2",
      "meta": {
        "profile": [ "http://hl7.org/fhir/us/qicore/StructureDefinition/qicore-coverage" ]
      },
      "status": "active",
      "type": {
        "coding": [ {
          "system": "https://nahdo.org/sopt",
          "code": "59",
          "display": "Other Private Insurance"
        } ]
      },
      "beneficiary": {
        "reference": "Patient/c095195c-8893-4bf1-aa7d-ad2bfd9bafa5"
      },
      "period": {
        "start": "2025-01-01T08:00:00.000+00:00"
      },
      "payor": [ {
        "reference": "Organization/d370dd88-97a6-4c7f-a92e-32b7e26f361c"
      } ]
    },
    "request": {
      "method": "PUT",
      "url": "Coverage/27218d44-0ba0-4882-882b-080c1f090aa2"
    }
  }, {
    "fullUrl": "https://madie.cms.gov/Organization/d370dd88-97a6-4c7f-a92e-32b7e26f361c",
    "resource": {
      "resourceType": "Organization",
      "id": "d370dd88-97a6-4c7f-a92e-32b7e26f361c",
      "meta": {
        "profile": [ "http://hl7.org/fhir/us/qicore/StructureDefinition/qicore-organization" ]
      },
      "identifier": [ {
        "use": "temp",
        "system": "urn:oid:2.16.840.1.113883.4.4",
        "value": "21-3259825"
      } ],
      "active": true,
      "type": [ {
        "coding": [ {
          "system": "http://terminology.hl7.org/CodeSystem/organization-type",
          "code": "pay",
          "display": "Payer"
        } ]
      } ],
      "name": "Blue Cross Blue Shield of Texas",
      "telecom": [ {
        "system": "phone",
        "value": "(+1) 972-766-6900"
      } ],
      "address": [ {
        "use": "billing",
        "type": "postal",
        "line": [ "P.O. Box 660044" ],
        "city": "Dallas",
        "state": "TX",
        "postalCode": "75266-0044",
        "country": "USA"
      } ]
    },
    "request": {
      "method": "PUT",
      "url": "Organization/d370dd88-97a6-4c7f-a92e-32b7e26f361c"
    }
  }, {
    "fullUrl": "https://madie.cms.gov/Practitioner/0d96a9e4-bdff-4cd7-860e-799797c1f800",
    "resource": {
      "resourceType": "Practitioner",
      "id": "0d96a9e4-bdff-4cd7-860e-799797c1f800",
      "meta": {
        "profile": [ "http://hl7.org/fhir/us/qicore/StructureDefinition/qicore-practitioner" ]
      },
      "identifier": [ {
        "use": "temp",
        "system": "urn:oid:2.16.840.1.113883.4.336",
        "value": "Practitioner-23"
      } ],
      "active": true,
      "name": [ {
        "family": "Careful",
        "given": [ "Adam" ],
        "prefix": [ "Dr" ]
      } ],
      "address": [ {
        "use": "home",
        "line": [ "534 Erewhon St" ],
        "city": "PleasantVille",
        "state": "UT",
        "postalCode": "84414"
      } ],
      "qualification": [ {
        "identifier": [ {
          "system": "http://example.org/UniversityIdentifier",
          "value": "12345"
        } ],
        "code": {
          "coding": [ {
            "system": "http://terminology.hl7.org/CodeSystem/v2-0360|2.7",
            "code": "BS",
            "display": "Bachelor of Science"
          } ],
          "text": "Bachelor of Science"
        },
        "period": {
          "start": "1996"
        },
        "issuer": {
          "display": "Example University"
        }
      } ]
    },
    "request": {
      "method": "PUT",
      "url": "Practitioner/0d96a9e4-bdff-4cd7-860e-799797c1f800"
    }
  }, {
    "fullUrl": "https://madie.cms.gov/MeasureReport/01e8deb2-9ce5-4898-b32f-89faf55cb9c2",
    "resource": {
      "resourceType": "MeasureReport",
      "id": "01e8deb2-9ce5-4898-b32f-89faf55cb9c2",
      "meta": {
        "profile": [ "http://hl7.org/fhir/us/cqfmeasures/StructureDefinition/test-case-cqfm" ]
      },
      "contained": [ {
        "resourceType": "Parameters",
        "id": "42e974ad-b07e-43ce-b30a-140102b2968f-parameters",
        "parameter": [ {
          "name": "subject",
          "valueString": "c095195c-8893-4bf1-aa7d-ad2bfd9bafa5"
        } ]
      } ],
      "extension": [ {
        "url": "http://hl7.org/fhir/StructureDefinition/cqf-inputParameters",
        "valueReference": {
          "reference": "#42e974ad-b07e-43ce-b30a-140102b2968f-parameters"
        }
      }, {
        "url": "http://hl7.org/fhir/us/cqfmeasures/StructureDefinition/cqfm-testCaseDescription",
        "valueMarkdown": "Fails denominator due to Ejection Fraction < 40 Observation being one minute past encounter"
      } ],
      "modifierExtension": [ {
        "url": "http://hl7.org/fhir/us/cqfmeasures/StructureDefinition/cqfm-isTestCase",
        "valueBoolean": true
      } ],
      "status": "complete",
      "type": "individual",
      "measure": "https://madie.cms.gov/Measure/CMS135FHIRHFACEIorARBorARNIforLVSD",
      "period": {
        "start": "2026-01-01",
        "end": "2026-12-31"
      },
      "group": [ {
        "id": "Group_1",
        "population": [ {
          "id": "InitialPopulation_1",
          "code": {
            "coding": [ {
              "system": "http://terminology.hl7.org/CodeSystem/measure-population",
              "code": "initial-population",
              "display": "Initial Population"
            } ]
          },
          "count": 1
        }, {
          "id": "Denominator_1",
          "code": {
            "coding": [ {
              "system": "http://terminology.hl7.org/CodeSystem/measure-population",
              "code": "denominator",
              "display": "Denominator"
            } ]
          },
          "count": 0
        }, {
          "id": "DenominatorExclusion_1",
          "code": {
            "coding": [ {
              "system": "http://terminology.hl7.org/CodeSystem/measure-population",
              "code": "denominator-exclusion",
              "display": "Denominator Exclusion"
            } ]
          },
          "count": 0
        }, {
          "id": "Numerator_1",
          "code": {
            "coding": [ {
              "system": "http://terminology.hl7.org/CodeSystem/measure-population",
              "code": "numerator",
              "display": "Numerator"
            } ]
          },
          "count": 0
        }, {
          "id": "DenominatorException_1",
          "code": {
            "coding": [ {
              "system": "http://terminology.hl7.org/CodeSystem/measure-population",
              "code": "denominator-exception",
              "display": "Denominator Exception"
            } ]
          },
          "count": 0
        } ],
        "measureScore": {
          "value": 1.0
        }
      } ],
      "evaluatedResource": [ {
        "reference": "Patient/c095195c-8893-4bf1-aa7d-ad2bfd9bafa5"
      }, {
        "reference": "Encounter/d9df2165-f74f-472f-bdcc-b5b6efa854ef"
      }, {
        "reference": "Encounter/ab278e54-6c3a-411a-8b8b-6a95dddb3fc3"
      }, {
        "reference": "Condition/08d35ec1-ff26-46cd-ba45-898a975cb945"
      }, {
        "reference": "Observation/446dbe81-7617-46ba-818a-cb01499465f1"
      }, {
        "reference": "MedicationRequest/952ae9ef-bc03-4c73-ac7b-08a04ed86ae9"
      }, {
        "reference": "Medication/8150ce01-c2c4-4a3e-a992-fb197ed6d8ba"
      }, {
        "reference": "Coverage/27218d44-0ba0-4882-882b-080c1f090aa2"
      }, {
        "reference": "Organization/d370dd88-97a6-4c7f-a92e-32b7e26f361c"
      }, {
        "reference": "Practitioner/0d96a9e4-bdff-4cd7-860e-799797c1f800"
      } ]
    },
    "request": {
      "method": "PUT",
      "url": "MeasureReport/01e8deb2-9ce5-4898-b32f-89faf55cb9c2"
    }
  } ]
}