{
  "resourceType": "Bundle",
  "id": "64270cbea7ffa60ebe02488f",
  "type": "transaction",
  "entry": [ {
    "fullUrl": "https://madie.cms.gov/Patient/c0e64f12-0d43-4bff-bd50-aae46844e6b6",
    "resource": {
      "resourceType": "Patient",
      "id": "c0e64f12-0d43-4bff-bd50-aae46844e6b6",
      "meta": {
        "profile": [ "http://hl7.org/fhir/us/qicore/StructureDefinition/qicore-patient" ]
      },
      "extension": [ {
        "url": "http://hl7.org/fhir/us/core/StructureDefinition/us-core-race",
        "extension": [ {
          "url": "ombCategory",
          "valueCoding": {
            "system": "urn:oid:2.16.840.1.113883.6.238",
            "code": "2028-9",
            "display": "Asian",
            "userSelected": true
          }
        }, {
          "url": "text",
          "valueString": "Asian"
        } ]
      }, {
        "url": "http://hl7.org/fhir/us/core/StructureDefinition/us-core-ethnicity",
        "extension": [ {
          "url": "ombCategory",
          "valueCoding": {
            "system": "urn:oid:2.16.840.1.113883.6.238",
            "code": "2135-2",
            "display": "Hispanic or Latino",
            "userSelected": true
          }
        }, {
          "url": "text",
          "valueString": "Hispanic or Latino"
        } ]
      } ],
      "identifier": [ {
        "type": {
          "coding": [ {
            "system": "http://terminology.hl7.org/CodeSystem/v2-0203",
            "code": "MR"
          } ]
        },
        "system": "https://goodhealth.healthit.gov/",
        "value": "64270cbea7ffa60ebe02488f"
      } ],
      "name": [ {
        "family": "IPPass",
        "given": [ "EncounterHasNoEndDate" ]
      } ],
      "gender": "male",
      "birthDate": "1977-01-01"
    },
    "request": {
      "method": "PUT",
      "url": "Patient/c0e64f12-0d43-4bff-bd50-aae46844e6b6"
    }
  }, {
    "fullUrl": "https://madie.cms.gov/Condition/c6a197d6-5b32-4f70-91e5-702fc8e0c08c",
    "resource": {
      "resourceType": "Condition",
      "id": "c6a197d6-5b32-4f70-91e5-702fc8e0c08c",
      "meta": {
        "profile": [ "http://hl7.org/fhir/us/qicore/StructureDefinition/qicore-condition-problems-health-concerns" ]
      },
      "clinicalStatus": {
        "coding": [ {
          "system": "http://terminology.hl7.org/CodeSystem/condition-clinical",
          "code": "active",
          "display": "Active",
          "userSelected": true
        } ]
      },
      "verificationStatus": {
        "coding": [ {
          "system": "http://terminology.hl7.org/CodeSystem/condition-ver-status",
          "code": "confirmed",
          "display": "Confirmed",
          "userSelected": true
        } ]
      },
      "category": [ {
        "coding": [ {
          "system": "http://terminology.hl7.org/CodeSystem/condition-category",
          "code": "encounter-diagnosis",
          "display": "Encounter Diagnosis",
          "userSelected": true
        } ]
      } ],
      "code": {
        "coding": [ {
          "system": "http://hl7.org/fhir/sid/icd-10-cm",
          "version": "2023",
          "code": "G31.83",
          "userSelected": true
        } ]
      },
      "subject": {
        "reference": "Patient/c0e64f12-0d43-4bff-bd50-aae46844e6b6"
      },
      "onsetPeriod": {
        "start": "2025-12-31T08:00:00.000+00:00"
      }
    },
    "request": {
      "method": "PUT",
      "url": "Condition/c6a197d6-5b32-4f70-91e5-702fc8e0c08c"
    }
  }, {
    "fullUrl": "https://madie.cms.gov/Encounter/7a38d7c5-8653-4360-877d-01b90469a10e",
    "resource": {
      "resourceType": "Encounter",
      "id": "7a38d7c5-8653-4360-877d-01b90469a10e",
      "meta": {
        "profile": [ "http://hl7.org/fhir/us/qicore/StructureDefinition/qicore-encounter" ]
      },
      "status": "finished",
      "class": {
        "system": "http://terminology.hl7.org/CodeSystem/v3-ActCode",
        "code": "AMB",
        "display": "ambulatory",
        "userSelected": true
      },
      "type": [ {
        "coding": [ {
          "system": "http://www.ama-assn.org/go/cpt",
          "version": "2023",
          "code": "99212",
          "userSelected": true
        } ]
      } ],
      "subject": {
        "reference": "Patient/c0e64f12-0d43-4bff-bd50-aae46844e6b6"
      },
      "period": {
        "start": "2026-02-26T08:00:00.000+00:00"
      }
    },
    "request": {
      "method": "PUT",
      "url": "Encounter/7a38d7c5-8653-4360-877d-01b90469a10e"
    }
  }, {
    "fullUrl": "https://madie.cms.gov/Encounter/f42c9770-d7ec-48b6-b584-2450d4dc098f",
    "resource": {
      "resourceType": "Encounter",
      "id": "f42c9770-d7ec-48b6-b584-2450d4dc098f",
      "meta": {
        "profile": [ "http://hl7.org/fhir/us/qicore/StructureDefinition/qicore-encounter" ]
      },
      "status": "finished",
      "class": {
        "system": "http://terminology.hl7.org/CodeSystem/v3-ActCode",
        "code": "AMB",
        "display": "ambulatory",
        "userSelected": true
      },
      "type": [ {
        "coding": [ {
          "system": "http://snomed.info/sct",
          "version": "http://snomed.info/sct/731000124108/version/202303",
          "code": "185463005",
          "display": "Visit out of hours (procedure)",
          "userSelected": true
        } ]
      } ],
      "subject": {
        "reference": "Patient/c0e64f12-0d43-4bff-bd50-aae46844e6b6"
      },
      "period": {
        "start": "2026-08-31T08:00:00.000+00:00",
        "end": "2026-08-31T08:35:00.000+00:00"
      }
    },
    "request": {
      "method": "PUT",
      "url": "Encounter/f42c9770-d7ec-48b6-b584-2450d4dc098f"
    }
  }, {
    "fullUrl": "https://madie.cms.gov/MeasureReport/8983cf20-6efb-4c25-8e01-1031fe22b55c",
    "resource": {
      "resourceType": "MeasureReport",
      "id": "8983cf20-6efb-4c25-8e01-1031fe22b55c",
      "meta": {
        "profile": [ "http://hl7.org/fhir/us/cqfmeasures/StructureDefinition/test-case-cqfm" ]
      },
      "contained": [ {
        "resourceType": "Parameters",
        "id": "e766c659-d7d3-4960-83ea-dc49b27f72c9-parameters",
        "parameter": [ {
          "name": "subject",
          "valueString": "c0e64f12-0d43-4bff-bd50-aae46844e6b6"
        } ]
      } ],
      "extension": [ {
        "url": "http://hl7.org/fhir/StructureDefinition/cqf-inputParameters",
        "valueReference": {
          "reference": "#e766c659-d7d3-4960-83ea-dc49b27f72c9-parameters"
        }
      }, {
        "url": "http://hl7.org/fhir/us/cqfmeasures/StructureDefinition/cqfm-testCaseDescription",
        "valueMarkdown": "Patient has Dementia Dx in MP and 2 encounters with null end dates."
      } ],
      "modifierExtension": [ {
        "url": "http://hl7.org/fhir/us/cqfmeasures/StructureDefinition/cqfm-isTestCase",
        "valueBoolean": true
      } ],
      "status": "complete",
      "type": "individual",
      "measure": "https://madie.cms.gov/Measure/CMS149FHIRDementiaCognitiveAssessment",
      "period": {
        "start": "2026-01-01",
        "end": "2026-12-31"
      },
      "group": [ {
        "id": "Group_1",
        "population": [ {
          "id": "InitialPopulation_1",
          "code": {
            "coding": [ {
              "system": "http://terminology.hl7.org/CodeSystem/measure-population",
              "code": "initial-population",
              "display": "Initial Population"
            } ]
          },
          "count": 0
        }, {
          "id": "Denominator_1",
          "code": {
            "coding": [ {
              "system": "http://terminology.hl7.org/CodeSystem/measure-population",
              "code": "denominator",
              "display": "Denominator"
            } ]
          },
          "count": 0
        }, {
          "id": "Numerator_1",
          "code": {
            "coding": [ {
              "system": "http://terminology.hl7.org/CodeSystem/measure-population",
              "code": "numerator",
              "display": "Numerator"
            } ]
          },
          "count": 0
        }, {
          "id": "DenominatorException_1",
          "code": {
            "coding": [ {
              "system": "http://terminology.hl7.org/CodeSystem/measure-population",
              "code": "denominator-exception",
              "display": "Denominator Exception"
            } ]
          },
          "count": 0
        } ],
        "measureScore": {
          "value": 1.0
        }
      } ],
      "evaluatedResource": [ {
        "reference": "Patient/c0e64f12-0d43-4bff-bd50-aae46844e6b6"
      }, {
        "reference": "Condition/c6a197d6-5b32-4f70-91e5-702fc8e0c08c"
      }, {
        "reference": "Encounter/7a38d7c5-8653-4360-877d-01b90469a10e"
      }, {
        "reference": "Encounter/f42c9770-d7ec-48b6-b584-2450d4dc098f"
      } ]
    },
    "request": {
      "method": "PUT",
      "url": "MeasureReport/8983cf20-6efb-4c25-8e01-1031fe22b55c"
    }
  } ]
}