{
  "resourceType": "Bundle",
  "id": "61095b0998086b53805591a5",
  "type": "transaction",
  "entry": [ {
    "fullUrl": "https://madie.cms.gov/Patient/97e4b701-3f87-4155-8497-b60f1fef37dd",
    "resource": {
      "resourceType": "Patient",
      "id": "97e4b701-3f87-4155-8497-b60f1fef37dd",
      "meta": {
        "profile": [ "http://hl7.org/fhir/us/qicore/StructureDefinition/qicore-patient" ]
      },
      "text": {
        "status": "generated",
        "div": "<div xmlns=\"http://www.w3.org/1999/xhtml\"><div class=\"hapiHeaderText\">Age@18 <b>DENOMPASS </b></div><table class=\"hapiPropertyTable\"><tbody><tr><td>Identifier</td><td>67f3e33acf17bcb386e754d726ed064ccd48ba21ff0ffb2eb678740a684398be</td></tr><tr><td>Date of birth</td><td><span>01 January 1994</span></td></tr></tbody></table></div>"
      },
      "extension": [ {
        "url": "http://hl7.org/fhir/us/core/StructureDefinition/us-core-race",
        "extension": [ {
          "url": "ombCategory",
          "valueCoding": {
            "system": "urn:oid:2.16.840.1.113883.6.238",
            "code": "1002-5",
            "display": "American Indian or Alaska Native",
            "userSelected": true
          }
        }, {
          "url": "text",
          "valueString": "American Indian or Alaska Native"
        } ]
      }, {
        "url": "http://hl7.org/fhir/us/core/StructureDefinition/us-core-ethnicity",
        "extension": [ {
          "url": "ombCategory",
          "valueCoding": {
            "system": "urn:oid:2.16.840.1.113883.6.238",
            "code": "2135-2",
            "display": "Hispanic or Latino",
            "userSelected": true
          }
        }, {
          "url": "text",
          "valueString": "Hispanic or Latino"
        } ]
      } ],
      "identifier": [ {
        "type": {
          "coding": [ {
            "system": "http://terminology.hl7.org/CodeSystem/v2-0203",
            "code": "MR"
          } ]
        },
        "system": "https://bonnie-fhir.healthit.gov/",
        "value": "61095b0998086b53805591a5"
      } ],
      "active": true,
      "name": [ {
        "use": "usual",
        "family": "DENEXPASS",
        "given": [ "CataractCongenitalWithCatSurg" ]
      } ],
      "gender": "female",
      "birthDate": "1996-01-01"
    },
    "request": {
      "method": "PUT",
      "url": "Patient/97e4b701-3f87-4155-8497-b60f1fef37dd"
    }
  }, {
    "fullUrl": "https://madie.cms.gov/Observation/94f6389c-4806-44a4-a3ff-5c61c8e6f852",
    "resource": {
      "resourceType": "Observation",
      "id": "94f6389c-4806-44a4-a3ff-5c61c8e6f852",
      "meta": {
        "profile": [ "http://hl7.org/fhir/us/qicore/StructureDefinition/qicore-observation-clinical-result" ]
      },
      "status": "final",
      "category": [ {
        "coding": [ {
          "system": "http://terminology.hl7.org/CodeSystem/observation-category",
          "code": "exam",
          "display": "exam"
        } ]
      } ],
      "code": {
        "coding": [ {
          "system": "http://snomed.info/sct",
          "code": "419775003"
        } ]
      },
      "subject": {
        "reference": "Patient/97e4b701-3f87-4155-8497-b60f1fef37dd"
      },
      "effectivePeriod": {
        "start": "2026-03-13T09:00:00+00:00",
        "end": "2026-03-13T09:30:00+00:00"
      }
    },
    "request": {
      "method": "PUT",
      "url": "Observation/94f6389c-4806-44a4-a3ff-5c61c8e6f852"
    }
  }, {
    "fullUrl": "https://madie.cms.gov/Procedure/b3d8b961-5cd0-4900-8256-e3735336c00b",
    "resource": {
      "resourceType": "Procedure",
      "id": "b3d8b961-5cd0-4900-8256-e3735336c00b",
      "meta": {
        "profile": [ "http://hl7.org/fhir/us/qicore/StructureDefinition/qicore-procedure" ]
      },
      "extension": [ {
        "url": "http://hl7.org/fhir/us/qicore/StructureDefinition/qicore-recorded",
        "valueDateTime": "2026-03-05T09:35:00-04:00"
      } ],
      "status": "completed",
      "code": {
        "coding": [ {
          "system": "http://snomed.info/sct",
          "code": "84149000"
        } ]
      },
      "subject": {
        "reference": "Patient/97e4b701-3f87-4155-8497-b60f1fef37dd"
      },
      "performedPeriod": {
        "start": "2026-03-05T09:20:00-04:00",
        "end": "2026-04-05T10:30:00-04:00"
      }
    },
    "request": {
      "method": "PUT",
      "url": "Procedure/b3d8b961-5cd0-4900-8256-e3735336c00b"
    }
  }, {
    "fullUrl": "https://madie.cms.gov/Condition/4a7f7caa-853a-45c5-8fa6-186b1592f768",
    "resource": {
      "resourceType": "Condition",
      "id": "4a7f7caa-853a-45c5-8fa6-186b1592f768",
      "meta": {
        "profile": [ "http://hl7.org/fhir/us/qicore/StructureDefinition/qicore-condition-problems-health-concerns" ]
      },
      "clinicalStatus": {
        "coding": [ {
          "system": "http://terminology.hl7.org/CodeSystem/condition-clinical",
          "code": "active",
          "display": "active",
          "userSelected": true
        } ]
      },
      "category": [ {
        "coding": [ {
          "system": "http://terminology.hl7.org/CodeSystem/condition-clinical",
          "code": "active",
          "display": "active",
          "userSelected": true
        } ]
      } ],
      "code": {
        "coding": [ {
          "system": "http://hl7.org/fhir/sid/icd-10-cm",
          "code": "Q12.0",
          "userSelected": true
        }, {
          "system": "http://snomed.info/sct",
          "code": "849000",
          "display": "Mature cataract (disorder)",
          "userSelected": true
        } ]
      },
      "subject": {
        "reference": "Patient/97e4b701-3f87-4155-8497-b60f1fef37dd"
      },
      "onsetDateTime": "2024-11-01T08:00:00.000+00:00"
    },
    "request": {
      "method": "PUT",
      "url": "Condition/4a7f7caa-853a-45c5-8fa6-186b1592f768"
    }
  }, {
    "fullUrl": "https://madie.cms.gov/Coverage/96e5f084-3faa-4c6d-a5cb-432c3d34ccef",
    "resource": {
      "resourceType": "Coverage",
      "id": "96e5f084-3faa-4c6d-a5cb-432c3d34ccef",
      "meta": {
        "profile": [ "http://hl7.org/fhir/us/qicore/StructureDefinition/qicore-coverage" ]
      },
      "status": "active",
      "beneficiary": {
        "reference": "Patient/97e4b701-3f87-4155-8497-b60f1fef37dd"
      },
      "payor": [ {
        "reference": "Organization/e26b9bff-6b07-43a9-8882-b1dd37369efc"
      } ]
    },
    "request": {
      "method": "PUT",
      "url": "Coverage/96e5f084-3faa-4c6d-a5cb-432c3d34ccef"
    }
  }, {
    "fullUrl": "https://madie.cms.gov/Organization/e26b9bff-6b07-43a9-8882-b1dd37369efc",
    "resource": {
      "resourceType": "Organization",
      "id": "e26b9bff-6b07-43a9-8882-b1dd37369efc",
      "meta": {
        "profile": [ "http://hl7.org/fhir/us/qicore/StructureDefinition/qicore-organization" ]
      },
      "identifier": [ {
        "use": "temp",
        "system": "urn:oid:2.16.840.1.113883.4.4",
        "value": "21-3259825"
      } ],
      "active": true,
      "type": [ {
        "coding": [ {
          "system": "http://terminology.hl7.org/CodeSystem/organization-type",
          "code": "pay",
          "display": "Payer"
        } ]
      } ],
      "name": "Blue Cross Blue Shield of Texas",
      "telecom": [ {
        "system": "phone",
        "value": "(+1) 972-766-6900"
      } ],
      "address": [ {
        "use": "billing",
        "type": "postal",
        "line": [ "P.O. Box 660044" ],
        "city": "Dallas",
        "state": "TX",
        "postalCode": "75266-0044",
        "country": "USA"
      } ]
    },
    "request": {
      "method": "PUT",
      "url": "Organization/e26b9bff-6b07-43a9-8882-b1dd37369efc"
    }
  }, {
    "fullUrl": "https://madie.cms.gov/Practitioner/be83351c-827a-4a9d-969c-00339d3986aa",
    "resource": {
      "resourceType": "Practitioner",
      "id": "be83351c-827a-4a9d-969c-00339d3986aa",
      "meta": {
        "profile": [ "http://hl7.org/fhir/us/qicore/StructureDefinition/qicore-practitioner" ]
      },
      "identifier": [ {
        "system": "http://hl7.org/fhir/sid/us-npi",
        "value": "123456"
      } ],
      "name": [ {
        "family": "Evil",
        "prefix": [ "Dr" ]
      } ]
    },
    "request": {
      "method": "PUT",
      "url": "Practitioner/be83351c-827a-4a9d-969c-00339d3986aa"
    }
  }, {
    "fullUrl": "https://madie.cms.gov/MeasureReport/2c99e7ba-8876-4e2c-a2e8-8ff995d68294",
    "resource": {
      "resourceType": "MeasureReport",
      "id": "2c99e7ba-8876-4e2c-a2e8-8ff995d68294",
      "meta": {
        "profile": [ "http://hl7.org/fhir/us/cqfmeasures/StructureDefinition/test-case-cqfm" ]
      },
      "contained": [ {
        "resourceType": "Parameters",
        "id": "c3325881-3e33-464a-88e1-64cb33f3180e-parameters",
        "parameter": [ {
          "name": "subject",
          "valueString": "97e4b701-3f87-4155-8497-b60f1fef37dd"
        } ]
      } ],
      "extension": [ {
        "url": "http://hl7.org/fhir/StructureDefinition/cqf-inputParameters",
        "valueReference": {
          "reference": "#c3325881-3e33-464a-88e1-64cb33f3180e-parameters"
        }
      }, {
        "url": "http://hl7.org/fhir/us/cqfmeasures/StructureDefinition/cqfm-testCaseDescription",
        "valueMarkdown": "Patient with congenital cataract with cataract surgery. "
      } ],
      "modifierExtension": [ {
        "url": "http://hl7.org/fhir/us/cqfmeasures/StructureDefinition/cqfm-isTestCase",
        "valueBoolean": true
      } ],
      "status": "complete",
      "type": "individual",
      "measure": "https://madie.cms.gov/Measure/CMS133FHIRCataracts2040BCVAwithin90Days",
      "period": {
        "start": "2026-01-01",
        "end": "2026-12-31"
      },
      "group": [ {
        "id": "Group_1",
        "population": [ {
          "id": "InitialPopulation_1",
          "code": {
            "coding": [ {
              "system": "http://terminology.hl7.org/CodeSystem/measure-population",
              "code": "initial-population",
              "display": "Initial Population"
            } ]
          },
          "count": 1
        }, {
          "id": "Denominator_1",
          "code": {
            "coding": [ {
              "system": "http://terminology.hl7.org/CodeSystem/measure-population",
              "code": "denominator",
              "display": "Denominator"
            } ]
          },
          "count": 1
        }, {
          "id": "DenominatorExclusion_1",
          "code": {
            "coding": [ {
              "system": "http://terminology.hl7.org/CodeSystem/measure-population",
              "code": "denominator-exclusion",
              "display": "Denominator Exclusion"
            } ]
          },
          "count": 1
        }, {
          "id": "Numerator_1",
          "code": {
            "coding": [ {
              "system": "http://terminology.hl7.org/CodeSystem/measure-population",
              "code": "numerator",
              "display": "Numerator"
            } ]
          },
          "count": 0
        } ],
        "measureScore": {
          "value": 0.0
        }
      } ],
      "evaluatedResource": [ {
        "reference": "Patient/97e4b701-3f87-4155-8497-b60f1fef37dd"
      }, {
        "reference": "Observation/94f6389c-4806-44a4-a3ff-5c61c8e6f852"
      }, {
        "reference": "Procedure/b3d8b961-5cd0-4900-8256-e3735336c00b"
      }, {
        "reference": "Condition/4a7f7caa-853a-45c5-8fa6-186b1592f768"
      }, {
        "reference": "Coverage/96e5f084-3faa-4c6d-a5cb-432c3d34ccef"
      }, {
        "reference": "Organization/e26b9bff-6b07-43a9-8882-b1dd37369efc"
      }, {
        "reference": "Practitioner/be83351c-827a-4a9d-969c-00339d3986aa"
      } ]
    },
    "request": {
      "method": "PUT",
      "url": "MeasureReport/2c99e7ba-8876-4e2c-a2e8-8ff995d68294"
    }
  } ]
}