{
  "resourceType": "Bundle",
  "id": "4613103634163131",
  "type": "transaction",
  "entry": [ {
    "fullUrl": "https://madie.cms.gov/Patient/362e32e9-4f68-4917-811d-7a39eedb4b66",
    "resource": {
      "resourceType": "Patient",
      "id": "362e32e9-4f68-4917-811d-7a39eedb4b66",
      "meta": {
        "profile": [ "http://hl7.org/fhir/us/qicore/StructureDefinition/qicore-patient" ]
      },
      "extension": [ {
        "url": "http://hl7.org/fhir/us/core/StructureDefinition/us-core-race",
        "extension": [ {
          "url": "ombCategory",
          "valueCoding": {
            "system": "urn:oid:2.16.840.1.113883.6.238",
            "code": "2076-8",
            "display": "Native Hawaiian or Other Pacific Islander"
          }
        }, {
          "url": "text",
          "valueString": "Native Hawaiian or Other Pacific Islander"
        } ]
      }, {
        "url": "http://hl7.org/fhir/us/core/StructureDefinition/us-core-ethnicity",
        "extension": [ {
          "url": "ombCategory",
          "valueCoding": {
            "system": "urn:oid:2.16.840.1.113883.6.238",
            "code": "2186-5",
            "display": "Not Hispanic or Latino"
          }
        }, {
          "url": "text",
          "valueString": "Not Hispanic or Latino"
        } ]
      } ],
      "identifier": [ {
        "type": {
          "coding": [ {
            "system": "http://terminology.hl7.org/CodeSystem/v2-0203",
            "code": "MR"
          } ]
        },
        "system": "https://bonnie-fhir.healthit.gov/",
        "value": "7843135463165262"
      } ],
      "name": [ {
        "family": "DENEXPass",
        "given": [ "ImmunocompromisedDxOnDayofStaging" ]
      } ],
      "gender": "female",
      "birthDate": "1947-11-03"
    },
    "request": {
      "method": "PUT",
      "url": "Patient/362e32e9-4f68-4917-811d-7a39eedb4b66"
    }
  }, {
    "fullUrl": "https://madie.cms.gov/Encounter/de6d66e4-2106-4ef1-862a-7b4e4cb32def",
    "resource": {
      "resourceType": "Encounter",
      "id": "de6d66e4-2106-4ef1-862a-7b4e4cb32def",
      "meta": {
        "profile": [ "http://hl7.org/fhir/us/qicore/StructureDefinition/qicore-encounter" ]
      },
      "status": "finished",
      "class": {
        "system": "http://terminology.hl7.org/CodeSystem/v3-ActCode",
        "code": "AMB",
        "display": "ambulatory"
      },
      "type": [ {
        "coding": [ {
          "system": "http://snomed.info/sct",
          "version": "http://snomed.info/sct/731000124108/version/20240301",
          "code": "185463005",
          "display": "Visit out of hours (procedure)"
        } ]
      } ],
      "subject": {
        "reference": "Patient/362e32e9-4f68-4917-811d-7a39eedb4b66"
      },
      "period": {
        "start": "2026-04-06T08:00:00.000+00:00",
        "end": "2026-04-06T09:15:00.000+00:00"
      }
    },
    "request": {
      "method": "PUT",
      "url": "Encounter/de6d66e4-2106-4ef1-862a-7b4e4cb32def"
    }
  }, {
    "fullUrl": "https://madie.cms.gov/Condition/7b75dda8-f0aa-4da1-828a-aba9fc6a1b0d",
    "resource": {
      "resourceType": "Condition",
      "id": "7b75dda8-f0aa-4da1-828a-aba9fc6a1b0d",
      "meta": {
        "profile": [ "http://hl7.org/fhir/us/qicore/StructureDefinition/qicore-condition-problems-health-concerns" ]
      },
      "clinicalStatus": {
        "coding": [ {
          "system": "http://terminology.hl7.org/CodeSystem/condition-clinical",
          "code": "active",
          "display": "Active"
        } ]
      },
      "verificationStatus": {
        "coding": [ {
          "system": "http://terminology.hl7.org/CodeSystem/condition-ver-status",
          "code": "confirmed",
          "display": "Confirmed"
        } ]
      },
      "category": [ {
        "coding": [ {
          "system": "http://terminology.hl7.org/CodeSystem/condition-category",
          "code": "problem-list-item",
          "display": "Problem List Item"
        } ]
      } ],
      "code": {
        "coding": [ {
          "system": "http://hl7.org/fhir/sid/icd-10-cm",
          "version": "2024",
          "code": "C67.1",
          "display": "Malignant neoplasm of dome of bladder"
        } ]
      },
      "subject": {
        "reference": "Patient/362e32e9-4f68-4917-811d-7a39eedb4b66"
      },
      "onsetPeriod": {
        "start": "2026-04-06T08:00:00.000+00:00"
      }
    },
    "request": {
      "method": "PUT",
      "url": "Condition/7b75dda8-f0aa-4da1-828a-aba9fc6a1b0d"
    }
  }, {
    "fullUrl": "https://madie.cms.gov/Condition/a8063165-11dc-4aee-83de-29b66ead8c87",
    "resource": {
      "resourceType": "Condition",
      "id": "a8063165-11dc-4aee-83de-29b66ead8c87",
      "meta": {
        "profile": [ "http://hl7.org/fhir/us/qicore/StructureDefinition/qicore-condition-problems-health-concerns" ]
      },
      "clinicalStatus": {
        "coding": [ {
          "system": "http://terminology.hl7.org/CodeSystem/condition-clinical",
          "code": "active",
          "display": "Active"
        } ]
      },
      "verificationStatus": {
        "coding": [ {
          "system": "http://terminology.hl7.org/CodeSystem/condition-ver-status",
          "code": "confirmed",
          "display": "Confirmed"
        } ]
      },
      "category": [ {
        "coding": [ {
          "system": "http://terminology.hl7.org/CodeSystem/condition-category",
          "code": "problem-list-item",
          "display": "Problem List Item"
        } ]
      } ],
      "code": {
        "coding": [ {
          "system": "http://snomed.info/sct",
          "version": "http://snomed.info/sct/731000124108/version/20240301",
          "code": "109977009",
          "display": "Peripheral T-cell lymphoma (disorder)"
        } ]
      },
      "subject": {
        "reference": "Patient/362e32e9-4f68-4917-811d-7a39eedb4b66"
      },
      "onsetPeriod": {
        "start": "2026-04-06T08:00:00.000+00:00"
      }
    },
    "request": {
      "method": "PUT",
      "url": "Condition/a8063165-11dc-4aee-83de-29b66ead8c87"
    }
  }, {
    "fullUrl": "https://madie.cms.gov/Procedure/e8ea3b62-2c97-4599-85bd-7794a93d9d1d",
    "resource": {
      "resourceType": "Procedure",
      "id": "e8ea3b62-2c97-4599-85bd-7794a93d9d1d",
      "meta": {
        "profile": [ "http://hl7.org/fhir/us/qicore/StructureDefinition/qicore-procedure" ]
      },
      "extension": [ {
        "url": "http://hl7.org/fhir/us/qicore/StructureDefinition/qicore-recorded",
        "valueDateTime": "2026-04-06T08:00:00.000+00:00"
      } ],
      "status": "completed",
      "code": {
        "coding": [ {
          "system": "http://snomed.info/sct",
          "version": "http://snomed.info/sct/731000124108/version/20240301",
          "code": "254292007",
          "display": "Tumor staging"
        } ]
      },
      "subject": {
        "reference": "Patient/362e32e9-4f68-4917-811d-7a39eedb4b66"
      },
      "performedDateTime": "2026-04-06T08:00:00.000+00:00"
    },
    "request": {
      "method": "PUT",
      "url": "Procedure/e8ea3b62-2c97-4599-85bd-7794a93d9d1d"
    }
  }, {
    "fullUrl": "https://madie.cms.gov/Observation/2f1f5614-0010-44e6-a740-b8a95b0fb0ea",
    "resource": {
      "resourceType": "Observation",
      "id": "2f1f5614-0010-44e6-a740-b8a95b0fb0ea",
      "meta": {
        "profile": [ "http://hl7.org/fhir/us/qicore/StructureDefinition/qicore-observation-lab" ]
      },
      "partOf": [ {
        "reference": "Procedure/e8ea3b62-2c97-4599-85bd-7794a93d9d1d"
      } ],
      "status": "final",
      "category": [ {
        "coding": [ {
          "system": "http://terminology.hl7.org/CodeSystem/observation-category",
          "code": "procedure",
          "display": "Procedure"
        } ]
      } ],
      "code": {
        "coding": [ {
          "system": "http://loinc.org",
          "version": "2.76",
          "code": "21902-2",
          "display": "Stage group.pathology Cancer"
        } ]
      },
      "subject": {
        "reference": "Patient/362e32e9-4f68-4917-811d-7a39eedb4b66"
      },
      "effectiveDateTime": "2026-04-06T08:00:00.000+00:00",
      "issued": "2026-04-06T08:10:00.000+00:00",
      "valueCodeableConcept": {
        "coding": [ {
          "system": "http://snomed.info/sct",
          "version": "http://snomed.info/sct/731000124108/version/20240301",
          "code": "1228889001",
          "display": "American Joint Committee on Cancer cT1 (qualifier value)"
        } ]
      }
    },
    "request": {
      "method": "PUT",
      "url": "Observation/2f1f5614-0010-44e6-a740-b8a95b0fb0ea"
    }
  }, {
    "fullUrl": "https://madie.cms.gov/MeasureReport/8d1aa08d-c78e-41bc-8199-ab929488f5a0",
    "resource": {
      "resourceType": "MeasureReport",
      "id": "8d1aa08d-c78e-41bc-8199-ab929488f5a0",
      "meta": {
        "profile": [ "http://hl7.org/fhir/us/cqfmeasures/StructureDefinition/test-case-cqfm" ]
      },
      "contained": [ {
        "resourceType": "Parameters",
        "id": "03362237-9e1e-40a7-9389-60525c84bab0-parameters",
        "parameter": [ {
          "name": "subject",
          "valueString": "362e32e9-4f68-4917-811d-7a39eedb4b66"
        } ]
      } ],
      "extension": [ {
        "url": "http://hl7.org/fhir/StructureDefinition/cqf-inputParameters",
        "valueReference": {
          "reference": "#03362237-9e1e-40a7-9389-60525c84bab0-parameters"
        }
      }, {
        "url": "http://hl7.org/fhir/us/cqfmeasures/StructureDefinition/cqfm-testCaseDescription",
        "valueMarkdown": "Patient with OV in MP. Bladder cancer diagnosis and cancer staging in MP.  Pt has Immunocompromised dx noted on day of staging and should be excluded. ."
      } ],
      "modifierExtension": [ {
        "url": "http://hl7.org/fhir/us/cqfmeasures/StructureDefinition/cqfm-isTestCase",
        "valueBoolean": true
      } ],
      "status": "complete",
      "type": "individual",
      "measure": "https://madie.cms.gov/Measure/CMS646FHIRIntravesicalBacillusCalmetteGuerinForBladderCancer",
      "period": {
        "start": "2026-01-01",
        "end": "2026-12-31"
      },
      "group": [ {
        "id": "Group_1",
        "population": [ {
          "id": "InitialPopulation_1",
          "code": {
            "coding": [ {
              "system": "http://terminology.hl7.org/CodeSystem/measure-population",
              "code": "initial-population",
              "display": "Initial Population"
            } ]
          },
          "count": 1
        }, {
          "id": "Denominator_1",
          "code": {
            "coding": [ {
              "system": "http://terminology.hl7.org/CodeSystem/measure-population",
              "code": "denominator",
              "display": "Denominator"
            } ]
          },
          "count": 1
        }, {
          "id": "DenominatorExclusion_1",
          "code": {
            "coding": [ {
              "system": "http://terminology.hl7.org/CodeSystem/measure-population",
              "code": "denominator-exclusion",
              "display": "Denominator Exclusion"
            } ]
          },
          "count": 1
        }, {
          "id": "Numerator_1",
          "code": {
            "coding": [ {
              "system": "http://terminology.hl7.org/CodeSystem/measure-population",
              "code": "numerator",
              "display": "Numerator"
            } ]
          },
          "count": 0
        }, {
          "id": "DenominatorException_1",
          "code": {
            "coding": [ {
              "system": "http://terminology.hl7.org/CodeSystem/measure-population",
              "code": "denominator-exception",
              "display": "Denominator Exception"
            } ]
          },
          "count": 0
        } ],
        "measureScore": {
          "value": 1.0
        }
      } ],
      "evaluatedResource": [ {
        "reference": "Patient/362e32e9-4f68-4917-811d-7a39eedb4b66"
      }, {
        "reference": "Encounter/de6d66e4-2106-4ef1-862a-7b4e4cb32def"
      }, {
        "reference": "Condition/7b75dda8-f0aa-4da1-828a-aba9fc6a1b0d"
      }, {
        "reference": "Condition/a8063165-11dc-4aee-83de-29b66ead8c87"
      }, {
        "reference": "Procedure/e8ea3b62-2c97-4599-85bd-7794a93d9d1d"
      }, {
        "reference": "Observation/2f1f5614-0010-44e6-a740-b8a95b0fb0ea"
      } ]
    },
    "request": {
      "method": "PUT",
      "url": "MeasureReport/8d1aa08d-c78e-41bc-8199-ab929488f5a0"
    }
  } ]
}