{
  "resourceType": "Bundle",
  "id": "62fd4b660968f8012246b012",
  "type": "transaction",
  "entry": [ {
    "fullUrl": "https://madie.cms.gov/Patient/075f9e36-6a87-47ac-952e-aeb295f184d9",
    "resource": {
      "resourceType": "Patient",
      "id": "075f9e36-6a87-47ac-952e-aeb295f184d9",
      "meta": {
        "profile": [ "http://hl7.org/fhir/us/qicore/StructureDefinition/qicore-patient" ]
      },
      "extension": [ {
        "url": "http://hl7.org/fhir/us/core/StructureDefinition/us-core-race",
        "extension": [ {
          "url": "ombCategory",
          "valueCoding": {
            "system": "urn:oid:2.16.840.1.113883.6.238",
            "code": "2028-9",
            "display": "Asian",
            "userSelected": true
          }
        }, {
          "url": "text",
          "valueString": "Asian"
        } ]
      }, {
        "url": "http://hl7.org/fhir/us/core/StructureDefinition/us-core-ethnicity",
        "extension": [ {
          "url": "ombCategory",
          "valueCoding": {
            "system": "urn:oid:2.16.840.1.113883.6.238",
            "code": "2186-5",
            "display": "Not Hispanic or Latino",
            "userSelected": true
          }
        }, {
          "url": "text",
          "valueString": "Not Hispanic or Latino"
        } ]
      } ],
      "identifier": [ {
        "type": {
          "coding": [ {
            "system": "http://terminology.hl7.org/CodeSystem/v2-0203",
            "code": "MR"
          } ]
        },
        "system": "https://bonnie-fhir.healthit.gov/",
        "value": "62fd4b660968f8012246b012"
      } ],
      "name": [ {
        "family": "DenomPass",
        "given": [ "EncAndReferralDuringPeriods" ]
      } ],
      "gender": "female",
      "birthDate": "1989-11-29"
    },
    "request": {
      "method": "PUT",
      "url": "Patient/075f9e36-6a87-47ac-952e-aeb295f184d9"
    }
  }, {
    "fullUrl": "https://madie.cms.gov/ServiceRequest/1fa75f2e-9c38-4ff4-82d3-a8de962ac0d6",
    "resource": {
      "resourceType": "ServiceRequest",
      "id": "1fa75f2e-9c38-4ff4-82d3-a8de962ac0d6",
      "meta": {
        "profile": [ "http://hl7.org/fhir/us/qicore/StructureDefinition/qicore-servicerequest" ]
      },
      "status": "completed",
      "intent": "order",
      "code": {
        "coding": [ {
          "system": "http://snomed.info/sct",
          "version": "2022-03",
          "code": "103696004",
          "display": "Patient referral to specialist (procedure)",
          "userSelected": true
        } ]
      },
      "subject": {
        "reference": "Patient/075f9e36-6a87-47ac-952e-aeb295f184d9"
      },
      "authoredOn": "2026-01-01T00:00:00.000+00:00"
    },
    "request": {
      "method": "PUT",
      "url": "ServiceRequest/1fa75f2e-9c38-4ff4-82d3-a8de962ac0d6"
    }
  }, {
    "fullUrl": "https://madie.cms.gov/Procedure/3939061a-657a-41a4-97b9-4f2864cfb959",
    "resource": {
      "resourceType": "Procedure",
      "id": "3939061a-657a-41a4-97b9-4f2864cfb959",
      "meta": {
        "profile": [ "http://hl7.org/fhir/us/qicore/StructureDefinition/qicore-procedure" ]
      },
      "extension": [ {
        "url": "http://hl7.org/fhir/us/qicore/StructureDefinition/qicore-recorded",
        "valueDateTime": "2026-01-01T00:00:00.000+00:00"
      } ],
      "status": "completed",
      "code": {
        "coding": [ {
          "system": "http://www.ama-assn.org/go/cpt",
          "code": "96116",
          "display": "Neurobehavioral status exam (clinical assessment of thinking, reasoning and judgment, [eg, acquired knowledge, attention, language, memory, planning and problem solving, and visual spatial abilities]), by physician or other qualified health care professional, both face-to-face time with the patient and time interpreting test results and preparing the report; first hour",
          "userSelected": true
        } ]
      },
      "subject": {
        "reference": "Patient/075f9e36-6a87-47ac-952e-aeb295f184d9"
      },
      "performedDateTime": "2026-01-01T00:00:00.000+00:00"
    },
    "request": {
      "method": "PUT",
      "url": "Procedure/3939061a-657a-41a4-97b9-4f2864cfb959"
    }
  }, {
    "fullUrl": "https://madie.cms.gov/Coverage/6241ff2c-2801-4939-ad5f-db91dc0dfe61",
    "resource": {
      "resourceType": "Coverage",
      "id": "6241ff2c-2801-4939-ad5f-db91dc0dfe61",
      "meta": {
        "profile": [ "http://hl7.org/fhir/us/qicore/StructureDefinition/qicore-coverage" ]
      },
      "status": "active",
      "beneficiary": {
        "reference": "Patient/075f9e36-6a87-47ac-952e-aeb295f184d9"
      },
      "payor": [ {
        "reference": "Organization/ba8c85e2-d470-460f-ac95-5e70ae549b44"
      } ]
    },
    "request": {
      "method": "PUT",
      "url": "Coverage/6241ff2c-2801-4939-ad5f-db91dc0dfe61"
    }
  }, {
    "fullUrl": "https://madie.cms.gov/Organization/ba8c85e2-d470-460f-ac95-5e70ae549b44",
    "resource": {
      "resourceType": "Organization",
      "id": "ba8c85e2-d470-460f-ac95-5e70ae549b44",
      "meta": {
        "profile": [ "http://hl7.org/fhir/us/qicore/StructureDefinition/qicore-organization" ]
      },
      "identifier": [ {
        "use": "temp",
        "system": "urn:oid:2.16.840.1.113883.4.4",
        "value": "21-3259825"
      } ],
      "active": true,
      "type": [ {
        "coding": [ {
          "system": "http://terminology.hl7.org/CodeSystem/organization-type",
          "code": "pay",
          "display": "Payer"
        } ]
      } ],
      "name": "Blue Cross Blue Shield of Texas",
      "telecom": [ {
        "system": "phone",
        "value": "(+1) 972-766-6900"
      } ],
      "address": [ {
        "use": "billing",
        "type": "postal",
        "line": [ "P.O. Box 660044" ],
        "city": "Dallas",
        "state": "TX",
        "postalCode": "75266-0044",
        "country": "USA"
      } ]
    },
    "request": {
      "method": "PUT",
      "url": "Organization/ba8c85e2-d470-460f-ac95-5e70ae549b44"
    }
  }, {
    "fullUrl": "https://madie.cms.gov/Practitioner/efdc061b-a461-4666-9fe3-b8864b3f4f37",
    "resource": {
      "resourceType": "Practitioner",
      "id": "efdc061b-a461-4666-9fe3-b8864b3f4f37",
      "meta": {
        "profile": [ "http://hl7.org/fhir/us/qicore/StructureDefinition/qicore-practitioner" ]
      },
      "identifier": [ {
        "system": "http://hl7.org/fhir/sid/us-npi",
        "value": "123456"
      } ],
      "name": [ {
        "family": "Evil",
        "prefix": [ "Dr" ]
      } ]
    },
    "request": {
      "method": "PUT",
      "url": "Practitioner/efdc061b-a461-4666-9fe3-b8864b3f4f37"
    }
  }, {
    "fullUrl": "https://madie.cms.gov/MeasureReport/41138839-ed75-41b7-8c06-a2eb9ba88f96",
    "resource": {
      "resourceType": "MeasureReport",
      "id": "41138839-ed75-41b7-8c06-a2eb9ba88f96",
      "meta": {
        "profile": [ "http://hl7.org/fhir/us/cqfmeasures/StructureDefinition/test-case-cqfm" ]
      },
      "contained": [ {
        "resourceType": "Parameters",
        "id": "0c846777-7fdd-4cd3-aeee-97d5b5f207e5-parameters",
        "parameter": [ {
          "name": "subject",
          "valueString": "075f9e36-6a87-47ac-952e-aeb295f184d9"
        } ]
      } ],
      "extension": [ {
        "url": "http://hl7.org/fhir/StructureDefinition/cqf-inputParameters",
        "valueReference": {
          "reference": "#0c846777-7fdd-4cd3-aeee-97d5b5f207e5-parameters"
        }
      }, {
        "url": "http://hl7.org/fhir/us/cqfmeasures/StructureDefinition/cqfm-testCaseDescription",
        "valueMarkdown": "Enc first day of MP with a referral "
      } ],
      "modifierExtension": [ {
        "url": "http://hl7.org/fhir/us/cqfmeasures/StructureDefinition/cqfm-isTestCase",
        "valueBoolean": true
      } ],
      "status": "complete",
      "type": "individual",
      "measure": "https://madie.cms.gov/Measure/CMS50FHIRCRLReceiptofSpecialistReport",
      "period": {
        "start": "2026-01-01",
        "end": "2026-12-31"
      },
      "group": [ {
        "id": "Group_1",
        "population": [ {
          "id": "InitialPopulation_1",
          "code": {
            "coding": [ {
              "system": "http://terminology.hl7.org/CodeSystem/measure-population",
              "code": "initial-population",
              "display": "Initial Population"
            } ]
          },
          "count": 1
        }, {
          "id": "Denominator_1",
          "code": {
            "coding": [ {
              "system": "http://terminology.hl7.org/CodeSystem/measure-population",
              "code": "denominator",
              "display": "Denominator"
            } ]
          },
          "count": 1
        }, {
          "id": "Numerator_1",
          "code": {
            "coding": [ {
              "system": "http://terminology.hl7.org/CodeSystem/measure-population",
              "code": "numerator",
              "display": "Numerator"
            } ]
          },
          "count": 0
        } ],
        "measureScore": {
          "value": 1.0
        }
      } ],
      "evaluatedResource": [ {
        "reference": "Patient/075f9e36-6a87-47ac-952e-aeb295f184d9"
      }, {
        "reference": "ServiceRequest/1fa75f2e-9c38-4ff4-82d3-a8de962ac0d6"
      }, {
        "reference": "Procedure/3939061a-657a-41a4-97b9-4f2864cfb959"
      }, {
        "reference": "Coverage/6241ff2c-2801-4939-ad5f-db91dc0dfe61"
      }, {
        "reference": "Organization/ba8c85e2-d470-460f-ac95-5e70ae549b44"
      }, {
        "reference": "Practitioner/efdc061b-a461-4666-9fe3-b8864b3f4f37"
      } ]
    },
    "request": {
      "method": "PUT",
      "url": "MeasureReport/41138839-ed75-41b7-8c06-a2eb9ba88f96"
    }
  } ]
}