{
  "resourceType": "Bundle",
  "id": "60abda28bf0a01003e3f76bd",
  "type": "transaction",
  "entry": [ {
    "fullUrl": "https://madie.cms.gov/Patient/b3d69ee8-375d-4039-9b92-c829cf29e154",
    "resource": {
      "resourceType": "Patient",
      "id": "b3d69ee8-375d-4039-9b92-c829cf29e154",
      "meta": {
        "profile": [ "http://hl7.org/fhir/us/qicore/StructureDefinition/qicore-patient" ]
      },
      "extension": [ {
        "url": "http://hl7.org/fhir/us/core/StructureDefinition/us-core-race",
        "extension": [ {
          "url": "ombCategory",
          "valueCoding": {
            "system": "urn:oid:2.16.840.1.113883.6.238",
            "code": "2054-5",
            "display": "Black or African American"
          }
        }, {
          "url": "text",
          "valueString": "Black or African American"
        } ]
      }, {
        "url": "http://hl7.org/fhir/us/core/StructureDefinition/us-core-ethnicity",
        "extension": [ {
          "url": "ombCategory",
          "valueCoding": {
            "system": "urn:oid:2.16.840.1.113883.6.238",
            "code": "2186-5",
            "display": "Not Hispanic or Latino"
          }
        }, {
          "url": "text",
          "valueString": "Not Hispanic or Latino"
        } ]
      } ],
      "identifier": [ {
        "type": {
          "coding": [ {
            "system": "http://terminology.hl7.org/CodeSystem/v2-0203",
            "code": "MR"
          } ]
        },
        "system": "https://bonnie-fhir.healthit.gov/",
        "value": "463131313187656"
      } ],
      "name": [ {
        "family": "NUMERFail",
        "given": [ "DEXA5YearsBeforeADT" ]
      } ],
      "gender": "male",
      "birthDate": "1984-06-15"
    },
    "request": {
      "method": "PUT",
      "url": "Patient/b3d69ee8-375d-4039-9b92-c829cf29e154"
    }
  }, {
    "fullUrl": "https://madie.cms.gov/Encounter/dcfdc477-6376-4129-bc1a-c8aa30cba143",
    "resource": {
      "resourceType": "Encounter",
      "id": "dcfdc477-6376-4129-bc1a-c8aa30cba143",
      "meta": {
        "profile": [ "http://hl7.org/fhir/us/qicore/StructureDefinition/qicore-encounter" ]
      },
      "status": "finished",
      "class": {
        "system": "http://terminology.hl7.org/CodeSystem/v3-ActCode",
        "code": "AMB",
        "display": "ambulatory"
      },
      "type": [ {
        "coding": [ {
          "system": "http://snomed.info/sct",
          "version": "http://snomed.info/sct/731000124108/version/20240301",
          "code": "185463005",
          "display": "Visit out of hours (procedure)"
        } ]
      } ],
      "subject": {
        "reference": "Patient/b3d69ee8-375d-4039-9b92-c829cf29e154"
      },
      "period": {
        "start": "2026-05-04T08:00:00.000+00:00",
        "end": "2026-05-04T08:15:00.000+00:00"
      }
    },
    "request": {
      "method": "PUT",
      "url": "Encounter/dcfdc477-6376-4129-bc1a-c8aa30cba143"
    }
  }, {
    "fullUrl": "https://madie.cms.gov/Condition/c4acd683-54b7-46b3-8787-3c9adc42077a",
    "resource": {
      "resourceType": "Condition",
      "id": "c4acd683-54b7-46b3-8787-3c9adc42077a",
      "meta": {
        "profile": [ "http://hl7.org/fhir/us/qicore/StructureDefinition/qicore-condition-problems-health-concerns" ]
      },
      "clinicalStatus": {
        "coding": [ {
          "system": "http://terminology.hl7.org/CodeSystem/condition-clinical",
          "code": "active",
          "display": "Active",
          "userSelected": true
        } ]
      },
      "verificationStatus": {
        "coding": [ {
          "system": "http://terminology.hl7.org/CodeSystem/condition-ver-status",
          "code": "confirmed"
        } ]
      },
      "category": [ {
        "coding": [ {
          "system": "http://terminology.hl7.org/CodeSystem/condition-category",
          "code": "problem-list-item",
          "display": "Problem List Item"
        } ]
      } ],
      "code": {
        "coding": [ {
          "system": "http://snomed.info/sct",
          "version": "http://snomed.info/sct/731000124108/version/20240301",
          "code": "254900004",
          "display": "Carcinoma of prostate (disorder)"
        } ]
      },
      "subject": {
        "reference": "Patient/b3d69ee8-375d-4039-9b92-c829cf29e154"
      },
      "onsetPeriod": {
        "start": "2026-05-04T08:00:00.000+00:00"
      }
    },
    "request": {
      "method": "PUT",
      "url": "Condition/c4acd683-54b7-46b3-8787-3c9adc42077a"
    }
  }, {
    "fullUrl": "https://madie.cms.gov/Observation/2b5d797b-b340-433d-96ae-448cbd269b17",
    "resource": {
      "resourceType": "Observation",
      "id": "2b5d797b-b340-433d-96ae-448cbd269b17",
      "meta": {
        "profile": [ "http://hl7.org/fhir/us/qicore/StructureDefinition/qicore-observation-lab" ]
      },
      "status": "final",
      "category": [ {
        "coding": [ {
          "system": "http://terminology.hl7.org/CodeSystem/observation-category",
          "code": "imaging",
          "display": "Imaging"
        } ]
      } ],
      "code": {
        "coding": [ {
          "system": "http://loinc.org",
          "version": "2.76",
          "code": "38265-5",
          "display": "DXA Radius and Ulna [T-score] Bone density"
        } ]
      },
      "subject": {
        "reference": "Patient/b3d69ee8-375d-4039-9b92-c829cf29e154"
      },
      "effectivePeriod": {
        "start": "2021-05-01T10:00:00.000+00:00"
      }
    },
    "request": {
      "method": "PUT",
      "url": "Observation/2b5d797b-b340-433d-96ae-448cbd269b17"
    }
  }, {
    "fullUrl": "https://madie.cms.gov/Practitioner/20abc00e-4e16-4f44-a9b0-f11cd6cff258",
    "resource": {
      "resourceType": "Practitioner",
      "id": "20abc00e-4e16-4f44-a9b0-f11cd6cff258",
      "meta": {
        "profile": [ "http://hl7.org/fhir/us/qicore/StructureDefinition/qicore-practitioner" ]
      },
      "identifier": [ {
        "use": "temp",
        "system": "urn:oid:2.16.840.1.113883.4.336",
        "value": "Practitioner-23"
      } ],
      "active": true,
      "name": [ {
        "family": "Careful",
        "given": [ "Adam" ],
        "prefix": [ "Dr" ]
      } ],
      "address": [ {
        "use": "home",
        "line": [ "534 Erewhon St" ],
        "city": "PleasantVille",
        "state": "UT",
        "postalCode": "84414"
      } ],
      "qualification": [ {
        "identifier": [ {
          "system": "http://example.org/UniversityIdentifier",
          "value": "12345"
        } ],
        "code": {
          "coding": [ {
            "system": "http://terminology.hl7.org/CodeSystem/v2-0360|2.7",
            "code": "BS",
            "display": "Bachelor of Science"
          } ],
          "text": "Bachelor of Science"
        },
        "period": {
          "start": "1996"
        },
        "issuer": {
          "display": "Example University"
        }
      } ]
    },
    "request": {
      "method": "PUT",
      "url": "Practitioner/20abc00e-4e16-4f44-a9b0-f11cd6cff258"
    }
  }, {
    "fullUrl": "https://madie.cms.gov/MedicationRequest/1c946a48-8995-418d-9099-009aea0c1fc2",
    "resource": {
      "resourceType": "MedicationRequest",
      "id": "1c946a48-8995-418d-9099-009aea0c1fc2",
      "meta": {
        "profile": [ "http://hl7.org/fhir/us/qicore/StructureDefinition/qicore-medicationrequest" ]
      },
      "status": "active",
      "intent": "order",
      "medicationCodeableConcept": {
        "coding": [ {
          "system": "http://www.nlm.nih.gov/research/umls/rxnorm",
          "version": "04012024",
          "code": "1115257",
          "display": "1.5 ML leuprolide acetate 30 MG/ML Prefilled Syringe"
        } ]
      },
      "subject": {
        "reference": "Patient/b3d69ee8-375d-4039-9b92-c829cf29e154"
      },
      "authoredOn": "2026-05-04T08:00:00.000+00:00",
      "requester": {
        "reference": "http://myGoodHealthcare.com/fhir/Practitioner/20abc00e-4e16-4f44-a9b0-f11cd6cff258"
      },
      "dosageInstruction": [ {
        "timing": {
          "repeat": {
            "boundsPeriod": {
              "start": "2026-05-04T08:00:00.000+00:00",
              "end": "2026-06-04T08:00:00.000+00:00"
            }
          }
        }
      } ]
    },
    "request": {
      "method": "PUT",
      "url": "MedicationRequest/1c946a48-8995-418d-9099-009aea0c1fc2"
    }
  }, {
    "fullUrl": "https://madie.cms.gov/ServiceRequest/54551542-b914-4ee5-82ab-91c68eb4e5af",
    "resource": {
      "resourceType": "ServiceRequest",
      "id": "54551542-b914-4ee5-82ab-91c68eb4e5af",
      "meta": {
        "profile": [ "http://hl7.org/fhir/us/qicore/StructureDefinition/qicore-servicerequest" ]
      },
      "status": "active",
      "intent": "order",
      "code": {
        "coding": [ {
          "system": "http://snomed.info/sct",
          "version": "http://snomed.info/sct/731000124108/version/20240301",
          "code": "456381000124102",
          "display": "Injection of leuprolide acetate for twelve month period (regime/therapy)"
        } ]
      },
      "subject": {
        "reference": "Patient/b3d69ee8-375d-4039-9b92-c829cf29e154"
      },
      "authoredOn": "2026-05-04T08:00:00.000+00:00"
    },
    "request": {
      "method": "PUT",
      "url": "ServiceRequest/54551542-b914-4ee5-82ab-91c68eb4e5af"
    }
  }, {
    "fullUrl": "https://madie.cms.gov/MeasureReport/483a07b3-ff1c-4b3f-8220-311063c1116f",
    "resource": {
      "resourceType": "MeasureReport",
      "id": "483a07b3-ff1c-4b3f-8220-311063c1116f",
      "meta": {
        "profile": [ "http://hl7.org/fhir/us/cqfmeasures/StructureDefinition/test-case-cqfm" ]
      },
      "contained": [ {
        "resourceType": "Parameters",
        "id": "a54ce649-d86b-439b-8b03-cbf18fba9f5d-parameters",
        "parameter": [ {
          "name": "subject",
          "valueString": "b3d69ee8-375d-4039-9b92-c829cf29e154"
        } ]
      } ],
      "extension": [ {
        "url": "http://hl7.org/fhir/StructureDefinition/cqf-inputParameters",
        "valueReference": {
          "reference": "#a54ce649-d86b-439b-8b03-cbf18fba9f5d-parameters"
        }
      }, {
        "url": "http://hl7.org/fhir/us/cqfmeasures/StructureDefinition/cqfm-testCaseDescription",
        "valueMarkdown": "Dx of Prostate Cancer with qualifying encounter(s) in MP Procedure Ordered. DEXA 5 years prior to ADT.   Failed NUMER Criteria"
      } ],
      "modifierExtension": [ {
        "url": "http://hl7.org/fhir/us/cqfmeasures/StructureDefinition/cqfm-isTestCase",
        "valueBoolean": true
      } ],
      "status": "complete",
      "type": "individual",
      "measure": "https://madie.cms.gov/Measure/CMS645FHIRBoneDensityProstateCancerAndrogenDeprivationTherapy",
      "period": {
        "start": "2026-01-01",
        "end": "2026-12-31"
      },
      "group": [ {
        "id": "Group_1",
        "population": [ {
          "id": "InitialPopulation_1",
          "code": {
            "coding": [ {
              "system": "http://terminology.hl7.org/CodeSystem/measure-population",
              "code": "initial-population",
              "display": "Initial Population"
            } ]
          },
          "count": 1
        }, {
          "id": "Denominator_1",
          "code": {
            "coding": [ {
              "system": "http://terminology.hl7.org/CodeSystem/measure-population",
              "code": "denominator",
              "display": "Denominator"
            } ]
          },
          "count": 1
        }, {
          "id": "Numerator_1",
          "code": {
            "coding": [ {
              "system": "http://terminology.hl7.org/CodeSystem/measure-population",
              "code": "numerator",
              "display": "Numerator"
            } ]
          },
          "count": 0
        }, {
          "id": "DenominatorException_1",
          "code": {
            "coding": [ {
              "system": "http://terminology.hl7.org/CodeSystem/measure-population",
              "code": "denominator-exception",
              "display": "Denominator Exception"
            } ]
          },
          "count": 0
        } ],
        "measureScore": {
          "value": 1.0
        }
      } ],
      "evaluatedResource": [ {
        "reference": "Patient/b3d69ee8-375d-4039-9b92-c829cf29e154"
      }, {
        "reference": "Encounter/dcfdc477-6376-4129-bc1a-c8aa30cba143"
      }, {
        "reference": "Condition/c4acd683-54b7-46b3-8787-3c9adc42077a"
      }, {
        "reference": "Observation/2b5d797b-b340-433d-96ae-448cbd269b17"
      }, {
        "reference": "Practitioner/20abc00e-4e16-4f44-a9b0-f11cd6cff258"
      }, {
        "reference": "MedicationRequest/1c946a48-8995-418d-9099-009aea0c1fc2"
      }, {
        "reference": "ServiceRequest/54551542-b914-4ee5-82ab-91c68eb4e5af"
      } ]
    },
    "request": {
      "method": "PUT",
      "url": "MeasureReport/483a07b3-ff1c-4b3f-8220-311063c1116f"
    }
  } ]
}