{
  "resourceType": "Bundle",
  "id": "DENEXFail-PartialTHAProcDiffDayAsTHAProc",
  "type": "transaction",
  "entry": [ {
    "fullUrl": "https://madie.cms.gov/Patient/a374708c-3778-44ee-a3f2-eb564a554893",
    "resource": {
      "resourceType": "Patient",
      "id": "a374708c-3778-44ee-a3f2-eb564a554893",
      "meta": {
        "profile": [ "http://hl7.org/fhir/us/qicore/StructureDefinition/qicore-patient" ]
      },
      "extension": [ {
        "url": "http://hl7.org/fhir/us/core/StructureDefinition/us-core-race",
        "extension": [ {
          "url": "ombCategory",
          "valueCoding": {
            "system": "urn:oid:2.16.840.1.113883.6.238",
            "code": "2028-9",
            "display": "Asian"
          }
        }, {
          "url": "text",
          "valueString": "Asian"
        } ]
      }, {
        "url": "http://hl7.org/fhir/us/core/StructureDefinition/us-core-ethnicity",
        "extension": [ {
          "url": "ombCategory",
          "valueCoding": {
            "system": "urn:oid:2.16.840.1.113883.6.238",
            "code": "2135-2",
            "display": "Hispanic or Latino"
          }
        }, {
          "url": "text",
          "valueString": "Hispanic or Latino"
        } ]
      } ],
      "identifier": [ {
        "system": "http://hospital.smarthealthit.org",
        "value": "999999995"
      } ],
      "name": [ {
        "family": "Bertha",
        "given": [ "Betty" ]
      } ],
      "gender": "female",
      "birthDate": "2007-01-01"
    },
    "request": {
      "method": "PUT",
      "url": "Patient/a374708c-3778-44ee-a3f2-eb564a554893"
    }
  }, {
    "fullUrl": "https://madie.cms.gov/Procedure/81e1e9da-93e3-435c-94e3-71f0a740f5b3",
    "resource": {
      "resourceType": "Procedure",
      "id": "81e1e9da-93e3-435c-94e3-71f0a740f5b3",
      "meta": {
        "profile": [ "http://hl7.org/fhir/us/qicore/StructureDefinition/qicore-procedure" ]
      },
      "extension": [ {
        "url": "http://hl7.org/fhir/us/qicore/StructureDefinition/qicore-recorded",
        "valueDateTime": "2026-11-01T00:00:00.000Z"
      } ],
      "status": "completed",
      "code": {
        "coding": [ {
          "system": "http://www.cms.gov/Medicare/Coding/ICD10",
          "code": "0SR9019",
          "display": "Replacement of Right Hip Joint with Metal Synthetic Substitute, Cemented, Open Approach"
        } ]
      },
      "subject": {
        "reference": "Patient/a374708c-3778-44ee-a3f2-eb564a554893"
      },
      "performedPeriod": {
        "start": "2024-11-01T00:00:00.000Z",
        "end": "2024-11-01T01:00:00.000Z"
      }
    },
    "request": {
      "method": "PUT",
      "url": "Procedure/81e1e9da-93e3-435c-94e3-71f0a740f5b3"
    }
  }, {
    "fullUrl": "https://madie.cms.gov/Encounter/276dffa4-5f3f-44bb-9004-b6b4a9ad1da3",
    "resource": {
      "resourceType": "Encounter",
      "id": "276dffa4-5f3f-44bb-9004-b6b4a9ad1da3",
      "meta": {
        "profile": [ "http://hl7.org/fhir/us/qicore/StructureDefinition/qicore-encounter" ]
      },
      "status": "finished",
      "class": {
        "system": "http://terminology.hl7.org/CodeSystem/v3-ActCode",
        "code": "AMB",
        "display": "ambulatory"
      },
      "type": [ {
        "coding": [ {
          "system": "http://snomed.info/sct",
          "code": "281036007",
          "display": "Follow-up consultation (procedure)"
        } ]
      } ],
      "subject": {
        "reference": "Patient/a374708c-3778-44ee-a3f2-eb564a554893"
      },
      "period": {
        "start": "2025-11-01T00:00:00.000Z",
        "end": "2025-11-01T01:15:00.000Z"
      }
    },
    "request": {
      "method": "PUT",
      "url": "Encounter/276dffa4-5f3f-44bb-9004-b6b4a9ad1da3"
    }
  }, {
    "fullUrl": "https://madie.cms.gov/Procedure/81e1e9da-93e3-435c-94e3-71f0a740f5b3.1",
    "resource": {
      "resourceType": "Procedure",
      "id": "81e1e9da-93e3-435c-94e3-71f0a740f5b3.1",
      "meta": {
        "profile": [ "http://hl7.org/fhir/us/qicore/StructureDefinition/qicore-procedure" ]
      },
      "extension": [ {
        "url": "http://hl7.org/fhir/us/qicore/StructureDefinition/qicore-recorded",
        "valueDateTime": "2024-11-01T00:00:00.000Z"
      } ],
      "status": "completed",
      "code": {
        "coding": [ {
          "system": "http://www.cms.gov/Medicare/Coding/ICD10",
          "code": "0SRA009",
          "display": "Replacement of Right Hip Joint, Acetabular Surface with Polyethylene Synthetic Substitute, Cemented, Open Approach"
        } ]
      },
      "subject": {
        "reference": "Patient/a374708c-3778-44ee-a3f2-eb564a554893"
      },
      "performedPeriod": {
        "start": "2024-10-31T00:00:00.000Z",
        "end": "2024-10-31T11:59:59.000Z"
      }
    },
    "request": {
      "method": "PUT",
      "url": "Procedure/81e1e9da-93e3-435c-94e3-71f0a740f5b3.1"
    }
  }, {
    "fullUrl": "https://madie.cms.gov/MeasureReport/656bbfa4-5914-426b-ab56-2a5c0113cc57",
    "resource": {
      "resourceType": "MeasureReport",
      "id": "656bbfa4-5914-426b-ab56-2a5c0113cc57",
      "meta": {
        "profile": [ "http://hl7.org/fhir/us/cqfmeasures/StructureDefinition/test-case-cqfm" ]
      },
      "contained": [ {
        "resourceType": "Parameters",
        "id": "47cf6c50-d9ad-49c0-8cd4-c0d6935a72d0-parameters",
        "parameter": [ {
          "name": "subject",
          "valueString": "a374708c-3778-44ee-a3f2-eb564a554893"
        } ]
      } ],
      "extension": [ {
        "url": "http://hl7.org/fhir/StructureDefinition/cqf-inputParameters",
        "valueReference": {
          "reference": "#47cf6c50-d9ad-49c0-8cd4-c0d6935a72d0-parameters"
        }
      }, {
        "url": "http://hl7.org/fhir/us/cqfmeasures/StructureDefinition/cqfm-testCaseDescription",
        "valueMarkdown": "Patient Has Partial Hip Arthroplasty Procedure on a different day than THAProcedure"
      } ],
      "modifierExtension": [ {
        "url": "http://hl7.org/fhir/us/cqfmeasures/StructureDefinition/cqfm-isTestCase",
        "valueBoolean": true
      } ],
      "status": "complete",
      "type": "individual",
      "measure": "https://madie.cms.gov/Measure/CMS56FHIRFunctionalStatusAssessmentforTotalHipReplacement",
      "period": {
        "start": "2026-01-01",
        "end": "2026-12-31"
      },
      "group": [ {
        "id": "Group_1",
        "population": [ {
          "id": "InitialPopulation_1",
          "code": {
            "coding": [ {
              "system": "http://terminology.hl7.org/CodeSystem/measure-population",
              "code": "initial-population",
              "display": "Initial Population"
            } ]
          },
          "count": 1
        }, {
          "id": "Denominator_1",
          "code": {
            "coding": [ {
              "system": "http://terminology.hl7.org/CodeSystem/measure-population",
              "code": "denominator",
              "display": "Denominator"
            } ]
          },
          "count": 1
        }, {
          "id": "DenominatorExclusion_1",
          "code": {
            "coding": [ {
              "system": "http://terminology.hl7.org/CodeSystem/measure-population",
              "code": "denominator-exclusion",
              "display": "Denominator Exclusion"
            } ]
          },
          "count": 0
        }, {
          "id": "Numerator_1",
          "code": {
            "coding": [ {
              "system": "http://terminology.hl7.org/CodeSystem/measure-population",
              "code": "numerator",
              "display": "Numerator"
            } ]
          },
          "count": 0
        } ],
        "measureScore": {
          "value": 1.0
        }
      } ],
      "evaluatedResource": [ {
        "reference": "Patient/a374708c-3778-44ee-a3f2-eb564a554893"
      }, {
        "reference": "Procedure/81e1e9da-93e3-435c-94e3-71f0a740f5b3"
      }, {
        "reference": "Encounter/276dffa4-5f3f-44bb-9004-b6b4a9ad1da3"
      }, {
        "reference": "Procedure/81e1e9da-93e3-435c-94e3-71f0a740f5b3.1"
      } ]
    },
    "request": {
      "method": "PUT",
      "url": "MeasureReport/656bbfa4-5914-426b-ab56-2a5c0113cc57"
    }
  } ]
}