{
  "resourceType": "Bundle",
  "id": "610965b898086b538055c152",
  "type": "transaction",
  "entry": [ {
    "fullUrl": "https://madie.cms.gov/Patient/df21795c-3269-4d4c-9173-0089d65a75d5",
    "resource": {
      "resourceType": "Patient",
      "id": "df21795c-3269-4d4c-9173-0089d65a75d5",
      "meta": {
        "profile": [ "http://hl7.org/fhir/us/qicore/StructureDefinition/qicore-patient" ]
      },
      "text": {
        "status": "generated",
        "div": "<div xmlns=\"http://www.w3.org/1999/xhtml\"><div class=\"hapiHeaderText\">LabTestAge65relevantDatetime <b>NUMERPASS </b></div><table class=\"hapiPropertyTable\"><tbody><tr><td>Identifier</td><td>3a3b648e0cc14e200f2d48b72852219e3b95e5787df1549ba35aedfebdf90868</td></tr><tr><td>Date of birth</td><td><span>02 January 1946</span></td></tr></tbody></table></div>"
      },
      "extension": [ {
        "url": "http://hl7.org/fhir/us/core/StructureDefinition/us-core-race",
        "extension": [ {
          "url": "ombCategory",
          "valueCoding": {
            "system": "urn:oid:2.16.840.1.113883.6.238",
            "code": "1002-5",
            "display": "American Indian or Alaska Native",
            "userSelected": true
          }
        }, {
          "url": "text",
          "valueString": "American Indian or Alaska Native"
        } ]
      }, {
        "url": "http://hl7.org/fhir/us/core/StructureDefinition/us-core-ethnicity",
        "extension": [ {
          "url": "ombCategory",
          "valueCoding": {
            "system": "urn:oid:2.16.840.1.113883.6.238",
            "code": "2135-2",
            "display": "Hispanic or Latino",
            "userSelected": true
          }
        }, {
          "url": "text",
          "valueString": "Hispanic or Latino"
        } ]
      } ],
      "identifier": [ {
        "type": {
          "coding": [ {
            "system": "http://terminology.hl7.org/CodeSystem/v2-0203",
            "code": "MR"
          } ]
        },
        "system": "https://bonnie-fhir.healthit.gov/",
        "value": "610965b898086b538055c152"
      } ],
      "active": true,
      "name": [ {
        "use": "usual",
        "family": "NUMERPass",
        "given": [ "LabTestAge65relevantDatetime" ]
      } ],
      "gender": "female",
      "birthDate": "1960-01-02"
    },
    "request": {
      "method": "PUT",
      "url": "Patient/df21795c-3269-4d4c-9173-0089d65a75d5"
    }
  }, {
    "fullUrl": "https://madie.cms.gov/Encounter/f55ba934-a4ec-4be3-b254-8c0434067e28",
    "resource": {
      "resourceType": "Encounter",
      "id": "f55ba934-a4ec-4be3-b254-8c0434067e28",
      "meta": {
        "profile": [ "http://hl7.org/fhir/us/qicore/StructureDefinition/qicore-encounter" ]
      },
      "status": "finished",
      "class": {
        "system": "http://terminology.hl7.org/CodeSystem/v3-ActCode",
        "code": "AMB",
        "display": "ambulatory",
        "userSelected": true
      },
      "type": [ {
        "coding": [ {
          "system": "http://www.ama-assn.org/go/cpt",
          "code": "99395"
        } ]
      } ],
      "subject": {
        "reference": "Patient/df21795c-3269-4d4c-9173-0089d65a75d5"
      },
      "period": {
        "start": "2026-02-06T08:00:00.000+00:00",
        "end": "2026-02-06T08:15:00.000+00:00"
      }
    },
    "request": {
      "method": "PUT",
      "url": "Encounter/f55ba934-a4ec-4be3-b254-8c0434067e28"
    }
  }, {
    "fullUrl": "https://madie.cms.gov/Observation/924aa30d-d109-47a1-adf1-b6b0b3a7c521",
    "resource": {
      "resourceType": "Observation",
      "id": "924aa30d-d109-47a1-adf1-b6b0b3a7c521",
      "meta": {
        "profile": [ "http://hl7.org/fhir/us/qicore/StructureDefinition/qicore-observation-lab" ]
      },
      "status": "final",
      "category": [ {
        "coding": [ {
          "system": "http://terminology.hl7.org/CodeSystem/observation-category",
          "code": "laboratory",
          "display": "Laboratory",
          "userSelected": true
        } ]
      } ],
      "code": {
        "coding": [ {
          "system": "http://loinc.org",
          "code": "10901-7"
        } ]
      },
      "subject": {
        "reference": "Patient/df21795c-3269-4d4c-9173-0089d65a75d5"
      },
      "effectiveDateTime": "2026-01-01T08:00:00.000+00:00",
      "valueBoolean": true
    },
    "request": {
      "method": "PUT",
      "url": "Observation/924aa30d-d109-47a1-adf1-b6b0b3a7c521"
    }
  }, {
    "fullUrl": "https://madie.cms.gov/MeasureReport/9cbbe03b-8a21-4e7c-b978-b4047fdd541a",
    "resource": {
      "resourceType": "MeasureReport",
      "id": "9cbbe03b-8a21-4e7c-b978-b4047fdd541a",
      "meta": {
        "profile": [ "http://hl7.org/fhir/us/cqfmeasures/StructureDefinition/test-case-cqfm" ]
      },
      "contained": [ {
        "resourceType": "Parameters",
        "id": "0d18ca2c-5ae6-4bd0-884c-ba529c545a25-parameters",
        "parameter": [ {
          "name": "subject",
          "valueString": "df21795c-3269-4d4c-9173-0089d65a75d5"
        } ]
      } ],
      "extension": [ {
        "url": "http://hl7.org/fhir/StructureDefinition/cqf-inputParameters",
        "valueReference": {
          "reference": "#0d18ca2c-5ae6-4bd0-884c-ba529c545a25-parameters"
        }
      }, {
        "url": "http://hl7.org/fhir/us/cqfmeasures/StructureDefinition/cqfm-testCaseDescription",
        "valueMarkdown": "Patient 65 at start of MP, qual encounter during MP, lab test at 65 during MP. - relevantDatetime"
      } ],
      "modifierExtension": [ {
        "url": "http://hl7.org/fhir/us/cqfmeasures/StructureDefinition/cqfm-isTestCase",
        "valueBoolean": true
      } ],
      "status": "complete",
      "type": "individual",
      "measure": "https://madie.cms.gov/Measure/CMS349FHIRHIVScreening",
      "period": {
        "start": "2026-01-01",
        "end": "2026-12-31"
      },
      "group": [ {
        "id": "Group_1",
        "population": [ {
          "id": "InitialPopulation_1",
          "code": {
            "coding": [ {
              "system": "http://terminology.hl7.org/CodeSystem/measure-population",
              "code": "initial-population",
              "display": "Initial Population"
            } ]
          },
          "count": 1
        }, {
          "id": "Denominator_1",
          "code": {
            "coding": [ {
              "system": "http://terminology.hl7.org/CodeSystem/measure-population",
              "code": "denominator",
              "display": "Denominator"
            } ]
          },
          "count": 1
        }, {
          "id": "DenominatorExclusion_1",
          "code": {
            "coding": [ {
              "system": "http://terminology.hl7.org/CodeSystem/measure-population",
              "code": "denominator-exclusion",
              "display": "Denominator Exclusion"
            } ]
          },
          "count": 0
        }, {
          "id": "Numerator_1",
          "code": {
            "coding": [ {
              "system": "http://terminology.hl7.org/CodeSystem/measure-population",
              "code": "numerator",
              "display": "Numerator"
            } ]
          },
          "count": 1
        }, {
          "id": "DenominatorException_1",
          "code": {
            "coding": [ {
              "system": "http://terminology.hl7.org/CodeSystem/measure-population",
              "code": "denominator-exception",
              "display": "Denominator Exception"
            } ]
          },
          "count": 0
        } ],
        "measureScore": {
          "value": 1.0
        }
      } ],
      "evaluatedResource": [ {
        "reference": "Patient/df21795c-3269-4d4c-9173-0089d65a75d5"
      }, {
        "reference": "Encounter/f55ba934-a4ec-4be3-b254-8c0434067e28"
      }, {
        "reference": "Observation/924aa30d-d109-47a1-adf1-b6b0b3a7c521"
      } ]
    },
    "request": {
      "method": "PUT",
      "url": "MeasureReport/9cbbe03b-8a21-4e7c-b978-b4047fdd541a"
    }
  } ]
}