{
  "resourceType": "Bundle",
  "id": "630307ca0968f801224782d2",
  "type": "transaction",
  "entry": [ {
    "fullUrl": "https://madie.cms.gov/Patient/393ab9f4-1c36-4462-8de5-726ab95d95a2",
    "resource": {
      "resourceType": "Patient",
      "id": "393ab9f4-1c36-4462-8de5-726ab95d95a2",
      "meta": {
        "profile": [ "http://hl7.org/fhir/us/qicore/StructureDefinition/qicore-patient" ]
      },
      "extension": [ {
        "url": "http://hl7.org/fhir/us/core/StructureDefinition/us-core-race",
        "extension": [ {
          "url": "ombCategory",
          "valueCoding": {
            "system": "urn:oid:2.16.840.1.113883.6.238",
            "code": "2106-3",
            "display": "White"
          }
        }, {
          "url": "text",
          "valueString": "White"
        } ]
      }, {
        "url": "http://hl7.org/fhir/us/core/StructureDefinition/us-core-ethnicity",
        "extension": [ {
          "url": "ombCategory",
          "valueCoding": {
            "system": "urn:oid:2.16.840.1.113883.6.238",
            "code": "2186-5",
            "display": "Not Hispanic or Latino"
          }
        }, {
          "url": "text",
          "valueString": "Not Hispanic or Latino"
        } ]
      } ],
      "identifier": [ {
        "type": {
          "coding": [ {
            "system": "http://terminology.hl7.org/CodeSystem/v2-0203",
            "code": "MR"
          } ]
        },
        "system": "https://bonnie-fhir.healthit.gov/",
        "value": "630307ca0968f801224782d2"
      } ],
      "name": [ {
        "family": "DENEXPopStrat1Pass",
        "given": [ "BipolarDisorderBeforeEndofMAP" ]
      } ],
      "gender": "female",
      "birthDate": "2011-01-01"
    },
    "request": {
      "method": "PUT",
      "url": "Patient/393ab9f4-1c36-4462-8de5-726ab95d95a2"
    }
  }, {
    "fullUrl": "https://madie.cms.gov/Encounter/f15c2d65-ef2b-44f2-ac02-cf2ab831a891",
    "resource": {
      "resourceType": "Encounter",
      "id": "f15c2d65-ef2b-44f2-ac02-cf2ab831a891",
      "meta": {
        "profile": [ "http://hl7.org/fhir/us/qicore/StructureDefinition/qicore-encounter" ]
      },
      "status": "finished",
      "class": {
        "system": "http://terminology.hl7.org/CodeSystem/v3-ActCode",
        "code": "AMB",
        "display": "ambulatory"
      },
      "type": [ {
        "coding": [ {
          "system": "http://www.ama-assn.org/go/cpt",
          "version": "2024",
          "code": "90791"
        } ]
      } ],
      "subject": {
        "reference": "Patient/393ab9f4-1c36-4462-8de5-726ab95d95a2"
      },
      "period": {
        "start": "2025-02-25T14:30:00+00:00",
        "end": "2025-02-25T14:50:00+00:00"
      },
      "length": {
        "value": 0,
        "unit": "days"
      }
    },
    "request": {
      "method": "PUT",
      "url": "Encounter/f15c2d65-ef2b-44f2-ac02-cf2ab831a891"
    }
  }, {
    "fullUrl": "https://madie.cms.gov/Observation/71109062-e2d3-4187-98ea-fcb86103907f",
    "resource": {
      "resourceType": "Observation",
      "id": "71109062-e2d3-4187-98ea-fcb86103907f",
      "meta": {
        "profile": [ "http://hl7.org/fhir/us/qicore/StructureDefinition/qicore-observation-screening-assessment" ]
      },
      "status": "final",
      "category": [ {
        "coding": [ {
          "system": "http://terminology.hl7.org/CodeSystem/observation-category",
          "code": "survey",
          "display": "Survey"
        } ]
      } ],
      "code": {
        "coding": [ {
          "system": "http://loinc.org",
          "version": "2.76",
          "code": "44261-6"
        } ]
      },
      "subject": {
        "reference": "Patient/393ab9f4-1c36-4462-8de5-726ab95d95a2"
      },
      "effectiveDateTime": "2025-02-25T14:35:00+00:00",
      "valueInteger": 10
    },
    "request": {
      "method": "PUT",
      "url": "Observation/71109062-e2d3-4187-98ea-fcb86103907f"
    }
  }, {
    "fullUrl": "https://madie.cms.gov/Observation/f6322319-988b-4e22-8734-d4fa0c1f636b",
    "resource": {
      "resourceType": "Observation",
      "id": "f6322319-988b-4e22-8734-d4fa0c1f636b",
      "meta": {
        "profile": [ "http://hl7.org/fhir/us/qicore/StructureDefinition/qicore-observation-screening-assessment" ]
      },
      "status": "final",
      "category": [ {
        "coding": [ {
          "system": "http://terminology.hl7.org/CodeSystem/observation-category",
          "code": "survey",
          "display": "Survey"
        } ]
      } ],
      "code": {
        "coding": [ {
          "system": "http://loinc.org",
          "version": "2.76",
          "code": "44261-6"
        } ]
      },
      "subject": {
        "reference": "Patient/393ab9f4-1c36-4462-8de5-726ab95d95a2"
      },
      "effectiveDateTime": "2026-02-19T14:30:00+00:00",
      "valueInteger": 3
    },
    "request": {
      "method": "PUT",
      "url": "Observation/f6322319-988b-4e22-8734-d4fa0c1f636b"
    }
  }, {
    "fullUrl": "https://madie.cms.gov/Condition/c61bdc82-9112-4588-ae76-d7f26b002dfe",
    "resource": {
      "resourceType": "Condition",
      "id": "c61bdc82-9112-4588-ae76-d7f26b002dfe",
      "meta": {
        "profile": [ "http://hl7.org/fhir/us/qicore/StructureDefinition/qicore-condition-problems-health-concerns" ]
      },
      "clinicalStatus": {
        "coding": [ {
          "system": "http://terminology.hl7.org/CodeSystem/condition-clinical",
          "code": "active",
          "display": "active"
        } ]
      },
      "verificationStatus": {
        "coding": [ {
          "system": "http://terminology.hl7.org/CodeSystem/condition-ver-status",
          "code": "confirmed"
        } ]
      },
      "category": [ {
        "coding": [ {
          "system": "http://terminology.hl7.org/CodeSystem/condition-category",
          "code": "problem-list-item",
          "display": "Problem List Item"
        } ]
      } ],
      "code": {
        "coding": [ {
          "system": "http://hl7.org/fhir/sid/icd-10-cm",
          "version": "2024",
          "code": "F32.9"
        } ]
      },
      "subject": {
        "reference": "Patient/393ab9f4-1c36-4462-8de5-726ab95d95a2"
      },
      "onsetDateTime": "2025-02-25T14:35:00+00:00"
    },
    "request": {
      "method": "PUT",
      "url": "Condition/c61bdc82-9112-4588-ae76-d7f26b002dfe"
    }
  }, {
    "fullUrl": "https://madie.cms.gov/Condition/ee7db1c0-d3fe-4fe8-8a9b-d13ab7536de7",
    "resource": {
      "resourceType": "Condition",
      "id": "ee7db1c0-d3fe-4fe8-8a9b-d13ab7536de7",
      "meta": {
        "profile": [ "http://hl7.org/fhir/us/qicore/StructureDefinition/qicore-condition-encounter-diagnosis" ]
      },
      "clinicalStatus": {
        "coding": [ {
          "system": "http://terminology.hl7.org/CodeSystem/condition-clinical",
          "code": "active",
          "display": "active"
        } ]
      },
      "verificationStatus": {
        "coding": [ {
          "system": "http://terminology.hl7.org/CodeSystem/condition-ver-status",
          "code": "confirmed"
        } ]
      },
      "category": [ {
        "coding": [ {
          "system": "http://terminology.hl7.org/CodeSystem/condition-category",
          "code": "encounter-diagnosis",
          "display": "Encounter Diagnosis"
        } ]
      } ],
      "code": {
        "coding": [ {
          "system": "http://snomed.info/sct",
          "version": "http://snomed.info/sct/731000124108/version/20230901",
          "code": "10981006",
          "display": "Severe mixed bipolar I disorder with psychotic features (disorder)"
        } ]
      },
      "subject": {
        "reference": "Patient/393ab9f4-1c36-4462-8de5-726ab95d95a2"
      },
      "onsetDateTime": "2025-02-25T14:35:00+00:00"
    },
    "request": {
      "method": "PUT",
      "url": "Condition/ee7db1c0-d3fe-4fe8-8a9b-d13ab7536de7"
    }
  }, {
    "fullUrl": "https://madie.cms.gov/MeasureReport/6c83f831-4577-4841-b759-3547ad288848",
    "resource": {
      "resourceType": "MeasureReport",
      "id": "6c83f831-4577-4841-b759-3547ad288848",
      "meta": {
        "profile": [ "http://hl7.org/fhir/us/cqfmeasures/StructureDefinition/test-case-cqfm" ]
      },
      "contained": [ {
        "resourceType": "Parameters",
        "id": "7c67351d-5ba5-4acd-b73f-03a45d039a27-parameters",
        "parameter": [ {
          "name": "subject",
          "valueString": "393ab9f4-1c36-4462-8de5-726ab95d95a2"
        } ]
      } ],
      "extension": [ {
        "url": "http://hl7.org/fhir/StructureDefinition/cqf-inputParameters",
        "valueReference": {
          "reference": "#7c67351d-5ba5-4acd-b73f-03a45d039a27-parameters"
        }
      }, {
        "url": "http://hl7.org/fhir/us/cqfmeasures/StructureDefinition/cqfm-testCaseDescription",
        "valueMarkdown": "Patient is 15 years old and has a Major Depressive diagnosis and PHQ-9>9 during the denom ID period. Patient had bipolar disorder before end of MAP. Should be in denominator exclusion for Strat 1. Note: Stratification Issue."
      } ],
      "modifierExtension": [ {
        "url": "http://hl7.org/fhir/us/cqfmeasures/StructureDefinition/cqfm-isTestCase",
        "valueBoolean": true
      } ],
      "status": "complete",
      "type": "individual",
      "measure": "https://madie.cms.gov/Measure/CMS159FHIRDepressionRemissionatTwelveMonths",
      "period": {
        "start": "2026-01-01",
        "end": "2026-12-31"
      },
      "group": [ {
        "id": "Group_1",
        "population": [ {
          "id": "InitialPopulation_1",
          "code": {
            "coding": [ {
              "system": "http://terminology.hl7.org/CodeSystem/measure-population",
              "code": "initial-population",
              "display": "Initial Population"
            } ]
          },
          "count": 1
        }, {
          "id": "Denominator_1",
          "code": {
            "coding": [ {
              "system": "http://terminology.hl7.org/CodeSystem/measure-population",
              "code": "denominator",
              "display": "Denominator"
            } ]
          },
          "count": 1
        }, {
          "id": "DenominatorExclusion_1",
          "code": {
            "coding": [ {
              "system": "http://terminology.hl7.org/CodeSystem/measure-population",
              "code": "denominator-exclusion",
              "display": "Denominator Exclusion"
            } ]
          },
          "count": 1
        }, {
          "id": "Numerator_1",
          "code": {
            "coding": [ {
              "system": "http://terminology.hl7.org/CodeSystem/measure-population",
              "code": "numerator",
              "display": "Numerator"
            } ]
          },
          "count": 0
        } ],
        "measureScore": {
          "value": 1.0
        }
      } ],
      "evaluatedResource": [ {
        "reference": "Patient/393ab9f4-1c36-4462-8de5-726ab95d95a2"
      }, {
        "reference": "Encounter/f15c2d65-ef2b-44f2-ac02-cf2ab831a891"
      }, {
        "reference": "Observation/71109062-e2d3-4187-98ea-fcb86103907f"
      }, {
        "reference": "Observation/f6322319-988b-4e22-8734-d4fa0c1f636b"
      }, {
        "reference": "Condition/c61bdc82-9112-4588-ae76-d7f26b002dfe"
      }, {
        "reference": "Condition/ee7db1c0-d3fe-4fe8-8a9b-d13ab7536de7"
      } ]
    },
    "request": {
      "method": "PUT",
      "url": "MeasureReport/6c83f831-4577-4841-b759-3547ad288848"
    }
  } ]
}