{
  "resourceType": "Bundle",
  "id": "62bb3859e8081f5ef5e199f5",
  "type": "transaction",
  "entry": [ {
    "fullUrl": "https://madie.cms.gov/Patient/a8091d75-0448-41e4-b666-56873228def3",
    "resource": {
      "resourceType": "Patient",
      "id": "a8091d75-0448-41e4-b666-56873228def3",
      "meta": {
        "profile": [ "http://hl7.org/fhir/us/qicore/StructureDefinition/qicore-patient" ]
      },
      "extension": [ {
        "url": "http://hl7.org/fhir/us/core/StructureDefinition/us-core-race",
        "extension": [ {
          "url": "ombCategory",
          "valueCoding": {
            "system": "urn:oid:2.16.840.1.113883.6.238",
            "code": "1002-5",
            "display": "American Indian or Alaska Native",
            "userSelected": true
          }
        }, {
          "url": "text",
          "valueString": "American Indian or Alaska Native"
        } ]
      }, {
        "url": "http://hl7.org/fhir/us/core/StructureDefinition/us-core-ethnicity",
        "extension": [ {
          "url": "ombCategory",
          "valueCoding": {
            "system": "urn:oid:2.16.840.1.113883.6.238",
            "code": "2135-2",
            "display": "Hispanic or Latino",
            "userSelected": true
          }
        }, {
          "url": "text",
          "valueString": "Hispanic or Latino"
        } ]
      } ],
      "identifier": [ {
        "type": {
          "coding": [ {
            "system": "http://terminology.hl7.org/CodeSystem/v2-0203",
            "code": "MR"
          } ]
        },
        "system": "https://bonnie-fhir.healthit.gov/",
        "value": "62bb3859e8081f5ef5e199f5"
      } ],
      "name": [ {
        "family": "DENOMFail",
        "given": [ "ADTMoreThan9MonthsAfterMP" ]
      } ],
      "gender": "male",
      "birthDate": "1970-09-19"
    },
    "request": {
      "method": "PUT",
      "url": "Patient/a8091d75-0448-41e4-b666-56873228def3"
    }
  }, {
    "fullUrl": "https://madie.cms.gov/Encounter/59e8bbe7-8a2c-4d1e-bc7a-4f253b8fe9ed",
    "resource": {
      "resourceType": "Encounter",
      "id": "59e8bbe7-8a2c-4d1e-bc7a-4f253b8fe9ed",
      "meta": {
        "profile": [ "http://hl7.org/fhir/us/qicore/StructureDefinition/qicore-encounter" ]
      },
      "status": "finished",
      "class": {
        "system": "http://terminology.hl7.org/CodeSystem/v3-ActCode",
        "code": "AMB",
        "display": "ambulatory"
      },
      "type": [ {
        "coding": [ {
          "system": "http://snomed.info/sct",
          "version": "http://snomed.info/sct/731000124108/version/20240401",
          "code": "185463005",
          "display": "Visit out of hours (procedure)",
          "userSelected": true
        } ]
      } ],
      "subject": {
        "reference": "Patient/a8091d75-0448-41e4-b666-56873228def3"
      },
      "period": {
        "start": "2026-03-03T08:00:00.000+00:00",
        "end": "2026-03-03T08:15:00.000+00:00"
      }
    },
    "request": {
      "method": "PUT",
      "url": "Encounter/59e8bbe7-8a2c-4d1e-bc7a-4f253b8fe9ed"
    }
  }, {
    "fullUrl": "https://madie.cms.gov/Condition/ea186b3c-3087-4339-a5bc-0e62de210c7e",
    "resource": {
      "resourceType": "Condition",
      "id": "ea186b3c-3087-4339-a5bc-0e62de210c7e",
      "meta": {
        "profile": [ "http://hl7.org/fhir/us/qicore/StructureDefinition/qicore-condition-problems-health-concerns" ]
      },
      "clinicalStatus": {
        "coding": [ {
          "system": "http://terminology.hl7.org/CodeSystem/condition-clinical",
          "code": "active",
          "display": "Active",
          "userSelected": true
        } ]
      },
      "verificationStatus": {
        "coding": [ {
          "system": "http://terminology.hl7.org/CodeSystem/condition-ver-status",
          "code": "confirmed",
          "display": "Confirmed",
          "userSelected": true
        } ]
      },
      "category": [ {
        "coding": [ {
          "system": "http://terminology.hl7.org/CodeSystem/condition-category",
          "code": "problem-list-item",
          "display": "Problem List Item"
        } ]
      } ],
      "code": {
        "coding": [ {
          "system": "http://snomed.info/sct",
          "version": "http://snomed.info/sct/731000124108/version/20240401",
          "code": "254900004",
          "display": "Carcinoma of prostate (disorder)",
          "userSelected": true
        } ]
      },
      "subject": {
        "reference": "Patient/a8091d75-0448-41e4-b666-56873228def3"
      },
      "onsetPeriod": {
        "start": "2026-03-03T08:00:00.000+00:00"
      }
    },
    "request": {
      "method": "PUT",
      "url": "Condition/ea186b3c-3087-4339-a5bc-0e62de210c7e"
    }
  }, {
    "fullUrl": "https://madie.cms.gov/MedicationRequest/35a54dec-38f8-4ad7-898c-6fc7d7ada3ab",
    "resource": {
      "resourceType": "MedicationRequest",
      "id": "35a54dec-38f8-4ad7-898c-6fc7d7ada3ab",
      "meta": {
        "profile": [ "http://hl7.org/fhir/us/qicore/StructureDefinition/qicore-medicationrequest" ]
      },
      "status": "active",
      "intent": "order",
      "medicationCodeableConcept": {
        "coding": [ {
          "system": "http://www.nlm.nih.gov/research/umls/rxnorm",
          "version": "2025-01",
          "code": "752884",
          "display": "0.375 ML leuprolide acetate 120 MG/ML Prefilled Syringe",
          "userSelected": true
        } ]
      },
      "subject": {
        "reference": "Patient/a8091d75-0448-41e4-b666-56873228def3"
      },
      "authoredOn": "2026-10-02T08:00:00.000+00:00",
      "requester": {
        "reference": "http://myGoodHealthcare.com/fhir/Practitioner/646346"
      },
      "dosageInstruction": [ {
        "timing": {
          "repeat": {
            "boundsPeriod": {
              "start": "2026-10-02T08:00:00.000+00:00"
            }
          }
        }
      } ]
    },
    "request": {
      "method": "PUT",
      "url": "MedicationRequest/35a54dec-38f8-4ad7-898c-6fc7d7ada3ab"
    }
  }, {
    "fullUrl": "https://madie.cms.gov/ServiceRequest/ba3edb2d-c6eb-43cf-8c99-1becca614ca0",
    "resource": {
      "resourceType": "ServiceRequest",
      "id": "ba3edb2d-c6eb-43cf-8c99-1becca614ca0",
      "meta": {
        "profile": [ "http://hl7.org/fhir/us/qicore/StructureDefinition/qicore-servicerequest" ]
      },
      "status": "active",
      "intent": "order",
      "code": {
        "coding": [ {
          "system": "http://snomed.info/sct",
          "code": "456381000124102",
          "display": "Injection of leuprolide acetate for twelve month period (regime/therapy)",
          "userSelected": true
        } ]
      },
      "subject": {
        "reference": "Patient/a8091d75-0448-41e4-b666-56873228def3"
      },
      "authoredOn": "2026-10-02T08:00:00.000+00:00"
    },
    "request": {
      "method": "PUT",
      "url": "ServiceRequest/ba3edb2d-c6eb-43cf-8c99-1becca614ca0"
    }
  }, {
    "fullUrl": "https://madie.cms.gov/MeasureReport/7310b3b2-388a-4e5d-af9c-60a38fb0e046",
    "resource": {
      "resourceType": "MeasureReport",
      "id": "7310b3b2-388a-4e5d-af9c-60a38fb0e046",
      "meta": {
        "profile": [ "http://hl7.org/fhir/us/cqfmeasures/StructureDefinition/test-case-cqfm" ]
      },
      "contained": [ {
        "resourceType": "Parameters",
        "id": "cd2eaa36-e520-4100-9d33-dd7d10e91439-parameters",
        "parameter": [ {
          "name": "subject",
          "valueString": "a8091d75-0448-41e4-b666-56873228def3"
        } ]
      } ],
      "extension": [ {
        "url": "http://hl7.org/fhir/StructureDefinition/cqf-inputParameters",
        "valueReference": {
          "reference": "#cd2eaa36-e520-4100-9d33-dd7d10e91439-parameters"
        }
      }, {
        "url": "http://hl7.org/fhir/us/cqfmeasures/StructureDefinition/cqfm-testCaseDescription",
        "valueMarkdown": "Dx of Prostate Cancer with qualifying encounter(s) in MP, but ADT greater than 9 months after start of MP. "
      } ],
      "modifierExtension": [ {
        "url": "http://hl7.org/fhir/us/cqfmeasures/StructureDefinition/cqfm-isTestCase",
        "valueBoolean": true
      } ],
      "status": "complete",
      "type": "individual",
      "measure": "https://madie.cms.gov/Measure/CMS645FHIRBoneDensityProstateCancerAndrogenDeprivationTherapy",
      "period": {
        "start": "2026-01-01",
        "end": "2026-12-31"
      },
      "group": [ {
        "id": "Group_1",
        "population": [ {
          "id": "InitialPopulation_1",
          "code": {
            "coding": [ {
              "system": "http://terminology.hl7.org/CodeSystem/measure-population",
              "code": "initial-population",
              "display": "Initial Population"
            } ]
          },
          "count": 0
        }, {
          "id": "Denominator_1",
          "code": {
            "coding": [ {
              "system": "http://terminology.hl7.org/CodeSystem/measure-population",
              "code": "denominator",
              "display": "Denominator"
            } ]
          },
          "count": 0
        }, {
          "id": "Numerator_1",
          "code": {
            "coding": [ {
              "system": "http://terminology.hl7.org/CodeSystem/measure-population",
              "code": "numerator",
              "display": "Numerator"
            } ]
          },
          "count": 0
        }, {
          "id": "DenominatorException_1",
          "code": {
            "coding": [ {
              "system": "http://terminology.hl7.org/CodeSystem/measure-population",
              "code": "denominator-exception",
              "display": "Denominator Exception"
            } ]
          },
          "count": 0
        } ],
        "measureScore": {
          "value": 1.0
        }
      } ],
      "evaluatedResource": [ {
        "reference": "Patient/a8091d75-0448-41e4-b666-56873228def3"
      }, {
        "reference": "Encounter/59e8bbe7-8a2c-4d1e-bc7a-4f253b8fe9ed"
      }, {
        "reference": "Condition/ea186b3c-3087-4339-a5bc-0e62de210c7e"
      }, {
        "reference": "MedicationRequest/35a54dec-38f8-4ad7-898c-6fc7d7ada3ab"
      }, {
        "reference": "ServiceRequest/ba3edb2d-c6eb-43cf-8c99-1becca614ca0"
      } ]
    },
    "request": {
      "method": "PUT",
      "url": "MeasureReport/7310b3b2-388a-4e5d-af9c-60a38fb0e046"
    }
  } ]
}