{
  "resourceType": "Bundle",
  "id": "465413513456435131",
  "type": "transaction",
  "entry": [ {
    "fullUrl": "https://madie.cms.gov/Patient/c4aaf7e0-8ffd-44bf-a037-5e12e9706e3c",
    "resource": {
      "resourceType": "Patient",
      "id": "c4aaf7e0-8ffd-44bf-a037-5e12e9706e3c",
      "meta": {
        "profile": [ "http://hl7.org/fhir/us/qicore/StructureDefinition/qicore-patient" ]
      },
      "extension": [ {
        "url": "http://hl7.org/fhir/us/core/StructureDefinition/us-core-race",
        "extension": [ {
          "url": "ombCategory",
          "valueCoding": {
            "system": "urn:oid:2.16.840.1.113883.6.238",
            "code": "1002-5",
            "display": "American Indian or Alaska Native"
          }
        }, {
          "url": "text",
          "valueString": "American Indian or Alaska Native"
        } ]
      }, {
        "url": "http://hl7.org/fhir/us/core/StructureDefinition/us-core-ethnicity",
        "extension": [ {
          "url": "ombCategory",
          "valueCoding": {
            "system": "urn:oid:2.16.840.1.113883.6.238",
            "code": "2135-2",
            "display": "Hispanic or Latino"
          }
        }, {
          "url": "text",
          "valueString": "Hispanic or Latino"
        } ]
      } ],
      "identifier": [ {
        "type": {
          "coding": [ {
            "system": "http://terminology.hl7.org/CodeSystem/v2-0203",
            "code": "MR"
          } ]
        },
        "system": "https://bonnie-fhir.healthit.gov/",
        "value": "459646516330"
      } ],
      "name": [ {
        "family": "NUMERPass",
        "given": [ "ActiveACEARBDuringEnc" ]
      } ],
      "gender": "male",
      "birthDate": "1982-01-01"
    },
    "request": {
      "method": "PUT",
      "url": "Patient/c4aaf7e0-8ffd-44bf-a037-5e12e9706e3c"
    }
  }, {
    "fullUrl": "https://madie.cms.gov/Encounter/e35543fa-ad48-4be5-8ed8-6d2cdf43087d",
    "resource": {
      "resourceType": "Encounter",
      "id": "e35543fa-ad48-4be5-8ed8-6d2cdf43087d",
      "meta": {
        "profile": [ "http://hl7.org/fhir/us/qicore/StructureDefinition/qicore-encounter" ]
      },
      "status": "finished",
      "class": {
        "system": "http://terminology.hl7.org/CodeSystem/v3-ActCode",
        "code": "AMB",
        "display": "ambulatory"
      },
      "type": [ {
        "coding": [ {
          "system": "http://snomed.info/sct",
          "version": "http://snomed.info/sct/731000124108/version/20240301",
          "code": "185463005",
          "display": "Visit out of hours (procedure)"
        } ]
      } ],
      "subject": {
        "reference": "Patient/c4aaf7e0-8ffd-44bf-a037-5e12e9706e3c"
      },
      "period": {
        "start": "2026-02-03T08:00:00.000+00:00",
        "end": "2026-02-03T08:15:00.000+00:00"
      }
    },
    "request": {
      "method": "PUT",
      "url": "Encounter/e35543fa-ad48-4be5-8ed8-6d2cdf43087d"
    }
  }, {
    "fullUrl": "https://madie.cms.gov/Encounter/8b4cf92b-5be9-4a17-9157-e12b6d2ae80e",
    "resource": {
      "resourceType": "Encounter",
      "id": "8b4cf92b-5be9-4a17-9157-e12b6d2ae80e",
      "meta": {
        "profile": [ "http://hl7.org/fhir/us/qicore/StructureDefinition/qicore-encounter" ]
      },
      "status": "finished",
      "class": {
        "system": "http://terminology.hl7.org/CodeSystem/v3-ActCode",
        "code": "AMB",
        "display": "ambulatory"
      },
      "type": [ {
        "coding": [ {
          "system": "http://snomed.info/sct",
          "version": "http://snomed.info/sct/731000124108/version/20240301",
          "code": "209099002",
          "display": "History and physical examination with management of domiciliary or rest home patient (procedure)"
        } ]
      } ],
      "subject": {
        "reference": "Patient/c4aaf7e0-8ffd-44bf-a037-5e12e9706e3c"
      },
      "period": {
        "start": "2026-03-01T08:00:00.000+00:00",
        "end": "2026-03-01T08:15:00.000+00:00"
      }
    },
    "request": {
      "method": "PUT",
      "url": "Encounter/8b4cf92b-5be9-4a17-9157-e12b6d2ae80e"
    }
  }, {
    "fullUrl": "https://madie.cms.gov/Condition/598d6f8c-b2a4-4ad1-bf25-50e8704d37e9",
    "resource": {
      "resourceType": "Condition",
      "id": "598d6f8c-b2a4-4ad1-bf25-50e8704d37e9",
      "meta": {
        "profile": [ "http://hl7.org/fhir/us/qicore/StructureDefinition/qicore-condition-problems-health-concerns" ]
      },
      "clinicalStatus": {
        "coding": [ {
          "system": "http://terminology.hl7.org/CodeSystem/condition-clinical",
          "code": "active",
          "display": "Active"
        } ]
      },
      "verificationStatus": {
        "coding": [ {
          "system": "http://terminology.hl7.org/CodeSystem/condition-ver-status",
          "code": "confirmed",
          "display": "Confirmed"
        } ]
      },
      "category": [ {
        "coding": [ {
          "system": "http://terminology.hl7.org/CodeSystem/condition-category",
          "code": "problem-list-item",
          "display": "Problem List Item"
        } ]
      } ],
      "code": {
        "coding": [ {
          "system": "http://snomed.info/sct",
          "version": "http://snomed.info/sct/731000124108/version/20240301",
          "code": "10091002",
          "display": "High output heart failure (disorder)"
        } ]
      },
      "subject": {
        "reference": "Patient/c4aaf7e0-8ffd-44bf-a037-5e12e9706e3c"
      },
      "onsetPeriod": {
        "start": "2026-02-03T08:00:00.000+00:00",
        "end": "2026-02-03T08:15:00.000+00:00"
      }
    },
    "request": {
      "method": "PUT",
      "url": "Condition/598d6f8c-b2a4-4ad1-bf25-50e8704d37e9"
    }
  }, {
    "fullUrl": "https://madie.cms.gov/Condition/be55ca6d-f38b-4a68-9b50-08f3d6aa6441",
    "resource": {
      "resourceType": "Condition",
      "id": "be55ca6d-f38b-4a68-9b50-08f3d6aa6441",
      "meta": {
        "profile": [ "http://hl7.org/fhir/us/qicore/StructureDefinition/qicore-condition-problems-health-concerns" ]
      },
      "clinicalStatus": {
        "coding": [ {
          "system": "http://terminology.hl7.org/CodeSystem/condition-clinical",
          "code": "active",
          "display": "Active"
        } ]
      },
      "verificationStatus": {
        "coding": [ {
          "system": "http://terminology.hl7.org/CodeSystem/condition-ver-status",
          "code": "confirmed",
          "display": "Confirmed"
        } ]
      },
      "category": [ {
        "coding": [ {
          "system": "http://terminology.hl7.org/CodeSystem/condition-category",
          "code": "problem-list-item",
          "display": "Problem List Item"
        } ]
      } ],
      "severity": {
        "coding": [ {
          "system": "http://snomed.info/sct",
          "version": "http://snomed.info/sct/731000124108/version/20240301",
          "code": "24484000",
          "display": "Severe (severity modifier) (qualifier value)"
        } ]
      },
      "code": {
        "coding": [ {
          "system": "http://snomed.info/sct",
          "version": "http://snomed.info/sct/731000124108/version/20240301",
          "code": "134401001",
          "display": "Left ventricular systolic dysfunction (disorder)"
        } ]
      },
      "subject": {
        "reference": "Patient/c4aaf7e0-8ffd-44bf-a037-5e12e9706e3c"
      },
      "onsetPeriod": {
        "start": "2026-02-03T08:00:00.000+00:00",
        "end": "2026-02-03T08:15:00.000+00:00"
      }
    },
    "request": {
      "method": "PUT",
      "url": "Condition/be55ca6d-f38b-4a68-9b50-08f3d6aa6441"
    }
  }, {
    "fullUrl": "https://madie.cms.gov/MedicationRequest/6b56ae68-d423-4e57-9db1-6bd099d71fbc",
    "resource": {
      "resourceType": "MedicationRequest",
      "id": "6b56ae68-d423-4e57-9db1-6bd099d71fbc",
      "meta": {
        "profile": [ "http://hl7.org/fhir/us/qicore/StructureDefinition/qicore-medicationrequest" ]
      },
      "status": "active",
      "intent": "order",
      "medicationCodeableConcept": {
        "coding": [ {
          "system": "http://www.nlm.nih.gov/research/umls/rxnorm",
          "version": "04012024",
          "code": "1091652",
          "display": "azilsartan medoxomil 80 MG Oral Tablet"
        } ]
      },
      "subject": {
        "reference": "Patient/c4aaf7e0-8ffd-44bf-a037-5e12e9706e3c"
      },
      "authoredOn": "2026-01-02T08:00:00.000+00:00",
      "requester": {
        "reference": "Practitioner/5d250331-cc7c-408e-98b3-47be5e9f0bb5"
      },
      "dosageInstruction": [ {
        "timing": {
          "repeat": {
            "boundsPeriod": {
              "start": "2026-01-02T08:00:00.000+00:00",
              "end": "2026-01-30T08:00:00.000+00:00"
            }
          }
        }
      }, {
        "timing": {
          "repeat": {
            "boundsPeriod": {
              "start": "2026-01-30T08:00:00.000+00:00",
              "end": "2026-03-30T08:00:00.000+00:00"
            }
          }
        }
      }, {
        "timing": {
          "repeat": {
            "boundsPeriod": {
              "start": "2026-04-01T08:15:00.000+00:00",
              "end": "2026-04-30T08:15:00.000+00:00"
            }
          }
        }
      } ]
    },
    "request": {
      "method": "PUT",
      "url": "MedicationRequest/6b56ae68-d423-4e57-9db1-6bd099d71fbc"
    }
  }, {
    "fullUrl": "https://madie.cms.gov/Practitioner/5d250331-cc7c-408e-98b3-47be5e9f0bb5",
    "resource": {
      "resourceType": "Practitioner",
      "id": "5d250331-cc7c-408e-98b3-47be5e9f0bb5",
      "meta": {
        "profile": [ "http://hl7.org/fhir/us/qicore/StructureDefinition/qicore-practitioner" ]
      },
      "identifier": [ {
        "use": "temp",
        "system": "urn:oid:2.16.840.1.113883.4.336",
        "value": "Practitioner-23"
      } ],
      "active": true,
      "name": [ {
        "family": "Careful",
        "given": [ "Adam" ],
        "prefix": [ "Dr" ]
      } ],
      "address": [ {
        "use": "home",
        "line": [ "534 Erewhon St" ],
        "city": "PleasantVille",
        "state": "UT",
        "postalCode": "84414"
      } ],
      "qualification": [ {
        "identifier": [ {
          "system": "http://example.org/UniversityIdentifier",
          "value": "12345"
        } ],
        "code": {
          "coding": [ {
            "system": "http://terminology.hl7.org/CodeSystem/v2-0360|2.7",
            "code": "BS",
            "display": "Bachelor of Science"
          } ],
          "text": "Bachelor of Science"
        },
        "period": {
          "start": "1996"
        },
        "issuer": {
          "display": "Example University"
        }
      } ]
    },
    "request": {
      "method": "PUT",
      "url": "Practitioner/5d250331-cc7c-408e-98b3-47be5e9f0bb5"
    }
  }, {
    "fullUrl": "https://madie.cms.gov/MeasureReport/8388e835-5f5a-4cc1-b16c-5377eb4a24ce",
    "resource": {
      "resourceType": "MeasureReport",
      "id": "8388e835-5f5a-4cc1-b16c-5377eb4a24ce",
      "meta": {
        "profile": [ "http://hl7.org/fhir/us/cqfmeasures/StructureDefinition/test-case-cqfm" ]
      },
      "contained": [ {
        "resourceType": "Parameters",
        "id": "8c37d6a5-1b9e-4676-81c2-1f1fc7329a46-parameters",
        "parameter": [ {
          "name": "subject",
          "valueString": "c4aaf7e0-8ffd-44bf-a037-5e12e9706e3c"
        } ]
      } ],
      "extension": [ {
        "url": "http://hl7.org/fhir/StructureDefinition/cqf-inputParameters",
        "valueReference": {
          "reference": "#8c37d6a5-1b9e-4676-81c2-1f1fc7329a46-parameters"
        }
      }, {
        "url": "http://hl7.org/fhir/us/cqfmeasures/StructureDefinition/cqfm-testCaseDescription",
        "valueMarkdown": "Patient with 2 ambulatory encounters, LVSD and HF dx and not meeting denominator exclusions or exceptions has active ACE/ARB medication"
      } ],
      "modifierExtension": [ {
        "url": "http://hl7.org/fhir/us/cqfmeasures/StructureDefinition/cqfm-isTestCase",
        "valueBoolean": true
      } ],
      "status": "complete",
      "type": "individual",
      "measure": "https://madie.cms.gov/Measure/CMS135FHIRHFACEIorARBorARNIforLVSD",
      "period": {
        "start": "2026-01-01",
        "end": "2026-12-31"
      },
      "group": [ {
        "id": "Group_1",
        "population": [ {
          "id": "InitialPopulation_1",
          "code": {
            "coding": [ {
              "system": "http://terminology.hl7.org/CodeSystem/measure-population",
              "code": "initial-population",
              "display": "Initial Population"
            } ]
          },
          "count": 1
        }, {
          "id": "Denominator_1",
          "code": {
            "coding": [ {
              "system": "http://terminology.hl7.org/CodeSystem/measure-population",
              "code": "denominator",
              "display": "Denominator"
            } ]
          },
          "count": 1
        }, {
          "id": "DenominatorExclusion_1",
          "code": {
            "coding": [ {
              "system": "http://terminology.hl7.org/CodeSystem/measure-population",
              "code": "denominator-exclusion",
              "display": "Denominator Exclusion"
            } ]
          },
          "count": 0
        }, {
          "id": "Numerator_1",
          "code": {
            "coding": [ {
              "system": "http://terminology.hl7.org/CodeSystem/measure-population",
              "code": "numerator",
              "display": "Numerator"
            } ]
          },
          "count": 1
        }, {
          "id": "DenominatorException_1",
          "code": {
            "coding": [ {
              "system": "http://terminology.hl7.org/CodeSystem/measure-population",
              "code": "denominator-exception",
              "display": "Denominator Exception"
            } ]
          },
          "count": 0
        } ],
        "measureScore": {
          "value": 1.0
        }
      } ],
      "evaluatedResource": [ {
        "reference": "Patient/c4aaf7e0-8ffd-44bf-a037-5e12e9706e3c"
      }, {
        "reference": "Encounter/e35543fa-ad48-4be5-8ed8-6d2cdf43087d"
      }, {
        "reference": "Encounter/8b4cf92b-5be9-4a17-9157-e12b6d2ae80e"
      }, {
        "reference": "Condition/598d6f8c-b2a4-4ad1-bf25-50e8704d37e9"
      }, {
        "reference": "Condition/be55ca6d-f38b-4a68-9b50-08f3d6aa6441"
      }, {
        "reference": "MedicationRequest/6b56ae68-d423-4e57-9db1-6bd099d71fbc"
      }, {
        "reference": "Practitioner/5d250331-cc7c-408e-98b3-47be5e9f0bb5"
      } ]
    },
    "request": {
      "method": "PUT",
      "url": "MeasureReport/8388e835-5f5a-4cc1-b16c-5377eb4a24ce"
    }
  } ]
}