{
  "resourceType": "Bundle",
  "id": "DENEXFail-ElectiveTHAProc1Yr1DayB4THAProc",
  "type": "transaction",
  "entry": [ {
    "fullUrl": "https://madie.cms.gov/Patient/f673d11d-3b57-4853-8e71-c2dab26cc4b4",
    "resource": {
      "resourceType": "Patient",
      "id": "f673d11d-3b57-4853-8e71-c2dab26cc4b4",
      "meta": {
        "profile": [ "http://hl7.org/fhir/us/qicore/StructureDefinition/qicore-patient" ]
      },
      "extension": [ {
        "url": "http://hl7.org/fhir/us/core/StructureDefinition/us-core-race",
        "extension": [ {
          "url": "ombCategory",
          "valueCoding": {
            "system": "urn:oid:2.16.840.1.113883.6.238",
            "code": "2028-9",
            "display": "Asian"
          }
        }, {
          "url": "text",
          "valueString": "Asian"
        } ]
      }, {
        "url": "http://hl7.org/fhir/us/core/StructureDefinition/us-core-ethnicity",
        "extension": [ {
          "url": "ombCategory",
          "valueCoding": {
            "system": "urn:oid:2.16.840.1.113883.6.238",
            "code": "2135-2",
            "display": "Hispanic or Latino"
          }
        }, {
          "url": "text",
          "valueString": "Hispanic or Latino"
        } ]
      } ],
      "identifier": [ {
        "system": "http://hospital.smarthealthit.org",
        "value": "999999995"
      } ],
      "name": [ {
        "family": "Bertha",
        "given": [ "Betty" ]
      } ],
      "gender": "female",
      "birthDate": "2007-01-01"
    },
    "request": {
      "method": "PUT",
      "url": "Patient/f673d11d-3b57-4853-8e71-c2dab26cc4b4"
    }
  }, {
    "fullUrl": "https://madie.cms.gov/Procedure/00fc79d8-fa1e-4a47-8b63-1b5653b7dd7e",
    "resource": {
      "resourceType": "Procedure",
      "id": "00fc79d8-fa1e-4a47-8b63-1b5653b7dd7e",
      "meta": {
        "profile": [ "http://hl7.org/fhir/us/qicore/StructureDefinition/qicore-procedure" ]
      },
      "extension": [ {
        "url": "http://hl7.org/fhir/us/qicore/StructureDefinition/qicore-recorded",
        "valueDateTime": "2026-11-01T00:00:00.000Z"
      } ],
      "status": "completed",
      "code": {
        "coding": [ {
          "system": "http://www.cms.gov/Medicare/Coding/ICD10",
          "code": "0SR9019",
          "display": "Replacement of Right Hip Joint with Metal Synthetic Substitute, Cemented, Open Approach"
        } ]
      },
      "subject": {
        "reference": "Patient/f673d11d-3b57-4853-8e71-c2dab26cc4b4"
      },
      "performedPeriod": {
        "start": "2024-11-01T00:00:00.000Z",
        "end": "2024-11-01T01:00:00.000Z"
      }
    },
    "request": {
      "method": "PUT",
      "url": "Procedure/00fc79d8-fa1e-4a47-8b63-1b5653b7dd7e"
    }
  }, {
    "fullUrl": "https://madie.cms.gov/Encounter/ff6a6f1d-ba8a-4f31-9244-0ac9c8ffe1ac",
    "resource": {
      "resourceType": "Encounter",
      "id": "ff6a6f1d-ba8a-4f31-9244-0ac9c8ffe1ac",
      "meta": {
        "profile": [ "http://hl7.org/fhir/us/qicore/StructureDefinition/qicore-encounter" ]
      },
      "status": "finished",
      "class": {
        "system": "http://terminology.hl7.org/CodeSystem/v3-ActCode",
        "code": "AMB",
        "display": "ambulatory"
      },
      "type": [ {
        "coding": [ {
          "system": "http://snomed.info/sct",
          "code": "281036007",
          "display": "Follow-up consultation (procedure)"
        } ]
      } ],
      "subject": {
        "reference": "Patient/f673d11d-3b57-4853-8e71-c2dab26cc4b4"
      },
      "period": {
        "start": "2025-11-01T00:00:00.000Z",
        "end": "2025-11-01T01:15:00.000Z"
      }
    },
    "request": {
      "method": "PUT",
      "url": "Encounter/ff6a6f1d-ba8a-4f31-9244-0ac9c8ffe1ac"
    }
  }, {
    "fullUrl": "https://madie.cms.gov/Procedure/00fc79d8-fa1e-4a47-8b63-1b5653b7dd7e.1",
    "resource": {
      "resourceType": "Procedure",
      "id": "00fc79d8-fa1e-4a47-8b63-1b5653b7dd7e.1",
      "meta": {
        "profile": [ "http://hl7.org/fhir/us/qicore/StructureDefinition/qicore-procedure" ]
      },
      "extension": [ {
        "url": "http://hl7.org/fhir/us/qicore/StructureDefinition/qicore-recorded",
        "valueDateTime": "2024-11-01T00:00:00.000Z"
      } ],
      "status": "completed",
      "code": {
        "coding": [ {
          "system": "http://www.cms.gov/Medicare/Coding/ICD10",
          "code": "0SRB019",
          "display": "Replacement of Left Hip Joint with Metal Synthetic Substitute, Cemented, Open Approach"
        } ]
      },
      "subject": {
        "reference": "Patient/f673d11d-3b57-4853-8e71-c2dab26cc4b4"
      },
      "performedPeriod": {
        "start": "2023-10-31T00:00:00.000Z",
        "end": "2023-10-31T11:59:59.000Z"
      }
    },
    "request": {
      "method": "PUT",
      "url": "Procedure/00fc79d8-fa1e-4a47-8b63-1b5653b7dd7e.1"
    }
  }, {
    "fullUrl": "https://madie.cms.gov/MeasureReport/6cfc368e-a2dc-477e-a535-4b9bca0d7e2a",
    "resource": {
      "resourceType": "MeasureReport",
      "id": "6cfc368e-a2dc-477e-a535-4b9bca0d7e2a",
      "meta": {
        "profile": [ "http://hl7.org/fhir/us/cqfmeasures/StructureDefinition/test-case-cqfm" ]
      },
      "contained": [ {
        "resourceType": "Parameters",
        "id": "c1c3e027-ca2e-407e-886e-fec621fc4a5e-parameters",
        "parameter": [ {
          "name": "subject",
          "valueString": "f673d11d-3b57-4853-8e71-c2dab26cc4b4"
        } ]
      } ],
      "extension": [ {
        "url": "http://hl7.org/fhir/StructureDefinition/cqf-inputParameters",
        "valueReference": {
          "reference": "#c1c3e027-ca2e-407e-886e-fec621fc4a5e-parameters"
        }
      }, {
        "url": "http://hl7.org/fhir/us/cqfmeasures/StructureDefinition/cqfm-testCaseDescription",
        "valueMarkdown": "Patient Has Elective THAProcedure 1 year and 1 day before Initial THAProcedure"
      } ],
      "modifierExtension": [ {
        "url": "http://hl7.org/fhir/us/cqfmeasures/StructureDefinition/cqfm-isTestCase",
        "valueBoolean": true
      } ],
      "status": "complete",
      "type": "individual",
      "measure": "https://madie.cms.gov/Measure/CMS56FHIRFunctionalStatusAssessmentforTotalHipReplacement",
      "period": {
        "start": "2026-01-01",
        "end": "2026-12-31"
      },
      "group": [ {
        "id": "Group_1",
        "population": [ {
          "id": "InitialPopulation_1",
          "code": {
            "coding": [ {
              "system": "http://terminology.hl7.org/CodeSystem/measure-population",
              "code": "initial-population",
              "display": "Initial Population"
            } ]
          },
          "count": 1
        }, {
          "id": "Denominator_1",
          "code": {
            "coding": [ {
              "system": "http://terminology.hl7.org/CodeSystem/measure-population",
              "code": "denominator",
              "display": "Denominator"
            } ]
          },
          "count": 1
        }, {
          "id": "DenominatorExclusion_1",
          "code": {
            "coding": [ {
              "system": "http://terminology.hl7.org/CodeSystem/measure-population",
              "code": "denominator-exclusion",
              "display": "Denominator Exclusion"
            } ]
          },
          "count": 0
        }, {
          "id": "Numerator_1",
          "code": {
            "coding": [ {
              "system": "http://terminology.hl7.org/CodeSystem/measure-population",
              "code": "numerator",
              "display": "Numerator"
            } ]
          },
          "count": 0
        } ],
        "measureScore": {
          "value": 1.0
        }
      } ],
      "evaluatedResource": [ {
        "reference": "Patient/f673d11d-3b57-4853-8e71-c2dab26cc4b4"
      }, {
        "reference": "Procedure/00fc79d8-fa1e-4a47-8b63-1b5653b7dd7e"
      }, {
        "reference": "Encounter/ff6a6f1d-ba8a-4f31-9244-0ac9c8ffe1ac"
      }, {
        "reference": "Procedure/00fc79d8-fa1e-4a47-8b63-1b5653b7dd7e.1"
      } ]
    },
    "request": {
      "method": "PUT",
      "url": "MeasureReport/6cfc368e-a2dc-477e-a535-4b9bca0d7e2a"
    }
  } ]
}