{
  "resourceType": "Bundle",
  "id": "6101649298086b4fedf65e05",
  "type": "transaction",
  "entry": [ {
    "fullUrl": "https://madie.cms.gov/Patient/c0fd6874-9560-436e-9115-63970d859c34",
    "resource": {
      "resourceType": "Patient",
      "id": "c0fd6874-9560-436e-9115-63970d859c34",
      "meta": {
        "profile": [ "http://hl7.org/fhir/us/qicore/StructureDefinition/qicore-patient" ]
      },
      "extension": [ {
        "url": "http://hl7.org/fhir/us/core/StructureDefinition/us-core-race",
        "extension": [ {
          "url": "ombCategory",
          "valueCoding": {
            "system": "urn:oid:2.16.840.1.113883.6.238",
            "code": "1002-5",
            "display": "American Indian or Alaska Native"
          }
        }, {
          "url": "text",
          "valueString": "American Indian or Alaska Native"
        } ]
      }, {
        "url": "http://hl7.org/fhir/us/core/StructureDefinition/us-core-ethnicity",
        "extension": [ {
          "url": "ombCategory",
          "valueCoding": {
            "system": "urn:oid:2.16.840.1.113883.6.238",
            "code": "2135-2",
            "display": "Hispanic or Latino"
          }
        }, {
          "url": "text",
          "valueString": "Hispanic or Latino"
        } ]
      } ],
      "identifier": [ {
        "type": {
          "coding": [ {
            "system": "http://terminology.hl7.org/CodeSystem/v2-0203",
            "code": "MR"
          } ]
        },
        "system": "https://bonnie-fhir.healthit.gov/",
        "value": "6101649298086b4fedf65e05"
      } ],
      "active": true,
      "name": [ {
        "use": "usual",
        "family": "IPFail",
        "given": [ "1stAnd2ndAUASIWithNoQOL" ]
      } ],
      "gender": "male",
      "birthDate": "1952-05-03"
    },
    "request": {
      "method": "PUT",
      "url": "Patient/c0fd6874-9560-436e-9115-63970d859c34"
    }
  }, {
    "fullUrl": "https://madie.cms.gov/Observation/b41e4d6c-ff67-47f6-b640-c4b5898500da",
    "resource": {
      "resourceType": "Observation",
      "id": "b41e4d6c-ff67-47f6-b640-c4b5898500da",
      "meta": {
        "profile": [ "http://hl7.org/fhir/us/qicore/StructureDefinition/qicore-observation-screening-assessment" ]
      },
      "status": "final",
      "category": [ {
        "coding": [ {
          "system": "http://terminology.hl7.org/CodeSystem/observation-category",
          "code": "survey",
          "display": "Survey"
        } ]
      } ],
      "code": {
        "coding": [ {
          "system": "http://loinc.org",
          "version": "2.76",
          "code": "80883-2"
        } ]
      },
      "subject": {
        "reference": "Patient/c0fd6874-9560-436e-9115-63970d859c34"
      },
      "effectiveDateTime": "2025-03-04T08:00:00.000+00:00"
    },
    "request": {
      "method": "PUT",
      "url": "Observation/b41e4d6c-ff67-47f6-b640-c4b5898500da"
    }
  }, {
    "fullUrl": "https://madie.cms.gov/Observation/8ef3ef10-18ad-452f-b1ef-edc73f07b34e",
    "resource": {
      "resourceType": "Observation",
      "id": "8ef3ef10-18ad-452f-b1ef-edc73f07b34e",
      "meta": {
        "profile": [ "http://hl7.org/fhir/us/qicore/StructureDefinition/qicore-observation-screening-assessment" ]
      },
      "status": "final",
      "category": [ {
        "coding": [ {
          "system": "http://terminology.hl7.org/CodeSystem/observation-category",
          "code": "survey",
          "display": "Survey"
        } ]
      } ],
      "code": {
        "coding": [ {
          "system": "http://loinc.org",
          "version": "2.76",
          "code": "80883-2"
        } ]
      },
      "subject": {
        "reference": "Patient/c0fd6874-9560-436e-9115-63970d859c34"
      },
      "effectivePeriod": {
        "start": "2025-12-01T08:00:00+00:00",
        "end": "2025-12-01T08:15:00+00:00"
      },
      "valueInteger": 4
    },
    "request": {
      "method": "PUT",
      "url": "Observation/8ef3ef10-18ad-452f-b1ef-edc73f07b34e"
    }
  }, {
    "fullUrl": "https://madie.cms.gov/Condition/56f4b7f8-5e0d-40c3-9baa-14e175e9d4fd",
    "resource": {
      "resourceType": "Condition",
      "id": "56f4b7f8-5e0d-40c3-9baa-14e175e9d4fd",
      "meta": {
        "profile": [ "http://hl7.org/fhir/us/qicore/StructureDefinition/qicore-condition-problems-health-concerns" ]
      },
      "clinicalStatus": {
        "coding": [ {
          "system": "http://terminology.hl7.org/CodeSystem/condition-clinical",
          "code": "active"
        } ]
      },
      "verificationStatus": {
        "coding": [ {
          "system": "http://terminology.hl7.org/CodeSystem/condition-ver-status",
          "code": "confirmed"
        } ]
      },
      "category": [ {
        "coding": [ {
          "system": "http://terminology.hl7.org/CodeSystem/condition-category",
          "code": "problem-list-item",
          "display": "Problem List Item"
        } ]
      } ],
      "code": {
        "coding": [ {
          "system": "http://hl7.org/fhir/sid/icd-10-cm",
          "version": "2024",
          "code": "N40.1"
        } ]
      },
      "subject": {
        "reference": "Patient/c0fd6874-9560-436e-9115-63970d859c34"
      },
      "onsetDateTime": "2025-03-03T08:00:00+00:00"
    },
    "request": {
      "method": "PUT",
      "url": "Condition/56f4b7f8-5e0d-40c3-9baa-14e175e9d4fd"
    }
  }, {
    "fullUrl": "https://madie.cms.gov/Encounter/c06b4ef8-e53f-4fa2-a39d-18a83cf2675e",
    "resource": {
      "resourceType": "Encounter",
      "id": "c06b4ef8-e53f-4fa2-a39d-18a83cf2675e",
      "meta": {
        "profile": [ "http://hl7.org/fhir/us/qicore/StructureDefinition/qicore-encounter" ]
      },
      "status": "finished",
      "class": {
        "system": "http://terminology.hl7.org/CodeSystem/v3-ActCode",
        "code": "AMB",
        "display": "ambulatory"
      },
      "type": [ {
        "coding": [ {
          "system": "http://www.ama-assn.org/go/cpt",
          "version": "2024",
          "code": "99213"
        } ]
      } ],
      "subject": {
        "reference": "Patient/c0fd6874-9560-436e-9115-63970d859c34"
      },
      "period": {
        "start": "2025-03-03T08:00:00+00:00",
        "end": "2025-03-03T08:15:00+00:00"
      },
      "length": {
        "value": 0.0,
        "unit": "days"
      }
    },
    "request": {
      "method": "PUT",
      "url": "Encounter/c06b4ef8-e53f-4fa2-a39d-18a83cf2675e"
    }
  }, {
    "fullUrl": "https://madie.cms.gov/MeasureReport/e5db505b-c321-4c0f-974d-7484dd9d0c85",
    "resource": {
      "resourceType": "MeasureReport",
      "id": "e5db505b-c321-4c0f-974d-7484dd9d0c85",
      "meta": {
        "profile": [ "http://hl7.org/fhir/us/cqfmeasures/StructureDefinition/test-case-cqfm" ]
      },
      "contained": [ {
        "resourceType": "Parameters",
        "id": "0308eac1-de7a-440d-b75b-54232682e4e1-parameters",
        "parameter": [ {
          "name": "subject",
          "valueString": "c0fd6874-9560-436e-9115-63970d859c34"
        } ]
      } ],
      "extension": [ {
        "url": "http://hl7.org/fhir/StructureDefinition/cqf-inputParameters",
        "valueReference": {
          "reference": "#0308eac1-de7a-440d-b75b-54232682e4e1-parameters"
        }
      }, {
        "url": "http://hl7.org/fhir/us/cqfmeasures/StructureDefinition/cqfm-testCaseDescription",
        "valueMarkdown": "Male Patient not meeting criteria for BPH diagnoss and office visit needed for initial population."
      } ],
      "modifierExtension": [ {
        "url": "http://hl7.org/fhir/us/cqfmeasures/StructureDefinition/cqfm-isTestCase",
        "valueBoolean": true
      } ],
      "status": "complete",
      "type": "individual",
      "measure": "https://madie.cms.gov/Measure/CMS771FHIRUrinarySymptomScoreChangeBenignProstaticHyperplasia",
      "period": {
        "start": "2026-01-01",
        "end": "2026-12-31"
      },
      "group": [ {
        "id": "Group_1",
        "population": [ {
          "id": "InitialPopulation_1",
          "code": {
            "coding": [ {
              "system": "http://terminology.hl7.org/CodeSystem/measure-population",
              "code": "initial-population",
              "display": "Initial Population"
            } ]
          },
          "count": 0
        }, {
          "id": "Denominator_1",
          "code": {
            "coding": [ {
              "system": "http://terminology.hl7.org/CodeSystem/measure-population",
              "code": "denominator",
              "display": "Denominator"
            } ]
          },
          "count": 0
        }, {
          "id": "DenominatorExclusion_1",
          "code": {
            "coding": [ {
              "system": "http://terminology.hl7.org/CodeSystem/measure-population",
              "code": "denominator-exclusion",
              "display": "Denominator Exclusion"
            } ]
          },
          "count": 0
        }, {
          "id": "Numerator_1",
          "code": {
            "coding": [ {
              "system": "http://terminology.hl7.org/CodeSystem/measure-population",
              "code": "numerator",
              "display": "Numerator"
            } ]
          },
          "count": 0
        } ],
        "measureScore": {
          "value": 1.0
        }
      } ],
      "evaluatedResource": [ {
        "reference": "Patient/c0fd6874-9560-436e-9115-63970d859c34"
      }, {
        "reference": "Observation/b41e4d6c-ff67-47f6-b640-c4b5898500da"
      }, {
        "reference": "Observation/8ef3ef10-18ad-452f-b1ef-edc73f07b34e"
      }, {
        "reference": "Condition/56f4b7f8-5e0d-40c3-9baa-14e175e9d4fd"
      }, {
        "reference": "Encounter/c06b4ef8-e53f-4fa2-a39d-18a83cf2675e"
      } ]
    },
    "request": {
      "method": "PUT",
      "url": "MeasureReport/e5db505b-c321-4c0f-974d-7484dd9d0c85"
    }
  } ]
}