{
  "resourceType": "Measure",
  "id": "OncologyPainIntensityQuantifiedFHIR",
  "meta": {
    "profile": [ "http://hl7.org/fhir/uv/crmi/StructureDefinition/crmi-shareablemeasure", "http://hl7.org/fhir/us/cqfmeasures/StructureDefinition/computable-measure-cqfm", "http://hl7.org/fhir/us/cqfmeasures/StructureDefinition/publishable-measure-cqfm", "http://hl7.org/fhir/us/cqfmeasures/StructureDefinition/executable-measure-cqfm", "http://hl7.org/fhir/us/cqfmeasures/StructureDefinition/cql-measure-cqfm", "http://hl7.org/fhir/us/cqfmeasures/StructureDefinition/elm-measure-cqfm", "http://hl7.org/fhir/us/cqfmeasures/StructureDefinition/proportion-measure-cqfm" ]
  },
  "text": {
    "status": "extensions",
    "div": "<div xmlns=\"http://www.w3.org/1999/xhtml\" class=\"col-12\">\n  <table class=\"narrative-table\">\n    <tbody>\n<tr>\n\n<th colspan=\"2\" scope=\"row\" class=\"row-header\">Knowledge Artifact Metadata</th>\n\n</tr>\n\n\n\n\n\n\n\n\n\n\n\n\n\n\n\n\n\n\n\n\n\n\n\n\n\n\n\n\n<tr>\n\n<th colspan=\"2\" scope=\"row\" class=\"row-header\">Measure Metadata</th>\n\n</tr>\n\n  \n<tr>\n\n<th scope=\"row\" class=\"row-header\">Short Name Identifier</th>\n\n<td class=\"content-container\">CMS157FHIR</td>\n</tr>\n\n\n\n  \n<tr>\n\n<th scope=\"row\" class=\"row-header\">Version Independent Identifier</th>\n\n<td class=\"content-container\">urn:uuid:b7b487bf-bc27-48c9-994f-6d095ff84500</td>\n</tr>\n\n\n\n  \n<tr>\n\n<th scope=\"row\" class=\"row-header\">Version Specific Identifier</th>\n\n<td class=\"content-container\">urn:uuid:e8aea214-73a5-4b6c-89d1-e1d901c69386</td>\n</tr>\n\n\n\n  \n    \n    \n<tr>\n\n<th scope=\"row\" class=\"row-header\">Publisher (CMS) Identifier</th>\n\n<td class=\"content-container\">157FHIR</td>\n</tr>\n\n  \n\n\n  \n<tr>\n\n<th scope=\"row\" class=\"row-header\">Identifier</th>\n\n<td class=\"content-container\">org.hl7.fhir.r5.model.Identifier@13ce5c23</td>\n</tr>\n\n\n\n<tr>\n\n<th scope=\"row\" class=\"row-header\">Version Number</th>\n\n<td class=\"content-container\">0.3.000</td>\n</tr>\n\n\n\n\n\n\n\n<tr>\n\n<th scope=\"row\" class=\"row-header\">Rationale</th>\n\n<td class=\"content-container\">Pain is a commonly occurring symptom for cancer patients as 30% to 50% (510,000 to 850,000 each year based on current statistics) will experience moderate to severe pain (Wiffen, Wee, Derry, Bell, &amp; Moore, 2017). Initial and ongoing pain assessments are essential to determine the pathophysiology of pain and ensure proper pain management. According to the National Comprehensive Cancer Network (NCCN, 2024), undertreatment of pain remains a problem among a significant subset of cancer patients, survival is linked with symptom control and pain management, and pain management contributes to broad quality of life improvement. Furthermore, NCCN notes that formal pain reevaluation is required at each contact to ensure that pain management therapies are successfully meeting patient-specific goals for comfort, function, and safety. Cancer patients have reported that pain interferes with their mood, work, relationships with other people, sleep and overall enjoyment of life (Moryl et al., 2018). Pain management is an essential part of oncologic management and contributes to a patient’s overall function and quality of life (NCCN, 2024).  \n\nA recent analysis of registry data for chronic pain cancer patients found average pain intensity reported as mild (24.6% of patients), moderate (41.5%), and severe (33.9%). The study also indicated that patient report of pain relief is inversely related to the average pain intensity reported (Moryl et al., 2018). These data suggest that assessing and managing a cancer patient’s pain is critical and there remains significant room for improvement in assessing and mitigating cancer-related pain. A prospective study of changes in pain severity of cancer patients found that, at initial assessment, 47% of patients reported pain. At follow-up, the patients with pain at initial assessment reported reduced pain (32.2%), stable pain (48.2%) and worse pain (19.6%). Of the 53% of patients reporting no pain at initial assessment, 82.6% reported stable pain and 17.4% reported worse pain at follow-up assessment (Zhao et al., 2014). This study highlights the importance of initial and ongoing assessments of pain to identify gaps and ensure proper pain management.</td>\n</tr>\n\n\n<tr>\n\n<th scope=\"row\" class=\"row-header\">Clinical Recommendation Statement</th>\n\n<td class=\"content-container\">-Screen all patients for pain at each contact. \n\n-Routinely quantify and document pain intensity and quality as characterized by the patient (whenever possible). Include patient reporting of breakthrough pain, treatments used and their impact on pain, satisfaction with pain relief, pain interference, provider assessment of impact on function, and any special issues for the patient relevant to pain treatment and access to care. If necessary, get additional information from caregiver regarding pain and impact on function. \n\n-Perform comprehensive pain assessment if new or worsening pain is present and regularly for persisting pain.\n\nVarious methods and tools exist to assess pain severity. Intensity of pain should be quantified using a numerical rating scale (i.e., 0-10), visual analog scale, categorical scale, or pictorial scale (e.g., The Faces Pain Rating Scale) (Category 2A) (National Comprehensive Cancer Network, 2024).</td>\n</tr>\n\n\n\n\n<tr>\n\n<th scope=\"row\" class=\"row-header\">Guidance</th>\n\n<td class=\"content-container\">This eCQM is an episode-based measure. An episode is defined as each eligible encounter for patients with a diagnosis of cancer who are also currently receiving chemotherapy or radiation therapy during the measurement period. \n\nFor patients receiving radiation therapy, pain intensity should be quantified at each radiation treatment management encounter where the patient and physician have a face-to-face interaction. Due to the nature of some applicable coding related to radiation therapy (e.g., delivered in multiple fractions), the billing date for certain codes may or may not be the same as the face-to-face encounter date. In this instance, for the reporting purposes of this measure, the billing date should be used to pull the appropriate patients into the initial population. It is expected, though, that the numerator criteria would be performed at the time of the actual face-to-face encounter during the series of treatments. A lookback (retrospective) period of 7 days, including the billing date, may be used to identify the actual face-to-face encounter, which is required to assess the numerator. Therefore, pain intensity should be quantified during the face-to-face encounter occurring on the actual billing date or within the 6 days prior to the billing date.\n\nFor patients receiving chemotherapy, pain intensity should be quantified at each face-to-face or telehealth encounter with the physician while the patient is currently receiving chemotherapy. For purposes of identifying eligible encounters, patients &quot;currently receiving chemotherapy&quot; refers to patients administered chemotherapy on the same day as the encounter or during the 30 days before the date of the encounter AND during the 30 days after the date of the encounter.\n\nPain intensity should be quantified using a standard instrument, such as a 0-10 numerical rating scale, visual analog scale, a categorical scale, or pictorial scale. Examples include the Faces Pain Rating Scale and the Brief Pain Inventory (BPI).\n\nThis FHIR-based measure has been derived from the QDM-based measure: CMS157v14.\n\nPlease refer to the HL7 QI-Core Implementation Guide (https://hl7.org/fhir/us/qicore/) for more information on QI-Core and mapping recommendations from QDM to QI-Core (https://hl7.org/fhir/us/qicore/qdm-to-qicore.html).</td>\n</tr>\n\n\n\n\n\n\n  \n    \n    <tr>\n\n<th colspan=\"2\" scope=\"row\" class=\"row-header\">Measure Population Criteria (ID: Group_1)</th>\n\n</tr>\n  \n  \n    \n<tr>\n\n<th scope=\"row\" class=\"row-header\">Summary</th>\n\n<td class=\"content-container\">Percentage of patient visits, regardless of patient age, with a diagnosis of cancer currently receiving chemotherapy in which pain intensity is quantified</td>\n</tr>\n\n  \n  \n  \n    <tr>\n      \n        \n<th scope=\"row\" class=\"row-header\">Initial Population</th>\n\n      \n      <td class=\"content-container\">\n        \n        <em>ID</em>: InitialPopulation_1\n        <br/>\n        \n        \n          <em>Description</em>:\n          <p style=\"white-space: pre-line\" class=\"tab-one\">All patient visits, regardless of patient age, with a diagnosis of cancer currently receiving chemotherapy </p>\n        \n        \n          \n            \n            <em>Logic Definition</em>: <a href=\"#oncologypainintensityquantifiedfhir-initial-population-1\">Initial Population 1</a> \n          \n        \n      </td>\n    </tr>\n  \n\n  \n    <tr>\n      \n        \n<th scope=\"row\" class=\"row-header\">Denominator</th>\n\n      \n      <td class=\"content-container\">\n        \n        <em>ID</em>: Denominator_1\n        <br/>\n        \n        \n          <em>Description</em>:\n          <p style=\"white-space: pre-line\" class=\"tab-one\">Equals Initial Population</p>\n        \n        \n          \n            \n            <em>Logic Definition</em>: <a href=\"#oncologypainintensityquantifiedfhir-denominator-1\">Denominator 1</a> \n          \n        \n      </td>\n    </tr>\n  \n\n  \n    <tr>\n      \n        \n<th scope=\"row\" class=\"row-header\">Numerator</th>\n\n      \n      <td class=\"content-container\">\n        \n        <em>ID</em>: Numerator_1\n        <br/>\n        \n        \n          <em>Description</em>:\n          <p style=\"white-space: pre-line\" class=\"tab-one\">Patient visits in which pain intensity is quantified</p>\n        \n        \n          \n            \n            <em>Logic Definition</em>: <a href=\"#oncologypainintensityquantifiedfhir-numerator-1\">Numerator 1</a> \n          \n        \n      </td>\n    </tr>\n  \n\n  \n  \n  \n<tr>\n\n<th scope=\"row\" class=\"row-header\">Population Basis</th>\n\n<td class=\"content-container\">Encounter</td>\n</tr>\n\n\n\n  \n<tr>\n\n<th scope=\"row\" class=\"row-header\">Scoring</th>\n\n<td class=\"content-container\">[http://terminology.hl7.org/CodeSystem/measure-scoring#proportion: 'Proportion']</td>\n</tr>\n\n\n\n\n\n\n\n  \n<tr>\n\n<th scope=\"row\" class=\"row-header\">Type</th>\n\n<td class=\"content-container\">[http://terminology.hl7.org/CodeSystem/measure-type#process: 'Process']</td>\n</tr>\n\n\n\n\n  \n<tr>\n\n<th scope=\"row\" class=\"row-header\">Rate Aggregation</th>\n\n<td class=\"content-container\">This measure is intended to have one reporting rate, which aggregates the following populations into a single performance rate for reporting purposes: \n- Population 1: Visits for patients with a diagnosis of cancer who are currently receiving chemotherapy \n- Population 2: Visits for patients with a diagnosis of cancer who are currently receiving radiation therapy\n\nFor the purposes of this measure, a single performance rate can be calculated as follows:\nPerformance Rate = (Numerator 1 + Numerator 2)/ (Denominator 1 + Denominator 2)</td>\n</tr>\n\n\n\n  \n<tr>\n\n<th scope=\"row\" class=\"row-header\">Improvement Notation</th>\n\n<td class=\"content-container\">[http://terminology.hl7.org/CodeSystem/measure-improvement-notation#increase: 'Increased score indicates improvement']</td>\n</tr>\n\n\n\n  \n    \n    <tr>\n\n<th colspan=\"2\" scope=\"row\" class=\"row-header\">Measure Population Criteria (ID: Group_2)</th>\n\n</tr>\n  \n  \n    \n<tr>\n\n<th scope=\"row\" class=\"row-header\">Summary</th>\n\n<td class=\"content-container\">Percentage of patient visits, regardless of patient age, with a diagnosis of cancer currently radiation therapy in which pain intensity is quantified</td>\n</tr>\n\n  \n  \n  \n    <tr>\n      \n        \n<th scope=\"row\" class=\"row-header\">Initial Population</th>\n\n      \n      <td class=\"content-container\">\n        \n        <em>ID</em>: InitialPopulation_2\n        <br/>\n        \n        \n          <em>Description</em>:\n          <p style=\"white-space: pre-line\" class=\"tab-one\">All patient visits, regardless of patient age, with a diagnosis of cancer currently receiving radiation therapy</p>\n        \n        \n          \n            \n            <em>Logic Definition</em>: <a href=\"#oncologypainintensityquantifiedfhir-initial-population-2\">Initial Population 2</a> \n          \n        \n      </td>\n    </tr>\n  \n\n  \n    <tr>\n      \n        \n<th scope=\"row\" class=\"row-header\">Denominator</th>\n\n      \n      <td class=\"content-container\">\n        \n        <em>ID</em>: Denominator_2\n        <br/>\n        \n        \n          <em>Description</em>:\n          <p style=\"white-space: pre-line\" class=\"tab-one\">Equals Initial Population</p>\n        \n        \n          \n            \n            <em>Logic Definition</em>: <a href=\"#oncologypainintensityquantifiedfhir-denominator-2\">Denominator 2</a> \n          \n        \n      </td>\n    </tr>\n  \n\n  \n    <tr>\n      \n        \n<th scope=\"row\" class=\"row-header\">Numerator</th>\n\n      \n      <td class=\"content-container\">\n        \n        <em>ID</em>: Numerator_2\n        <br/>\n        \n        \n          <em>Description</em>:\n          <p style=\"white-space: pre-line\" class=\"tab-one\">Patient visits in which pain intensity is quantified</p>\n        \n        \n          \n            \n            <em>Logic Definition</em>: <a href=\"#oncologypainintensityquantifiedfhir-numerator-2\">Numerator 2</a> \n          \n        \n      </td>\n    </tr>\n  \n\n  \n  \n  \n<tr>\n\n<th scope=\"row\" class=\"row-header\">Population Basis</th>\n\n<td class=\"content-container\">Encounter</td>\n</tr>\n\n\n\n  \n<tr>\n\n<th scope=\"row\" class=\"row-header\">Scoring</th>\n\n<td class=\"content-container\">[http://terminology.hl7.org/CodeSystem/measure-scoring#proportion: 'Proportion']</td>\n</tr>\n\n\n\n\n\n\n\n  \n<tr>\n\n<th scope=\"row\" class=\"row-header\">Type</th>\n\n<td class=\"content-container\">[http://terminology.hl7.org/CodeSystem/measure-type#process: 'Process']</td>\n</tr>\n\n\n\n\n  \n<tr>\n\n<th scope=\"row\" class=\"row-header\">Rate Aggregation</th>\n\n<td class=\"content-container\">This measure is intended to have one reporting rate, which aggregates the following populations into a single performance rate for reporting purposes: \n- Population 1: Visits for patients with a diagnosis of cancer who are currently receiving chemotherapy \n- Population 2: Visits for patients with a diagnosis of cancer who are currently receiving radiation therapy\n\nFor the purposes of this measure, a single performance rate can be calculated as follows:\nPerformance Rate = (Numerator 1 + Numerator 2)/ (Denominator 1 + Denominator 2)</td>\n</tr>\n\n\n\n  \n<tr>\n\n<th scope=\"row\" class=\"row-header\">Improvement Notation</th>\n\n<td class=\"content-container\">[http://terminology.hl7.org/CodeSystem/measure-improvement-notation#increase: 'Increased score indicates improvement']</td>\n</tr>\n\n\n\n\n\n\n<tr>\n\n<th colspan=\"2\" scope=\"row\" class=\"row-header\">Measure Logic</th>\n\n</tr>\n\n<tr>\n\n<th scope=\"row\" class=\"row-header\">Primary Library</th>\n\n<td class=\"content-container\">https://madie.cms.gov/Library/OncologyPainIntensityQuantifiedFHIR</td>\n</tr>\n\n\n\n\n  \n  \n\n<tr>\n  \n  \n  \n  \n  \n<th scope=\"row\" class=\"row-header\">Dependency</th>\n\n  \n  <td class=\"content-container\">\n    \n    <em>Description</em>: Library QICoreCommon\n    \n    <br/>\n    \n    \n    \n    \n    \n    \n    <em>Resource</em>: https://madie.cms.gov/Library/QICoreCommon|4.0.000\n    <br/>\n    <em>Canonical URL</em>: <tt>https://madie.cms.gov/Library/QICoreCommon|4.0.000</tt>\n    \n  </td>\n</tr>\n\n<tr>\n  \n  \n  \n  \n  \n<th scope=\"row\" class=\"row-header\">Dependency</th>\n\n  \n  <td class=\"content-container\">\n    \n    <em>Description</em>: Library FHIRHelpers\n    \n    <br/>\n    \n    \n    \n    \n    \n    \n    <em>Resource</em>: https://madie.cms.gov/Library/FHIRHelpers|4.4.000\n    <br/>\n    <em>Canonical URL</em>: <tt>https://madie.cms.gov/Library/FHIRHelpers|4.4.000</tt>\n    \n  </td>\n</tr>\n\n<tr>\n  \n  \n  \n  \n  \n<th scope=\"row\" class=\"row-header\">Dependency</th>\n\n  \n  <td class=\"content-container\">\n    \n    <em>Description</em>: Code system ConditionClinicalStatusCodes\n    \n    <br/>\n    \n    \n    \n    \n    \n    \n    <em>Resource</em>: http://terminology.hl7.org/CodeSystem/condition-clinical\n    <br/>\n    <em>Canonical URL</em>: <tt>http://terminology.hl7.org/CodeSystem/condition-clinical</tt>\n    \n  </td>\n</tr>\n\n<tr>\n  \n  \n  \n  \n  \n<th scope=\"row\" class=\"row-header\">Dependency</th>\n\n  \n  <td class=\"content-container\">\n    \n    <em>Description</em>: Code system CPT\n    \n    <br/>\n    \n    \n    \n    \n    \n    \n    <em>Resource</em>: http://www.ama-assn.org/go/cpt\n    <br/>\n    <em>Canonical URL</em>: <tt>http://www.ama-assn.org/go/cpt</tt>\n    \n  </td>\n</tr>\n\n<tr>\n  \n  \n  \n  \n  \n<th scope=\"row\" class=\"row-header\">Dependency</th>\n\n  \n  <td class=\"content-container\">\n    \n    <em>Description</em>: Value set Radiation Treatment Management\n    \n    <br/>\n    \n    \n    \n    \n    \n    \n    <em>Resource</em>: http://cts.nlm.nih.gov/fhir/ValueSet/2.16.840.1.113883.3.526.3.1026\n    <br/>\n    <em>Canonical URL</em>: <tt>http://cts.nlm.nih.gov/fhir/ValueSet/2.16.840.1.113883.3.526.3.1026</tt>\n    \n  </td>\n</tr>\n\n<tr>\n  \n  \n  \n  \n  \n<th scope=\"row\" class=\"row-header\">Dependency</th>\n\n  \n  <td class=\"content-container\">\n    \n    <em>Description</em>: Value set Cancer\n    \n    <br/>\n    \n    \n    \n    \n    \n    \n    <em>Resource</em>: http://cts.nlm.nih.gov/fhir/ValueSet/2.16.840.1.113883.3.526.3.1010\n    <br/>\n    <em>Canonical URL</em>: <tt>http://cts.nlm.nih.gov/fhir/ValueSet/2.16.840.1.113883.3.526.3.1010</tt>\n    \n  </td>\n</tr>\n\n<tr>\n  \n  \n  \n  \n  \n<th scope=\"row\" class=\"row-header\">Dependency</th>\n\n  \n  <td class=\"content-container\">\n    \n    <em>Description</em>: Value set Office Visit\n    \n    <br/>\n    \n    \n    \n    \n    \n    \n    <em>Resource</em>: http://cts.nlm.nih.gov/fhir/ValueSet/2.16.840.1.113883.3.464.1003.101.12.1001\n    <br/>\n    <em>Canonical URL</em>: <tt>http://cts.nlm.nih.gov/fhir/ValueSet/2.16.840.1.113883.3.464.1003.101.12.1001</tt>\n    \n  </td>\n</tr>\n\n<tr>\n  \n  \n  \n  \n  \n<th scope=\"row\" class=\"row-header\">Dependency</th>\n\n  \n  <td class=\"content-container\">\n    \n    <em>Description</em>: Value set Audio Visual Telehealth Encounter\n    \n    <br/>\n    \n    \n    \n    \n    \n    \n    <em>Resource</em>: http://cts.nlm.nih.gov/fhir/ValueSet/2.16.840.1.113883.3.1444.5.215\n    <br/>\n    <em>Canonical URL</em>: <tt>http://cts.nlm.nih.gov/fhir/ValueSet/2.16.840.1.113883.3.1444.5.215</tt>\n    \n  </td>\n</tr>\n\n<tr>\n  \n  \n  \n  \n  \n<th scope=\"row\" class=\"row-header\">Dependency</th>\n\n  \n  <td class=\"content-container\">\n    \n    <em>Description</em>: Value set Chemotherapy Administration\n    \n    <br/>\n    \n    \n    \n    \n    \n    \n    <em>Resource</em>: http://cts.nlm.nih.gov/fhir/ValueSet/2.16.840.1.113883.3.526.3.1027\n    <br/>\n    <em>Canonical URL</em>: <tt>http://cts.nlm.nih.gov/fhir/ValueSet/2.16.840.1.113883.3.526.3.1027</tt>\n    \n  </td>\n</tr>\n\n<tr>\n  \n  \n  \n  \n  \n<th scope=\"row\" class=\"row-header\">Dependency</th>\n\n  \n  <td class=\"content-container\">\n    \n    <em>Description</em>: Value set Standardized Pain Assessment Tool\n    \n    <br/>\n    \n    \n    \n    \n    \n    \n    <em>Resource</em>: http://cts.nlm.nih.gov/fhir/ValueSet/2.16.840.1.113883.3.526.3.1028\n    <br/>\n    <em>Canonical URL</em>: <tt>http://cts.nlm.nih.gov/fhir/ValueSet/2.16.840.1.113883.3.526.3.1028</tt>\n    \n  </td>\n</tr>\n\n\n  \n  <tr>\n    <th scope=\"row\" class=\"row-header\">Direct Reference Code</th>\n    <td class=\"content-container\">\n      \n        <em>Display</em>: Active\n        <br/>\n      \n      <em>Code</em>: active\n      <br/>\n      <em>System</em>: <tt>http://terminology.hl7.org/CodeSystem/condition-clinical</tt>\n    </td>\n  </tr>\n\n  <tr>\n    <th scope=\"row\" class=\"row-header\">Direct Reference Code</th>\n    <td class=\"content-container\">\n      \n        <em>Display</em>: Recurrence\n        <br/>\n      \n      <em>Code</em>: recurrence\n      <br/>\n      <em>System</em>: <tt>http://terminology.hl7.org/CodeSystem/condition-clinical</tt>\n    </td>\n  </tr>\n\n  <tr>\n    <th scope=\"row\" class=\"row-header\">Direct Reference Code</th>\n    <td class=\"content-container\">\n      \n        <em>Display</em>: Relapse\n        <br/>\n      \n      <em>Code</em>: relapse\n      <br/>\n      <em>System</em>: <tt>http://terminology.hl7.org/CodeSystem/condition-clinical</tt>\n    </td>\n  </tr>\n\n  <tr>\n    <th scope=\"row\" class=\"row-header\">Direct Reference Code</th>\n    <td class=\"content-container\">\n      \n        <em>Display</em>: Radiation treatment management, 5 treatments\n        <br/>\n      \n      <em>Code</em>: 77427\n      <br/>\n      <em>System</em>: <tt>http://www.ama-assn.org/go/cpt</tt>\n    </td>\n  </tr>\n\n  \n  <tr>\n  \n<th scope=\"row\" class=\"row-header\">Parameter</th>\n\n  <td class=\"content-container\">\n    <em>Name</em>: Measurement Period\n    <br/>\n    <em>Use</em>: in\n    <br/>\n    <em>Min Cardinality</em>: 0\n    <br/>\n    <em>Max Cardinality</em>: 1\n    <br/>\n    <em>Type</em>: Period\n  </td>\n</tr>\n  \n  <tr>\n  \n<th scope=\"row\" class=\"row-header\">Parameter</th>\n\n  <td class=\"content-container\">\n    <em>Name</em>: Denominator 2\n    <br/>\n    <em>Use</em>: out\n    <br/>\n    <em>Min Cardinality</em>: 0\n    <br/>\n    <em>Max Cardinality</em>: *\n    <br/>\n    <em>Type</em>: Resource\n  </td>\n</tr>\n  \n  <tr>\n  \n<th scope=\"row\" class=\"row-header\">Parameter</th>\n\n  <td class=\"content-container\">\n    <em>Name</em>: Numerator 1\n    <br/>\n    <em>Use</em>: out\n    <br/>\n    <em>Min Cardinality</em>: 0\n    <br/>\n    <em>Max Cardinality</em>: *\n    <br/>\n    <em>Type</em>: Resource\n  </td>\n</tr>\n  \n  <tr>\n  \n<th scope=\"row\" class=\"row-header\">Parameter</th>\n\n  <td class=\"content-container\">\n    <em>Name</em>: Numerator 2\n    <br/>\n    <em>Use</em>: out\n    <br/>\n    <em>Min Cardinality</em>: 0\n    <br/>\n    <em>Max Cardinality</em>: *\n    <br/>\n    <em>Type</em>: Resource\n  </td>\n</tr>\n  \n  <tr>\n  \n<th scope=\"row\" class=\"row-header\">Parameter</th>\n\n  <td class=\"content-container\">\n    <em>Name</em>: Initial Population 1\n    <br/>\n    <em>Use</em>: out\n    <br/>\n    <em>Min Cardinality</em>: 0\n    <br/>\n    <em>Max Cardinality</em>: *\n    <br/>\n    <em>Type</em>: Resource\n  </td>\n</tr>\n  \n  <tr>\n  \n<th scope=\"row\" class=\"row-header\">Parameter</th>\n\n  <td class=\"content-container\">\n    <em>Name</em>: Initial Population 2\n    <br/>\n    <em>Use</em>: out\n    <br/>\n    <em>Min Cardinality</em>: 0\n    <br/>\n    <em>Max Cardinality</em>: *\n    <br/>\n    <em>Type</em>: Resource\n  </td>\n</tr>\n  \n  <tr>\n  \n<th scope=\"row\" class=\"row-header\">Parameter</th>\n\n  <td class=\"content-container\">\n    <em>Name</em>: Denominator 1\n    <br/>\n    <em>Use</em>: out\n    <br/>\n    <em>Min Cardinality</em>: 0\n    <br/>\n    <em>Max Cardinality</em>: *\n    <br/>\n    <em>Type</em>: Resource\n  </td>\n</tr>\n  \n  \n  <tr>\n    <th colspan=\"2\" scope=\"row\" class=\"section-header\"><a name=\"effective-data-requirements\"> </a>Measure Logic Data Requirements</th>\n  </tr>\n  \n  \n<tr>\n  <th scope=\"row\" class=\"row-header\">Data Requirement</th>\n  <td class=\"content-container\">\n    <em>Type</em>: Encounter\n    <br/>\n  \n    <em>Profile(s)</em>: \n  \n    http://hl7.org/fhir/us/qicore/StructureDefinition/qicore-encounter\n    <br/>        \n  \n   \n   \n    <em>Must Support Elements</em>: type, period, status, status.value\n    <br/>\n   \n  \n    <em>Code Filter(s)</em>: \n    <br/>\n  \n  \n    <span class=\"tab-one\"><em>Path</em>: type</span>\n    <br/>\n  \n  \n  \n    <span class=\"tab-one\"><em>ValueSet</em>:</span> http://cts.nlm.nih.gov/fhir/ValueSet/2.16.840.1.113883.3.526.3.1026\n    <br/> \n  \n  \n  \n   \n  </td>\n</tr>\n\n<tr>\n  <th scope=\"row\" class=\"row-header\">Data Requirement</th>\n  <td class=\"content-container\">\n    <em>Type</em>: Encounter\n    <br/>\n  \n    <em>Profile(s)</em>: \n  \n    http://hl7.org/fhir/us/qicore/StructureDefinition/qicore-encounter\n    <br/>        \n  \n   \n   \n    <em>Must Support Elements</em>: type, period, status, status.value\n    <br/>\n   \n  \n    <em>Code Filter(s)</em>: \n    <br/>\n  \n  \n    <span class=\"tab-one\"><em>Path</em>: type</span>\n    <br/>\n  \n  \n  \n    <span class=\"tab-one\"><em>ValueSet</em>:</span> http://cts.nlm.nih.gov/fhir/ValueSet/2.16.840.1.113883.3.464.1003.101.12.1001\n    <br/> \n  \n  \n  \n   \n  </td>\n</tr>\n\n<tr>\n  <th scope=\"row\" class=\"row-header\">Data Requirement</th>\n  <td class=\"content-container\">\n    <em>Type</em>: Encounter\n    <br/>\n  \n    <em>Profile(s)</em>: \n  \n    http://hl7.org/fhir/us/qicore/StructureDefinition/qicore-encounter\n    <br/>        \n  \n   \n   \n    <em>Must Support Elements</em>: type, period, status, status.value\n    <br/>\n   \n  \n    <em>Code Filter(s)</em>: \n    <br/>\n  \n  \n    <span class=\"tab-one\"><em>Path</em>: type</span>\n    <br/>\n  \n  \n  \n    <span class=\"tab-one\"><em>ValueSet</em>:</span> http://cts.nlm.nih.gov/fhir/ValueSet/2.16.840.1.113883.3.1444.5.215\n    <br/> \n  \n  \n  \n   \n  </td>\n</tr>\n\n<tr>\n  <th scope=\"row\" class=\"row-header\">Data Requirement</th>\n  <td class=\"content-container\">\n    <em>Type</em>: Condition\n    <br/>\n  \n    <em>Profile(s)</em>: \n  \n    http://hl7.org/fhir/us/qicore/StructureDefinition/qicore-condition-problems-health-concerns\n    <br/>        \n  \n   \n   \n    <em>Must Support Elements</em>: code\n    <br/>\n   \n  \n    <em>Code Filter(s)</em>: \n    <br/>\n  \n  \n    <span class=\"tab-one\"><em>Path</em>: code</span>\n    <br/>\n  \n  \n  \n    <span class=\"tab-one\"><em>ValueSet</em>:</span> http://cts.nlm.nih.gov/fhir/ValueSet/2.16.840.1.113883.3.526.3.1010\n    <br/> \n  \n  \n  \n   \n  </td>\n</tr>\n\n<tr>\n  <th scope=\"row\" class=\"row-header\">Data Requirement</th>\n  <td class=\"content-container\">\n    <em>Type</em>: Patient\n    <br/>\n  \n    <em>Profile(s)</em>: \n  \n    http://hl7.org/fhir/us/qicore/StructureDefinition/qicore-patient\n    <br/>        \n  \n   \n   \n    <em>Must Support Elements</em>: birthDate, birthDate.value\n    <br/>\n   \n   \n  </td>\n</tr>\n\n<tr>\n  <th scope=\"row\" class=\"row-header\">Data Requirement</th>\n  <td class=\"content-container\">\n    <em>Type</em>: Procedure\n    <br/>\n  \n    <em>Profile(s)</em>: \n  \n    http://hl7.org/fhir/us/qicore/StructureDefinition/qicore-procedure\n    <br/>        \n  \n   \n   \n    <em>Must Support Elements</em>: code, performed, status, status.value\n    <br/>\n   \n  \n    <em>Code Filter(s)</em>: \n    <br/>\n  \n  \n    <span class=\"tab-one\"><em>Path</em>: code</span>\n    <br/>\n  \n  \n  \n    <span class=\"tab-one\"><em>ValueSet</em>:</span> http://cts.nlm.nih.gov/fhir/ValueSet/2.16.840.1.113883.3.526.3.1027\n    <br/> \n  \n  \n  \n   \n  </td>\n</tr>\n\n<tr>\n  <th scope=\"row\" class=\"row-header\">Data Requirement</th>\n  <td class=\"content-container\">\n    <em>Type</em>: Observation\n    <br/>\n  \n    <em>Profile(s)</em>: \n  \n    http://hl7.org/fhir/us/qicore/StructureDefinition/qicore-observation-screening-assessment\n    <br/>        \n  \n   \n   \n    <em>Must Support Elements</em>: code, value, status, status.value, effective\n    <br/>\n   \n  \n    <em>Code Filter(s)</em>: \n    <br/>\n  \n  \n    <span class=\"tab-one\"><em>Path</em>: code</span>\n    <br/>\n  \n  \n  \n    <span class=\"tab-one\"><em>ValueSet</em>:</span> http://cts.nlm.nih.gov/fhir/ValueSet/2.16.840.1.113883.3.526.3.1028\n    <br/> \n  \n  \n  \n   \n  </td>\n</tr>\n\n  \n  <tr>\n\n<th colspan=\"2\" scope=\"row\" class=\"row-header\">Measure Logic Definitions</th>\n\n</tr>\n  \n          \n<tr>\n  <th scope=\"row\" rowspan=\"2\" class=\"row-header\">\n    \n      \n      <a name=\"oncologypainintensityquantifiedfhir-radiation-treatment-management-during-measurement-period-with-cancer-diagnosis\"> </a>\n    \n    Logic Definition\n  </th>\n\n  <td class=\"content-container\"><em>Library Name:</em> OncologyPainIntensityQuantifiedFHIR</td>\n\n</tr>\n<tr>\n\n  <td>\n    <pre style=\"border: none;\" class=\"content-container highlight language-cql\"><code class=\"language-cql\">define &quot;Radiation Treatment Management During Measurement Period with Cancer Diagnosis&quot;:\n  ( [Encounter: &quot;Radiation Treatment Management&quot;] ) RadiationTreatmentManagement\n    with [ConditionProblemsHealthConcerns: &quot;Cancer&quot;] CancerDx\n      such that CancerDx.isActive ( )\n        and CancerDx.prevalenceInterval ( ) overlaps RadiationTreatmentManagement.period\n    where RadiationTreatmentManagement.period during &quot;Measurement Period&quot;\n      and RadiationTreatmentManagement.status = 'finished'</code></pre>\n  </td>\n\n</tr>\n        \n<tr>\n  <th scope=\"row\" rowspan=\"2\" class=\"row-header\">\n    \n      \n      <a name=\"oncologypainintensityquantifiedfhir-initial-population-2\"> </a>\n    \n    Logic Definition\n  </th>\n\n  <td class=\"content-container\"><em>Library Name:</em> OncologyPainIntensityQuantifiedFHIR</td>\n\n</tr>\n<tr>\n\n  <td>\n    <pre style=\"border: none;\" class=\"content-container highlight language-cql\"><code class=\"language-cql\">define &quot;Initial Population 2&quot;:\n  &quot;Radiation Treatment Management During Measurement Period with Cancer Diagnosis&quot;</code></pre>\n  </td>\n\n</tr>\n        \n<tr>\n  <th scope=\"row\" rowspan=\"2\" class=\"row-header\">\n    \n      \n      <a name=\"oncologypainintensityquantifiedfhir-denominator-2\"> </a>\n    \n    Logic Definition\n  </th>\n\n  <td class=\"content-container\"><em>Library Name:</em> OncologyPainIntensityQuantifiedFHIR</td>\n\n</tr>\n<tr>\n\n  <td>\n    <pre style=\"border: none;\" class=\"content-container highlight language-cql\"><code class=\"language-cql\">define &quot;Denominator 2&quot;:\n  &quot;Initial Population 2&quot;</code></pre>\n  </td>\n\n</tr>\n        \n<tr>\n  <th scope=\"row\" rowspan=\"2\" class=\"row-header\">\n    \n      \n      <a name=\"oncologypainintensityquantifiedfhir-chemotherapy-within-31-days-prior-and-during-measurement-period\"> </a>\n    \n    Logic Definition\n  </th>\n\n  <td class=\"content-container\"><em>Library Name:</em> OncologyPainIntensityQuantifiedFHIR</td>\n\n</tr>\n<tr>\n\n  <td>\n    <pre style=\"border: none;\" class=\"content-container highlight language-cql\"><code class=\"language-cql\">define &quot;Chemotherapy Within 31 Days Prior and During Measurement Period&quot;:\n  [Procedure: &quot;Chemotherapy Administration&quot;] ChemoAdministration\n    where ChemoAdministration.performed.toInterval ( ) during Interval[start of &quot;Measurement Period&quot; - 31 days, end of &quot;Measurement Period&quot;]\n      and ChemoAdministration.status = 'completed'</code></pre>\n  </td>\n\n</tr>\n        \n<tr>\n  <th scope=\"row\" rowspan=\"2\" class=\"row-header\">\n    \n      \n      <a name=\"oncologypainintensityquantifiedfhir-face-to-face-or-telehealth-encounter-with-ongoing-chemotherapy\"> </a>\n    \n    Logic Definition\n  </th>\n\n  <td class=\"content-container\"><em>Library Name:</em> OncologyPainIntensityQuantifiedFHIR</td>\n\n</tr>\n<tr>\n\n  <td>\n    <pre style=\"border: none;\" class=\"content-container highlight language-cql\"><code class=\"language-cql\">define &quot;Face to Face or Telehealth Encounter with Ongoing Chemotherapy&quot;:\n  from\n    ( [Encounter: &quot;Office Visit&quot;]\n      union [Encounter: &quot;Audio Visual Telehealth Encounter&quot;] ) FaceToFaceOrTelehealthEncounter,\n    &quot;Chemotherapy Within 31 Days Prior and During Measurement Period&quot; ChemoBeforeEncounter,\n    &quot;Chemotherapy Within 31 Days Prior and During Measurement Period&quot; ChemoAfterEncounter,\n    [ConditionProblemsHealthConcerns: &quot;Cancer&quot;] CancerDx\n    where CancerDx.prevalenceInterval ( ) overlaps FaceToFaceOrTelehealthEncounter.period\n      and ChemoBeforeEncounter.performed.toInterval ( ) starts 30 days or less on or before day of end of FaceToFaceOrTelehealthEncounter.period\n      and ChemoAfterEncounter.performed.toInterval ( ) starts 30 days or less on or after day of end of FaceToFaceOrTelehealthEncounter.period\n      and not ( ChemoAfterEncounter.performed.toInterval ( ) same day as ChemoBeforeEncounter.performed.toInterval ( ) )\n      and FaceToFaceOrTelehealthEncounter.period during &quot;Measurement Period&quot;\n      and FaceToFaceOrTelehealthEncounter.status = 'finished'\n    return FaceToFaceOrTelehealthEncounter</code></pre>\n  </td>\n\n</tr>\n        \n<tr>\n  <th scope=\"row\" rowspan=\"2\" class=\"row-header\">\n    \n      \n      <a name=\"oncologypainintensityquantifiedfhir-standard-pain-assessment-with-result\"> </a>\n    \n    Logic Definition\n  </th>\n\n  <td class=\"content-container\"><em>Library Name:</em> OncologyPainIntensityQuantifiedFHIR</td>\n\n</tr>\n<tr>\n\n  <td>\n    <pre style=\"border: none;\" class=\"content-container highlight language-cql\"><code class=\"language-cql\">define &quot;Standard Pain Assessment with Result&quot;:\n  [ObservationScreeningAssessment: &quot;Standardized Pain Assessment Tool&quot;] AssessedPain\n    where AssessedPain.value is not null\n      and AssessedPain.status = 'final'</code></pre>\n  </td>\n\n</tr>\n        \n<tr>\n  <th scope=\"row\" rowspan=\"2\" class=\"row-header\">\n    \n      \n      <a name=\"oncologypainintensityquantifiedfhir-numerator-1\"> </a>\n    \n    Logic Definition\n  </th>\n\n  <td class=\"content-container\"><em>Library Name:</em> OncologyPainIntensityQuantifiedFHIR</td>\n\n</tr>\n<tr>\n\n  <td>\n    <pre style=\"border: none;\" class=\"content-container highlight language-cql\"><code class=\"language-cql\">define &quot;Numerator 1&quot;:\n  &quot;Face to Face or Telehealth Encounter with Ongoing Chemotherapy&quot; FaceToFaceOrTelehealthEncounterWithChemo\n    with &quot;Standard Pain Assessment with Result&quot; PainAssessed\n      such that PainAssessed.effective.toInterval ( ) during FaceToFaceOrTelehealthEncounterWithChemo.period</code></pre>\n  </td>\n\n</tr>\n        \n<tr>\n  <th scope=\"row\" rowspan=\"2\" class=\"row-header\">\n    \n      \n      <a name=\"oncologypainintensityquantifiedfhir-numerator-2\"> </a>\n    \n    Logic Definition\n  </th>\n\n  <td class=\"content-container\"><em>Library Name:</em> OncologyPainIntensityQuantifiedFHIR</td>\n\n</tr>\n<tr>\n\n  <td>\n    <pre style=\"border: none;\" class=\"content-container highlight language-cql\"><code class=\"language-cql\">define &quot;Numerator 2&quot;:\n  &quot;Radiation Treatment Management During Measurement Period with Cancer Diagnosis&quot; RadiationManagementEncounter\n    with &quot;Standard Pain Assessment with Result&quot; PainAssessed\n      such that case\n        when exists ( ( RadiationManagementEncounter.type ) RadiationManagement\n            where RadiationManagement ~ &quot;Radiation treatment management, 5 treatments&quot;\n        ) then PainAssessed.effective.toInterval ( ) 6 days or less on or before day of start of RadiationManagementEncounter.period \n        else PainAssessed.effective.toInterval ( ) during day of RadiationManagementEncounter.period end</code></pre>\n  </td>\n\n</tr>\n        \n<tr>\n  <th scope=\"row\" rowspan=\"2\" class=\"row-header\">\n    \n      \n      <a name=\"oncologypainintensityquantifiedfhir-initial-population-1\"> </a>\n    \n    Logic Definition\n  </th>\n\n  <td class=\"content-container\"><em>Library Name:</em> OncologyPainIntensityQuantifiedFHIR</td>\n\n</tr>\n<tr>\n\n  <td>\n    <pre style=\"border: none;\" class=\"content-container highlight language-cql\"><code class=\"language-cql\">define &quot;Initial Population 1&quot;:\n  &quot;Face to Face or Telehealth Encounter with Ongoing Chemotherapy&quot;</code></pre>\n  </td>\n\n</tr>\n        \n<tr>\n  <th scope=\"row\" rowspan=\"2\" class=\"row-header\">\n    \n      \n      <a name=\"oncologypainintensityquantifiedfhir-denominator-1\"> </a>\n    \n    Logic Definition\n  </th>\n\n  <td class=\"content-container\"><em>Library Name:</em> OncologyPainIntensityQuantifiedFHIR</td>\n\n</tr>\n<tr>\n\n  <td>\n    <pre style=\"border: none;\" class=\"content-container highlight language-cql\"><code class=\"language-cql\">define &quot;Denominator 1&quot;:\n  &quot;Initial Population 1&quot;</code></pre>\n  </td>\n\n</tr>\n        \n<tr>\n  <th scope=\"row\" rowspan=\"2\" class=\"row-header\">\n    \n      \n      <a name=\"qicorecommon-isactive\"> </a>\n    \n    Logic Definition\n  </th>\n\n  <td class=\"content-container\"><em>Library Name:</em> QICoreCommon</td>\n\n</tr>\n<tr>\n\n  <td>\n    <pre style=\"border: none;\" class=\"content-container highlight language-cql\"><code class=\"language-cql\">/* Candidates for FHIRCommon */\n\n/*\n@description: Returns true if the given condition has a clinical status of active, recurrence, or relapse\n*/\ndefine fluent function isActive(condition Choice&lt;&quot;ConditionEncounterDiagnosis&quot;, &quot;ConditionProblemsHealthConcerns&quot;&gt;):\n  condition.clinicalStatus ~ &quot;active&quot;\n    or condition.clinicalStatus ~ &quot;recurrence&quot;\n    or condition.clinicalStatus ~ &quot;relapse&quot;</code></pre>\n  </td>\n\n</tr>\n        \n<tr>\n  <th scope=\"row\" rowspan=\"2\" class=\"row-header\">\n    \n      \n      <a name=\"qicorecommon-prevalenceinterval\"> </a>\n    \n    Logic Definition\n  </th>\n\n  <td class=\"content-container\"><em>Library Name:</em> QICoreCommon</td>\n\n</tr>\n<tr>\n\n  <td>\n    <pre style=\"border: none;\" class=\"content-container highlight language-cql\"><code class=\"language-cql\">/*\n@description: Returns an interval representing the normalized prevalence period of a given Condition.\n@comment: Uses the ToInterval and ToAbatementInterval functions to determine the widest potential interval from\nonset to abatement as specified in the given Condition. If the condition is active, or has an abatement date the resulting \ninterval will have a closed ending boundary. Otherwise, the resulting interval will have an open ending boundary.\n*/\ndefine fluent function prevalenceInterval(condition Choice&lt;&quot;ConditionEncounterDiagnosis&quot;, &quot;ConditionProblemsHealthConcerns&quot;&gt;):\nif condition.clinicalStatus ~ &quot;active&quot;\n  or condition.clinicalStatus ~ &quot;recurrence&quot;\n  or condition.clinicalStatus ~ &quot;relapse&quot; then\n  Interval[start of condition.onset.toInterval(), end of condition.abatementInterval()]\nelse\n    (end of condition.abatementInterval()) abatementDate\n    return if abatementDate is null then\n      Interval[start of condition.onset.toInterval(), abatementDate)\n    else\n      Interval[start of condition.onset.toInterval(), abatementDate]</code></pre>\n  </td>\n\n</tr>\n        \n<tr>\n  <th scope=\"row\" rowspan=\"2\" class=\"row-header\">\n    \n      \n      <a name=\"fhirhelpers-tointerval\"> </a>\n    \n    Logic Definition\n  </th>\n\n  <td class=\"content-container\"><em>Library Name:</em> FHIRHelpers</td>\n\n</tr>\n<tr>\n\n  <td>\n    <pre style=\"border: none;\" class=\"content-container highlight language-cql\"><code class=\"language-cql\">/*\n@description: Converts the given [Period](https://hl7.org/fhir/datatypes.html#Period)\nvalue to a CQL DateTime Interval\n@comment: If the start value of the given period is unspecified, the starting\nboundary of the resulting interval will be open (meaning the start of the interval\nis unknown, as opposed to interpreted as the beginning of time).\n*/\ndefine function ToInterval(period FHIR.Period):\n    if period is null then\n        null\n    else\n        if period.&quot;start&quot; is null then\n            Interval(period.&quot;start&quot;.value, period.&quot;end&quot;.value]\n        else\n            Interval[period.&quot;start&quot;.value, period.&quot;end&quot;.value]</code></pre>\n  </td>\n\n</tr>\n        \n<tr>\n  <th scope=\"row\" rowspan=\"2\" class=\"row-header\">\n    \n      \n      <a name=\"qicorecommon-tointerval\"> </a>\n    \n    Logic Definition\n  </th>\n\n  <td class=\"content-container\"><em>Library Name:</em> QICoreCommon</td>\n\n</tr>\n<tr>\n\n  <td>\n    <pre style=\"border: none;\" class=\"content-container highlight language-cql\"><code class=\"language-cql\">/*\n@description: Normalizes a value that is a choice of timing-valued types to an equivalent interval\n@comment: Normalizes a choice type of DateTime, Quanitty, Interval&lt;DateTime&gt;, or Interval&lt;Quantity&gt; types\nto an equivalent interval. This selection of choice types is a superset of the majority of choice types that are used as possible\nrepresentations for timing-valued elements in QICore, allowing this function to be used across any resource.\nThe input can be provided as a DateTime, Quantity, Interval&lt;DateTime&gt; or Interval&lt;Quantity&gt;.\nThe intent of this function is to provide a clear and concise mechanism to treat single\nelements that have multiple possible representations as intervals so that logic doesn't have to account\nfor the variability. More complex calculations (such as medication request period or dispense period\ncalculation) need specific guidance and consideration. That guidance may make use of this function, but\nthe focus of this function is on single element calculations where the semantics are unambiguous.\nIf the input is a DateTime, the result a DateTime Interval beginning and ending on that DateTime.\nIf the input is a Quantity, the quantity is expected to be a calendar-duration interpreted as an Age,\nand the result is a DateTime Interval beginning on the Date the patient turned that age and ending immediately before one year later.\nIf the input is a DateTime Interval, the result is the input.\nIf the input is a Quantity Interval, the quantities are expected to be calendar-durations interpreted as an Age, and the result\nis a DateTime Interval beginning on the date the patient turned the age given as the start of the quantity interval, and ending\nimmediately before one year later than the date the patient turned the age given as the end of the quantity interval.\nIf the input is a Timing, an error will be thrown indicating that Timing calculations are not implemented. Any other input will reslt in a null DateTime Interval\n*/\ndefine fluent function toInterval(choice Choice&lt;DateTime, Quantity, Interval&lt;DateTime&gt;, Interval&lt;Quantity&gt;, Timing&gt;):\n  case\n\t  when choice is DateTime then\n    \tInterval[choice as DateTime, choice as DateTime]\n\t\twhen choice is Interval&lt;DateTime&gt; then\n  \t\tchoice as Interval&lt;DateTime&gt;\n\t\twhen choice is Quantity then\n\t\t  Interval[Patient.birthDate + (choice as Quantity),\n\t\t\t  Patient.birthDate + (choice as Quantity) + 1 year)\n\t\twhen choice is Interval&lt;Quantity&gt; then\n\t\t  Interval[Patient.birthDate + (choice.low as Quantity),\n\t\t\t  Patient.birthDate + (choice.high as Quantity) + 1 year)\n\t\twhen choice is Timing then\n      Message(null, true, 'NOT_IMPLEMENTED', 'Error', 'Calculation of an interval from a Timing value is not supported') as Interval&lt;DateTime&gt;\n\t\telse\n\t\t\tnull as Interval&lt;DateTime&gt;\n\tend</code></pre>\n  </td>\n\n</tr>\n        \n<tr>\n  <th scope=\"row\" rowspan=\"2\" class=\"row-header\">\n    \n      \n      <a name=\"fhirhelpers-toconcept\"> </a>\n    \n    Logic Definition\n  </th>\n\n  <td class=\"content-container\"><em>Library Name:</em> FHIRHelpers</td>\n\n</tr>\n<tr>\n\n  <td>\n    <pre style=\"border: none;\" class=\"content-container highlight language-cql\"><code class=\"language-cql\">/*\n@description: Converts the given FHIR [CodeableConcept](https://hl7.org/fhir/datatypes.html#CodeableConcept) value to a CQL Concept.\n*/\ndefine function ToConcept(concept FHIR.CodeableConcept):\n    if concept is null then\n        null\n    else\n        System.Concept {\n            codes: concept.coding C return ToCode(C),\n            display: concept.text.value\n        }</code></pre>\n  </td>\n\n</tr>\n\n  \n\n<tr>\n  <th colspan=\"2\" scope=\"row\" class=\"row-header\">Generated using version 0.4.6 of the sample-content-ig Liquid templates</th>\n</tr>\n    </tbody>\n  </table>\n</div>"
  },
  "contained": [ {
    "resourceType": "Library",
    "id": "effective-data-requirements",
    "extension": [ {
      "url": "http://hl7.org/fhir/us/cqfmeasures/StructureDefinition/cqfm-directReferenceCode",
      "valueCoding": {
        "system": "http://terminology.hl7.org/CodeSystem/condition-clinical",
        "code": "active",
        "display": "Active"
      }
    }, {
      "url": "http://hl7.org/fhir/us/cqfmeasures/StructureDefinition/cqfm-directReferenceCode",
      "valueCoding": {
        "system": "http://terminology.hl7.org/CodeSystem/condition-clinical",
        "code": "recurrence",
        "display": "Recurrence"
      }
    }, {
      "url": "http://hl7.org/fhir/us/cqfmeasures/StructureDefinition/cqfm-directReferenceCode",
      "valueCoding": {
        "system": "http://terminology.hl7.org/CodeSystem/condition-clinical",
        "code": "relapse",
        "display": "Relapse"
      }
    }, {
      "url": "http://hl7.org/fhir/us/cqfmeasures/StructureDefinition/cqfm-directReferenceCode",
      "valueCoding": {
        "system": "http://www.ama-assn.org/go/cpt",
        "code": "77427",
        "display": "Radiation treatment management, 5 treatments"
      }
    }, {
      "url": "http://hl7.org/fhir/StructureDefinition/cqf-logicDefinition",
      "extension": [ {
        "url": "libraryName",
        "valueString": "OncologyPainIntensityQuantifiedFHIR"
      }, {
        "url": "name",
        "valueString": "Radiation Treatment Management During Measurement Period with Cancer Diagnosis"
      }, {
        "url": "statement",
        "valueString": "define &quot;Radiation Treatment Management During Measurement Period with Cancer Diagnosis&quot;:\n  ( [Encounter: &quot;Radiation Treatment Management&quot;] ) RadiationTreatmentManagement\n    with [ConditionProblemsHealthConcerns: &quot;Cancer&quot;] CancerDx\n      such that CancerDx.isActive ( )\n        and CancerDx.prevalenceInterval ( ) overlaps RadiationTreatmentManagement.period\n    where RadiationTreatmentManagement.period during &quot;Measurement Period&quot;\n      and RadiationTreatmentManagement.status = &#39;finished&#39;"
      }, {
        "url": "displaySequence",
        "valueInteger": 0
      } ]
    }, {
      "url": "http://hl7.org/fhir/StructureDefinition/cqf-logicDefinition",
      "extension": [ {
        "url": "libraryName",
        "valueString": "OncologyPainIntensityQuantifiedFHIR"
      }, {
        "url": "name",
        "valueString": "Initial Population 2"
      }, {
        "url": "statement",
        "valueString": "define &quot;Initial Population 2&quot;:\n  &quot;Radiation Treatment Management During Measurement Period with Cancer Diagnosis&quot;"
      }, {
        "url": "displaySequence",
        "valueInteger": 1
      } ]
    }, {
      "url": "http://hl7.org/fhir/StructureDefinition/cqf-logicDefinition",
      "extension": [ {
        "url": "libraryName",
        "valueString": "OncologyPainIntensityQuantifiedFHIR"
      }, {
        "url": "name",
        "valueString": "Denominator 2"
      }, {
        "url": "statement",
        "valueString": "define &quot;Denominator 2&quot;:\n  &quot;Initial Population 2&quot;"
      }, {
        "url": "displaySequence",
        "valueInteger": 2
      } ]
    }, {
      "url": "http://hl7.org/fhir/StructureDefinition/cqf-logicDefinition",
      "extension": [ {
        "url": "libraryName",
        "valueString": "OncologyPainIntensityQuantifiedFHIR"
      }, {
        "url": "name",
        "valueString": "Chemotherapy Within 31 Days Prior and During Measurement Period"
      }, {
        "url": "statement",
        "valueString": "define &quot;Chemotherapy Within 31 Days Prior and During Measurement Period&quot;:\n  [Procedure: &quot;Chemotherapy Administration&quot;] ChemoAdministration\n    where ChemoAdministration.performed.toInterval ( ) during Interval[start of &quot;Measurement Period&quot; - 31 days, end of &quot;Measurement Period&quot;]\n      and ChemoAdministration.status = &#39;completed&#39;"
      }, {
        "url": "displaySequence",
        "valueInteger": 3
      } ]
    }, {
      "url": "http://hl7.org/fhir/StructureDefinition/cqf-logicDefinition",
      "extension": [ {
        "url": "libraryName",
        "valueString": "OncologyPainIntensityQuantifiedFHIR"
      }, {
        "url": "name",
        "valueString": "Face to Face or Telehealth Encounter with Ongoing Chemotherapy"
      }, {
        "url": "statement",
        "valueString": "define &quot;Face to Face or Telehealth Encounter with Ongoing Chemotherapy&quot;:\n  from\n    ( [Encounter: &quot;Office Visit&quot;]\n      union [Encounter: &quot;Audio Visual Telehealth Encounter&quot;] ) FaceToFaceOrTelehealthEncounter,\n    &quot;Chemotherapy Within 31 Days Prior and During Measurement Period&quot; ChemoBeforeEncounter,\n    &quot;Chemotherapy Within 31 Days Prior and During Measurement Period&quot; ChemoAfterEncounter,\n    [ConditionProblemsHealthConcerns: &quot;Cancer&quot;] CancerDx\n    where CancerDx.prevalenceInterval ( ) overlaps FaceToFaceOrTelehealthEncounter.period\n      and ChemoBeforeEncounter.performed.toInterval ( ) starts 30 days or less on or before day of end of FaceToFaceOrTelehealthEncounter.period\n      and ChemoAfterEncounter.performed.toInterval ( ) starts 30 days or less on or after day of end of FaceToFaceOrTelehealthEncounter.period\n      and not ( ChemoAfterEncounter.performed.toInterval ( ) same day as ChemoBeforeEncounter.performed.toInterval ( ) )\n      and FaceToFaceOrTelehealthEncounter.period during &quot;Measurement Period&quot;\n      and FaceToFaceOrTelehealthEncounter.status = &#39;finished&#39;\n    return FaceToFaceOrTelehealthEncounter"
      }, {
        "url": "displaySequence",
        "valueInteger": 4
      } ]
    }, {
      "url": "http://hl7.org/fhir/StructureDefinition/cqf-logicDefinition",
      "extension": [ {
        "url": "libraryName",
        "valueString": "OncologyPainIntensityQuantifiedFHIR"
      }, {
        "url": "name",
        "valueString": "Standard Pain Assessment with Result"
      }, {
        "url": "statement",
        "valueString": "define &quot;Standard Pain Assessment with Result&quot;:\n  [ObservationScreeningAssessment: &quot;Standardized Pain Assessment Tool&quot;] AssessedPain\n    where AssessedPain.value is not null\n      and AssessedPain.status = &#39;final&#39;"
      }, {
        "url": "displaySequence",
        "valueInteger": 5
      } ]
    }, {
      "url": "http://hl7.org/fhir/StructureDefinition/cqf-logicDefinition",
      "extension": [ {
        "url": "libraryName",
        "valueString": "OncologyPainIntensityQuantifiedFHIR"
      }, {
        "url": "name",
        "valueString": "Numerator 1"
      }, {
        "url": "statement",
        "valueString": "define &quot;Numerator 1&quot;:\n  &quot;Face to Face or Telehealth Encounter with Ongoing Chemotherapy&quot; FaceToFaceOrTelehealthEncounterWithChemo\n    with &quot;Standard Pain Assessment with Result&quot; PainAssessed\n      such that PainAssessed.effective.toInterval ( ) during FaceToFaceOrTelehealthEncounterWithChemo.period"
      }, {
        "url": "displaySequence",
        "valueInteger": 6
      } ]
    }, {
      "url": "http://hl7.org/fhir/StructureDefinition/cqf-logicDefinition",
      "extension": [ {
        "url": "libraryName",
        "valueString": "OncologyPainIntensityQuantifiedFHIR"
      }, {
        "url": "name",
        "valueString": "Numerator 2"
      }, {
        "url": "statement",
        "valueString": "define &quot;Numerator 2&quot;:\n  &quot;Radiation Treatment Management During Measurement Period with Cancer Diagnosis&quot; RadiationManagementEncounter\n    with &quot;Standard Pain Assessment with Result&quot; PainAssessed\n      such that case\n        when exists ( ( RadiationManagementEncounter.type ) RadiationManagement\n            where RadiationManagement ~ &quot;Radiation treatment management, 5 treatments&quot;\n        ) then PainAssessed.effective.toInterval ( ) 6 days or less on or before day of start of RadiationManagementEncounter.period \n        else PainAssessed.effective.toInterval ( ) during day of RadiationManagementEncounter.period end"
      }, {
        "url": "displaySequence",
        "valueInteger": 7
      } ]
    }, {
      "url": "http://hl7.org/fhir/StructureDefinition/cqf-logicDefinition",
      "extension": [ {
        "url": "libraryName",
        "valueString": "OncologyPainIntensityQuantifiedFHIR"
      }, {
        "url": "name",
        "valueString": "Initial Population 1"
      }, {
        "url": "statement",
        "valueString": "define &quot;Initial Population 1&quot;:\n  &quot;Face to Face or Telehealth Encounter with Ongoing Chemotherapy&quot;"
      }, {
        "url": "displaySequence",
        "valueInteger": 8
      } ]
    }, {
      "url": "http://hl7.org/fhir/StructureDefinition/cqf-logicDefinition",
      "extension": [ {
        "url": "libraryName",
        "valueString": "OncologyPainIntensityQuantifiedFHIR"
      }, {
        "url": "name",
        "valueString": "Denominator 1"
      }, {
        "url": "statement",
        "valueString": "define &quot;Denominator 1&quot;:\n  &quot;Initial Population 1&quot;"
      }, {
        "url": "displaySequence",
        "valueInteger": 9
      } ]
    }, {
      "url": "http://hl7.org/fhir/StructureDefinition/cqf-logicDefinition",
      "extension": [ {
        "url": "libraryName",
        "valueString": "QICoreCommon"
      }, {
        "url": "name",
        "valueString": "isActive"
      }, {
        "url": "statement",
        "valueString": "/* Candidates for FHIRCommon */\n\n/*\n@description: Returns true if the given condition has a clinical status of active, recurrence, or relapse\n*/\ndefine fluent function isActive(condition Choice&lt;&quot;ConditionEncounterDiagnosis&quot;, &quot;ConditionProblemsHealthConcerns&quot;&gt;):\n  condition.clinicalStatus ~ &quot;active&quot;\n    or condition.clinicalStatus ~ &quot;recurrence&quot;\n    or condition.clinicalStatus ~ &quot;relapse&quot;"
      }, {
        "url": "displaySequence",
        "valueInteger": 10
      } ]
    }, {
      "url": "http://hl7.org/fhir/StructureDefinition/cqf-logicDefinition",
      "extension": [ {
        "url": "libraryName",
        "valueString": "QICoreCommon"
      }, {
        "url": "name",
        "valueString": "prevalenceInterval"
      }, {
        "url": "statement",
        "valueString": "/*\n@description: Returns an interval representing the normalized prevalence period of a given Condition.\n@comment: Uses the ToInterval and ToAbatementInterval functions to determine the widest potential interval from\nonset to abatement as specified in the given Condition. If the condition is active, or has an abatement date the resulting \ninterval will have a closed ending boundary. Otherwise, the resulting interval will have an open ending boundary.\n*/\ndefine fluent function prevalenceInterval(condition Choice&lt;&quot;ConditionEncounterDiagnosis&quot;, &quot;ConditionProblemsHealthConcerns&quot;&gt;):\nif condition.clinicalStatus ~ &quot;active&quot;\n  or condition.clinicalStatus ~ &quot;recurrence&quot;\n  or condition.clinicalStatus ~ &quot;relapse&quot; then\n  Interval[start of condition.onset.toInterval(), end of condition.abatementInterval()]\nelse\n    (end of condition.abatementInterval()) abatementDate\n    return if abatementDate is null then\n      Interval[start of condition.onset.toInterval(), abatementDate)\n    else\n      Interval[start of condition.onset.toInterval(), abatementDate]"
      }, {
        "url": "displaySequence",
        "valueInteger": 11
      } ]
    }, {
      "url": "http://hl7.org/fhir/StructureDefinition/cqf-logicDefinition",
      "extension": [ {
        "url": "libraryName",
        "valueString": "FHIRHelpers"
      }, {
        "url": "name",
        "valueString": "ToInterval"
      }, {
        "url": "statement",
        "valueString": "/*\n@description: Converts the given [Period](https://hl7.org/fhir/datatypes.html#Period)\nvalue to a CQL DateTime Interval\n@comment: If the start value of the given period is unspecified, the starting\nboundary of the resulting interval will be open (meaning the start of the interval\nis unknown, as opposed to interpreted as the beginning of time).\n*/\ndefine function ToInterval(period FHIR.Period):\n    if period is null then\n        null\n    else\n        if period.&quot;start&quot; is null then\n            Interval(period.&quot;start&quot;.value, period.&quot;end&quot;.value]\n        else\n            Interval[period.&quot;start&quot;.value, period.&quot;end&quot;.value]"
      }, {
        "url": "displaySequence",
        "valueInteger": 12
      } ]
    }, {
      "url": "http://hl7.org/fhir/StructureDefinition/cqf-logicDefinition",
      "extension": [ {
        "url": "libraryName",
        "valueString": "QICoreCommon"
      }, {
        "url": "name",
        "valueString": "toInterval"
      }, {
        "url": "statement",
        "valueString": "/*\n@description: Normalizes a value that is a choice of timing-valued types to an equivalent interval\n@comment: Normalizes a choice type of DateTime, Quanitty, Interval&lt;DateTime&gt;, or Interval&lt;Quantity&gt; types\nto an equivalent interval. This selection of choice types is a superset of the majority of choice types that are used as possible\nrepresentations for timing-valued elements in QICore, allowing this function to be used across any resource.\nThe input can be provided as a DateTime, Quantity, Interval&lt;DateTime&gt; or Interval&lt;Quantity&gt;.\nThe intent of this function is to provide a clear and concise mechanism to treat single\nelements that have multiple possible representations as intervals so that logic doesn&#39;t have to account\nfor the variability. More complex calculations (such as medication request period or dispense period\ncalculation) need specific guidance and consideration. That guidance may make use of this function, but\nthe focus of this function is on single element calculations where the semantics are unambiguous.\nIf the input is a DateTime, the result a DateTime Interval beginning and ending on that DateTime.\nIf the input is a Quantity, the quantity is expected to be a calendar-duration interpreted as an Age,\nand the result is a DateTime Interval beginning on the Date the patient turned that age and ending immediately before one year later.\nIf the input is a DateTime Interval, the result is the input.\nIf the input is a Quantity Interval, the quantities are expected to be calendar-durations interpreted as an Age, and the result\nis a DateTime Interval beginning on the date the patient turned the age given as the start of the quantity interval, and ending\nimmediately before one year later than the date the patient turned the age given as the end of the quantity interval.\nIf the input is a Timing, an error will be thrown indicating that Timing calculations are not implemented. Any other input will reslt in a null DateTime Interval\n*/\ndefine fluent function toInterval(choice Choice&lt;DateTime, Quantity, Interval&lt;DateTime&gt;, Interval&lt;Quantity&gt;, Timing&gt;):\n  case\n\t  when choice is DateTime then\n    \tInterval[choice as DateTime, choice as DateTime]\n\t\twhen choice is Interval&lt;DateTime&gt; then\n  \t\tchoice as Interval&lt;DateTime&gt;\n\t\twhen choice is Quantity then\n\t\t  Interval[Patient.birthDate + (choice as Quantity),\n\t\t\t  Patient.birthDate + (choice as Quantity) + 1 year)\n\t\twhen choice is Interval&lt;Quantity&gt; then\n\t\t  Interval[Patient.birthDate + (choice.low as Quantity),\n\t\t\t  Patient.birthDate + (choice.high as Quantity) + 1 year)\n\t\twhen choice is Timing then\n      Message(null, true, &#39;NOT_IMPLEMENTED&#39;, &#39;Error&#39;, &#39;Calculation of an interval from a Timing value is not supported&#39;) as Interval&lt;DateTime&gt;\n\t\telse\n\t\t\tnull as Interval&lt;DateTime&gt;\n\tend"
      }, {
        "url": "displaySequence",
        "valueInteger": 13
      } ]
    }, {
      "url": "http://hl7.org/fhir/StructureDefinition/cqf-logicDefinition",
      "extension": [ {
        "url": "libraryName",
        "valueString": "FHIRHelpers"
      }, {
        "url": "name",
        "valueString": "ToConcept"
      }, {
        "url": "statement",
        "valueString": "/*\n@description: Converts the given FHIR [CodeableConcept](https://hl7.org/fhir/datatypes.html#CodeableConcept) value to a CQL Concept.\n*/\ndefine function ToConcept(concept FHIR.CodeableConcept):\n    if concept is null then\n        null\n    else\n        System.Concept {\n            codes: concept.coding C return ToCode(C),\n            display: concept.text.value\n        }"
      }, {
        "url": "displaySequence",
        "valueInteger": 14
      } ]
    } ],
    "name": "EffectiveDataRequirements",
    "status": "active",
    "type": {
      "coding": [ {
        "system": "http://terminology.hl7.org/CodeSystem/library-type",
        "code": "module-definition"
      } ]
    },
    "relatedArtifact": [ {
      "type": "depends-on",
      "display": "Library QICoreCommon",
      "resource": "https://madie.cms.gov/Library/QICoreCommon|4.0.000"
    }, {
      "type": "depends-on",
      "display": "Library FHIRHelpers",
      "resource": "https://madie.cms.gov/Library/FHIRHelpers|4.4.000"
    }, {
      "type": "depends-on",
      "display": "Code system ConditionClinicalStatusCodes",
      "resource": "http://terminology.hl7.org/CodeSystem/condition-clinical"
    }, {
      "type": "depends-on",
      "display": "Code system CPT",
      "resource": "http://www.ama-assn.org/go/cpt"
    }, {
      "type": "depends-on",
      "display": "Value set Radiation Treatment Management",
      "resource": "http://cts.nlm.nih.gov/fhir/ValueSet/2.16.840.1.113883.3.526.3.1026"
    }, {
      "type": "depends-on",
      "display": "Value set Cancer",
      "resource": "http://cts.nlm.nih.gov/fhir/ValueSet/2.16.840.1.113883.3.526.3.1010"
    }, {
      "type": "depends-on",
      "display": "Value set Office Visit",
      "resource": "http://cts.nlm.nih.gov/fhir/ValueSet/2.16.840.1.113883.3.464.1003.101.12.1001"
    }, {
      "type": "depends-on",
      "display": "Value set Audio Visual Telehealth Encounter",
      "resource": "http://cts.nlm.nih.gov/fhir/ValueSet/2.16.840.1.113883.3.1444.5.215"
    }, {
      "type": "depends-on",
      "display": "Value set Chemotherapy Administration",
      "resource": "http://cts.nlm.nih.gov/fhir/ValueSet/2.16.840.1.113883.3.526.3.1027"
    }, {
      "type": "depends-on",
      "display": "Value set Standardized Pain Assessment Tool",
      "resource": "http://cts.nlm.nih.gov/fhir/ValueSet/2.16.840.1.113883.3.526.3.1028"
    } ],
    "parameter": [ {
      "name": "Measurement Period",
      "use": "in",
      "min": 0,
      "max": "1",
      "type": "Period"
    }, {
      "name": "Denominator 2",
      "use": "out",
      "min": 0,
      "max": "*",
      "type": "Resource"
    }, {
      "name": "Numerator 1",
      "use": "out",
      "min": 0,
      "max": "*",
      "type": "Resource"
    }, {
      "name": "Numerator 2",
      "use": "out",
      "min": 0,
      "max": "*",
      "type": "Resource"
    }, {
      "name": "Initial Population 1",
      "use": "out",
      "min": 0,
      "max": "*",
      "type": "Resource"
    }, {
      "name": "Initial Population 2",
      "use": "out",
      "min": 0,
      "max": "*",
      "type": "Resource"
    }, {
      "name": "Denominator 1",
      "use": "out",
      "min": 0,
      "max": "*",
      "type": "Resource"
    } ],
    "dataRequirement": [ {
      "type": "Encounter",
      "profile": [ "http://hl7.org/fhir/us/qicore/StructureDefinition/qicore-encounter" ],
      "mustSupport": [ "type", "period", "status", "status.value" ],
      "codeFilter": [ {
        "path": "type",
        "valueSet": "http://cts.nlm.nih.gov/fhir/ValueSet/2.16.840.1.113883.3.526.3.1026"
      } ]
    }, {
      "type": "Encounter",
      "profile": [ "http://hl7.org/fhir/us/qicore/StructureDefinition/qicore-encounter" ],
      "mustSupport": [ "type", "period", "status", "status.value" ],
      "codeFilter": [ {
        "path": "type",
        "valueSet": "http://cts.nlm.nih.gov/fhir/ValueSet/2.16.840.1.113883.3.464.1003.101.12.1001"
      } ]
    }, {
      "type": "Encounter",
      "profile": [ "http://hl7.org/fhir/us/qicore/StructureDefinition/qicore-encounter" ],
      "mustSupport": [ "type", "period", "status", "status.value" ],
      "codeFilter": [ {
        "path": "type",
        "valueSet": "http://cts.nlm.nih.gov/fhir/ValueSet/2.16.840.1.113883.3.1444.5.215"
      } ]
    }, {
      "type": "Condition",
      "profile": [ "http://hl7.org/fhir/us/qicore/StructureDefinition/qicore-condition-problems-health-concerns" ],
      "mustSupport": [ "code" ],
      "codeFilter": [ {
        "path": "code",
        "valueSet": "http://cts.nlm.nih.gov/fhir/ValueSet/2.16.840.1.113883.3.526.3.1010"
      } ]
    }, {
      "type": "Patient",
      "profile": [ "http://hl7.org/fhir/us/qicore/StructureDefinition/qicore-patient" ],
      "mustSupport": [ "birthDate", "birthDate.value" ]
    }, {
      "type": "Procedure",
      "profile": [ "http://hl7.org/fhir/us/qicore/StructureDefinition/qicore-procedure" ],
      "mustSupport": [ "code", "performed", "status", "status.value" ],
      "codeFilter": [ {
        "path": "code",
        "valueSet": "http://cts.nlm.nih.gov/fhir/ValueSet/2.16.840.1.113883.3.526.3.1027"
      } ]
    }, {
      "type": "Observation",
      "profile": [ "http://hl7.org/fhir/us/qicore/StructureDefinition/qicore-observation-screening-assessment" ],
      "mustSupport": [ "code", "value", "status", "status.value", "effective" ],
      "codeFilter": [ {
        "path": "code",
        "valueSet": "http://cts.nlm.nih.gov/fhir/ValueSet/2.16.840.1.113883.3.526.3.1028"
      } ]
    } ]
  } ],
  "extension": [ {
    "url": "http://hl7.org/fhir/uv/crmi/StructureDefinition/crmi-effectiveDataRequirements",
    "valueReference": {
      "reference": "#effective-data-requirements"
    }
  } ],
  "url": "https://madie.cms.gov/Measure/OncologyPainIntensityQuantifiedFHIR",
  "identifier": [ {
    "use": "usual",
    "type": {
      "coding": [ {
        "system": "http://terminology.hl7.org/CodeSystem/artifact-identifier-type",
        "code": "short-name",
        "display": "Short Name"
      } ]
    },
    "system": "https://madie.cms.gov/measure/shortName",
    "value": "CMS157FHIR"
  }, {
    "use": "official",
    "type": {
      "coding": [ {
        "system": "http://terminology.hl7.org/CodeSystem/artifact-identifier-type",
        "code": "version-independent",
        "display": "Version Independent"
      } ]
    },
    "system": "urn:ietf:rfc:3986",
    "value": "urn:uuid:b7b487bf-bc27-48c9-994f-6d095ff84500"
  }, {
    "use": "official",
    "type": {
      "coding": [ {
        "system": "http://terminology.hl7.org/CodeSystem/artifact-identifier-type",
        "code": "version-specific",
        "display": "Version Specific"
      } ]
    },
    "system": "urn:ietf:rfc:3986",
    "value": "urn:uuid:e8aea214-73a5-4b6c-89d1-e1d901c69386"
  }, {
    "use": "official",
    "type": {
      "coding": [ {
        "system": "http://terminology.hl7.org/CodeSystem/artifact-identifier-type",
        "code": "endorser",
        "display": "Endorser"
      } ]
    },
    "system": "https://madie.cms.gov/measure/cbeId",
    "value": "0384e",
    "assigner": {
      "display": "CMS Consensus Based Entity"
    }
  }, {
    "use": "official",
    "type": {
      "coding": [ {
        "system": "http://terminology.hl7.org/CodeSystem/artifact-identifier-type",
        "code": "publisher",
        "display": "Publisher"
      } ]
    },
    "system": "https://madie.cms.gov/measure/cmsId",
    "value": "157FHIR",
    "assigner": {
      "display": "CMS"
    }
  } ],
  "version": "0.3.000",
  "name": "OncologyPainIntensityQuantifiedFHIR",
  "title": "Oncology: Medical and Radiation Pain Intensity QuantifiedFHIR",
  "status": "active",
  "experimental": false,
  "date": "2025-04-16T15:15:42+00:00",
  "publisher": "American Society of Clinical Oncology",
  "contact": [ {
    "telecom": [ {
      "system": "url",
      "value": "www.asco.org"
    } ]
  } ],
  "description": "Percentage of patient visits, regardless of patient age, with a diagnosis of cancer currently receiving chemotherapy or radiation therapy in which pain intensity is quantified",
  "usage": "This eCQM is an episode-based measure. An episode is defined as each eligible encounter for patients with a diagnosis of cancer who are also currently receiving chemotherapy or radiation therapy during the measurement period. \n\nFor patients receiving radiation therapy, pain intensity should be quantified at each radiation treatment management encounter where the patient and physician have a face-to-face interaction. Due to the nature of some applicable coding related to radiation therapy (e.g., delivered in multiple fractions), the billing date for certain codes may or may not be the same as the face-to-face encounter date. In this instance, for the reporting purposes of this measure, the billing date should be used to pull the appropriate patients into the initial population. It is expected, though, that the numerator criteria would be performed at the time of the actual face-to-face encounter during the series of treatments. A lookback (retrospective) period of 7 days, including the billing date, may be used to identify the actual face-to-face encounter, which is required to assess the numerator. Therefore, pain intensity should be quantified during the face-to-face encounter occurring on the actual billing date or within the 6 days prior to the billing date.\n\nFor patients receiving chemotherapy, pain intensity should be quantified at each face-to-face or telehealth encounter with the physician while the patient is currently receiving chemotherapy. For purposes of identifying eligible encounters, patients \"currently receiving chemotherapy\" refers to patients administered chemotherapy on the same day as the encounter or during the 30 days before the date of the encounter AND during the 30 days after the date of the encounter.\n\nPain intensity should be quantified using a standard instrument, such as a 0-10 numerical rating scale, visual analog scale, a categorical scale, or pictorial scale. Examples include the Faces Pain Rating Scale and the Brief Pain Inventory (BPI).\n\nThis FHIR-based measure has been derived from the QDM-based measure: CMS157v14.\n\nPlease refer to the HL7 QI-Core Implementation Guide (https://hl7.org/fhir/us/qicore/) for more information on QI-Core and mapping recommendations from QDM to QI-Core (https://hl7.org/fhir/us/qicore/qdm-to-qicore.html).",
  "copyright": "Copyright 2025 American Society of Clinical Oncology. All Rights Reserved.",
  "effectivePeriod": {
    "start": "2026-01-01",
    "end": "2026-12-31"
  },
  "author": [ {
    "name": "American Society of Clinical Oncology",
    "telecom": [ {
      "system": "url",
      "value": "www.asco.org"
    } ]
  } ],
  "library": [ "https://madie.cms.gov/Library/OncologyPainIntensityQuantifiedFHIR" ],
  "disclaimer": "The Measure is not a clinical guideline, does not establish a standard of medical care, and has not been tested for all potential applications. \n\nThe Measure, while copyrighted, can be reproduced and distributed, without modification, for noncommercial purposes, e.g., use by health care providers in connection with their practices. Commercial use is defined as the sale, license, or distribution of the Measure for commercial gain, or incorporation of the Measure into a product or service that is sold, licensed or distributed for commercial gain. \n\nCommercial uses of the Measure require a license agreement between the user and American Society of Clinical Oncology (ASCO) and prior written approval of ASCO. Contact measurement@asco.org for licensing this measure. Neither ASCO nor its members shall be responsible for any use of the Measure.\n\nThe PCPI’s and American Medical Association’s significant past efforts and contributions to the development and updating of the Measures are acknowledged. \n\nASCO is solely responsible for the review and enhancement (\"Maintenance\") of the Measure as of June 2020. \n\nASCO encourages the use of the Measure by other health care professionals, where appropriate. \n\nTHE MEASURE AND SPECIFICATIONS ARE PROVIDED \"AS IS\" WITHOUT WARRANTY OF ANY KIND.\n\nLimited proprietary coding may be contained in the Measure specifications for convenience. A license agreement must be entered prior to a third party’s use of Current Procedural Terminology (CPT[R]) or other proprietary code set contained in the Measures. Any other use of CPT or other coding by the third party is strictly prohibited. ASCO and its members disclaim all liability for use or accuracy of any CPT or other coding contained in the specifications. \n\nCPT(R) contained in the Measure specifications is copyright 2004-2024 American Medical Association. LOINC(R) is copyright 2004-2024 Regenstrief Institute, Inc. This material contains SNOMED Clinical Terms(R) (SNOMED CT[R]) copyright 2004-2024 International Health Terminology Standards Development Organisation. ICD-10 is copyright 2024 World Health Organization. All Rights Reserved.\n\nDue to technical limitations, registered trademarks are indicated by (R) or [R].",
  "rationale": "Pain is a commonly occurring symptom for cancer patients as 30% to 50% (510,000 to 850,000 each year based on current statistics) will experience moderate to severe pain (Wiffen, Wee, Derry, Bell, & Moore, 2017). Initial and ongoing pain assessments are essential to determine the pathophysiology of pain and ensure proper pain management. According to the National Comprehensive Cancer Network (NCCN, 2024), undertreatment of pain remains a problem among a significant subset of cancer patients, survival is linked with symptom control and pain management, and pain management contributes to broad quality of life improvement. Furthermore, NCCN notes that formal pain reevaluation is required at each contact to ensure that pain management therapies are successfully meeting patient-specific goals for comfort, function, and safety. Cancer patients have reported that pain interferes with their mood, work, relationships with other people, sleep and overall enjoyment of life (Moryl et al., 2018). Pain management is an essential part of oncologic management and contributes to a patient’s overall function and quality of life (NCCN, 2024).  \n\nA recent analysis of registry data for chronic pain cancer patients found average pain intensity reported as mild (24.6% of patients), moderate (41.5%), and severe (33.9%). The study also indicated that patient report of pain relief is inversely related to the average pain intensity reported (Moryl et al., 2018). These data suggest that assessing and managing a cancer patient’s pain is critical and there remains significant room for improvement in assessing and mitigating cancer-related pain. A prospective study of changes in pain severity of cancer patients found that, at initial assessment, 47% of patients reported pain. At follow-up, the patients with pain at initial assessment reported reduced pain (32.2%), stable pain (48.2%) and worse pain (19.6%). Of the 53% of patients reporting no pain at initial assessment, 82.6% reported stable pain and 17.4% reported worse pain at follow-up assessment (Zhao et al., 2014). This study highlights the importance of initial and ongoing assessments of pain to identify gaps and ensure proper pain management.",
  "clinicalRecommendationStatement": "-Screen all patients for pain at each contact. \n\n-Routinely quantify and document pain intensity and quality as characterized by the patient (whenever possible). Include patient reporting of breakthrough pain, treatments used and their impact on pain, satisfaction with pain relief, pain interference, provider assessment of impact on function, and any special issues for the patient relevant to pain treatment and access to care. If necessary, get additional information from caregiver regarding pain and impact on function. \n\n-Perform comprehensive pain assessment if new or worsening pain is present and regularly for persisting pain.\n\nVarious methods and tools exist to assess pain severity. Intensity of pain should be quantified using a numerical rating scale (i.e., 0-10), visual analog scale, categorical scale, or pictorial scale (e.g., The Faces Pain Rating Scale) (Category 2A) (National Comprehensive Cancer Network, 2024).",
  "guidance": "This eCQM is an episode-based measure. An episode is defined as each eligible encounter for patients with a diagnosis of cancer who are also currently receiving chemotherapy or radiation therapy during the measurement period. \n\nFor patients receiving radiation therapy, pain intensity should be quantified at each radiation treatment management encounter where the patient and physician have a face-to-face interaction. Due to the nature of some applicable coding related to radiation therapy (e.g., delivered in multiple fractions), the billing date for certain codes may or may not be the same as the face-to-face encounter date. In this instance, for the reporting purposes of this measure, the billing date should be used to pull the appropriate patients into the initial population. It is expected, though, that the numerator criteria would be performed at the time of the actual face-to-face encounter during the series of treatments. A lookback (retrospective) period of 7 days, including the billing date, may be used to identify the actual face-to-face encounter, which is required to assess the numerator. Therefore, pain intensity should be quantified during the face-to-face encounter occurring on the actual billing date or within the 6 days prior to the billing date.\n\nFor patients receiving chemotherapy, pain intensity should be quantified at each face-to-face or telehealth encounter with the physician while the patient is currently receiving chemotherapy. For purposes of identifying eligible encounters, patients \"currently receiving chemotherapy\" refers to patients administered chemotherapy on the same day as the encounter or during the 30 days before the date of the encounter AND during the 30 days after the date of the encounter.\n\nPain intensity should be quantified using a standard instrument, such as a 0-10 numerical rating scale, visual analog scale, a categorical scale, or pictorial scale. Examples include the Faces Pain Rating Scale and the Brief Pain Inventory (BPI).\n\nThis FHIR-based measure has been derived from the QDM-based measure: CMS157v14.\n\nPlease refer to the HL7 QI-Core Implementation Guide (https://hl7.org/fhir/us/qicore/) for more information on QI-Core and mapping recommendations from QDM to QI-Core (https://hl7.org/fhir/us/qicore/qdm-to-qicore.html).",
  "group": [ {
    "id": "Group_1",
    "extension": [ {
      "url": "http://hl7.org/fhir/us/cqfmeasures/StructureDefinition/cqfm-scoring",
      "valueCodeableConcept": {
        "coding": [ {
          "system": "http://terminology.hl7.org/CodeSystem/measure-scoring",
          "code": "proportion",
          "display": "Proportion"
        } ]
      }
    }, {
      "url": "http://hl7.org/fhir/us/cqfmeasures/StructureDefinition/cqfm-populationBasis",
      "valueCode": "Encounter"
    }, {
      "url": "http://hl7.org/fhir/us/cqfmeasures/StructureDefinition/cqfm-type",
      "valueCodeableConcept": {
        "coding": [ {
          "system": "http://terminology.hl7.org/CodeSystem/measure-type",
          "code": "process",
          "display": "Process"
        } ]
      }
    }, {
      "url": "http://hl7.org/fhir/us/cqfmeasures/StructureDefinition/cqfm-rateAggregation",
      "valueCode": "This measure is intended to have one reporting rate, which aggregates the following populations into a single performance rate for reporting purposes: \n- Population 1: Visits for patients with a diagnosis of cancer who are currently receiving chemotherapy \n- Population 2: Visits for patients with a diagnosis of cancer who are currently receiving radiation therapy\n\nFor the purposes of this measure, a single performance rate can be calculated as follows:\nPerformance Rate = (Numerator 1 + Numerator 2)/ (Denominator 1 + Denominator 2)"
    }, {
      "url": "http://hl7.org/fhir/us/cqfmeasures/StructureDefinition/cqfm-improvementNotation",
      "valueCodeableConcept": {
        "coding": [ {
          "system": "http://terminology.hl7.org/CodeSystem/measure-improvement-notation",
          "code": "increase",
          "display": "Increased score indicates improvement"
        } ]
      }
    } ],
    "description": "Percentage of patient visits, regardless of patient age, with a diagnosis of cancer currently receiving chemotherapy in which pain intensity is quantified",
    "population": [ {
      "id": "InitialPopulation_1",
      "code": {
        "coding": [ {
          "system": "http://terminology.hl7.org/CodeSystem/measure-population",
          "code": "initial-population",
          "display": "Initial Population"
        } ]
      },
      "description": "All patient visits, regardless of patient age, with a diagnosis of cancer currently receiving chemotherapy ",
      "criteria": {
        "language": "text/cql-identifier",
        "expression": "Initial Population 1"
      }
    }, {
      "id": "Denominator_1",
      "code": {
        "coding": [ {
          "system": "http://terminology.hl7.org/CodeSystem/measure-population",
          "code": "denominator",
          "display": "Denominator"
        } ]
      },
      "description": "Equals Initial Population",
      "criteria": {
        "language": "text/cql-identifier",
        "expression": "Denominator 1"
      }
    }, {
      "id": "Numerator_1",
      "code": {
        "coding": [ {
          "system": "http://terminology.hl7.org/CodeSystem/measure-population",
          "code": "numerator",
          "display": "Numerator"
        } ]
      },
      "description": "Patient visits in which pain intensity is quantified",
      "criteria": {
        "language": "text/cql-identifier",
        "expression": "Numerator 1"
      }
    } ]
  }, {
    "id": "Group_2",
    "extension": [ {
      "url": "http://hl7.org/fhir/us/cqfmeasures/StructureDefinition/cqfm-scoring",
      "valueCodeableConcept": {
        "coding": [ {
          "system": "http://terminology.hl7.org/CodeSystem/measure-scoring",
          "code": "proportion",
          "display": "Proportion"
        } ]
      }
    }, {
      "url": "http://hl7.org/fhir/us/cqfmeasures/StructureDefinition/cqfm-populationBasis",
      "valueCode": "Encounter"
    }, {
      "url": "http://hl7.org/fhir/us/cqfmeasures/StructureDefinition/cqfm-type",
      "valueCodeableConcept": {
        "coding": [ {
          "system": "http://terminology.hl7.org/CodeSystem/measure-type",
          "code": "process",
          "display": "Process"
        } ]
      }
    }, {
      "url": "http://hl7.org/fhir/us/cqfmeasures/StructureDefinition/cqfm-rateAggregation",
      "valueCode": "This measure is intended to have one reporting rate, which aggregates the following populations into a single performance rate for reporting purposes: \n- Population 1: Visits for patients with a diagnosis of cancer who are currently receiving chemotherapy \n- Population 2: Visits for patients with a diagnosis of cancer who are currently receiving radiation therapy\n\nFor the purposes of this measure, a single performance rate can be calculated as follows:\nPerformance Rate = (Numerator 1 + Numerator 2)/ (Denominator 1 + Denominator 2)"
    }, {
      "url": "http://hl7.org/fhir/us/cqfmeasures/StructureDefinition/cqfm-improvementNotation",
      "valueCodeableConcept": {
        "coding": [ {
          "system": "http://terminology.hl7.org/CodeSystem/measure-improvement-notation",
          "code": "increase",
          "display": "Increased score indicates improvement"
        } ]
      }
    } ],
    "description": "Percentage of patient visits, regardless of patient age, with a diagnosis of cancer currently radiation therapy in which pain intensity is quantified",
    "population": [ {
      "id": "InitialPopulation_2",
      "code": {
        "coding": [ {
          "system": "http://terminology.hl7.org/CodeSystem/measure-population",
          "code": "initial-population",
          "display": "Initial Population"
        } ]
      },
      "description": "All patient visits, regardless of patient age, with a diagnosis of cancer currently receiving radiation therapy",
      "criteria": {
        "language": "text/cql-identifier",
        "expression": "Initial Population 2"
      }
    }, {
      "id": "Denominator_2",
      "code": {
        "coding": [ {
          "system": "http://terminology.hl7.org/CodeSystem/measure-population",
          "code": "denominator",
          "display": "Denominator"
        } ]
      },
      "description": "Equals Initial Population",
      "criteria": {
        "language": "text/cql-identifier",
        "expression": "Denominator 2"
      }
    }, {
      "id": "Numerator_2",
      "code": {
        "coding": [ {
          "system": "http://terminology.hl7.org/CodeSystem/measure-population",
          "code": "numerator",
          "display": "Numerator"
        } ]
      },
      "description": "Patient visits in which pain intensity is quantified",
      "criteria": {
        "language": "text/cql-identifier",
        "expression": "Numerator 2"
      }
    } ]
  } ]
}