{
  "resourceType": "Bundle",
  "id": "16346131632",
  "type": "transaction",
  "entry": [ {
    "fullUrl": "https://madie.cms.gov/Patient/ec0aa07d-f1b1-4c5d-a9f3-e5bbdd77cdfa",
    "resource": {
      "resourceType": "Patient",
      "id": "ec0aa07d-f1b1-4c5d-a9f3-e5bbdd77cdfa",
      "meta": {
        "profile": [ "http://hl7.org/fhir/us/qicore/StructureDefinition/qicore-patient" ]
      },
      "extension": [ {
        "url": "http://hl7.org/fhir/us/core/StructureDefinition/us-core-race",
        "extension": [ {
          "url": "ombCategory",
          "valueCoding": {
            "system": "urn:oid:2.16.840.1.113883.6.238",
            "code": "1002-5",
            "display": "American Indian or Alaska Native"
          }
        }, {
          "url": "text",
          "valueString": "American Indian or Alaska Native"
        } ]
      }, {
        "url": "http://hl7.org/fhir/us/core/StructureDefinition/us-core-ethnicity",
        "extension": [ {
          "url": "ombCategory",
          "valueCoding": {
            "system": "urn:oid:2.16.840.1.113883.6.238",
            "code": "2135-2",
            "display": "Hispanic or Latino"
          }
        }, {
          "url": "text",
          "valueString": "Hispanic or Latino"
        } ]
      } ],
      "identifier": [ {
        "type": {
          "coding": [ {
            "system": "http://terminology.hl7.org/CodeSystem/v2-0203",
            "code": "MR"
          } ]
        },
        "system": "https://bonnie-fhir.healthit.gov/",
        "value": "46456313461313"
      } ],
      "name": [ {
        "family": "DENEXPass",
        "given": [ "LVADCndtnPriortoEnctr" ]
      } ],
      "gender": "female",
      "birthDate": "1983-07-27"
    },
    "request": {
      "method": "PUT",
      "url": "Patient/ec0aa07d-f1b1-4c5d-a9f3-e5bbdd77cdfa"
    }
  }, {
    "fullUrl": "https://madie.cms.gov/Encounter/d7478902-09f8-45b3-9354-34f7a6af0df3",
    "resource": {
      "resourceType": "Encounter",
      "id": "d7478902-09f8-45b3-9354-34f7a6af0df3",
      "meta": {
        "profile": [ "http://hl7.org/fhir/us/qicore/StructureDefinition/qicore-encounter" ]
      },
      "status": "finished",
      "class": {
        "system": "http://terminology.hl7.org/CodeSystem/v3-ActCode",
        "code": "AMB",
        "display": "ambulatory"
      },
      "type": [ {
        "coding": [ {
          "system": "http://snomed.info/sct",
          "version": "http://snomed.info/sct/731000124108/version/20230301",
          "code": "77406008",
          "display": "Confirmatory medical consultation (procedure)"
        } ]
      } ],
      "subject": {
        "reference": "Patient/ec0aa07d-f1b1-4c5d-a9f3-e5bbdd77cdfa"
      },
      "period": {
        "start": "2026-02-27T08:00:00.000+00:00",
        "end": "2026-02-27T08:15:00.000+00:00"
      }
    },
    "request": {
      "method": "PUT",
      "url": "Encounter/d7478902-09f8-45b3-9354-34f7a6af0df3"
    }
  }, {
    "fullUrl": "https://madie.cms.gov/Encounter/bc314797-83f1-4f9e-a4b1-74ebf8fc7b9f",
    "resource": {
      "resourceType": "Encounter",
      "id": "bc314797-83f1-4f9e-a4b1-74ebf8fc7b9f",
      "meta": {
        "profile": [ "http://hl7.org/fhir/us/qicore/StructureDefinition/qicore-encounter" ]
      },
      "status": "finished",
      "class": {
        "system": "http://terminology.hl7.org/CodeSystem/v3-ActCode",
        "code": "AMB",
        "display": "ambulatory"
      },
      "type": [ {
        "coding": [ {
          "system": "http://snomed.info/sct",
          "version": "http://snomed.info/sct/731000124108/version/20240301",
          "code": "185463005",
          "display": "Visit out of hours (procedure)"
        } ]
      } ],
      "subject": {
        "reference": "Patient/ec0aa07d-f1b1-4c5d-a9f3-e5bbdd77cdfa"
      },
      "period": {
        "start": "2026-06-12T08:00:00.000+00:00",
        "end": "2026-06-12T08:15:00.000+00:00"
      }
    },
    "request": {
      "method": "PUT",
      "url": "Encounter/bc314797-83f1-4f9e-a4b1-74ebf8fc7b9f"
    }
  }, {
    "fullUrl": "https://madie.cms.gov/Condition/62cfa4c2-2384-4c79-a4c3-d7bbc51ff1bb",
    "resource": {
      "resourceType": "Condition",
      "id": "62cfa4c2-2384-4c79-a4c3-d7bbc51ff1bb",
      "meta": {
        "profile": [ "http://hl7.org/fhir/us/qicore/StructureDefinition/qicore-condition-problems-health-concerns" ]
      },
      "clinicalStatus": {
        "coding": [ {
          "system": "http://terminology.hl7.org/CodeSystem/condition-clinical",
          "code": "active",
          "display": "Active"
        } ]
      },
      "verificationStatus": {
        "coding": [ {
          "system": "http://terminology.hl7.org/CodeSystem/condition-ver-status",
          "code": "confirmed",
          "display": "Confirmed"
        } ]
      },
      "category": [ {
        "coding": [ {
          "system": "http://terminology.hl7.org/CodeSystem/condition-category",
          "code": "problem-list-item",
          "display": "problem list item"
        } ]
      } ],
      "severity": {
        "coding": [ {
          "system": "http://snomed.info/sct",
          "version": "http://snomed.info/sct/731000124108/version/20240301",
          "code": "24484000",
          "display": "Severe (severity modifier) (qualifier value)"
        } ]
      },
      "code": {
        "coding": [ {
          "system": "http://snomed.info/sct",
          "version": "http://snomed.info/sct/731000124108/version/20240301",
          "code": "134401001",
          "display": "Left ventricular systolic dysfunction (disorder)"
        } ]
      },
      "subject": {
        "reference": "Patient/ec0aa07d-f1b1-4c5d-a9f3-e5bbdd77cdfa"
      },
      "onsetPeriod": {
        "start": "2026-02-18T08:00:00.000+00:00",
        "end": "2026-02-18T08:15:00.000+00:00"
      }
    },
    "request": {
      "method": "PUT",
      "url": "Condition/62cfa4c2-2384-4c79-a4c3-d7bbc51ff1bb"
    }
  }, {
    "fullUrl": "https://madie.cms.gov/Condition/069b061c-4b3e-4dcb-bd58-a7bdaf2fe71f",
    "resource": {
      "resourceType": "Condition",
      "id": "069b061c-4b3e-4dcb-bd58-a7bdaf2fe71f",
      "meta": {
        "profile": [ "http://hl7.org/fhir/us/qicore/StructureDefinition/qicore-condition-problems-health-concerns" ]
      },
      "clinicalStatus": {
        "coding": [ {
          "system": "http://terminology.hl7.org/CodeSystem/condition-clinical",
          "code": "active",
          "display": "Active"
        } ]
      },
      "verificationStatus": {
        "coding": [ {
          "system": "http://terminology.hl7.org/CodeSystem/condition-ver-status",
          "code": "confirmed",
          "display": "Confirmed"
        } ]
      },
      "category": [ {
        "coding": [ {
          "system": "http://terminology.hl7.org/CodeSystem/condition-category",
          "code": "problem-list-item",
          "display": "problem list item"
        } ]
      } ],
      "code": {
        "coding": [ {
          "system": "http://snomed.info/sct",
          "version": "http://snomed.info/sct/731000124108/version/20240301",
          "code": "10091002",
          "display": "High output heart failure (disorder)"
        } ]
      },
      "subject": {
        "reference": "Patient/ec0aa07d-f1b1-4c5d-a9f3-e5bbdd77cdfa"
      },
      "onsetPeriod": {
        "start": "2026-02-22T08:00:00.000+00:00"
      }
    },
    "request": {
      "method": "PUT",
      "url": "Condition/069b061c-4b3e-4dcb-bd58-a7bdaf2fe71f"
    }
  }, {
    "fullUrl": "https://madie.cms.gov/Procedure/1d605398-83a2-48e2-b0ee-604e1b37cb7b",
    "resource": {
      "resourceType": "Procedure",
      "id": "1d605398-83a2-48e2-b0ee-604e1b37cb7b",
      "meta": {
        "profile": [ "http://hl7.org/fhir/us/qicore/StructureDefinition/qicore-procedure" ]
      },
      "extension": [ {
        "url": "http://hl7.org/fhir/us/qicore/StructureDefinition/qicore-recorded",
        "valueDateTime": "2026-01-31T08:00:00.000+00:00"
      } ],
      "status": "completed",
      "code": {
        "coding": [ {
          "system": "http://snomed.info/sct",
          "version": "http://snomed.info/sct/731000124108/version/20240301",
          "code": "232967006",
          "display": "Implantation of left ventricular assist device (procedure)"
        } ]
      },
      "subject": {
        "reference": "Patient/ec0aa07d-f1b1-4c5d-a9f3-e5bbdd77cdfa"
      },
      "performedPeriod": {
        "start": "2026-01-31T08:00:00.000+00:00"
      }
    },
    "request": {
      "method": "PUT",
      "url": "Procedure/1d605398-83a2-48e2-b0ee-604e1b37cb7b"
    }
  }, {
    "fullUrl": "https://madie.cms.gov/MeasureReport/b1e1f55b-bd91-4f0c-a623-ca5b7903d40c",
    "resource": {
      "resourceType": "MeasureReport",
      "id": "b1e1f55b-bd91-4f0c-a623-ca5b7903d40c",
      "meta": {
        "profile": [ "http://hl7.org/fhir/us/cqfmeasures/StructureDefinition/test-case-cqfm" ]
      },
      "contained": [ {
        "resourceType": "Parameters",
        "id": "f92eeae3-f1f5-461e-8707-a82e6264c2bf-parameters",
        "parameter": [ {
          "name": "subject",
          "valueString": "ec0aa07d-f1b1-4c5d-a9f3-e5bbdd77cdfa"
        } ]
      } ],
      "extension": [ {
        "url": "http://hl7.org/fhir/StructureDefinition/cqf-inputParameters",
        "valueReference": {
          "reference": "#f92eeae3-f1f5-461e-8707-a82e6264c2bf-parameters"
        }
      }, {
        "url": "http://hl7.org/fhir/us/cqfmeasures/StructureDefinition/cqfm-testCaseDescription",
        "valueMarkdown": "Patient with LVAD related condition prior to encounter. Patient excluded due to documentation of LVAD during encounter."
      } ],
      "modifierExtension": [ {
        "url": "http://hl7.org/fhir/us/cqfmeasures/StructureDefinition/cqfm-isTestCase",
        "valueBoolean": true
      } ],
      "status": "complete",
      "type": "individual",
      "measure": "https://madie.cms.gov/Measure/CMS144FHIRHFBetaBlockerTherapyforLVSD",
      "period": {
        "start": "2026-01-01",
        "end": "2026-12-31"
      },
      "group": [ {
        "id": "Group_1",
        "population": [ {
          "id": "InitialPopulation_1",
          "code": {
            "coding": [ {
              "system": "http://terminology.hl7.org/CodeSystem/measure-population",
              "code": "initial-population",
              "display": "Initial Population"
            } ]
          },
          "count": 1
        }, {
          "id": "Denominator_1",
          "code": {
            "coding": [ {
              "system": "http://terminology.hl7.org/CodeSystem/measure-population",
              "code": "denominator",
              "display": "Denominator"
            } ]
          },
          "count": 1
        }, {
          "id": "DenominatorExclusion_1",
          "code": {
            "coding": [ {
              "system": "http://terminology.hl7.org/CodeSystem/measure-population",
              "code": "denominator-exclusion",
              "display": "Denominator Exclusion"
            } ]
          },
          "count": 1
        }, {
          "id": "Numerator_1",
          "code": {
            "coding": [ {
              "system": "http://terminology.hl7.org/CodeSystem/measure-population",
              "code": "numerator",
              "display": "Numerator"
            } ]
          },
          "count": 0
        }, {
          "id": "DenominatorException_1",
          "code": {
            "coding": [ {
              "system": "http://terminology.hl7.org/CodeSystem/measure-population",
              "code": "denominator-exception",
              "display": "Denominator Exception"
            } ]
          },
          "count": 0
        } ],
        "measureScore": {
          "value": 1.0
        }
      } ],
      "evaluatedResource": [ {
        "reference": "Patient/ec0aa07d-f1b1-4c5d-a9f3-e5bbdd77cdfa"
      }, {
        "reference": "Encounter/d7478902-09f8-45b3-9354-34f7a6af0df3"
      }, {
        "reference": "Encounter/bc314797-83f1-4f9e-a4b1-74ebf8fc7b9f"
      }, {
        "reference": "Condition/62cfa4c2-2384-4c79-a4c3-d7bbc51ff1bb"
      }, {
        "reference": "Condition/069b061c-4b3e-4dcb-bd58-a7bdaf2fe71f"
      }, {
        "reference": "Procedure/1d605398-83a2-48e2-b0ee-604e1b37cb7b"
      } ]
    },
    "request": {
      "method": "PUT",
      "url": "MeasureReport/b1e1f55b-bd91-4f0c-a623-ca5b7903d40c"
    }
  } ]
}