{
  "resourceType": "Bundle",
  "id": "630307ca0968f801224782d2",
  "type": "transaction",
  "entry": [ {
    "fullUrl": "https://madie.cms.gov/Patient/8e77e9a0-3406-46f2-8250-92e32da1bc65",
    "resource": {
      "resourceType": "Patient",
      "id": "8e77e9a0-3406-46f2-8250-92e32da1bc65",
      "meta": {
        "profile": [ "http://hl7.org/fhir/us/qicore/StructureDefinition/qicore-patient" ]
      },
      "extension": [ {
        "url": "http://hl7.org/fhir/us/core/StructureDefinition/us-core-race",
        "extension": [ {
          "url": "ombCategory",
          "valueCoding": {
            "system": "urn:oid:2.16.840.1.113883.6.238",
            "code": "2106-3",
            "display": "White"
          }
        }, {
          "url": "text",
          "valueString": "White"
        } ]
      }, {
        "url": "http://hl7.org/fhir/us/core/StructureDefinition/us-core-ethnicity",
        "extension": [ {
          "url": "ombCategory",
          "valueCoding": {
            "system": "urn:oid:2.16.840.1.113883.6.238",
            "code": "2186-5",
            "display": "Not Hispanic or Latino"
          }
        }, {
          "url": "text",
          "valueString": "Not Hispanic or Latino"
        } ]
      } ],
      "identifier": [ {
        "type": {
          "coding": [ {
            "system": "http://terminology.hl7.org/CodeSystem/v2-0203",
            "code": "MR"
          } ]
        },
        "system": "https://bonnie-fhir.healthit.gov/",
        "value": "630307ca0968f801224782d2"
      } ],
      "name": [ {
        "family": "DENEXPopStrat2Pass",
        "given": [ "SchizophreniaDxBeforeEndofMP" ]
      } ],
      "gender": "female",
      "birthDate": "1981-01-01"
    },
    "request": {
      "method": "PUT",
      "url": "Patient/8e77e9a0-3406-46f2-8250-92e32da1bc65"
    }
  }, {
    "fullUrl": "https://madie.cms.gov/Encounter/707dabba-1c6b-4926-974b-4191a48e116f",
    "resource": {
      "resourceType": "Encounter",
      "id": "707dabba-1c6b-4926-974b-4191a48e116f",
      "meta": {
        "profile": [ "http://hl7.org/fhir/us/qicore/StructureDefinition/qicore-encounter" ]
      },
      "status": "finished",
      "class": {
        "system": "http://terminology.hl7.org/CodeSystem/v3-ActCode",
        "code": "AMB",
        "display": "ambulatory"
      },
      "type": [ {
        "coding": [ {
          "system": "http://www.ama-assn.org/go/cpt",
          "version": "2024",
          "code": "90791"
        } ]
      } ],
      "subject": {
        "reference": "Patient/8e77e9a0-3406-46f2-8250-92e32da1bc65"
      },
      "period": {
        "start": "2025-02-25T14:30:00+00:00",
        "end": "2025-02-25T14:50:00+00:00"
      },
      "length": {
        "value": 0,
        "unit": "days"
      }
    },
    "request": {
      "method": "PUT",
      "url": "Encounter/707dabba-1c6b-4926-974b-4191a48e116f"
    }
  }, {
    "fullUrl": "https://madie.cms.gov/Observation/01418c17-83a9-4d88-b2c5-8420bc6c1fe8",
    "resource": {
      "resourceType": "Observation",
      "id": "01418c17-83a9-4d88-b2c5-8420bc6c1fe8",
      "meta": {
        "profile": [ "http://hl7.org/fhir/us/qicore/StructureDefinition/qicore-observation-screening-assessment" ]
      },
      "status": "final",
      "category": [ {
        "coding": [ {
          "system": "http://terminology.hl7.org/CodeSystem/observation-category",
          "code": "survey",
          "display": "Survey"
        } ]
      } ],
      "code": {
        "coding": [ {
          "system": "http://loinc.org",
          "version": "2.76",
          "code": "44261-6"
        } ]
      },
      "subject": {
        "reference": "Patient/8e77e9a0-3406-46f2-8250-92e32da1bc65"
      },
      "effectiveDateTime": "2025-02-25T14:35:00+00:00",
      "valueInteger": 10
    },
    "request": {
      "method": "PUT",
      "url": "Observation/01418c17-83a9-4d88-b2c5-8420bc6c1fe8"
    }
  }, {
    "fullUrl": "https://madie.cms.gov/Observation/794c28ee-3966-49c3-a6e0-8a7b43d04636",
    "resource": {
      "resourceType": "Observation",
      "id": "794c28ee-3966-49c3-a6e0-8a7b43d04636",
      "meta": {
        "profile": [ "http://hl7.org/fhir/us/qicore/StructureDefinition/qicore-observation-screening-assessment" ]
      },
      "status": "final",
      "category": [ {
        "coding": [ {
          "system": "http://terminology.hl7.org/CodeSystem/observation-category",
          "code": "survey",
          "display": "Survey"
        } ]
      } ],
      "code": {
        "coding": [ {
          "system": "http://loinc.org",
          "version": "2.76",
          "code": "44261-6"
        } ]
      },
      "subject": {
        "reference": "Patient/8e77e9a0-3406-46f2-8250-92e32da1bc65"
      },
      "effectiveDateTime": "2026-02-19T14:30:00+00:00",
      "valueInteger": 3
    },
    "request": {
      "method": "PUT",
      "url": "Observation/794c28ee-3966-49c3-a6e0-8a7b43d04636"
    }
  }, {
    "fullUrl": "https://madie.cms.gov/Condition/e8d77a50-3168-4159-9bb5-7a915a279828",
    "resource": {
      "resourceType": "Condition",
      "id": "e8d77a50-3168-4159-9bb5-7a915a279828",
      "meta": {
        "profile": [ "http://hl7.org/fhir/us/qicore/StructureDefinition/qicore-condition-encounter-diagnosis" ]
      },
      "clinicalStatus": {
        "coding": [ {
          "system": "http://terminology.hl7.org/CodeSystem/condition-clinical",
          "code": "active",
          "display": "active"
        } ]
      },
      "verificationStatus": {
        "coding": [ {
          "system": "http://terminology.hl7.org/CodeSystem/condition-ver-status",
          "code": "confirmed"
        } ]
      },
      "category": [ {
        "coding": [ {
          "system": "http://terminology.hl7.org/CodeSystem/condition-category",
          "code": "encounter-diagnosis",
          "display": "Encounter Diagnosis"
        } ]
      } ],
      "code": {
        "coding": [ {
          "system": "http://snomed.info/sct",
          "version": "http://snomed.info/sct/731000124108/version/20230301",
          "code": "1153575004",
          "display": "Persistent depressive disorder (disorder)"
        } ]
      },
      "subject": {
        "reference": "Patient/8e77e9a0-3406-46f2-8250-92e32da1bc65"
      },
      "onsetDateTime": "2025-02-25T14:35:00+00:00"
    },
    "request": {
      "method": "PUT",
      "url": "Condition/e8d77a50-3168-4159-9bb5-7a915a279828"
    }
  }, {
    "fullUrl": "https://madie.cms.gov/Condition/da497937-393e-4c4c-878f-5c407f25daca",
    "resource": {
      "resourceType": "Condition",
      "id": "da497937-393e-4c4c-878f-5c407f25daca",
      "meta": {
        "profile": [ "http://hl7.org/fhir/us/qicore/StructureDefinition/qicore-condition-encounter-diagnosis" ]
      },
      "clinicalStatus": {
        "coding": [ {
          "system": "http://terminology.hl7.org/CodeSystem/condition-clinical",
          "code": "active",
          "display": "active"
        } ]
      },
      "verificationStatus": {
        "coding": [ {
          "system": "http://terminology.hl7.org/CodeSystem/condition-ver-status",
          "code": "confirmed"
        } ]
      },
      "category": [ {
        "coding": [ {
          "system": "http://terminology.hl7.org/CodeSystem/condition-category",
          "code": "encounter-diagnosis",
          "display": "Encounter Diagnosis"
        } ]
      } ],
      "code": {
        "coding": [ {
          "system": "http://snomed.info/sct",
          "version": "http://snomed.info/sct/731000124108/version/20240301",
          "code": "111482003"
        } ]
      },
      "subject": {
        "reference": "Patient/8e77e9a0-3406-46f2-8250-92e32da1bc65"
      },
      "onsetDateTime": "2025-02-25T14:35:00+00:00"
    },
    "request": {
      "method": "PUT",
      "url": "Condition/da497937-393e-4c4c-878f-5c407f25daca"
    }
  }, {
    "fullUrl": "https://madie.cms.gov/MeasureReport/d68769f2-f92c-4f06-956c-76bb42b3933f",
    "resource": {
      "resourceType": "MeasureReport",
      "id": "d68769f2-f92c-4f06-956c-76bb42b3933f",
      "meta": {
        "profile": [ "http://hl7.org/fhir/us/cqfmeasures/StructureDefinition/test-case-cqfm" ]
      },
      "contained": [ {
        "resourceType": "Parameters",
        "id": "9e987360-3e96-4224-9e1c-7bca4ab6a90c-parameters",
        "parameter": [ {
          "name": "subject",
          "valueString": "8e77e9a0-3406-46f2-8250-92e32da1bc65"
        } ]
      } ],
      "extension": [ {
        "url": "http://hl7.org/fhir/StructureDefinition/cqf-inputParameters",
        "valueReference": {
          "reference": "#9e987360-3e96-4224-9e1c-7bca4ab6a90c-parameters"
        }
      }, {
        "url": "http://hl7.org/fhir/us/cqfmeasures/StructureDefinition/cqfm-testCaseDescription",
        "valueMarkdown": "Patient is 30 years old and has a Dysthymia condition encounter diagnosis and PHQ-9>9 during the denom ID period. Patient had Schizophrenia diagnosis before end of MAP. Should be in denominator exclusion for Strat 2. "
      } ],
      "modifierExtension": [ {
        "url": "http://hl7.org/fhir/us/cqfmeasures/StructureDefinition/cqfm-isTestCase",
        "valueBoolean": true
      } ],
      "status": "complete",
      "type": "individual",
      "measure": "https://madie.cms.gov/Measure/CMS159FHIRDepressionRemissionatTwelveMonths",
      "period": {
        "start": "2026-01-01",
        "end": "2026-12-31"
      },
      "group": [ {
        "id": "Group_1",
        "population": [ {
          "id": "InitialPopulation_1",
          "code": {
            "coding": [ {
              "system": "http://terminology.hl7.org/CodeSystem/measure-population",
              "code": "initial-population",
              "display": "Initial Population"
            } ]
          },
          "count": 1
        }, {
          "id": "Denominator_1",
          "code": {
            "coding": [ {
              "system": "http://terminology.hl7.org/CodeSystem/measure-population",
              "code": "denominator",
              "display": "Denominator"
            } ]
          },
          "count": 1
        }, {
          "id": "DenominatorExclusion_1",
          "code": {
            "coding": [ {
              "system": "http://terminology.hl7.org/CodeSystem/measure-population",
              "code": "denominator-exclusion",
              "display": "Denominator Exclusion"
            } ]
          },
          "count": 1
        }, {
          "id": "Numerator_1",
          "code": {
            "coding": [ {
              "system": "http://terminology.hl7.org/CodeSystem/measure-population",
              "code": "numerator",
              "display": "Numerator"
            } ]
          },
          "count": 0
        } ],
        "measureScore": {
          "value": 1.0
        }
      } ],
      "evaluatedResource": [ {
        "reference": "Patient/8e77e9a0-3406-46f2-8250-92e32da1bc65"
      }, {
        "reference": "Encounter/707dabba-1c6b-4926-974b-4191a48e116f"
      }, {
        "reference": "Observation/01418c17-83a9-4d88-b2c5-8420bc6c1fe8"
      }, {
        "reference": "Observation/794c28ee-3966-49c3-a6e0-8a7b43d04636"
      }, {
        "reference": "Condition/e8d77a50-3168-4159-9bb5-7a915a279828"
      }, {
        "reference": "Condition/da497937-393e-4c4c-878f-5c407f25daca"
      } ]
    },
    "request": {
      "method": "PUT",
      "url": "MeasureReport/d68769f2-f92c-4f06-956c-76bb42b3933f"
    }
  } ]
}