{
  "resourceType": "Bundle",
  "id": "3413134154643684861",
  "type": "transaction",
  "entry": [ {
    "fullUrl": "https://madie.cms.gov/Patient/3b1c14dc-b18c-40d9-b848-c750ea4ffe5e",
    "resource": {
      "resourceType": "Patient",
      "id": "3b1c14dc-b18c-40d9-b848-c750ea4ffe5e",
      "meta": {
        "profile": [ "http://hl7.org/fhir/us/qicore/StructureDefinition/qicore-patient" ]
      },
      "extension": [ {
        "url": "http://hl7.org/fhir/us/core/StructureDefinition/us-core-race",
        "extension": [ {
          "url": "ombCategory",
          "valueCoding": {
            "system": "urn:oid:2.16.840.1.113883.6.238",
            "code": "1002-5",
            "display": "American Indian or Alaska Native"
          }
        }, {
          "url": "text",
          "valueString": "American Indian or Alaska Native"
        } ]
      }, {
        "url": "http://hl7.org/fhir/us/core/StructureDefinition/us-core-ethnicity",
        "extension": [ {
          "url": "ombCategory",
          "valueCoding": {
            "system": "urn:oid:2.16.840.1.113883.6.238",
            "code": "2135-2",
            "display": "Hispanic or Latino"
          }
        }, {
          "url": "text",
          "valueString": "Hispanic or Latino"
        } ]
      } ],
      "identifier": [ {
        "type": {
          "coding": [ {
            "system": "http://terminology.hl7.org/CodeSystem/v2-0203",
            "code": "MR"
          } ]
        },
        "system": "https://bonnie-fhir.healthit.gov/",
        "value": "654684982103"
      } ],
      "name": [ {
        "family": "DENEXFail",
        "given": [ "LVADAfterEnc" ]
      } ],
      "gender": "male",
      "birthDate": "1969-06-14"
    },
    "request": {
      "method": "PUT",
      "url": "Patient/3b1c14dc-b18c-40d9-b848-c750ea4ffe5e"
    }
  }, {
    "fullUrl": "https://madie.cms.gov/Encounter/530d51a0-aa6a-4739-8e98-da5d9f16cd28",
    "resource": {
      "resourceType": "Encounter",
      "id": "530d51a0-aa6a-4739-8e98-da5d9f16cd28",
      "meta": {
        "profile": [ "http://hl7.org/fhir/us/qicore/StructureDefinition/qicore-encounter" ]
      },
      "status": "finished",
      "class": {
        "system": "http://terminology.hl7.org/CodeSystem/v3-ActCode",
        "code": "AMB",
        "display": "ambulatory"
      },
      "type": [ {
        "coding": [ {
          "system": "http://snomed.info/sct",
          "version": "http://snomed.info/sct/731000124108/version/20240301",
          "code": "185463005",
          "display": "Visit out of hours (procedure)"
        } ]
      } ],
      "subject": {
        "reference": "Patient/3b1c14dc-b18c-40d9-b848-c750ea4ffe5e"
      },
      "period": {
        "start": "2026-03-31T08:00:00.000+00:00",
        "end": "2026-03-31T08:15:00.000+00:00"
      }
    },
    "request": {
      "method": "PUT",
      "url": "Encounter/530d51a0-aa6a-4739-8e98-da5d9f16cd28"
    }
  }, {
    "fullUrl": "https://madie.cms.gov/Encounter/cbfe1641-318f-4061-95e7-774f6e45aa8a",
    "resource": {
      "resourceType": "Encounter",
      "id": "cbfe1641-318f-4061-95e7-774f6e45aa8a",
      "meta": {
        "profile": [ "http://hl7.org/fhir/us/qicore/StructureDefinition/qicore-encounter" ]
      },
      "status": "finished",
      "class": {
        "system": "http://terminology.hl7.org/CodeSystem/v3-ActCode",
        "code": "AMB",
        "display": "ambulatory"
      },
      "type": [ {
        "coding": [ {
          "system": "http://snomed.info/sct",
          "version": "http://snomed.info/sct/731000124108/version/20240301",
          "code": "185463005",
          "display": "Visit out of hours (procedure)"
        } ]
      } ],
      "subject": {
        "reference": "Patient/3b1c14dc-b18c-40d9-b848-c750ea4ffe5e"
      },
      "period": {
        "start": "2026-05-15T08:00:00.000+00:00",
        "end": "2026-05-15T08:15:00.000+00:00"
      }
    },
    "request": {
      "method": "PUT",
      "url": "Encounter/cbfe1641-318f-4061-95e7-774f6e45aa8a"
    }
  }, {
    "fullUrl": "https://madie.cms.gov/Condition/8877e309-65a0-416d-9633-3bdf50860255",
    "resource": {
      "resourceType": "Condition",
      "id": "8877e309-65a0-416d-9633-3bdf50860255",
      "meta": {
        "profile": [ "http://hl7.org/fhir/us/qicore/StructureDefinition/qicore-condition-problems-health-concerns" ]
      },
      "clinicalStatus": {
        "coding": [ {
          "system": "http://terminology.hl7.org/CodeSystem/condition-clinical",
          "code": "active",
          "display": "active"
        } ]
      },
      "verificationStatus": {
        "coding": [ {
          "system": "http://terminology.hl7.org/CodeSystem/condition-ver-status",
          "code": "confirmed",
          "display": "Confirmed"
        } ]
      },
      "category": [ {
        "coding": [ {
          "system": "http://terminology.hl7.org/CodeSystem/condition-category",
          "code": "problem-list-item",
          "display": "Problem List Item"
        } ]
      } ],
      "code": {
        "coding": [ {
          "system": "http://snomed.info/sct",
          "version": "http://snomed.info/sct/731000124108/version/20240301",
          "code": "10091002",
          "display": "High output heart failure (disorder)"
        } ]
      },
      "subject": {
        "reference": "Patient/3b1c14dc-b18c-40d9-b848-c750ea4ffe5e"
      },
      "onsetPeriod": {
        "start": "2025-05-17T08:00:00.000+00:00"
      }
    },
    "request": {
      "method": "PUT",
      "url": "Condition/8877e309-65a0-416d-9633-3bdf50860255"
    }
  }, {
    "fullUrl": "https://madie.cms.gov/Condition/4d6145cf-8b6d-42e8-823b-603d864546c0",
    "resource": {
      "resourceType": "Condition",
      "id": "4d6145cf-8b6d-42e8-823b-603d864546c0",
      "meta": {
        "profile": [ "http://hl7.org/fhir/us/qicore/StructureDefinition/qicore-condition-problems-health-concerns" ]
      },
      "clinicalStatus": {
        "coding": [ {
          "system": "http://terminology.hl7.org/CodeSystem/condition-clinical",
          "code": "active",
          "display": "active"
        } ]
      },
      "verificationStatus": {
        "coding": [ {
          "system": "http://terminology.hl7.org/CodeSystem/condition-ver-status",
          "code": "confirmed",
          "display": "Confirmed"
        } ]
      },
      "category": [ {
        "coding": [ {
          "system": "http://terminology.hl7.org/CodeSystem/condition-category",
          "code": "problem-list-item",
          "display": "Problem List Item"
        } ]
      } ],
      "code": {
        "coding": [ {
          "system": "http://snomed.info/sct",
          "version": "http://snomed.info/sct/731000124108/version/20240301",
          "code": "981000124106",
          "display": "Moderate left ventricular systolic dysfunction (disorder)"
        } ]
      },
      "subject": {
        "reference": "Patient/3b1c14dc-b18c-40d9-b848-c750ea4ffe5e"
      },
      "onsetPeriod": {
        "start": "2026-03-25T08:00:00.000+00:00",
        "end": "2026-03-30T08:15:00.000+00:00"
      }
    },
    "request": {
      "method": "PUT",
      "url": "Condition/4d6145cf-8b6d-42e8-823b-603d864546c0"
    }
  }, {
    "fullUrl": "https://madie.cms.gov/Procedure/20db911b-3d5a-4a0a-b64b-174c4607f942",
    "resource": {
      "resourceType": "Procedure",
      "id": "20db911b-3d5a-4a0a-b64b-174c4607f942",
      "meta": {
        "profile": [ "http://hl7.org/fhir/us/qicore/StructureDefinition/qicore-procedure" ]
      },
      "extension": [ {
        "url": "http://hl7.org/fhir/us/qicore/StructureDefinition/qicore-recorded",
        "valueDateTime": "2026-08-01T08:00:00.000+00:00"
      } ],
      "status": "completed",
      "code": {
        "coding": [ {
          "system": "http://snomed.info/sct",
          "version": "http://snomed.info/sct/731000124108/version/20240301",
          "code": "232967006",
          "display": "Implantation of left ventricular assist device (procedure)"
        } ]
      },
      "subject": {
        "reference": "Patient/3b1c14dc-b18c-40d9-b848-c750ea4ffe5e"
      },
      "performedDateTime": "2026-05-15T18:15:00.000+00:00"
    },
    "request": {
      "method": "PUT",
      "url": "Procedure/20db911b-3d5a-4a0a-b64b-174c4607f942"
    }
  }, {
    "fullUrl": "https://madie.cms.gov/MeasureReport/11182b58-6c4f-4321-8455-b315706461ed",
    "resource": {
      "resourceType": "MeasureReport",
      "id": "11182b58-6c4f-4321-8455-b315706461ed",
      "meta": {
        "profile": [ "http://hl7.org/fhir/us/cqfmeasures/StructureDefinition/test-case-cqfm" ]
      },
      "contained": [ {
        "resourceType": "Parameters",
        "id": "134c6bae-b9e4-435f-87d9-593a82ab8155-parameters",
        "parameter": [ {
          "name": "subject",
          "valueString": "3b1c14dc-b18c-40d9-b848-c750ea4ffe5e"
        } ]
      } ],
      "extension": [ {
        "url": "http://hl7.org/fhir/StructureDefinition/cqf-inputParameters",
        "valueReference": {
          "reference": "#134c6bae-b9e4-435f-87d9-593a82ab8155-parameters"
        }
      }, {
        "url": "http://hl7.org/fhir/us/cqfmeasures/StructureDefinition/cqfm-testCaseDescription",
        "valueMarkdown": "Patient with HF dx and 2 encounters and LVSD does not fall into denominator exclusion because LV assisted device procedure is outside encounter window"
      } ],
      "modifierExtension": [ {
        "url": "http://hl7.org/fhir/us/cqfmeasures/StructureDefinition/cqfm-isTestCase",
        "valueBoolean": true
      } ],
      "status": "complete",
      "type": "individual",
      "measure": "https://madie.cms.gov/Measure/CMS135FHIRHFACEIorARBorARNIforLVSD",
      "period": {
        "start": "2026-01-01",
        "end": "2026-12-31"
      },
      "group": [ {
        "id": "Group_1",
        "population": [ {
          "id": "InitialPopulation_1",
          "code": {
            "coding": [ {
              "system": "http://terminology.hl7.org/CodeSystem/measure-population",
              "code": "initial-population",
              "display": "Initial Population"
            } ]
          },
          "count": 1
        }, {
          "id": "Denominator_1",
          "code": {
            "coding": [ {
              "system": "http://terminology.hl7.org/CodeSystem/measure-population",
              "code": "denominator",
              "display": "Denominator"
            } ]
          },
          "count": 1
        }, {
          "id": "DenominatorExclusion_1",
          "code": {
            "coding": [ {
              "system": "http://terminology.hl7.org/CodeSystem/measure-population",
              "code": "denominator-exclusion",
              "display": "Denominator Exclusion"
            } ]
          },
          "count": 0
        }, {
          "id": "Numerator_1",
          "code": {
            "coding": [ {
              "system": "http://terminology.hl7.org/CodeSystem/measure-population",
              "code": "numerator",
              "display": "Numerator"
            } ]
          },
          "count": 0
        }, {
          "id": "DenominatorException_1",
          "code": {
            "coding": [ {
              "system": "http://terminology.hl7.org/CodeSystem/measure-population",
              "code": "denominator-exception",
              "display": "Denominator Exception"
            } ]
          },
          "count": 0
        } ],
        "measureScore": {
          "value": 1.0
        }
      } ],
      "evaluatedResource": [ {
        "reference": "Patient/3b1c14dc-b18c-40d9-b848-c750ea4ffe5e"
      }, {
        "reference": "Encounter/530d51a0-aa6a-4739-8e98-da5d9f16cd28"
      }, {
        "reference": "Encounter/cbfe1641-318f-4061-95e7-774f6e45aa8a"
      }, {
        "reference": "Condition/8877e309-65a0-416d-9633-3bdf50860255"
      }, {
        "reference": "Condition/4d6145cf-8b6d-42e8-823b-603d864546c0"
      }, {
        "reference": "Procedure/20db911b-3d5a-4a0a-b64b-174c4607f942"
      } ]
    },
    "request": {
      "method": "PUT",
      "url": "MeasureReport/11182b58-6c4f-4321-8455-b315706461ed"
    }
  } ]
}