{
  "resourceType": "Bundle",
  "id": "610965b998086b538055c162",
  "type": "transaction",
  "entry": [ {
    "fullUrl": "https://madie.cms.gov/Patient/0dd2c81f-19b8-495b-acdf-196a2207b376",
    "resource": {
      "resourceType": "Patient",
      "id": "0dd2c81f-19b8-495b-acdf-196a2207b376",
      "meta": {
        "profile": [ "http://hl7.org/fhir/us/qicore/StructureDefinition/qicore-patient" ]
      },
      "text": {
        "status": "generated",
        "div": "<div xmlns=\"http://www.w3.org/1999/xhtml\"><div class=\"hapiHeaderText\">Age65atstartofMP <b>IPPASS </b></div><table class=\"hapiPropertyTable\"><tbody><tr><td>Date of birth</td><td><span>01 January 1947</span></td></tr></tbody></table></div>"
      },
      "extension": [ {
        "url": "http://hl7.org/fhir/us/core/StructureDefinition/us-core-race",
        "extension": [ {
          "url": "ombCategory",
          "valueCoding": {
            "system": "urn:oid:2.16.840.1.113883.6.238",
            "code": "2028-9",
            "display": "Asian",
            "userSelected": true
          }
        }, {
          "url": "text",
          "valueString": "Asian"
        } ]
      }, {
        "url": "http://hl7.org/fhir/us/core/StructureDefinition/us-core-ethnicity",
        "extension": [ {
          "url": "ombCategory",
          "valueCoding": {
            "system": "urn:oid:2.16.840.1.113883.6.238",
            "code": "2186-5",
            "display": "Not Hispanic or Latino",
            "userSelected": true
          }
        }, {
          "url": "text",
          "valueString": "Not Hispanic or Latino"
        } ]
      } ],
      "identifier": [ {
        "type": {
          "coding": [ {
            "system": "http://terminology.hl7.org/CodeSystem/v2-0203",
            "code": "MR"
          } ]
        },
        "system": "https://bonnie-fhir.healthit.gov/",
        "value": "610965b998086b538055c162"
      } ],
      "active": true,
      "name": [ {
        "use": "usual",
        "family": "IPPPass",
        "given": [ "Age65Jan1" ]
      } ],
      "gender": "male",
      "birthDate": "1961-01-01"
    },
    "request": {
      "method": "PUT",
      "url": "Patient/0dd2c81f-19b8-495b-acdf-196a2207b376"
    }
  }, {
    "fullUrl": "https://madie.cms.gov/Encounter/a1abacab-bbea-42ef-8e42-ff37175812f3",
    "resource": {
      "resourceType": "Encounter",
      "id": "a1abacab-bbea-42ef-8e42-ff37175812f3",
      "meta": {
        "profile": [ "http://hl7.org/fhir/us/qicore/StructureDefinition/qicore-encounter" ]
      },
      "status": "finished",
      "class": {
        "system": "http://terminology.hl7.org/CodeSystem/v3-ActCode",
        "code": "AMB",
        "display": "ambulatory",
        "userSelected": true
      },
      "type": [ {
        "coding": [ {
          "system": "http://www.ama-assn.org/go/cpt",
          "code": "99386"
        } ]
      } ],
      "subject": {
        "reference": "Patient/0dd2c81f-19b8-495b-acdf-196a2207b376"
      },
      "period": {
        "start": "2026-02-15T08:00:00.000+00:00",
        "end": "2026-02-15T08:15:00.000+00:00"
      }
    },
    "request": {
      "method": "PUT",
      "url": "Encounter/a1abacab-bbea-42ef-8e42-ff37175812f3"
    }
  }, {
    "fullUrl": "https://madie.cms.gov/MeasureReport/a8b3c89e-44c4-4cef-b8bf-fd5817598941",
    "resource": {
      "resourceType": "MeasureReport",
      "id": "a8b3c89e-44c4-4cef-b8bf-fd5817598941",
      "meta": {
        "profile": [ "http://hl7.org/fhir/us/cqfmeasures/StructureDefinition/test-case-cqfm" ]
      },
      "contained": [ {
        "resourceType": "Parameters",
        "id": "e894781b-25f9-4d71-8f95-b10a9156db88-parameters",
        "parameter": [ {
          "name": "subject",
          "valueString": "0dd2c81f-19b8-495b-acdf-196a2207b376"
        } ]
      } ],
      "extension": [ {
        "url": "http://hl7.org/fhir/StructureDefinition/cqf-inputParameters",
        "valueReference": {
          "reference": "#e894781b-25f9-4d71-8f95-b10a9156db88-parameters"
        }
      }, {
        "url": "http://hl7.org/fhir/us/cqfmeasures/StructureDefinition/cqfm-testCaseDescription",
        "valueMarkdown": "Patient is age 65 on start of MP with a qualifying encounter"
      } ],
      "modifierExtension": [ {
        "url": "http://hl7.org/fhir/us/cqfmeasures/StructureDefinition/cqfm-isTestCase",
        "valueBoolean": true
      } ],
      "status": "complete",
      "type": "individual",
      "measure": "https://madie.cms.gov/Measure/CMS349FHIRHIVScreening",
      "period": {
        "start": "2026-01-01",
        "end": "2026-12-31"
      },
      "group": [ {
        "id": "Group_1",
        "population": [ {
          "id": "InitialPopulation_1",
          "code": {
            "coding": [ {
              "system": "http://terminology.hl7.org/CodeSystem/measure-population",
              "code": "initial-population",
              "display": "Initial Population"
            } ]
          },
          "count": 1
        }, {
          "id": "Denominator_1",
          "code": {
            "coding": [ {
              "system": "http://terminology.hl7.org/CodeSystem/measure-population",
              "code": "denominator",
              "display": "Denominator"
            } ]
          },
          "count": 1
        }, {
          "id": "DenominatorExclusion_1",
          "code": {
            "coding": [ {
              "system": "http://terminology.hl7.org/CodeSystem/measure-population",
              "code": "denominator-exclusion",
              "display": "Denominator Exclusion"
            } ]
          },
          "count": 0
        }, {
          "id": "Numerator_1",
          "code": {
            "coding": [ {
              "system": "http://terminology.hl7.org/CodeSystem/measure-population",
              "code": "numerator",
              "display": "Numerator"
            } ]
          },
          "count": 0
        }, {
          "id": "DenominatorException_1",
          "code": {
            "coding": [ {
              "system": "http://terminology.hl7.org/CodeSystem/measure-population",
              "code": "denominator-exception",
              "display": "Denominator Exception"
            } ]
          },
          "count": 0
        } ],
        "measureScore": {
          "value": 1.0
        }
      } ],
      "evaluatedResource": [ {
        "reference": "Patient/0dd2c81f-19b8-495b-acdf-196a2207b376"
      }, {
        "reference": "Encounter/a1abacab-bbea-42ef-8e42-ff37175812f3"
      } ]
    },
    "request": {
      "method": "PUT",
      "url": "MeasureReport/a8b3c89e-44c4-4cef-b8bf-fd5817598941"
    }
  } ]
}