{
  "resourceType": "Bundle",
  "id": "NUMPass-InitHOOS90DaysB4THAFUHOOS425DaysAfterTHA",
  "type": "transaction",
  "entry": [ {
    "fullUrl": "https://madie.cms.gov/Patient/8efd6c8c-cefb-4a85-828d-ed59d8a9e8f2",
    "resource": {
      "resourceType": "Patient",
      "id": "8efd6c8c-cefb-4a85-828d-ed59d8a9e8f2",
      "meta": {
        "profile": [ "http://hl7.org/fhir/us/qicore/StructureDefinition/qicore-patient" ]
      },
      "extension": [ {
        "url": "http://hl7.org/fhir/us/core/StructureDefinition/us-core-race",
        "extension": [ {
          "url": "ombCategory",
          "valueCoding": {
            "system": "urn:oid:2.16.840.1.113883.6.238",
            "code": "2028-9",
            "display": "Asian"
          }
        }, {
          "url": "text",
          "valueString": "Asian"
        } ]
      }, {
        "url": "http://hl7.org/fhir/us/core/StructureDefinition/us-core-ethnicity",
        "extension": [ {
          "url": "ombCategory",
          "valueCoding": {
            "system": "urn:oid:2.16.840.1.113883.6.238",
            "code": "2135-2",
            "display": "Hispanic or Latino"
          }
        }, {
          "url": "text",
          "valueString": "Hispanic or Latino"
        } ]
      } ],
      "identifier": [ {
        "system": "http://hospital.smarthealthit.org",
        "value": "999999995"
      } ],
      "name": [ {
        "family": "Bertha",
        "given": [ "Betty" ]
      } ],
      "gender": "female",
      "birthDate": "2007-01-01"
    },
    "request": {
      "method": "PUT",
      "url": "Patient/8efd6c8c-cefb-4a85-828d-ed59d8a9e8f2"
    }
  }, {
    "fullUrl": "https://madie.cms.gov/Procedure/c38302f2-a7b8-443c-84c9-3a74cc567ea5",
    "resource": {
      "resourceType": "Procedure",
      "id": "c38302f2-a7b8-443c-84c9-3a74cc567ea5",
      "meta": {
        "profile": [ "http://hl7.org/fhir/us/qicore/StructureDefinition/qicore-procedure" ]
      },
      "extension": [ {
        "url": "http://hl7.org/fhir/us/qicore/StructureDefinition/qicore-recorded",
        "valueDateTime": "2024-11-01T00:00:00.000Z"
      } ],
      "status": "completed",
      "code": {
        "coding": [ {
          "system": "http://www.cms.gov/Medicare/Coding/ICD10",
          "code": "0SR9019",
          "display": "Replacement of Right Hip Joint with Metal Synthetic Substitute, Cemented, Open Approach"
        } ]
      },
      "subject": {
        "reference": "Patient/8efd6c8c-cefb-4a85-828d-ed59d8a9e8f2"
      },
      "performedPeriod": {
        "start": "2024-11-01T00:00:00.000Z",
        "end": "2024-11-01T01:00:00.000Z"
      }
    },
    "request": {
      "method": "PUT",
      "url": "Procedure/c38302f2-a7b8-443c-84c9-3a74cc567ea5"
    }
  }, {
    "fullUrl": "https://madie.cms.gov/Encounter/cc115dbf-58aa-40d6-9fd7-10f82f91ae55",
    "resource": {
      "resourceType": "Encounter",
      "id": "cc115dbf-58aa-40d6-9fd7-10f82f91ae55",
      "meta": {
        "profile": [ "http://hl7.org/fhir/us/qicore/StructureDefinition/qicore-encounter" ]
      },
      "status": "finished",
      "class": {
        "system": "http://terminology.hl7.org/CodeSystem/v3-ActCode",
        "code": "AMB",
        "display": "ambulatory"
      },
      "type": [ {
        "coding": [ {
          "system": "http://snomed.info/sct",
          "code": "281036007",
          "display": "Follow-up consultation (procedure)"
        } ]
      } ],
      "subject": {
        "reference": "Patient/8efd6c8c-cefb-4a85-828d-ed59d8a9e8f2"
      },
      "period": {
        "start": "2025-11-01T00:00:00.000Z",
        "end": "2025-11-01T01:15:00.000Z"
      }
    },
    "request": {
      "method": "PUT",
      "url": "Encounter/cc115dbf-58aa-40d6-9fd7-10f82f91ae55"
    }
  }, {
    "fullUrl": "https://madie.cms.gov/Observation/faac6f67-91c1-45db-b5cf-d5453d5f9ff1",
    "resource": {
      "resourceType": "Observation",
      "id": "faac6f67-91c1-45db-b5cf-d5453d5f9ff1",
      "meta": {
        "profile": [ "http://hl7.org/fhir/us/qicore/StructureDefinition/qicore-observation-screening-assessment" ]
      },
      "status": "final",
      "category": [ {
        "coding": [ {
          "system": "http://terminology.hl7.org/CodeSystem/observation-category",
          "code": "survey"
        } ]
      } ],
      "code": {
        "coding": [ {
          "system": "http://loinc.org",
          "code": "72093-8",
          "display": "Quality of life score [HOOS]"
        } ]
      },
      "subject": {
        "reference": "Patient/8efd6c8c-cefb-4a85-828d-ed59d8a9e8f2"
      },
      "effectivePeriod": {
        "start": "2024-08-03T00:00:00.000Z",
        "end": "2024-08-03T01:00:00.000Z"
      },
      "valueInteger": 60
    },
    "request": {
      "method": "PUT",
      "url": "Observation/faac6f67-91c1-45db-b5cf-d5453d5f9ff1"
    }
  }, {
    "fullUrl": "https://madie.cms.gov/Observation/bb412f6f-8c20-4569-b6c1-72572c8716db",
    "resource": {
      "resourceType": "Observation",
      "id": "bb412f6f-8c20-4569-b6c1-72572c8716db",
      "meta": {
        "profile": [ "http://hl7.org/fhir/us/qicore/StructureDefinition/qicore-observation-screening-assessment" ]
      },
      "status": "final",
      "category": [ {
        "coding": [ {
          "system": "http://terminology.hl7.org/CodeSystem/observation-category",
          "code": "survey"
        } ]
      } ],
      "code": {
        "coding": [ {
          "system": "http://loinc.org",
          "code": "72094-6",
          "display": "Sport-recreation score [HOOS]"
        } ]
      },
      "subject": {
        "reference": "Patient/8efd6c8c-cefb-4a85-828d-ed59d8a9e8f2"
      },
      "effectivePeriod": {
        "start": "2024-08-03T00:00:00.000Z",
        "end": "2024-08-03T01:00:00.000Z"
      },
      "valueInteger": 60
    },
    "request": {
      "method": "PUT",
      "url": "Observation/bb412f6f-8c20-4569-b6c1-72572c8716db"
    }
  }, {
    "fullUrl": "https://madie.cms.gov/Observation/c4e6018f-8e0c-46d1-9522-16a74341861a",
    "resource": {
      "resourceType": "Observation",
      "id": "c4e6018f-8e0c-46d1-9522-16a74341861a",
      "meta": {
        "profile": [ "http://hl7.org/fhir/us/qicore/StructureDefinition/qicore-observation-screening-assessment" ]
      },
      "status": "final",
      "category": [ {
        "coding": [ {
          "system": "http://terminology.hl7.org/CodeSystem/observation-category",
          "code": "survey"
        } ]
      } ],
      "code": {
        "coding": [ {
          "system": "http://loinc.org",
          "code": "72095-3",
          "display": "Activities of daily living score [HOOS]"
        } ]
      },
      "subject": {
        "reference": "Patient/8efd6c8c-cefb-4a85-828d-ed59d8a9e8f2"
      },
      "effectivePeriod": {
        "start": "2024-08-03T00:00:00.000Z",
        "end": "2024-08-03T01:00:00.000Z"
      },
      "valueInteger": 60
    },
    "request": {
      "method": "PUT",
      "url": "Observation/c4e6018f-8e0c-46d1-9522-16a74341861a"
    }
  }, {
    "fullUrl": "https://madie.cms.gov/Observation/33c1a4ea-fc50-4040-a08f-27497a897b86",
    "resource": {
      "resourceType": "Observation",
      "id": "33c1a4ea-fc50-4040-a08f-27497a897b86",
      "meta": {
        "profile": [ "http://hl7.org/fhir/us/qicore/StructureDefinition/qicore-observation-screening-assessment" ]
      },
      "status": "final",
      "category": [ {
        "coding": [ {
          "system": "http://terminology.hl7.org/CodeSystem/observation-category",
          "code": "survey"
        } ]
      } ],
      "code": {
        "coding": [ {
          "system": "http://loinc.org",
          "code": "72096-1",
          "display": "Symptoms score [HOOS]"
        } ]
      },
      "subject": {
        "reference": "Patient/8efd6c8c-cefb-4a85-828d-ed59d8a9e8f2"
      },
      "effectivePeriod": {
        "start": "2024-08-03T00:00:00.000Z",
        "end": "2024-08-03T01:00:00.000Z"
      },
      "valueInteger": 60
    },
    "request": {
      "method": "PUT",
      "url": "Observation/33c1a4ea-fc50-4040-a08f-27497a897b86"
    }
  }, {
    "fullUrl": "https://madie.cms.gov/Observation/ece24a0a-bd67-4159-8efb-c3c2933b11b0",
    "resource": {
      "resourceType": "Observation",
      "id": "ece24a0a-bd67-4159-8efb-c3c2933b11b0",
      "meta": {
        "profile": [ "http://hl7.org/fhir/us/qicore/StructureDefinition/qicore-observation-screening-assessment" ]
      },
      "status": "final",
      "category": [ {
        "coding": [ {
          "system": "http://terminology.hl7.org/CodeSystem/observation-category",
          "code": "survey"
        } ]
      } ],
      "code": {
        "coding": [ {
          "system": "http://loinc.org",
          "code": "72097-9",
          "display": "Pain score [HOOS]"
        } ]
      },
      "subject": {
        "reference": "Patient/8efd6c8c-cefb-4a85-828d-ed59d8a9e8f2"
      },
      "effectivePeriod": {
        "start": "2024-08-03T00:00:00.000Z",
        "end": "2024-08-03T01:00:00.000Z"
      },
      "valueInteger": 60
    },
    "request": {
      "method": "PUT",
      "url": "Observation/ece24a0a-bd67-4159-8efb-c3c2933b11b0"
    }
  }, {
    "fullUrl": "https://madie.cms.gov/Observation/60a5117d-a07b-4480-9d27-647ae0cb8e37",
    "resource": {
      "resourceType": "Observation",
      "id": "60a5117d-a07b-4480-9d27-647ae0cb8e37",
      "meta": {
        "profile": [ "http://hl7.org/fhir/us/qicore/StructureDefinition/qicore-observation-screening-assessment" ]
      },
      "status": "final",
      "category": [ {
        "coding": [ {
          "system": "http://terminology.hl7.org/CodeSystem/observation-category",
          "code": "survey"
        } ]
      } ],
      "code": {
        "coding": [ {
          "system": "http://loinc.org",
          "code": "72093-8",
          "display": "Quality of life score [HOOS]"
        } ]
      },
      "subject": {
        "reference": "Patient/8efd6c8c-cefb-4a85-828d-ed59d8a9e8f2"
      },
      "effectivePeriod": {
        "start": "2025-12-30T00:00:00.000Z",
        "end": "2025-12-30T01:00:00.000Z"
      },
      "valueInteger": 60
    },
    "request": {
      "method": "PUT",
      "url": "Observation/60a5117d-a07b-4480-9d27-647ae0cb8e37"
    }
  }, {
    "fullUrl": "https://madie.cms.gov/Observation/6da4ae3f-41d1-4fda-bacb-5952ad48e878",
    "resource": {
      "resourceType": "Observation",
      "id": "6da4ae3f-41d1-4fda-bacb-5952ad48e878",
      "meta": {
        "profile": [ "http://hl7.org/fhir/us/qicore/StructureDefinition/qicore-observation-screening-assessment" ]
      },
      "status": "final",
      "category": [ {
        "coding": [ {
          "system": "http://terminology.hl7.org/CodeSystem/observation-category",
          "code": "survey"
        } ]
      } ],
      "code": {
        "coding": [ {
          "system": "http://loinc.org",
          "code": "72094-6",
          "display": "Sport-recreation score [HOOS]"
        } ]
      },
      "subject": {
        "reference": "Patient/8efd6c8c-cefb-4a85-828d-ed59d8a9e8f2"
      },
      "effectivePeriod": {
        "start": "2025-12-30T00:00:00.000Z",
        "end": "2025-12-30T01:00:00.000Z"
      },
      "valueInteger": 60
    },
    "request": {
      "method": "PUT",
      "url": "Observation/6da4ae3f-41d1-4fda-bacb-5952ad48e878"
    }
  }, {
    "fullUrl": "https://madie.cms.gov/Observation/e9fd7778-6df3-4b25-9940-9fad638d109d",
    "resource": {
      "resourceType": "Observation",
      "id": "e9fd7778-6df3-4b25-9940-9fad638d109d",
      "meta": {
        "profile": [ "http://hl7.org/fhir/us/qicore/StructureDefinition/qicore-observation-screening-assessment" ]
      },
      "status": "final",
      "category": [ {
        "coding": [ {
          "system": "http://terminology.hl7.org/CodeSystem/observation-category",
          "code": "survey"
        } ]
      } ],
      "code": {
        "coding": [ {
          "system": "http://loinc.org",
          "code": "72095-3",
          "display": "Activities of daily living score [HOOS]"
        } ]
      },
      "subject": {
        "reference": "Patient/8efd6c8c-cefb-4a85-828d-ed59d8a9e8f2"
      },
      "effectivePeriod": {
        "start": "2025-12-30T00:00:00.000Z",
        "end": "2025-12-30T01:00:00.000Z"
      },
      "valueInteger": 60
    },
    "request": {
      "method": "PUT",
      "url": "Observation/e9fd7778-6df3-4b25-9940-9fad638d109d"
    }
  }, {
    "fullUrl": "https://madie.cms.gov/Observation/0a28c2c1-4320-4d83-b4be-cc8878de600e",
    "resource": {
      "resourceType": "Observation",
      "id": "0a28c2c1-4320-4d83-b4be-cc8878de600e",
      "meta": {
        "profile": [ "http://hl7.org/fhir/us/qicore/StructureDefinition/qicore-observation-screening-assessment" ]
      },
      "status": "final",
      "category": [ {
        "coding": [ {
          "system": "http://terminology.hl7.org/CodeSystem/observation-category",
          "code": "survey"
        } ]
      } ],
      "code": {
        "coding": [ {
          "system": "http://loinc.org",
          "code": "72096-1",
          "display": "Symptoms score [HOOS]"
        } ]
      },
      "subject": {
        "reference": "Patient/8efd6c8c-cefb-4a85-828d-ed59d8a9e8f2"
      },
      "effectivePeriod": {
        "start": "2025-12-30T00:00:00.000Z",
        "end": "2025-12-30T01:00:00.000Z"
      },
      "valueInteger": 60
    },
    "request": {
      "method": "PUT",
      "url": "Observation/0a28c2c1-4320-4d83-b4be-cc8878de600e"
    }
  }, {
    "fullUrl": "https://madie.cms.gov/Observation/92893ccf-1f2c-4924-bab4-3662ad1c3b82",
    "resource": {
      "resourceType": "Observation",
      "id": "92893ccf-1f2c-4924-bab4-3662ad1c3b82",
      "meta": {
        "profile": [ "http://hl7.org/fhir/us/qicore/StructureDefinition/qicore-observation-screening-assessment" ]
      },
      "status": "final",
      "category": [ {
        "coding": [ {
          "system": "http://terminology.hl7.org/CodeSystem/observation-category",
          "code": "survey"
        } ]
      } ],
      "code": {
        "coding": [ {
          "system": "http://loinc.org",
          "code": "72097-9",
          "display": "Pain score [HOOS]"
        } ]
      },
      "subject": {
        "reference": "Patient/8efd6c8c-cefb-4a85-828d-ed59d8a9e8f2"
      },
      "effectivePeriod": {
        "start": "2025-12-30T00:00:00.000Z",
        "end": "2025-12-30T01:00:00.000Z"
      },
      "valueInteger": 60
    },
    "request": {
      "method": "PUT",
      "url": "Observation/92893ccf-1f2c-4924-bab4-3662ad1c3b82"
    }
  }, {
    "fullUrl": "https://madie.cms.gov/MeasureReport/25faef2b-c1b9-49bd-a8b5-6213ee3890bf",
    "resource": {
      "resourceType": "MeasureReport",
      "id": "25faef2b-c1b9-49bd-a8b5-6213ee3890bf",
      "meta": {
        "profile": [ "http://hl7.org/fhir/us/cqfmeasures/StructureDefinition/test-case-cqfm" ]
      },
      "contained": [ {
        "resourceType": "Parameters",
        "id": "6f65d521-bba5-4011-bedb-5ab871a8a303-parameters",
        "parameter": [ {
          "name": "subject",
          "valueString": "8efd6c8c-cefb-4a85-828d-ed59d8a9e8f2"
        } ]
      } ],
      "extension": [ {
        "url": "http://hl7.org/fhir/StructureDefinition/cqf-inputParameters",
        "valueReference": {
          "reference": "#6f65d521-bba5-4011-bedb-5ab871a8a303-parameters"
        }
      }, {
        "url": "http://hl7.org/fhir/us/cqfmeasures/StructureDefinition/cqfm-testCaseDescription",
        "valueMarkdown": "Patient w/ a THA Procedure 11/1, Initial Hip Assessment 90 days before THA Procedure(8/3), and FollowUp Hip Assessment HOOS 425 days after THA Procedure (12/30)"
      } ],
      "modifierExtension": [ {
        "url": "http://hl7.org/fhir/us/cqfmeasures/StructureDefinition/cqfm-isTestCase",
        "valueBoolean": true
      } ],
      "status": "complete",
      "type": "individual",
      "measure": "https://madie.cms.gov/Measure/CMS56FHIRFunctionalStatusAssessmentforTotalHipReplacement",
      "period": {
        "start": "2026-01-01",
        "end": "2026-12-31"
      },
      "group": [ {
        "id": "Group_1",
        "population": [ {
          "id": "InitialPopulation_1",
          "code": {
            "coding": [ {
              "system": "http://terminology.hl7.org/CodeSystem/measure-population",
              "code": "initial-population",
              "display": "Initial Population"
            } ]
          },
          "count": 1
        }, {
          "id": "Denominator_1",
          "code": {
            "coding": [ {
              "system": "http://terminology.hl7.org/CodeSystem/measure-population",
              "code": "denominator",
              "display": "Denominator"
            } ]
          },
          "count": 1
        }, {
          "id": "DenominatorExclusion_1",
          "code": {
            "coding": [ {
              "system": "http://terminology.hl7.org/CodeSystem/measure-population",
              "code": "denominator-exclusion",
              "display": "Denominator Exclusion"
            } ]
          },
          "count": 0
        }, {
          "id": "Numerator_1",
          "code": {
            "coding": [ {
              "system": "http://terminology.hl7.org/CodeSystem/measure-population",
              "code": "numerator",
              "display": "Numerator"
            } ]
          },
          "count": 1
        } ],
        "measureScore": {
          "value": 1.0
        }
      } ],
      "evaluatedResource": [ {
        "reference": "Patient/8efd6c8c-cefb-4a85-828d-ed59d8a9e8f2"
      }, {
        "reference": "Procedure/c38302f2-a7b8-443c-84c9-3a74cc567ea5"
      }, {
        "reference": "Encounter/cc115dbf-58aa-40d6-9fd7-10f82f91ae55"
      }, {
        "reference": "Observation/faac6f67-91c1-45db-b5cf-d5453d5f9ff1"
      }, {
        "reference": "Observation/bb412f6f-8c20-4569-b6c1-72572c8716db"
      }, {
        "reference": "Observation/c4e6018f-8e0c-46d1-9522-16a74341861a"
      }, {
        "reference": "Observation/33c1a4ea-fc50-4040-a08f-27497a897b86"
      }, {
        "reference": "Observation/ece24a0a-bd67-4159-8efb-c3c2933b11b0"
      }, {
        "reference": "Observation/60a5117d-a07b-4480-9d27-647ae0cb8e37"
      }, {
        "reference": "Observation/6da4ae3f-41d1-4fda-bacb-5952ad48e878"
      }, {
        "reference": "Observation/e9fd7778-6df3-4b25-9940-9fad638d109d"
      }, {
        "reference": "Observation/0a28c2c1-4320-4d83-b4be-cc8878de600e"
      }, {
        "reference": "Observation/92893ccf-1f2c-4924-bab4-3662ad1c3b82"
      } ]
    },
    "request": {
      "method": "PUT",
      "url": "MeasureReport/25faef2b-c1b9-49bd-a8b5-6213ee3890bf"
    }
  } ]
}