{
  "resourceType": "Bundle",
  "id": "84164194651263164651651",
  "type": "transaction",
  "entry": [ {
    "fullUrl": "https://madie.cms.gov/Patient/5a85d133-acfb-40fa-a3ab-0c557d21e67c",
    "resource": {
      "resourceType": "Patient",
      "id": "5a85d133-acfb-40fa-a3ab-0c557d21e67c",
      "meta": {
        "profile": [ "http://hl7.org/fhir/us/qicore/StructureDefinition/qicore-patient" ]
      },
      "extension": [ {
        "url": "http://hl7.org/fhir/us/core/StructureDefinition/us-core-race",
        "extension": [ {
          "url": "ombCategory",
          "valueCoding": {
            "system": "urn:oid:2.16.840.1.113883.6.238",
            "code": "1002-5",
            "display": "American Indian or Alaska Native"
          }
        }, {
          "url": "text",
          "valueString": "American Indian or Alaska Native"
        } ]
      }, {
        "url": "http://hl7.org/fhir/us/core/StructureDefinition/us-core-ethnicity",
        "extension": [ {
          "url": "ombCategory",
          "valueCoding": {
            "system": "urn:oid:2.16.840.1.113883.6.238",
            "code": "2186-5",
            "display": "Not Hispanic or Latino"
          }
        }, {
          "url": "text",
          "valueString": "Not Hispanic or Latino"
        } ]
      } ],
      "identifier": [ {
        "type": {
          "coding": [ {
            "system": "http://terminology.hl7.org/CodeSystem/v2-0203",
            "code": "MR"
          } ]
        },
        "system": "https://bonnie-fhir.healthit.gov/",
        "value": "16546813164163513131"
      } ],
      "active": true,
      "name": [ {
        "use": "usual",
        "family": "DENEXCEPPop1Pass",
        "given": [ "BetaBlockerAllergy" ]
      } ],
      "gender": "female",
      "birthDate": "1923-03-24"
    },
    "request": {
      "method": "PUT",
      "url": "Patient/5a85d133-acfb-40fa-a3ab-0c557d21e67c"
    }
  }, {
    "fullUrl": "https://madie.cms.gov/MedicationRequest/58e3d354-0b53-4e01-8cdf-9a051a615162",
    "resource": {
      "resourceType": "MedicationRequest",
      "id": "58e3d354-0b53-4e01-8cdf-9a051a615162",
      "meta": {
        "profile": [ "http://hl7.org/fhir/us/qicore/StructureDefinition/qicore-medicationnotrequested" ]
      },
      "status": "completed",
      "intent": "order",
      "doNotPerform": true,
      "medicationCodeableConcept": {
        "coding": [ {
          "system": "http://www.nlm.nih.gov/research/umls/rxnorm",
          "code": "200031",
          "display": "carvedilol 6.25 MG Oral Tablet"
        } ]
      },
      "subject": {
        "reference": "Patient/5a85d133-acfb-40fa-a3ab-0c557d21e67c"
      },
      "authoredOn": "2026-07-08T09:00:00.000+00:00",
      "requester": {
        "reference": "Practitioner/123456"
      },
      "reasonCode": [ {
        "coding": [ {
          "system": "http://snomed.info/sct",
          "code": "183932001",
          "display": "Procedure contraindicated (situation)",
          "userSelected": true
        } ]
      } ]
    },
    "request": {
      "method": "PUT",
      "url": "MedicationRequest/58e3d354-0b53-4e01-8cdf-9a051a615162"
    }
  }, {
    "fullUrl": "https://madie.cms.gov/Encounter/a16d6d90-9cfe-4dce-86a9-e77bc295439b",
    "resource": {
      "resourceType": "Encounter",
      "id": "a16d6d90-9cfe-4dce-86a9-e77bc295439b",
      "meta": {
        "profile": [ "http://hl7.org/fhir/us/qicore/StructureDefinition/qicore-encounter" ]
      },
      "status": "finished",
      "class": {
        "system": "http://terminology.hl7.org/CodeSystem/v3-ActCode",
        "code": "AMB",
        "display": "ambulatory encounter"
      },
      "type": [ {
        "coding": [ {
          "system": "http://www.ama-assn.org/go/cpt",
          "version": "2024",
          "code": "99205"
        } ]
      } ],
      "subject": {
        "reference": "Patient/5a85d133-acfb-40fa-a3ab-0c557d21e67c"
      },
      "period": {
        "start": "2026-04-05T06:00:00.000+00:00",
        "end": "2026-04-05T07:00:00.000+00:00"
      }
    },
    "request": {
      "method": "PUT",
      "url": "Encounter/a16d6d90-9cfe-4dce-86a9-e77bc295439b"
    }
  }, {
    "fullUrl": "https://madie.cms.gov/Encounter/ecb74f12-6c77-4223-847d-297d0a131698",
    "resource": {
      "resourceType": "Encounter",
      "id": "ecb74f12-6c77-4223-847d-297d0a131698",
      "meta": {
        "profile": [ "http://hl7.org/fhir/us/qicore/StructureDefinition/qicore-encounter" ]
      },
      "status": "finished",
      "class": {
        "system": "http://terminology.hl7.org/CodeSystem/v3-ActCode",
        "code": "AMB",
        "display": "ambulatory encounter"
      },
      "type": [ {
        "coding": [ {
          "system": "http://www.ama-assn.org/go/cpt",
          "version": "2024",
          "code": "99205"
        } ]
      } ],
      "subject": {
        "reference": "Patient/5a85d133-acfb-40fa-a3ab-0c557d21e67c"
      },
      "period": {
        "start": "2026-07-08T09:00:00.000+00:00",
        "end": "2026-07-08T09:00:00.000+00:00"
      }
    },
    "request": {
      "method": "PUT",
      "url": "Encounter/ecb74f12-6c77-4223-847d-297d0a131698"
    }
  }, {
    "fullUrl": "https://madie.cms.gov/Condition/a88a74d4-ca89-495c-8d87-a030b4bf4e3c",
    "resource": {
      "resourceType": "Condition",
      "id": "a88a74d4-ca89-495c-8d87-a030b4bf4e3c",
      "meta": {
        "profile": [ "http://hl7.org/fhir/us/qicore/StructureDefinition/qicore-condition-problems-health-concerns" ]
      },
      "clinicalStatus": {
        "coding": [ {
          "system": "http://terminology.hl7.org/CodeSystem/condition-clinical",
          "code": "active",
          "display": "Active"
        } ]
      },
      "verificationStatus": {
        "coding": [ {
          "system": "http://terminology.hl7.org/CodeSystem/condition-ver-status",
          "code": "confirmed",
          "display": "Confirmed"
        } ]
      },
      "category": [ {
        "coding": [ {
          "system": "http://terminology.hl7.org/CodeSystem/condition-category",
          "code": "problem-list-item",
          "display": "Problem List Item"
        } ]
      } ],
      "code": {
        "coding": [ {
          "system": "http://snomed.info/sct",
          "version": "http://snomed.info/sct/731000124108/version/20240301",
          "code": "981000124106",
          "display": "Moderate left ventricular systolic dysfunction (disorder)"
        } ]
      },
      "subject": {
        "reference": "Patient/5a85d133-acfb-40fa-a3ab-0c557d21e67c"
      },
      "onsetPeriod": {
        "start": "2026-04-05T06:00:00.000+00:00"
      }
    },
    "request": {
      "method": "PUT",
      "url": "Condition/a88a74d4-ca89-495c-8d87-a030b4bf4e3c"
    }
  }, {
    "fullUrl": "https://madie.cms.gov/Condition/063094a0-ae3d-4ede-8c2a-93bbdf7cfdb8",
    "resource": {
      "resourceType": "Condition",
      "id": "063094a0-ae3d-4ede-8c2a-93bbdf7cfdb8",
      "meta": {
        "profile": [ "http://hl7.org/fhir/us/qicore/StructureDefinition/qicore-condition-problems-health-concerns" ]
      },
      "clinicalStatus": {
        "coding": [ {
          "system": "http://terminology.hl7.org/CodeSystem/condition-clinical",
          "code": "active",
          "display": "Active"
        } ]
      },
      "verificationStatus": {
        "coding": [ {
          "system": "http://terminology.hl7.org/CodeSystem/condition-ver-status",
          "code": "confirmed",
          "display": "Confirmed"
        } ]
      },
      "category": [ {
        "coding": [ {
          "system": "http://terminology.hl7.org/CodeSystem/condition-category",
          "code": "problem-list-item",
          "display": "Problem List Item"
        } ]
      } ],
      "code": {
        "coding": [ {
          "system": "http://snomed.info/sct",
          "version": "http://snomed.info/sct/731000124108/version/20240301",
          "code": "10365005",
          "display": "Right main coronary artery thrombosis (disorder)"
        } ]
      },
      "subject": {
        "reference": "Patient/5a85d133-acfb-40fa-a3ab-0c557d21e67c"
      },
      "onsetPeriod": {
        "start": "2026-04-05T06:00:00.000+00:00"
      }
    },
    "request": {
      "method": "PUT",
      "url": "Condition/063094a0-ae3d-4ede-8c2a-93bbdf7cfdb8"
    }
  }, {
    "fullUrl": "https://madie.cms.gov/MeasureReport/8f642df5-f4cf-4e7a-9fd3-017811261685",
    "resource": {
      "resourceType": "MeasureReport",
      "id": "8f642df5-f4cf-4e7a-9fd3-017811261685",
      "meta": {
        "profile": [ "http://hl7.org/fhir/us/cqfmeasures/StructureDefinition/test-case-cqfm" ]
      },
      "contained": [ {
        "resourceType": "Parameters",
        "id": "0458261c-a8c6-4829-9c58-75620843f544-parameters",
        "parameter": [ {
          "name": "subject",
          "valueString": "5a85d133-acfb-40fa-a3ab-0c557d21e67c"
        } ]
      } ],
      "extension": [ {
        "url": "http://hl7.org/fhir/StructureDefinition/cqf-inputParameters",
        "valueReference": {
          "reference": "#0458261c-a8c6-4829-9c58-75620843f544-parameters"
        }
      }, {
        "url": "http://hl7.org/fhir/us/cqfmeasures/StructureDefinition/cqfm-testCaseDescription",
        "valueMarkdown": "Pt > 18, 2 amb. visits during MP, a moderate LVSD and CAD Dx (both with onset during 1st visit) and a beta blocker medication not requested due to contraindication"
      } ],
      "modifierExtension": [ {
        "url": "http://hl7.org/fhir/us/cqfmeasures/StructureDefinition/cqfm-isTestCase",
        "valueBoolean": true
      } ],
      "status": "complete",
      "type": "individual",
      "measure": "https://madie.cms.gov/Measure/CMS145FHIRCADBetaBlockerTherapyPriorMIorLVSD",
      "period": {
        "start": "2026-01-01",
        "end": "2026-12-31"
      },
      "group": [ {
        "id": "Group_1",
        "population": [ {
          "id": "InitialPopulation_1",
          "code": {
            "coding": [ {
              "system": "http://terminology.hl7.org/CodeSystem/measure-population",
              "code": "initial-population",
              "display": "Initial Population"
            } ]
          },
          "count": 1
        }, {
          "id": "Denominator_1",
          "code": {
            "coding": [ {
              "system": "http://terminology.hl7.org/CodeSystem/measure-population",
              "code": "denominator",
              "display": "Denominator"
            } ]
          },
          "count": 1
        }, {
          "id": "Numerator_1",
          "code": {
            "coding": [ {
              "system": "http://terminology.hl7.org/CodeSystem/measure-population",
              "code": "numerator",
              "display": "Numerator"
            } ]
          },
          "count": 0
        }, {
          "id": "DenominatorException_1",
          "code": {
            "coding": [ {
              "system": "http://terminology.hl7.org/CodeSystem/measure-population",
              "code": "denominator-exception",
              "display": "Denominator Exception"
            } ]
          },
          "count": 1
        } ],
        "measureScore": {
          "value": 1.0
        }
      }, {
        "id": "Group_2",
        "population": [ {
          "id": "InitialPopulation_2",
          "code": {
            "coding": [ {
              "system": "http://terminology.hl7.org/CodeSystem/measure-population",
              "code": "initial-population",
              "display": "Initial Population"
            } ]
          },
          "count": 1
        }, {
          "id": "Denominator_2",
          "code": {
            "coding": [ {
              "system": "http://terminology.hl7.org/CodeSystem/measure-population",
              "code": "denominator",
              "display": "Denominator"
            } ]
          },
          "count": 0
        }, {
          "id": "Numerator_2",
          "code": {
            "coding": [ {
              "system": "http://terminology.hl7.org/CodeSystem/measure-population",
              "code": "numerator",
              "display": "Numerator"
            } ]
          },
          "count": 0
        }, {
          "id": "DenominatorException_2",
          "code": {
            "coding": [ {
              "system": "http://terminology.hl7.org/CodeSystem/measure-population",
              "code": "denominator-exception",
              "display": "Denominator Exception"
            } ]
          },
          "count": 0
        } ],
        "measureScore": {
          "value": 1.0
        }
      } ],
      "evaluatedResource": [ {
        "reference": "Patient/5a85d133-acfb-40fa-a3ab-0c557d21e67c"
      }, {
        "reference": "MedicationRequest/58e3d354-0b53-4e01-8cdf-9a051a615162"
      }, {
        "reference": "Encounter/a16d6d90-9cfe-4dce-86a9-e77bc295439b"
      }, {
        "reference": "Encounter/ecb74f12-6c77-4223-847d-297d0a131698"
      }, {
        "reference": "Condition/a88a74d4-ca89-495c-8d87-a030b4bf4e3c"
      }, {
        "reference": "Condition/063094a0-ae3d-4ede-8c2a-93bbdf7cfdb8"
      } ]
    },
    "request": {
      "method": "PUT",
      "url": "MeasureReport/8f642df5-f4cf-4e7a-9fd3-017811261685"
    }
  } ]
}