{
  "resourceType": "Bundle",
  "id": "1354989465135133163",
  "type": "transaction",
  "entry": [ {
    "fullUrl": "https://madie.cms.gov/Patient/aafbe467-9603-443a-8397-d5c337ebbdc6",
    "resource": {
      "resourceType": "Patient",
      "id": "aafbe467-9603-443a-8397-d5c337ebbdc6",
      "meta": {
        "profile": [ "http://hl7.org/fhir/us/qicore/StructureDefinition/qicore-patient" ]
      },
      "extension": [ {
        "url": "http://hl7.org/fhir/us/core/StructureDefinition/us-core-race",
        "extension": [ {
          "url": "ombCategory",
          "valueCoding": {
            "system": "urn:oid:2.16.840.1.113883.6.238",
            "code": "1002-5",
            "display": "American Indian or Alaska Native"
          }
        }, {
          "url": "text",
          "valueString": "American Indian or Alaska Native"
        } ]
      }, {
        "url": "http://hl7.org/fhir/us/core/StructureDefinition/us-core-ethnicity",
        "extension": [ {
          "url": "ombCategory",
          "valueCoding": {
            "system": "urn:oid:2.16.840.1.113883.6.238",
            "code": "2186-5",
            "display": "Not Hispanic or Latino"
          }
        }, {
          "url": "text",
          "valueString": "Not Hispanic or Latino"
        } ]
      } ],
      "identifier": [ {
        "type": {
          "coding": [ {
            "system": "http://terminology.hl7.org/CodeSystem/v2-0203",
            "code": "MR"
          } ]
        },
        "system": "https://bonnie-fhir.healthit.gov/",
        "value": "6067458898086b57ea5aa56f"
      } ],
      "active": true,
      "name": [ {
        "use": "usual",
        "family": "DENEXCEPPop1Pass",
        "given": [ "Asthma" ]
      } ],
      "gender": "female",
      "birthDate": "1923-03-24"
    },
    "request": {
      "method": "PUT",
      "url": "Patient/aafbe467-9603-443a-8397-d5c337ebbdc6"
    }
  }, {
    "fullUrl": "https://madie.cms.gov/Encounter/45e46ac1-7595-414a-b08d-5691e36a5fb9",
    "resource": {
      "resourceType": "Encounter",
      "id": "45e46ac1-7595-414a-b08d-5691e36a5fb9",
      "meta": {
        "profile": [ "http://hl7.org/fhir/us/qicore/StructureDefinition/qicore-encounter" ]
      },
      "status": "finished",
      "class": {
        "system": "http://terminology.hl7.org/CodeSystem/v3-ActCode",
        "code": "AMB",
        "display": "ambulatory encounter"
      },
      "type": [ {
        "coding": [ {
          "system": "http://www.ama-assn.org/go/cpt",
          "version": "2024",
          "code": "99205"
        } ]
      } ],
      "subject": {
        "reference": "Patient/aafbe467-9603-443a-8397-d5c337ebbdc6"
      },
      "period": {
        "start": "2026-04-05T06:00:00.000+00:00",
        "end": "2026-04-05T07:00:00.000+00:00"
      }
    },
    "request": {
      "method": "PUT",
      "url": "Encounter/45e46ac1-7595-414a-b08d-5691e36a5fb9"
    }
  }, {
    "fullUrl": "https://madie.cms.gov/Encounter/3f179329-b491-41b6-ad21-3ba304c236ce",
    "resource": {
      "resourceType": "Encounter",
      "id": "3f179329-b491-41b6-ad21-3ba304c236ce",
      "meta": {
        "profile": [ "http://hl7.org/fhir/us/qicore/StructureDefinition/qicore-encounter" ]
      },
      "status": "finished",
      "class": {
        "system": "http://terminology.hl7.org/CodeSystem/v3-ActCode",
        "code": "AMB",
        "display": "ambulatory encounter"
      },
      "type": [ {
        "coding": [ {
          "system": "http://snomed.info/sct",
          "version": "http://snomed.info/sct/731000124108/version/20230901",
          "code": "185349003",
          "display": "Encounter for check up (procedure)"
        } ]
      } ],
      "subject": {
        "reference": "Patient/aafbe467-9603-443a-8397-d5c337ebbdc6"
      },
      "period": {
        "start": "2026-07-08T09:00:00.000+00:00",
        "end": "2026-07-08T09:00:00.000+00:00"
      }
    },
    "request": {
      "method": "PUT",
      "url": "Encounter/3f179329-b491-41b6-ad21-3ba304c236ce"
    }
  }, {
    "fullUrl": "https://madie.cms.gov/Condition/3ae1d588-a492-4c0d-804f-0eb13d87670d",
    "resource": {
      "resourceType": "Condition",
      "id": "3ae1d588-a492-4c0d-804f-0eb13d87670d",
      "meta": {
        "profile": [ "http://hl7.org/fhir/us/qicore/StructureDefinition/qicore-condition-problems-health-concerns" ]
      },
      "clinicalStatus": {
        "coding": [ {
          "system": "http://terminology.hl7.org/CodeSystem/condition-clinical",
          "code": "active",
          "display": "Active"
        } ]
      },
      "verificationStatus": {
        "coding": [ {
          "system": "http://terminology.hl7.org/CodeSystem/condition-ver-status",
          "code": "confirmed",
          "display": "Confirmed"
        } ]
      },
      "category": [ {
        "coding": [ {
          "system": "http://terminology.hl7.org/CodeSystem/condition-category",
          "code": "problem-list-item",
          "display": "Problem List Item"
        } ]
      } ],
      "code": {
        "coding": [ {
          "system": "http://snomed.info/sct",
          "version": "http://snomed.info/sct/731000124108/version/20240301",
          "code": "981000124106",
          "display": "Moderate left ventricular systolic dysfunction (disorder)"
        } ]
      },
      "subject": {
        "reference": "Patient/aafbe467-9603-443a-8397-d5c337ebbdc6"
      },
      "onsetPeriod": {
        "start": "2026-04-05T06:00:00.000+00:00"
      }
    },
    "request": {
      "method": "PUT",
      "url": "Condition/3ae1d588-a492-4c0d-804f-0eb13d87670d"
    }
  }, {
    "fullUrl": "https://madie.cms.gov/Condition/02442bde-8d9b-4216-a338-6295042eba57",
    "resource": {
      "resourceType": "Condition",
      "id": "02442bde-8d9b-4216-a338-6295042eba57",
      "meta": {
        "profile": [ "http://hl7.org/fhir/us/qicore/StructureDefinition/qicore-condition-problems-health-concerns" ]
      },
      "clinicalStatus": {
        "coding": [ {
          "system": "http://terminology.hl7.org/CodeSystem/condition-clinical",
          "code": "active",
          "display": "Active"
        } ]
      },
      "verificationStatus": {
        "coding": [ {
          "system": "http://terminology.hl7.org/CodeSystem/condition-ver-status",
          "code": "confirmed",
          "display": "Confirmed"
        } ]
      },
      "category": [ {
        "coding": [ {
          "system": "http://terminology.hl7.org/CodeSystem/condition-category",
          "code": "problem-list-item",
          "display": "Problem List Item"
        } ]
      } ],
      "code": {
        "coding": [ {
          "system": "http://snomed.info/sct",
          "version": "http://snomed.info/sct/731000124108/version/20240301",
          "code": "10365005",
          "display": "Right main coronary artery thrombosis (disorder)"
        } ]
      },
      "subject": {
        "reference": "Patient/aafbe467-9603-443a-8397-d5c337ebbdc6"
      },
      "onsetPeriod": {
        "start": "2026-04-05T06:00:00.000+00:00"
      }
    },
    "request": {
      "method": "PUT",
      "url": "Condition/02442bde-8d9b-4216-a338-6295042eba57"
    }
  }, {
    "fullUrl": "https://madie.cms.gov/Condition/9f71c3d8-eb0c-4b28-8492-0da498f37c17",
    "resource": {
      "resourceType": "Condition",
      "id": "9f71c3d8-eb0c-4b28-8492-0da498f37c17",
      "meta": {
        "profile": [ "http://hl7.org/fhir/us/qicore/StructureDefinition/qicore-condition-problems-health-concerns" ]
      },
      "clinicalStatus": {
        "coding": [ {
          "system": "http://terminology.hl7.org/CodeSystem/condition-clinical",
          "code": "active",
          "display": "Active"
        } ]
      },
      "verificationStatus": {
        "coding": [ {
          "system": "http://terminology.hl7.org/CodeSystem/condition-ver-status",
          "code": "confirmed",
          "display": "Confirmed"
        } ]
      },
      "category": [ {
        "coding": [ {
          "system": "http://terminology.hl7.org/CodeSystem/condition-category",
          "code": "problem-list-item",
          "display": "Problem List Item"
        } ]
      } ],
      "code": {
        "coding": [ {
          "system": "http://hl7.org/fhir/sid/icd-10-cm",
          "version": "2024",
          "code": "J45.20"
        } ]
      },
      "subject": {
        "reference": "Patient/aafbe467-9603-443a-8397-d5c337ebbdc6"
      },
      "onsetPeriod": {
        "start": "2026-04-05T06:00:00.000+00:00"
      }
    },
    "request": {
      "method": "PUT",
      "url": "Condition/9f71c3d8-eb0c-4b28-8492-0da498f37c17"
    }
  }, {
    "fullUrl": "https://madie.cms.gov/MeasureReport/6b2eb184-fb65-4d27-982c-1c1cf8e46e99",
    "resource": {
      "resourceType": "MeasureReport",
      "id": "6b2eb184-fb65-4d27-982c-1c1cf8e46e99",
      "meta": {
        "profile": [ "http://hl7.org/fhir/us/cqfmeasures/StructureDefinition/test-case-cqfm" ]
      },
      "contained": [ {
        "resourceType": "Parameters",
        "id": "deb8dd1a-ad5d-4594-a663-7c0dff0e173e-parameters",
        "parameter": [ {
          "name": "subject",
          "valueString": "aafbe467-9603-443a-8397-d5c337ebbdc6"
        } ]
      } ],
      "extension": [ {
        "url": "http://hl7.org/fhir/StructureDefinition/cqf-inputParameters",
        "valueReference": {
          "reference": "#deb8dd1a-ad5d-4594-a663-7c0dff0e173e-parameters"
        }
      }, {
        "url": "http://hl7.org/fhir/us/cqfmeasures/StructureDefinition/cqfm-testCaseDescription",
        "valueMarkdown": "Pt > 18, 2 visits in MP, and Moderate LVSD, CAD, and Asthma (all with onset during 1st visit)"
      } ],
      "modifierExtension": [ {
        "url": "http://hl7.org/fhir/us/cqfmeasures/StructureDefinition/cqfm-isTestCase",
        "valueBoolean": true
      } ],
      "status": "complete",
      "type": "individual",
      "measure": "https://madie.cms.gov/Measure/CMS145FHIRCADBetaBlockerTherapyPriorMIorLVSD",
      "period": {
        "start": "2026-01-01",
        "end": "2026-12-31"
      },
      "group": [ {
        "id": "Group_1",
        "population": [ {
          "id": "InitialPopulation_1",
          "code": {
            "coding": [ {
              "system": "http://terminology.hl7.org/CodeSystem/measure-population",
              "code": "initial-population",
              "display": "Initial Population"
            } ]
          },
          "count": 1
        }, {
          "id": "Denominator_1",
          "code": {
            "coding": [ {
              "system": "http://terminology.hl7.org/CodeSystem/measure-population",
              "code": "denominator",
              "display": "Denominator"
            } ]
          },
          "count": 1
        }, {
          "id": "Numerator_1",
          "code": {
            "coding": [ {
              "system": "http://terminology.hl7.org/CodeSystem/measure-population",
              "code": "numerator",
              "display": "Numerator"
            } ]
          },
          "count": 0
        }, {
          "id": "DenominatorException_1",
          "code": {
            "coding": [ {
              "system": "http://terminology.hl7.org/CodeSystem/measure-population",
              "code": "denominator-exception",
              "display": "Denominator Exception"
            } ]
          },
          "count": 1
        } ],
        "measureScore": {
          "value": 1.0
        }
      }, {
        "id": "Group_2",
        "population": [ {
          "id": "InitialPopulation_2",
          "code": {
            "coding": [ {
              "system": "http://terminology.hl7.org/CodeSystem/measure-population",
              "code": "initial-population",
              "display": "Initial Population"
            } ]
          },
          "count": 1
        }, {
          "id": "Denominator_2",
          "code": {
            "coding": [ {
              "system": "http://terminology.hl7.org/CodeSystem/measure-population",
              "code": "denominator",
              "display": "Denominator"
            } ]
          },
          "count": 0
        }, {
          "id": "Numerator_2",
          "code": {
            "coding": [ {
              "system": "http://terminology.hl7.org/CodeSystem/measure-population",
              "code": "numerator",
              "display": "Numerator"
            } ]
          },
          "count": 0
        }, {
          "id": "DenominatorException_2",
          "code": {
            "coding": [ {
              "system": "http://terminology.hl7.org/CodeSystem/measure-population",
              "code": "denominator-exception",
              "display": "Denominator Exception"
            } ]
          },
          "count": 0
        } ],
        "measureScore": {
          "value": 1.0
        }
      } ],
      "evaluatedResource": [ {
        "reference": "Patient/aafbe467-9603-443a-8397-d5c337ebbdc6"
      }, {
        "reference": "Encounter/45e46ac1-7595-414a-b08d-5691e36a5fb9"
      }, {
        "reference": "Encounter/3f179329-b491-41b6-ad21-3ba304c236ce"
      }, {
        "reference": "Condition/3ae1d588-a492-4c0d-804f-0eb13d87670d"
      }, {
        "reference": "Condition/02442bde-8d9b-4216-a338-6295042eba57"
      }, {
        "reference": "Condition/9f71c3d8-eb0c-4b28-8492-0da498f37c17"
      } ]
    },
    "request": {
      "method": "PUT",
      "url": "MeasureReport/6b2eb184-fb65-4d27-982c-1c1cf8e46e99"
    }
  } ]
}