{
  "resourceType": "Bundle",
  "id": "62fd4b650968f8012246af5b",
  "type": "transaction",
  "entry": [ {
    "fullUrl": "https://madie.cms.gov/Patient/03556842-5a83-41e6-8f43-5801d151336b",
    "resource": {
      "resourceType": "Patient",
      "id": "03556842-5a83-41e6-8f43-5801d151336b",
      "meta": {
        "profile": [ "http://hl7.org/fhir/us/qicore/StructureDefinition/qicore-patient" ]
      },
      "extension": [ {
        "url": "http://hl7.org/fhir/us/core/StructureDefinition/us-core-race",
        "extension": [ {
          "url": "ombCategory",
          "valueCoding": {
            "system": "urn:oid:2.16.840.1.113883.6.238",
            "code": "1002-5",
            "display": "American Indian or Alaska Native",
            "userSelected": true
          }
        }, {
          "url": "text",
          "valueString": "American Indian or Alaska Native"
        } ]
      }, {
        "url": "http://hl7.org/fhir/us/core/StructureDefinition/us-core-ethnicity",
        "extension": [ {
          "url": "ombCategory",
          "valueCoding": {
            "system": "urn:oid:2.16.840.1.113883.6.238",
            "code": "2135-2",
            "display": "Hispanic or Latino",
            "userSelected": true
          }
        }, {
          "url": "text",
          "valueString": "Hispanic or Latino"
        } ]
      } ],
      "identifier": [ {
        "type": {
          "coding": [ {
            "system": "http://terminology.hl7.org/CodeSystem/v2-0203",
            "code": "MR"
          } ]
        },
        "system": "https://bonnie-fhir.healthit.gov/",
        "value": "62fd4b650968f8012246af5b"
      } ],
      "name": [ {
        "family": "NUMERFail",
        "given": [ "ConsRptAfterMP" ]
      } ],
      "gender": "female",
      "birthDate": "1990-12-31"
    },
    "request": {
      "method": "PUT",
      "url": "Patient/03556842-5a83-41e6-8f43-5801d151336b"
    }
  }, {
    "fullUrl": "https://madie.cms.gov/Encounter/ce562701-38eb-4ef0-8d5c-ea3497807a8d",
    "resource": {
      "resourceType": "Encounter",
      "id": "ce562701-38eb-4ef0-8d5c-ea3497807a8d",
      "meta": {
        "profile": [ "http://hl7.org/fhir/us/qicore/StructureDefinition/qicore-encounter" ]
      },
      "status": "finished",
      "class": {
        "system": "http://terminology.hl7.org/CodeSystem/v3-ActCode",
        "code": "AMB",
        "display": "ambulatory"
      },
      "type": [ {
        "coding": [ {
          "system": "http://www.ama-assn.org/go/cpt",
          "version": "2021",
          "code": "99395",
          "display": "Periodic comprehensive preventive medicine reevaluation and management of an individual including an age and gender appropriate history, examination, counseling/anticipatory guidance/risk factor reduction interventions, and the ordering of laboratory/diagnostic procedures, established patient; 18-39 years",
          "userSelected": true
        } ]
      } ],
      "subject": {
        "reference": "Patient/03556842-5a83-41e6-8f43-5801d151336b"
      },
      "period": {
        "start": "2026-01-01T00:00:00.000+00:00",
        "end": "2026-01-01T00:01:00.000+00:00"
      }
    },
    "request": {
      "method": "PUT",
      "url": "Encounter/ce562701-38eb-4ef0-8d5c-ea3497807a8d"
    }
  }, {
    "fullUrl": "https://madie.cms.gov/Task/11500bbe-7073-4827-9e8b-68efee199118",
    "resource": {
      "resourceType": "Task",
      "id": "11500bbe-7073-4827-9e8b-68efee199118",
      "meta": {
        "profile": [ "http://hl7.org/fhir/us/qicore/StructureDefinition/qicore-task" ]
      },
      "identifier": [ {
        "use": "official",
        "system": "http:/goodhealth.org/identifiers",
        "value": "20170201-002"
      } ],
      "basedOn": [ {
        "reference": "ServiceRequest/de0c0799-0505-41fb-96fe-f26ba1731877"
      } ],
      "status": "completed",
      "intent": "order",
      "priority": "routine",
      "code": {
        "coding": [ {
          "system": "http://loinc.org",
          "version": "2.72",
          "code": "11488-4",
          "display": "Consult note",
          "userSelected": true
        } ]
      },
      "for": {
        "reference": "Patient/03556842-5a83-41e6-8f43-5801d151336b"
      },
      "executionPeriod": {
        "start": "2027-01-01T00:00:00.000+00:00",
        "end": "2027-01-01T00:15:00.000+00:00"
      }
    },
    "request": {
      "method": "PUT",
      "url": "Task/11500bbe-7073-4827-9e8b-68efee199118"
    }
  }, {
    "fullUrl": "https://madie.cms.gov/ServiceRequest/de0c0799-0505-41fb-96fe-f26ba1731877",
    "resource": {
      "resourceType": "ServiceRequest",
      "id": "de0c0799-0505-41fb-96fe-f26ba1731877",
      "meta": {
        "profile": [ "http://hl7.org/fhir/us/qicore/StructureDefinition/qicore-servicerequest" ]
      },
      "status": "active",
      "intent": "order",
      "code": {
        "coding": [ {
          "system": "http://snomed.info/sct",
          "version": "2022-03",
          "code": "103696004",
          "display": "Patient referral to specialist (procedure)",
          "userSelected": true
        } ]
      },
      "subject": {
        "reference": "Patient/03556842-5a83-41e6-8f43-5801d151336b"
      },
      "authoredOn": "2026-05-31T08:00:00.000+00:00"
    },
    "request": {
      "method": "PUT",
      "url": "ServiceRequest/de0c0799-0505-41fb-96fe-f26ba1731877"
    }
  }, {
    "fullUrl": "https://madie.cms.gov/Coverage/8e1b0124-f957-4f5b-b313-4e423fb47f2f",
    "resource": {
      "resourceType": "Coverage",
      "id": "8e1b0124-f957-4f5b-b313-4e423fb47f2f",
      "meta": {
        "profile": [ "http://hl7.org/fhir/us/qicore/StructureDefinition/qicore-coverage" ]
      },
      "status": "active",
      "beneficiary": {
        "reference": "Patient/03556842-5a83-41e6-8f43-5801d151336b"
      },
      "payor": [ {
        "reference": "Organization/5b132b60-2776-4483-8784-aa6e9b49f2ca"
      } ]
    },
    "request": {
      "method": "PUT",
      "url": "Coverage/8e1b0124-f957-4f5b-b313-4e423fb47f2f"
    }
  }, {
    "fullUrl": "https://madie.cms.gov/Organization/5b132b60-2776-4483-8784-aa6e9b49f2ca",
    "resource": {
      "resourceType": "Organization",
      "id": "5b132b60-2776-4483-8784-aa6e9b49f2ca",
      "meta": {
        "profile": [ "http://hl7.org/fhir/us/qicore/StructureDefinition/qicore-organization" ]
      },
      "identifier": [ {
        "use": "temp",
        "system": "urn:oid:2.16.840.1.113883.4.4",
        "value": "21-3259825"
      } ],
      "active": true,
      "type": [ {
        "coding": [ {
          "system": "http://terminology.hl7.org/CodeSystem/organization-type",
          "code": "pay",
          "display": "Payer"
        } ]
      } ],
      "name": "Blue Cross Blue Shield of Texas",
      "telecom": [ {
        "system": "phone",
        "value": "(+1) 972-766-6900"
      } ],
      "address": [ {
        "use": "billing",
        "type": "postal",
        "line": [ "P.O. Box 660044" ],
        "city": "Dallas",
        "state": "TX",
        "postalCode": "75266-0044",
        "country": "USA"
      } ]
    },
    "request": {
      "method": "PUT",
      "url": "Organization/5b132b60-2776-4483-8784-aa6e9b49f2ca"
    }
  }, {
    "fullUrl": "https://madie.cms.gov/Practitioner/2c15600f-6067-41a1-b343-3ea69137af27",
    "resource": {
      "resourceType": "Practitioner",
      "id": "2c15600f-6067-41a1-b343-3ea69137af27",
      "meta": {
        "profile": [ "http://hl7.org/fhir/us/qicore/StructureDefinition/qicore-practitioner" ]
      },
      "identifier": [ {
        "system": "http://hl7.org/fhir/sid/us-npi",
        "value": "123456"
      } ],
      "name": [ {
        "family": "Evil",
        "prefix": [ "Dr" ]
      } ]
    },
    "request": {
      "method": "PUT",
      "url": "Practitioner/2c15600f-6067-41a1-b343-3ea69137af27"
    }
  }, {
    "fullUrl": "https://madie.cms.gov/MeasureReport/c73b52ed-79a2-4a40-bca2-1b5d1cfd35c8",
    "resource": {
      "resourceType": "MeasureReport",
      "id": "c73b52ed-79a2-4a40-bca2-1b5d1cfd35c8",
      "meta": {
        "profile": [ "http://hl7.org/fhir/us/cqfmeasures/StructureDefinition/test-case-cqfm" ]
      },
      "contained": [ {
        "resourceType": "Parameters",
        "id": "27935446-9c00-4d2d-9305-4ab90b769b90-parameters",
        "parameter": [ {
          "name": "subject",
          "valueString": "03556842-5a83-41e6-8f43-5801d151336b"
        } ]
      } ],
      "extension": [ {
        "url": "http://hl7.org/fhir/StructureDefinition/cqf-inputParameters",
        "valueReference": {
          "reference": "#27935446-9c00-4d2d-9305-4ab90b769b90-parameters"
        }
      }, {
        "url": "http://hl7.org/fhir/us/cqfmeasures/StructureDefinition/cqfm-testCaseDescription",
        "valueMarkdown": "Encounter during MP. status finished. Referral Status Active Intent Order during Referral period.  Consult report obtained after referral date. status received.  Consultant report received after MP. "
      } ],
      "modifierExtension": [ {
        "url": "http://hl7.org/fhir/us/cqfmeasures/StructureDefinition/cqfm-isTestCase",
        "valueBoolean": true
      } ],
      "status": "complete",
      "type": "individual",
      "measure": "https://madie.cms.gov/Measure/CMS50FHIRCRLReceiptofSpecialistReport",
      "period": {
        "start": "2026-01-01",
        "end": "2026-12-31"
      },
      "group": [ {
        "id": "Group_1",
        "population": [ {
          "id": "InitialPopulation_1",
          "code": {
            "coding": [ {
              "system": "http://terminology.hl7.org/CodeSystem/measure-population",
              "code": "initial-population",
              "display": "Initial Population"
            } ]
          },
          "count": 1
        }, {
          "id": "Denominator_1",
          "code": {
            "coding": [ {
              "system": "http://terminology.hl7.org/CodeSystem/measure-population",
              "code": "denominator",
              "display": "Denominator"
            } ]
          },
          "count": 1
        }, {
          "id": "Numerator_1",
          "code": {
            "coding": [ {
              "system": "http://terminology.hl7.org/CodeSystem/measure-population",
              "code": "numerator",
              "display": "Numerator"
            } ]
          },
          "count": 0
        } ],
        "measureScore": {
          "value": 1.0
        }
      } ],
      "evaluatedResource": [ {
        "reference": "Patient/03556842-5a83-41e6-8f43-5801d151336b"
      }, {
        "reference": "Encounter/ce562701-38eb-4ef0-8d5c-ea3497807a8d"
      }, {
        "reference": "Task/11500bbe-7073-4827-9e8b-68efee199118"
      }, {
        "reference": "ServiceRequest/de0c0799-0505-41fb-96fe-f26ba1731877"
      }, {
        "reference": "Coverage/8e1b0124-f957-4f5b-b313-4e423fb47f2f"
      }, {
        "reference": "Organization/5b132b60-2776-4483-8784-aa6e9b49f2ca"
      }, {
        "reference": "Practitioner/2c15600f-6067-41a1-b343-3ea69137af27"
      } ]
    },
    "request": {
      "method": "PUT",
      "url": "MeasureReport/c73b52ed-79a2-4a40-bca2-1b5d1cfd35c8"
    }
  } ]
}