<Measure xmlns="http://hl7.org/fhir">
   <id value="CMS75FHIRChildrenWhoHaveDentalDecayOrCavities"></id>
   <meta>
      <profile value="http://hl7.org/fhir/uv/crmi/StructureDefinition/crmi-shareablemeasure"></profile>
      <profile value="http://hl7.org/fhir/us/cqfmeasures/StructureDefinition/computable-measure-cqfm"></profile>
      <profile value="http://hl7.org/fhir/us/cqfmeasures/StructureDefinition/publishable-measure-cqfm"></profile>
      <profile value="http://hl7.org/fhir/us/cqfmeasures/StructureDefinition/executable-measure-cqfm"></profile>
      <profile value="http://hl7.org/fhir/us/cqfmeasures/StructureDefinition/cql-measure-cqfm"></profile>
      <profile value="http://hl7.org/fhir/us/cqfmeasures/StructureDefinition/elm-measure-cqfm"></profile>
      <profile value="http://hl7.org/fhir/us/cqfmeasures/StructureDefinition/proportion-measure-cqfm"></profile>
   </meta>
   <text>
      <status value="extensions"></status>
      <div xmlns="http://www.w3.org/1999/xhtml" class="col-12"> 
         <table class="narrative-table"> 
            <tbody> 
               <tr> 
                  <th colspan="2" scope="row" class="row-header">Knowledge Artifact Metadata</th> 
               </tr> 
               <tr> 
                  <th colspan="2" scope="row" class="row-header">Measure Metadata</th> 
               </tr> 
               <tr> 
                  <th scope="row" class="row-header">Short Name Identifier</th> 
                  <td class="content-container">CMS75FHIR</td> 
               </tr> 
               <tr> 
                  <th scope="row" class="row-header">Version Independent Identifier</th> 
                  <td class="content-container">urn:uuid:78ac4b65-61d7-45be-88c1-231c922ad656</td> 
               </tr> 
               <tr> 
                  <th scope="row" class="row-header">Version Specific Identifier</th> 
                  <td class="content-container">urn:uuid:5d852d09-9f22-47ac-ae00-e8f3ff3a93a0</td> 
               </tr>  
               <tr> 
                  <th scope="row" class="row-header">Publisher (CMS) Identifier</th> 
                  <td class="content-container">75FHIR</td> 
               </tr> 
               <tr> 
                  <th scope="row" class="row-header">Version Number</th> 
                  <td class="content-container">1.1.000</td> 
               </tr> 
               <tr> 
                  <th scope="row" class="row-header">Rationale</th> 
                  <td class="content-container">Dental caries is the most chronic disease among youth aged 6-19 years. Data from the National Health and Nutrition Examination Survey from 2015-2016 showed that approximately 45.8 percent of children and youth aged 2-19 years had total caries (untreated and treated). Prevalence of total dental caries (untreated and treated) in primary or permanent teeth increases with age, going from 21.4 percent, 50.5 percent, and 53.8 percent among ages 2-5, 6-11, and 12-19, respectively. Total dental caries was highest in Hispanic youths aged 2-19 at 57.1 percent compared to 48.1 percent for non-Hispanic black, 44.6 percent for non-Asian, and 40.4 percent for non-Hispanic white youth. Monitoring prevalence of untreated and total caries is vital to preventing and controlling oral disease (Fleming &amp; Afful, 2018). 

Children who have dental decay or cavities are less likely to be in very good or excellent overall health than children without decay or cavities (Edelstein &amp; Chinn, 2009). Children with decay are also more likely to have other oral health problems such as toothaches, broken teeth, and bleeding gums (Data Resource Center for Child and Adolescent Health, 2007).</td> 
               </tr> 
               <tr> 
                  <th scope="row" class="row-header">Clinical Recommendation Statement</th> 
                  <td class="content-container">The American Academy of Pediatric Dentistry (AAPD) provides clinical recommendations for pediatric oral health assessments and preventative services (AAPD, 2023). The recommendation states that the first clinical oral examination should occur around 12 months of age. The clinical oral exam should be repeated every 6 months or as indicated by the child’s risk status or susceptibility to disease. Further, caries risk assessment must be repeated regularly and frequently to maximize effectiveness.</td> 
               </tr> 
               <tr> 
                  <th scope="row" class="row-header">Guidance</th> 
                  <td class="content-container">This eCQM is a patient-based measure.

Telehealth encounters are not eligible for this measure because the measure does not contain telehealth-eligible codes and requires a clinical action that cannot be conducted via telehealth. This FHIR-based measure has been derived from the QDM-based measure: CMS75v13. 

Please refer to the HL7 QI-Core Implementation Guide (https://hl7.org/fhir/us/qicore/STU4.1.1/) for more information on QI-Core and mapping recommendations from QDM to QI-Core 4.1.1 (https://hl7.org/fhir/us/qicore/STU4.1.1/qdm-to-qicore.html).</td> 
               </tr>  
               <tr> 
                  <th colspan="2" scope="row" class="row-header">Measure Population Criteria (ID: Group_1)</th> 
               </tr>   
               <tr>  
                  <th scope="row" class="row-header">Initial Population</th> 
                  <td class="content-container"> 
                     <em>ID</em>: InitialPopulation_1 
                     <br></br>  
                     <em>Description</em>: 
                     <p style="white-space: pre-line" class="tab-one">Children, 1-20 years of age at the start of the measurement period, with a clinical oral evaluation by a dentist during the measurement period</p>   
                     <em>Logic Definition</em>: 
                     <a href="#cms75fhirchildrenwhohavedentaldecayorcavities-initial-population">Initial Population</a>  
                  </td> 
               </tr>  
               <tr>  
                  <th scope="row" class="row-header">Denominator</th> 
                  <td class="content-container"> 
                     <em>ID</em>: Denominator_1 
                     <br></br>  
                     <em>Description</em>: 
                     <p style="white-space: pre-line" class="tab-one">Equals Initial Population</p>   
                     <em>Logic Definition</em>: 
                     <a href="#cms75fhirchildrenwhohavedentaldecayorcavities-denominator">Denominator</a>  
                  </td> 
               </tr>  
               <tr>  
                  <th scope="row" class="row-header">Denominator Exclusion</th> 
                  <td class="content-container"> 
                     <em>ID</em>: DenominatorExclusion_1 
                     <br></br>  
                     <em>Description</em>: 
                     <p style="white-space: pre-line" class="tab-one">Exclude patients who are in hospice care for any part of the measurement period</p>   
                     <em>Logic Definition</em>: 
                     <a href="#cms75fhirchildrenwhohavedentaldecayorcavities-denominator-exclusions">Denominator Exclusions</a>  
                  </td> 
               </tr>  
               <tr>  
                  <th scope="row" class="row-header">Numerator</th> 
                  <td class="content-container"> 
                     <em>ID</em>: Numerator_1 
                     <br></br>  
                     <em>Description</em>: 
                     <p style="white-space: pre-line" class="tab-one">Children who had a diagnosis of cavities or decayed teeth in any part of the measurement period</p>   
                     <em>Logic Definition</em>: 
                     <a href="#cms75fhirchildrenwhohavedentaldecayorcavities-numerator">Numerator</a>  
                  </td> 
               </tr>   
               <tr> 
                  <th scope="row" class="row-header">Population Basis</th> 
                  <td class="content-container">boolean</td> 
               </tr> 
               <tr> 
                  <th scope="row" class="row-header">Scoring</th> 
                  <td class="content-container">[http://terminology.hl7.org/CodeSystem/measure-scoring#proportion: 'Proportion']</td> 
               </tr> 
               <tr> 
                  <th scope="row" class="row-header">Type</th> 
                  <td class="content-container">[http://terminology.hl7.org/CodeSystem/measure-type#outcome: 'Outcome']</td> 
               </tr> 
               <tr> 
                  <th scope="row" class="row-header">Rate Aggregation</th> 
                  <td class="content-container">None</td> 
               </tr> 
               <tr> 
                  <th scope="row" class="row-header">Improvement Notation</th> 
                  <td class="content-container">[http://terminology.hl7.org/CodeSystem/measure-improvement-notation#increase: 'Increased score indicates improvement']</td> 
               </tr> 
               <tr> 
                  <th colspan="2" scope="row" class="row-header">Measure Logic</th> 
               </tr> 
               <tr> 
                  <th scope="row" class="row-header">Primary Library</th> 
                  <td class="content-container">https://madie.cms.gov/Library/CMS75FHIRChildrenWhoHaveDentalDecayOrCavities</td> 
               </tr>  
               <tr>   
                  <th scope="row" class="row-header">Dependency</th> 
                  <td class="content-container"> 
                     <em>Description</em>: Library QICoreCommon  
                     <br></br>    
                     <em>Resource</em>: https://madie.cms.gov/Library/QICoreCommon|4.0.000 
                     <br></br> 
                     <em>Canonical URL</em>: 
                     <tt>https://madie.cms.gov/Library/QICoreCommon|4.0.000</tt> 
                  </td> 
               </tr> 
               <tr>   
                  <th scope="row" class="row-header">Dependency</th> 
                  <td class="content-container"> 
                     <em>Description</em>: Library Status  
                     <br></br>    
                     <em>Resource</em>: https://madie.cms.gov/Library/Status|1.13.000 
                     <br></br> 
                     <em>Canonical URL</em>: 
                     <tt>https://madie.cms.gov/Library/Status|1.13.000</tt> 
                  </td> 
               </tr> 
               <tr>   
                  <th scope="row" class="row-header">Dependency</th> 
                  <td class="content-container"> 
                     <em>Description</em>: Library FHIRHelpers  
                     <br></br>    
                     <em>Resource</em>: https://madie.cms.gov/Library/FHIRHelpers|4.4.000 
                     <br></br> 
                     <em>Canonical URL</em>: 
                     <tt>https://madie.cms.gov/Library/FHIRHelpers|4.4.000</tt> 
                  </td> 
               </tr> 
               <tr>   
                  <th scope="row" class="row-header">Dependency</th> 
                  <td class="content-container"> 
                     <em>Description</em>: Library Hospice  
                     <br></br>    
                     <em>Resource</em>: https://madie.cms.gov/Library/Hospice|6.15.000 
                     <br></br> 
                     <em>Canonical URL</em>: 
                     <tt>https://madie.cms.gov/Library/Hospice|6.15.000</tt> 
                  </td> 
               </tr> 
               <tr>   
                  <th scope="row" class="row-header">Dependency</th> 
                  <td class="content-container"> 
                     <em>Description</em>: Code system SNOMEDCT  
                     <br></br>    
                     <em>Resource</em>: http://snomed.info/sct 
                     <br></br> 
                     <em>Canonical URL</em>: 
                     <tt>http://snomed.info/sct</tt> 
                  </td> 
               </tr> 
               <tr>   
                  <th scope="row" class="row-header">Dependency</th> 
                  <td class="content-container"> 
                     <em>Description</em>: Code system LOINC  
                     <br></br>    
                     <em>Resource</em>: http://loinc.org 
                     <br></br> 
                     <em>Canonical URL</em>: 
                     <tt>http://loinc.org</tt> 
                  </td> 
               </tr> 
               <tr>   
                  <th scope="row" class="row-header">Dependency</th> 
                  <td class="content-container"> 
                     <em>Description</em>: Value set Dental Caries  
                     <br></br>    
                     <em>Resource</em>: http://cts.nlm.nih.gov/fhir/ValueSet/2.16.840.1.113883.3.464.1003.125.12.1004 
                     <br></br> 
                     <em>Canonical URL</em>: 
                     <tt>http://cts.nlm.nih.gov/fhir/ValueSet/2.16.840.1.113883.3.464.1003.125.12.1004</tt> 
                  </td> 
               </tr> 
               <tr>   
                  <th scope="row" class="row-header">Dependency</th> 
                  <td class="content-container"> 
                     <em>Description</em>: Value set Clinical Oral Evaluation  
                     <br></br>    
                     <em>Resource</em>: http://cts.nlm.nih.gov/fhir/ValueSet/2.16.840.1.113883.3.464.1003.125.12.1003 
                     <br></br> 
                     <em>Canonical URL</em>: 
                     <tt>http://cts.nlm.nih.gov/fhir/ValueSet/2.16.840.1.113883.3.464.1003.125.12.1003</tt> 
                  </td> 
               </tr> 
               <tr>   
                  <th scope="row" class="row-header">Dependency</th> 
                  <td class="content-container"> 
                     <em>Description</em>: Value set Encounter Inpatient  
                     <br></br>    
                     <em>Resource</em>: http://cts.nlm.nih.gov/fhir/ValueSet/2.16.840.1.113883.3.666.5.307 
                     <br></br> 
                     <em>Canonical URL</em>: 
                     <tt>http://cts.nlm.nih.gov/fhir/ValueSet/2.16.840.1.113883.3.666.5.307</tt> 
                  </td> 
               </tr> 
               <tr>   
                  <th scope="row" class="row-header">Dependency</th> 
                  <td class="content-container"> 
                     <em>Description</em>: Value set Hospice Encounter  
                     <br></br>    
                     <em>Resource</em>: http://cts.nlm.nih.gov/fhir/ValueSet/2.16.840.1.113883.3.464.1003.1003 
                     <br></br> 
                     <em>Canonical URL</em>: 
                     <tt>http://cts.nlm.nih.gov/fhir/ValueSet/2.16.840.1.113883.3.464.1003.1003</tt> 
                  </td> 
               </tr> 
               <tr>   
                  <th scope="row" class="row-header">Dependency</th> 
                  <td class="content-container"> 
                     <em>Description</em>: Value set Hospice Care Ambulatory  
                     <br></br>    
                     <em>Resource</em>: http://cts.nlm.nih.gov/fhir/ValueSet/2.16.840.1.113883.3.526.3.1584 
                     <br></br> 
                     <em>Canonical URL</em>: 
                     <tt>http://cts.nlm.nih.gov/fhir/ValueSet/2.16.840.1.113883.3.526.3.1584</tt> 
                  </td> 
               </tr> 
               <tr>   
                  <th scope="row" class="row-header">Dependency</th> 
                  <td class="content-container"> 
                     <em>Description</em>: Value set Hospice Diagnosis  
                     <br></br>    
                     <em>Resource</em>: http://cts.nlm.nih.gov/fhir/ValueSet/2.16.840.1.113883.3.464.1003.1165 
                     <br></br> 
                     <em>Canonical URL</em>: 
                     <tt>http://cts.nlm.nih.gov/fhir/ValueSet/2.16.840.1.113883.3.464.1003.1165</tt> 
                  </td> 
               </tr> 
               <tr> 
                  <th scope="row" class="row-header">Direct Reference Code</th> 
                  <td class="content-container"> 
                     <em>Display</em>: Discharge to home for hospice care (procedure) 
                     <br></br> 
                     <em>Code</em>: 428361000124107 
                     <br></br> 
                     <em>System</em>: 
                     <tt>http://snomed.info/sct</tt> 
                  </td> 
               </tr> 
               <tr> 
                  <th scope="row" class="row-header">Direct Reference Code</th> 
                  <td class="content-container"> 
                     <em>Display</em>: Discharge to healthcare facility for hospice care (procedure) 
                     <br></br> 
                     <em>Code</em>: 428371000124100 
                     <br></br> 
                     <em>System</em>: 
                     <tt>http://snomed.info/sct</tt> 
                  </td> 
               </tr> 
               <tr> 
                  <th scope="row" class="row-header">Direct Reference Code</th> 
                  <td class="content-container"> 
                     <em>Display</em>: Hospice care [Minimum Data Set] 
                     <br></br> 
                     <em>Code</em>: 45755-6 
                     <br></br> 
                     <em>System</em>: 
                     <tt>http://loinc.org</tt> 
                  </td> 
               </tr> 
               <tr> 
                  <th scope="row" class="row-header">Direct Reference Code</th> 
                  <td class="content-container"> 
                     <em>Display</em>: Yes (qualifier value) 
                     <br></br> 
                     <em>Code</em>: 373066001 
                     <br></br> 
                     <em>System</em>: 
                     <tt>http://snomed.info/sct</tt> 
                  </td> 
               </tr> 
               <tr> 
                  <th scope="row" class="row-header">Parameter</th> 
                  <td class="content-container"> 
                     <em>Name</em>: Measurement Period 
                     <br></br> 
                     <em>Use</em>: in 
                     <br></br> 
                     <em>Min Cardinality</em>: 0 
                     <br></br> 
                     <em>Max Cardinality</em>: 1 
                     <br></br> 
                     <em>Type</em>: Period 
                  </td> 
               </tr> 
               <tr> 
                  <th scope="row" class="row-header">Parameter</th> 
                  <td class="content-container"> 
                     <em>Name</em>: Numerator 
                     <br></br> 
                     <em>Use</em>: out 
                     <br></br> 
                     <em>Min Cardinality</em>: 0 
                     <br></br> 
                     <em>Max Cardinality</em>: 1 
                     <br></br> 
                     <em>Type</em>: boolean 
                  </td> 
               </tr> 
               <tr> 
                  <th scope="row" class="row-header">Parameter</th> 
                  <td class="content-container"> 
                     <em>Name</em>: Denominator 
                     <br></br> 
                     <em>Use</em>: out 
                     <br></br> 
                     <em>Min Cardinality</em>: 0 
                     <br></br> 
                     <em>Max Cardinality</em>: 1 
                     <br></br> 
                     <em>Type</em>: boolean 
                  </td> 
               </tr> 
               <tr> 
                  <th scope="row" class="row-header">Parameter</th> 
                  <td class="content-container"> 
                     <em>Name</em>: Initial Population 
                     <br></br> 
                     <em>Use</em>: out 
                     <br></br> 
                     <em>Min Cardinality</em>: 0 
                     <br></br> 
                     <em>Max Cardinality</em>: 1 
                     <br></br> 
                     <em>Type</em>: boolean 
                  </td> 
               </tr> 
               <tr> 
                  <th scope="row" class="row-header">Parameter</th> 
                  <td class="content-container"> 
                     <em>Name</em>: Denominator Exclusions 
                     <br></br> 
                     <em>Use</em>: out 
                     <br></br> 
                     <em>Min Cardinality</em>: 0 
                     <br></br> 
                     <em>Max Cardinality</em>: 1 
                     <br></br> 
                     <em>Type</em>: boolean 
                  </td> 
               </tr>  
               <tr> 
                  <th colspan="2" scope="row" class="section-header">
                     <a name="effective-data-requirements"> </a>Measure Logic Data Requirements
                  </th> 
               </tr>  
               <tr> 
                  <th scope="row" class="row-header">Data Requirement</th> 
                  <td class="content-container"> 
                     <em>Type</em>: Condition 
                     <br></br> 
                     <em>Profile(s)</em>:  http://hl7.org/fhir/us/qicore/StructureDefinition/qicore-condition-problems-health-concerns 
                     <br></br>   
                     <em>Must Support Elements</em>: code 
                     <br></br>  
                     <em>Code Filter(s)</em>: 
                     <br></br>  
                     <span class="tab-one">
                        <em>Path</em>: code
                     </span> 
                     <br></br>  
                     <span class="tab-one">
                        <em>ValueSet</em>:
                     </span> http://cts.nlm.nih.gov/fhir/ValueSet/2.16.840.1.113883.3.464.1003.125.12.1004 
                     <br></br>   
                  </td> 
               </tr> 
               <tr> 
                  <th scope="row" class="row-header">Data Requirement</th> 
                  <td class="content-container"> 
                     <em>Type</em>: Condition 
                     <br></br> 
                     <em>Profile(s)</em>:  http://hl7.org/fhir/us/qicore/StructureDefinition/qicore-condition-problems-health-concerns 
                     <br></br>   
                     <em>Must Support Elements</em>: code 
                     <br></br>  
                     <em>Code Filter(s)</em>: 
                     <br></br>  
                     <span class="tab-one">
                        <em>Path</em>: code
                     </span> 
                     <br></br>  
                     <span class="tab-one">
                        <em>ValueSet</em>:
                     </span> http://cts.nlm.nih.gov/fhir/ValueSet/2.16.840.1.113883.3.464.1003.1165 
                     <br></br>   
                  </td> 
               </tr> 
               <tr> 
                  <th scope="row" class="row-header">Data Requirement</th> 
                  <td class="content-container"> 
                     <em>Type</em>: Condition 
                     <br></br> 
                     <em>Profile(s)</em>:  http://hl7.org/fhir/us/qicore/StructureDefinition/qicore-condition-encounter-diagnosis 
                     <br></br>   
                     <em>Must Support Elements</em>: code 
                     <br></br>  
                     <em>Code Filter(s)</em>: 
                     <br></br>  
                     <span class="tab-one">
                        <em>Path</em>: code
                     </span> 
                     <br></br>  
                     <span class="tab-one">
                        <em>ValueSet</em>:
                     </span> http://cts.nlm.nih.gov/fhir/ValueSet/2.16.840.1.113883.3.464.1003.125.12.1004 
                     <br></br>   
                  </td> 
               </tr> 
               <tr> 
                  <th scope="row" class="row-header">Data Requirement</th> 
                  <td class="content-container"> 
                     <em>Type</em>: Condition 
                     <br></br> 
                     <em>Profile(s)</em>:  http://hl7.org/fhir/us/qicore/StructureDefinition/qicore-condition-encounter-diagnosis 
                     <br></br>   
                     <em>Must Support Elements</em>: code 
                     <br></br>  
                     <em>Code Filter(s)</em>: 
                     <br></br>  
                     <span class="tab-one">
                        <em>Path</em>: code
                     </span> 
                     <br></br>  
                     <span class="tab-one">
                        <em>ValueSet</em>:
                     </span> http://cts.nlm.nih.gov/fhir/ValueSet/2.16.840.1.113883.3.464.1003.1165 
                     <br></br>   
                  </td> 
               </tr> 
               <tr> 
                  <th scope="row" class="row-header">Data Requirement</th> 
                  <td class="content-container"> 
                     <em>Type</em>: Patient 
                     <br></br> 
                     <em>Profile(s)</em>:  http://hl7.org/fhir/us/qicore/StructureDefinition/qicore-patient 
                     <br></br>   
                     <em>Must Support Elements</em>: birthDate, birthDate.value 
                     <br></br>  
                  </td> 
               </tr> 
               <tr> 
                  <th scope="row" class="row-header">Data Requirement</th> 
                  <td class="content-container"> 
                     <em>Type</em>: Encounter 
                     <br></br> 
                     <em>Profile(s)</em>:  http://hl7.org/fhir/us/qicore/StructureDefinition/qicore-encounter 
                     <br></br>   
                     <em>Must Support Elements</em>: type, period, status, status.value 
                     <br></br>  
                     <em>Code Filter(s)</em>: 
                     <br></br>  
                     <span class="tab-one">
                        <em>Path</em>: type
                     </span> 
                     <br></br>  
                     <span class="tab-one">
                        <em>ValueSet</em>:
                     </span> http://cts.nlm.nih.gov/fhir/ValueSet/2.16.840.1.113883.3.464.1003.125.12.1003 
                     <br></br>   
                  </td> 
               </tr> 
               <tr> 
                  <th scope="row" class="row-header">Data Requirement</th> 
                  <td class="content-container"> 
                     <em>Type</em>: Encounter 
                     <br></br> 
                     <em>Profile(s)</em>:  http://hl7.org/fhir/us/qicore/StructureDefinition/qicore-encounter 
                     <br></br>   
                     <em>Must Support Elements</em>: type, hospitalization, hospitalization.dischargeDisposition, period, status, status.value 
                     <br></br>  
                     <em>Code Filter(s)</em>: 
                     <br></br>  
                     <span class="tab-one">
                        <em>Path</em>: type
                     </span> 
                     <br></br>  
                     <span class="tab-one">
                        <em>ValueSet</em>:
                     </span> http://cts.nlm.nih.gov/fhir/ValueSet/2.16.840.1.113883.3.666.5.307 
                     <br></br>   
                  </td> 
               </tr> 
               <tr> 
                  <th scope="row" class="row-header">Data Requirement</th> 
                  <td class="content-container"> 
                     <em>Type</em>: Encounter 
                     <br></br> 
                     <em>Profile(s)</em>:  http://hl7.org/fhir/us/qicore/StructureDefinition/qicore-encounter 
                     <br></br>   
                     <em>Must Support Elements</em>: type, period, status, status.value 
                     <br></br>  
                     <em>Code Filter(s)</em>: 
                     <br></br>  
                     <span class="tab-one">
                        <em>Path</em>: type
                     </span> 
                     <br></br>  
                     <span class="tab-one">
                        <em>ValueSet</em>:
                     </span> http://cts.nlm.nih.gov/fhir/ValueSet/2.16.840.1.113883.3.464.1003.1003 
                     <br></br>   
                  </td> 
               </tr> 
               <tr> 
                  <th scope="row" class="row-header">Data Requirement</th> 
                  <td class="content-container"> 
                     <em>Type</em>: Observation 
                     <br></br> 
                     <em>Profile(s)</em>:  http://hl7.org/fhir/us/qicore/StructureDefinition/qicore-observation-screening-assessment 
                     <br></br>   
                     <em>Must Support Elements</em>: code, value, effective, status, status.value 
                     <br></br>  
                     <em>Code Filter(s)</em>: 
                     <br></br>  
                     <span class="tab-one">
                        <em>Path</em>: code
                     </span> 
                     <br></br>   
                     <span class="tab-one">
                        <em>Code</em>: 
                     </span> 
                     <br></br>  
                  </td> 
               </tr> 
               <tr> 
                  <th scope="row" class="row-header">Data Requirement</th> 
                  <td class="content-container"> 
                     <em>Type</em>: ServiceRequest 
                     <br></br> 
                     <em>Profile(s)</em>:  http://hl7.org/fhir/us/qicore/StructureDefinition/qicore-servicerequest 
                     <br></br>   
                     <em>Must Support Elements</em>: code, authoredOn, authoredOn.value, status, status.value, intent, intent.value 
                     <br></br>  
                     <em>Code Filter(s)</em>: 
                     <br></br>  
                     <span class="tab-one">
                        <em>Path</em>: code
                     </span> 
                     <br></br>  
                     <span class="tab-one">
                        <em>ValueSet</em>:
                     </span> http://cts.nlm.nih.gov/fhir/ValueSet/2.16.840.1.113883.3.526.3.1584 
                     <br></br>   
                  </td> 
               </tr> 
               <tr> 
                  <th scope="row" class="row-header">Data Requirement</th> 
                  <td class="content-container"> 
                     <em>Type</em>: Procedure 
                     <br></br> 
                     <em>Profile(s)</em>:  http://hl7.org/fhir/us/qicore/StructureDefinition/qicore-procedure 
                     <br></br>   
                     <em>Must Support Elements</em>: code, performed, status, status.value 
                     <br></br>  
                     <em>Code Filter(s)</em>: 
                     <br></br>  
                     <span class="tab-one">
                        <em>Path</em>: code
                     </span> 
                     <br></br>  
                     <span class="tab-one">
                        <em>ValueSet</em>:
                     </span> http://cts.nlm.nih.gov/fhir/ValueSet/2.16.840.1.113883.3.526.3.1584 
                     <br></br>   
                  </td> 
               </tr> 
               <tr> 
                  <th colspan="2" scope="row" class="row-header">Measure Logic Definitions</th> 
               </tr>  
               <tr> 
                  <th scope="row" rowspan="2" class="row-header">  
                     <a name="cms75fhirchildrenwhohavedentaldecayorcavities-numerator"> </a> Logic Definition 
                  </th> 
                  <td class="content-container">
                     <em>Library Name:</em> CMS75FHIRChildrenWhoHaveDentalDecayOrCavities
                  </td> 
               </tr> 
               <tr> 
                  <td> 
                     <pre style="border: none;" class="content-container highlight language-cql"><code class="language-cql">define "Numerator":
  exists ( [ConditionProblemsHealthConcerns: "Dental Caries"]
    union [ConditionEncounterDiagnosis: "Dental Caries"] ) DentalCaries
    where DentalCaries.prevalenceInterval ( ) overlaps "Measurement Period"</code></pre> 
                  </td> 
               </tr> 
               <tr> 
                  <th scope="row" rowspan="2" class="row-header">  
                     <a name="cms75fhirchildrenwhohavedentaldecayorcavities-qualifying-encounters"> </a> Logic Definition 
                  </th> 
                  <td class="content-container">
                     <em>Library Name:</em> CMS75FHIRChildrenWhoHaveDentalDecayOrCavities
                  </td> 
               </tr> 
               <tr> 
                  <td> 
                     <pre style="border: none;" class="content-container highlight language-cql"><code class="language-cql">define "Qualifying Encounters":
  ( ( [Encounter: "Clinical Oral Evaluation"] ).isEncounterPerformed ( ) ) ValidEncounter
    where ValidEncounter.period.toInterval ( ) during day of "Measurement Period"</code></pre> 
                  </td> 
               </tr> 
               <tr> 
                  <th scope="row" rowspan="2" class="row-header">  
                     <a name="cms75fhirchildrenwhohavedentaldecayorcavities-initial-population"> </a> Logic Definition 
                  </th> 
                  <td class="content-container">
                     <em>Library Name:</em> CMS75FHIRChildrenWhoHaveDentalDecayOrCavities
                  </td> 
               </tr> 
               <tr> 
                  <td> 
                     <pre style="border: none;" class="content-container highlight language-cql"><code class="language-cql">define "Initial Population":
  AgeInYearsAt(date from start of "Measurement Period") in Interval[1, 20]
    and exists ( "Qualifying Encounters" )</code></pre> 
                  </td> 
               </tr> 
               <tr> 
                  <th scope="row" rowspan="2" class="row-header">  
                     <a name="cms75fhirchildrenwhohavedentaldecayorcavities-denominator"> </a> Logic Definition 
                  </th> 
                  <td class="content-container">
                     <em>Library Name:</em> CMS75FHIRChildrenWhoHaveDentalDecayOrCavities
                  </td> 
               </tr> 
               <tr> 
                  <td> 
                     <pre style="border: none;" class="content-container highlight language-cql"><code class="language-cql">define "Denominator":
  "Initial Population"</code></pre> 
                  </td> 
               </tr> 
               <tr> 
                  <th scope="row" rowspan="2" class="row-header">  
                     <a name="hospice-has-hospice-services"> </a> Logic Definition 
                  </th> 
                  <td class="content-container">
                     <em>Library Name:</em> Hospice
                  </td> 
               </tr> 
               <tr> 
                  <td> 
                     <pre style="border: none;" class="content-container highlight language-cql"><code class="language-cql">define "Has Hospice Services":
  exists ((([Encounter: "Encounter Inpatient"]).isEncounterPerformed()) InpatientEncounter
      where (InpatientEncounter.hospitalization.dischargeDisposition ~ "Discharge to home for hospice care (procedure)"
          or InpatientEncounter.hospitalization.dischargeDisposition ~ "Discharge to healthcare facility for hospice care (procedure)"
      )
        and InpatientEncounter.period.toInterval() ends during day of "Measurement Period"
  )
    or exists ((([Encounter: "Hospice Encounter"]).isEncounterPerformed()) HospiceEncounter
        where HospiceEncounter.period.toInterval() overlaps day of "Measurement Period"
    )
    or exists ((([ObservationScreeningAssessment: "Hospice care [Minimum Data Set]"]).isAssessmentPerformed()) HospiceAssessment
        where HospiceAssessment.value ~ "Yes (qualifier value)"
          and HospiceAssessment.effective.toInterval() overlaps day of "Measurement Period"
    )
    or exists ((([ServiceRequest: "Hospice Care Ambulatory"]).isInterventionOrder()) HospiceOrder
        where HospiceOrder.authoredOn.toInterval() during day of "Measurement Period"
    )
    or exists ((([Procedure: "Hospice Care Ambulatory"]).isInterventionPerformed()) HospicePerformed
        where HospicePerformed.performed.toInterval() overlaps day of "Measurement Period"
    )
    or exists ((([ConditionProblemsHealthConcerns: "Hospice Diagnosis"])
        union ([ConditionEncounterDiagnosis: "Hospice Diagnosis"])) HospiceCareDiagnosis
        where HospiceCareDiagnosis.prevalenceInterval() overlaps day of "Measurement Period"
    )</code></pre> 
                  </td> 
               </tr> 
               <tr> 
                  <th scope="row" rowspan="2" class="row-header">  
                     <a name="cms75fhirchildrenwhohavedentaldecayorcavities-denominator-exclusions"> </a> Logic Definition 
                  </th> 
                  <td class="content-container">
                     <em>Library Name:</em> CMS75FHIRChildrenWhoHaveDentalDecayOrCavities
                  </td> 
               </tr> 
               <tr> 
                  <td> 
                     <pre style="border: none;" class="content-container highlight language-cql"><code class="language-cql">define "Denominator Exclusions":
  Hospice."Has Hospice Services"</code></pre> 
                  </td> 
               </tr> 
               <tr> 
                  <th scope="row" rowspan="2" class="row-header">  
                     <a name="status-isencounterperformed"> </a> Logic Definition 
                  </th> 
                  <td class="content-container">
                     <em>Library Name:</em> Status
                  </td> 
               </tr> 
               <tr> 
                  <td> 
                     <pre style="border: none;" class="content-container highlight language-cql"><code class="language-cql">//Encounter, Performed
//General usage unless required otherwise by measure intent (e.g., follow-up encounters)
define fluent function isEncounterPerformed(Enc List&lt;Encounter&gt;):
  Enc E
    where E.status in {'finished', 'arrived', 'triaged', 'in-progress', 'onleave'}</code></pre> 
                  </td> 
               </tr> 
               <tr> 
                  <th scope="row" rowspan="2" class="row-header">  
                     <a name="qicorecommon-tointerval"> </a> Logic Definition 
                  </th> 
                  <td class="content-container">
                     <em>Library Name:</em> QICoreCommon
                  </td> 
               </tr> 
               <tr> 
                  <td> 
                     <pre style="border: none;" class="content-container highlight language-cql"><code class="language-cql">/*
@description: Normalizes a value that is a choice of timing-valued types to an equivalent interval
@comment: Normalizes a choice type of DateTime, Quanitty, Interval&lt;DateTime&gt;, or Interval&lt;Quantity&gt; types
to an equivalent interval. This selection of choice types is a superset of the majority of choice types that are used as possible
representations for timing-valued elements in QICore, allowing this function to be used across any resource.
The input can be provided as a DateTime, Quantity, Interval&lt;DateTime&gt; or Interval&lt;Quantity&gt;.
The intent of this function is to provide a clear and concise mechanism to treat single
elements that have multiple possible representations as intervals so that logic doesn't have to account
for the variability. More complex calculations (such as medication request period or dispense period
calculation) need specific guidance and consideration. That guidance may make use of this function, but
the focus of this function is on single element calculations where the semantics are unambiguous.
If the input is a DateTime, the result a DateTime Interval beginning and ending on that DateTime.
If the input is a Quantity, the quantity is expected to be a calendar-duration interpreted as an Age,
and the result is a DateTime Interval beginning on the Date the patient turned that age and ending immediately before one year later.
If the input is a DateTime Interval, the result is the input.
If the input is a Quantity Interval, the quantities are expected to be calendar-durations interpreted as an Age, and the result
is a DateTime Interval beginning on the date the patient turned the age given as the start of the quantity interval, and ending
immediately before one year later than the date the patient turned the age given as the end of the quantity interval.
If the input is a Timing, an error will be thrown indicating that Timing calculations are not implemented. Any other input will reslt in a null DateTime Interval
*/
define fluent function toInterval(choice Choice&lt;DateTime, Quantity, Interval&lt;DateTime&gt;, Interval&lt;Quantity&gt;, Timing&gt;):
  case
	  when choice is DateTime then
    	Interval[choice as DateTime, choice as DateTime]
		when choice is Interval&lt;DateTime&gt; then
  		choice as Interval&lt;DateTime&gt;
		when choice is Quantity then
		  Interval[Patient.birthDate + (choice as Quantity),
			  Patient.birthDate + (choice as Quantity) + 1 year)
		when choice is Interval&lt;Quantity&gt; then
		  Interval[Patient.birthDate + (choice.low as Quantity),
			  Patient.birthDate + (choice.high as Quantity) + 1 year)
		when choice is Timing then
      Message(null, true, 'NOT_IMPLEMENTED', 'Error', 'Calculation of an interval from a Timing value is not supported') as Interval&lt;DateTime&gt;
		else
			null as Interval&lt;DateTime&gt;
	end</code></pre> 
                  </td> 
               </tr> 
               <tr> 
                  <th scope="row" rowspan="2" class="row-header">  
                     <a name="fhirhelpers-tointerval"> </a> Logic Definition 
                  </th> 
                  <td class="content-container">
                     <em>Library Name:</em> FHIRHelpers
                  </td> 
               </tr> 
               <tr> 
                  <td> 
                     <pre style="border: none;" class="content-container highlight language-cql"><code class="language-cql">/*
@description: Converts the given [Period](https://hl7.org/fhir/datatypes.html#Period)
value to a CQL DateTime Interval
@comment: If the start value of the given period is unspecified, the starting
boundary of the resulting interval will be open (meaning the start of the interval
is unknown, as opposed to interpreted as the beginning of time).
*/
define function ToInterval(period FHIR.Period):
    if period is null then
        null
    else
        if period."start" is null then
            Interval(period."start".value, period."end".value]
        else
            Interval[period."start".value, period."end".value]</code></pre> 
                  </td> 
               </tr> 
               <tr> 
                  <th scope="row" rowspan="2" class="row-header">  
                     <a name="status-isassessmentperformed"> </a> Logic Definition 
                  </th> 
                  <td class="content-container">
                     <em>Library Name:</em> Status
                  </td> 
               </tr> 
               <tr> 
                  <td> 
                     <pre style="border: none;" class="content-container highlight language-cql"><code class="language-cql">//This library contains functions used to constrain FHIR resource elements for measures authored by NCQA, based on QICore 6.0.0 resources including IG and authoring patterns. The functions may appear similar to some QICoreCommon functions but differ in that they have constraints that are relevant for measures authored by NCQA.

//Assessment, Performed
define fluent function isAssessmentPerformed(Obs List&lt;ObservationScreeningAssessment&gt;):
  Obs O
    where O.status in { 'final', 'amended', 'corrected' }</code></pre> 
                  </td> 
               </tr> 
               <tr> 
                  <th scope="row" rowspan="2" class="row-header">  
                     <a name="status-isinterventionorder"> </a> Logic Definition 
                  </th> 
                  <td class="content-container">
                     <em>Library Name:</em> Status
                  </td> 
               </tr> 
               <tr> 
                  <td> 
                     <pre style="border: none;" class="content-container highlight language-cql"><code class="language-cql">//Intervention, Order
define fluent function isInterventionOrder(ServiceRequest List&lt;ServiceRequest&gt;):
  ServiceRequest S
    where S.status in { 'active', 'completed' }
      and S.intent = 'order'</code></pre> 
                  </td> 
               </tr> 
               <tr> 
                  <th scope="row" rowspan="2" class="row-header">  
                     <a name="status-isinterventionperformed"> </a> Logic Definition 
                  </th> 
                  <td class="content-container">
                     <em>Library Name:</em> Status
                  </td> 
               </tr> 
               <tr> 
                  <td> 
                     <pre style="border: none;" class="content-container highlight language-cql"><code class="language-cql">//Intervention, Performed
define fluent function isInterventionPerformed(Proc List&lt;Procedure&gt;):
  Proc P
    where P.status ~ 'completed'</code></pre> 
                  </td> 
               </tr> 
               <tr> 
                  <th colspan="2" scope="row" class="row-header">Generated using version 0.4.6 of the sample-content-ig Liquid templates</th> 
               </tr> 
            </tbody> 
         </table> 
      </div>
   </text>
   <contained>
      <Library xmlns="http://hl7.org/fhir">
         <id value="effective-data-requirements"></id>
         <extension url="http://hl7.org/fhir/us/cqfmeasures/StructureDefinition/cqfm-directReferenceCode">
            <valueCoding>
               <system value="http://snomed.info/sct"></system>
               <code value="428361000124107"></code>
               <display value="Discharge to home for hospice care (procedure)"></display>
            </valueCoding>
         </extension>
         <extension url="http://hl7.org/fhir/us/cqfmeasures/StructureDefinition/cqfm-directReferenceCode">
            <valueCoding>
               <system value="http://snomed.info/sct"></system>
               <code value="428371000124100"></code>
               <display value="Discharge to healthcare facility for hospice care (procedure)"></display>
            </valueCoding>
         </extension>
         <extension url="http://hl7.org/fhir/us/cqfmeasures/StructureDefinition/cqfm-directReferenceCode">
            <valueCoding>
               <system value="http://loinc.org"></system>
               <code value="45755-6"></code>
               <display value="Hospice care [Minimum Data Set]"></display>
            </valueCoding>
         </extension>
         <extension url="http://hl7.org/fhir/us/cqfmeasures/StructureDefinition/cqfm-directReferenceCode">
            <valueCoding>
               <system value="http://snomed.info/sct"></system>
               <code value="373066001"></code>
               <display value="Yes (qualifier value)"></display>
            </valueCoding>
         </extension>
         <extension url="http://hl7.org/fhir/StructureDefinition/cqf-logicDefinition">
            <extension url="libraryName">
               <valueString value="CMS75FHIRChildrenWhoHaveDentalDecayOrCavities"></valueString>
            </extension>
            <extension url="name">
               <valueString value="Numerator"></valueString>
            </extension>
            <extension url="statement">
               <valueString value="define &amp;quot;Numerator&amp;quot;:
  exists ( [ConditionProblemsHealthConcerns: &amp;quot;Dental Caries&amp;quot;]
    union [ConditionEncounterDiagnosis: &amp;quot;Dental Caries&amp;quot;] ) DentalCaries
    where DentalCaries.prevalenceInterval ( ) overlaps &amp;quot;Measurement Period&amp;quot;"></valueString>
            </extension>
            <extension url="displaySequence">
               <valueInteger value="0"></valueInteger>
            </extension>
         </extension>
         <extension url="http://hl7.org/fhir/StructureDefinition/cqf-logicDefinition">
            <extension url="libraryName">
               <valueString value="CMS75FHIRChildrenWhoHaveDentalDecayOrCavities"></valueString>
            </extension>
            <extension url="name">
               <valueString value="Qualifying Encounters"></valueString>
            </extension>
            <extension url="statement">
               <valueString value="define &amp;quot;Qualifying Encounters&amp;quot;:
  ( ( [Encounter: &amp;quot;Clinical Oral Evaluation&amp;quot;] ).isEncounterPerformed ( ) ) ValidEncounter
    where ValidEncounter.period.toInterval ( ) during day of &amp;quot;Measurement Period&amp;quot;"></valueString>
            </extension>
            <extension url="displaySequence">
               <valueInteger value="1"></valueInteger>
            </extension>
         </extension>
         <extension url="http://hl7.org/fhir/StructureDefinition/cqf-logicDefinition">
            <extension url="libraryName">
               <valueString value="CMS75FHIRChildrenWhoHaveDentalDecayOrCavities"></valueString>
            </extension>
            <extension url="name">
               <valueString value="Initial Population"></valueString>
            </extension>
            <extension url="statement">
               <valueString value="define &amp;quot;Initial Population&amp;quot;:
  AgeInYearsAt(date from start of &amp;quot;Measurement Period&amp;quot;) in Interval[1, 20]
    and exists ( &amp;quot;Qualifying Encounters&amp;quot; )"></valueString>
            </extension>
            <extension url="displaySequence">
               <valueInteger value="2"></valueInteger>
            </extension>
         </extension>
         <extension url="http://hl7.org/fhir/StructureDefinition/cqf-logicDefinition">
            <extension url="libraryName">
               <valueString value="CMS75FHIRChildrenWhoHaveDentalDecayOrCavities"></valueString>
            </extension>
            <extension url="name">
               <valueString value="Denominator"></valueString>
            </extension>
            <extension url="statement">
               <valueString value="define &amp;quot;Denominator&amp;quot;:
  &amp;quot;Initial Population&amp;quot;"></valueString>
            </extension>
            <extension url="displaySequence">
               <valueInteger value="3"></valueInteger>
            </extension>
         </extension>
         <extension url="http://hl7.org/fhir/StructureDefinition/cqf-logicDefinition">
            <extension url="libraryName">
               <valueString value="Hospice"></valueString>
            </extension>
            <extension url="name">
               <valueString value="Has Hospice Services"></valueString>
            </extension>
            <extension url="statement">
               <valueString value="define &amp;quot;Has Hospice Services&amp;quot;:
  exists ((([Encounter: &amp;quot;Encounter Inpatient&amp;quot;]).isEncounterPerformed()) InpatientEncounter
      where (InpatientEncounter.hospitalization.dischargeDisposition ~ &amp;quot;Discharge to home for hospice care (procedure)&amp;quot;
          or InpatientEncounter.hospitalization.dischargeDisposition ~ &amp;quot;Discharge to healthcare facility for hospice care (procedure)&amp;quot;
      )
        and InpatientEncounter.period.toInterval() ends during day of &amp;quot;Measurement Period&amp;quot;
  )
    or exists ((([Encounter: &amp;quot;Hospice Encounter&amp;quot;]).isEncounterPerformed()) HospiceEncounter
        where HospiceEncounter.period.toInterval() overlaps day of &amp;quot;Measurement Period&amp;quot;
    )
    or exists ((([ObservationScreeningAssessment: &amp;quot;Hospice care [Minimum Data Set]&amp;quot;]).isAssessmentPerformed()) HospiceAssessment
        where HospiceAssessment.value ~ &amp;quot;Yes (qualifier value)&amp;quot;
          and HospiceAssessment.effective.toInterval() overlaps day of &amp;quot;Measurement Period&amp;quot;
    )
    or exists ((([ServiceRequest: &amp;quot;Hospice Care Ambulatory&amp;quot;]).isInterventionOrder()) HospiceOrder
        where HospiceOrder.authoredOn.toInterval() during day of &amp;quot;Measurement Period&amp;quot;
    )
    or exists ((([Procedure: &amp;quot;Hospice Care Ambulatory&amp;quot;]).isInterventionPerformed()) HospicePerformed
        where HospicePerformed.performed.toInterval() overlaps day of &amp;quot;Measurement Period&amp;quot;
    )
    or exists ((([ConditionProblemsHealthConcerns: &amp;quot;Hospice Diagnosis&amp;quot;])
        union ([ConditionEncounterDiagnosis: &amp;quot;Hospice Diagnosis&amp;quot;])) HospiceCareDiagnosis
        where HospiceCareDiagnosis.prevalenceInterval() overlaps day of &amp;quot;Measurement Period&amp;quot;
    )"></valueString>
            </extension>
            <extension url="displaySequence">
               <valueInteger value="4"></valueInteger>
            </extension>
         </extension>
         <extension url="http://hl7.org/fhir/StructureDefinition/cqf-logicDefinition">
            <extension url="libraryName">
               <valueString value="CMS75FHIRChildrenWhoHaveDentalDecayOrCavities"></valueString>
            </extension>
            <extension url="name">
               <valueString value="Denominator Exclusions"></valueString>
            </extension>
            <extension url="statement">
               <valueString value="define &amp;quot;Denominator Exclusions&amp;quot;:
  Hospice.&amp;quot;Has Hospice Services&amp;quot;"></valueString>
            </extension>
            <extension url="displaySequence">
               <valueInteger value="5"></valueInteger>
            </extension>
         </extension>
         <extension url="http://hl7.org/fhir/StructureDefinition/cqf-logicDefinition">
            <extension url="libraryName">
               <valueString value="Status"></valueString>
            </extension>
            <extension url="name">
               <valueString value="isEncounterPerformed"></valueString>
            </extension>
            <extension url="statement">
               <valueString value="//Encounter, Performed
//General usage unless required otherwise by measure intent (e.g., follow-up encounters)
define fluent function isEncounterPerformed(Enc List&amp;lt;Encounter&amp;gt;):
  Enc E
    where E.status in {&amp;#39;finished&amp;#39;, &amp;#39;arrived&amp;#39;, &amp;#39;triaged&amp;#39;, &amp;#39;in-progress&amp;#39;, &amp;#39;onleave&amp;#39;}"></valueString>
            </extension>
            <extension url="displaySequence">
               <valueInteger value="6"></valueInteger>
            </extension>
         </extension>
         <extension url="http://hl7.org/fhir/StructureDefinition/cqf-logicDefinition">
            <extension url="libraryName">
               <valueString value="QICoreCommon"></valueString>
            </extension>
            <extension url="name">
               <valueString value="toInterval"></valueString>
            </extension>
            <extension url="statement">
               <valueString value="/*
@description: Normalizes a value that is a choice of timing-valued types to an equivalent interval
@comment: Normalizes a choice type of DateTime, Quanitty, Interval&amp;lt;DateTime&amp;gt;, or Interval&amp;lt;Quantity&amp;gt; types
to an equivalent interval. This selection of choice types is a superset of the majority of choice types that are used as possible
representations for timing-valued elements in QICore, allowing this function to be used across any resource.
The input can be provided as a DateTime, Quantity, Interval&amp;lt;DateTime&amp;gt; or Interval&amp;lt;Quantity&amp;gt;.
The intent of this function is to provide a clear and concise mechanism to treat single
elements that have multiple possible representations as intervals so that logic doesn&amp;#39;t have to account
for the variability. More complex calculations (such as medication request period or dispense period
calculation) need specific guidance and consideration. That guidance may make use of this function, but
the focus of this function is on single element calculations where the semantics are unambiguous.
If the input is a DateTime, the result a DateTime Interval beginning and ending on that DateTime.
If the input is a Quantity, the quantity is expected to be a calendar-duration interpreted as an Age,
and the result is a DateTime Interval beginning on the Date the patient turned that age and ending immediately before one year later.
If the input is a DateTime Interval, the result is the input.
If the input is a Quantity Interval, the quantities are expected to be calendar-durations interpreted as an Age, and the result
is a DateTime Interval beginning on the date the patient turned the age given as the start of the quantity interval, and ending
immediately before one year later than the date the patient turned the age given as the end of the quantity interval.
If the input is a Timing, an error will be thrown indicating that Timing calculations are not implemented. Any other input will reslt in a null DateTime Interval
*/
define fluent function toInterval(choice Choice&amp;lt;DateTime, Quantity, Interval&amp;lt;DateTime&amp;gt;, Interval&amp;lt;Quantity&amp;gt;, Timing&amp;gt;):
  case
	  when choice is DateTime then
    	Interval[choice as DateTime, choice as DateTime]
		when choice is Interval&amp;lt;DateTime&amp;gt; then
  		choice as Interval&amp;lt;DateTime&amp;gt;
		when choice is Quantity then
		  Interval[Patient.birthDate + (choice as Quantity),
			  Patient.birthDate + (choice as Quantity) + 1 year)
		when choice is Interval&amp;lt;Quantity&amp;gt; then
		  Interval[Patient.birthDate + (choice.low as Quantity),
			  Patient.birthDate + (choice.high as Quantity) + 1 year)
		when choice is Timing then
      Message(null, true, &amp;#39;NOT_IMPLEMENTED&amp;#39;, &amp;#39;Error&amp;#39;, &amp;#39;Calculation of an interval from a Timing value is not supported&amp;#39;) as Interval&amp;lt;DateTime&amp;gt;
		else
			null as Interval&amp;lt;DateTime&amp;gt;
	end"></valueString>
            </extension>
            <extension url="displaySequence">
               <valueInteger value="7"></valueInteger>
            </extension>
         </extension>
         <extension url="http://hl7.org/fhir/StructureDefinition/cqf-logicDefinition">
            <extension url="libraryName">
               <valueString value="FHIRHelpers"></valueString>
            </extension>
            <extension url="name">
               <valueString value="ToInterval"></valueString>
            </extension>
            <extension url="statement">
               <valueString value="/*
@description: Converts the given [Period](https://hl7.org/fhir/datatypes.html#Period)
value to a CQL DateTime Interval
@comment: If the start value of the given period is unspecified, the starting
boundary of the resulting interval will be open (meaning the start of the interval
is unknown, as opposed to interpreted as the beginning of time).
*/
define function ToInterval(period FHIR.Period):
    if period is null then
        null
    else
        if period.&amp;quot;start&amp;quot; is null then
            Interval(period.&amp;quot;start&amp;quot;.value, period.&amp;quot;end&amp;quot;.value]
        else
            Interval[period.&amp;quot;start&amp;quot;.value, period.&amp;quot;end&amp;quot;.value]"></valueString>
            </extension>
            <extension url="displaySequence">
               <valueInteger value="8"></valueInteger>
            </extension>
         </extension>
         <extension url="http://hl7.org/fhir/StructureDefinition/cqf-logicDefinition">
            <extension url="libraryName">
               <valueString value="Status"></valueString>
            </extension>
            <extension url="name">
               <valueString value="isAssessmentPerformed"></valueString>
            </extension>
            <extension url="statement">
               <valueString value="//This library contains functions used to constrain FHIR resource elements for measures authored by NCQA, based on QICore 6.0.0 resources including IG and authoring patterns. The functions may appear similar to some QICoreCommon functions but differ in that they have constraints that are relevant for measures authored by NCQA.

//Assessment, Performed
define fluent function isAssessmentPerformed(Obs List&amp;lt;ObservationScreeningAssessment&amp;gt;):
  Obs O
    where O.status in { &amp;#39;final&amp;#39;, &amp;#39;amended&amp;#39;, &amp;#39;corrected&amp;#39; }"></valueString>
            </extension>
            <extension url="displaySequence">
               <valueInteger value="9"></valueInteger>
            </extension>
         </extension>
         <extension url="http://hl7.org/fhir/StructureDefinition/cqf-logicDefinition">
            <extension url="libraryName">
               <valueString value="Status"></valueString>
            </extension>
            <extension url="name">
               <valueString value="isInterventionOrder"></valueString>
            </extension>
            <extension url="statement">
               <valueString value="//Intervention, Order
define fluent function isInterventionOrder(ServiceRequest List&amp;lt;ServiceRequest&amp;gt;):
  ServiceRequest S
    where S.status in { &amp;#39;active&amp;#39;, &amp;#39;completed&amp;#39; }
      and S.intent = &amp;#39;order&amp;#39;"></valueString>
            </extension>
            <extension url="displaySequence">
               <valueInteger value="10"></valueInteger>
            </extension>
         </extension>
         <extension url="http://hl7.org/fhir/StructureDefinition/cqf-logicDefinition">
            <extension url="libraryName">
               <valueString value="Status"></valueString>
            </extension>
            <extension url="name">
               <valueString value="isInterventionPerformed"></valueString>
            </extension>
            <extension url="statement">
               <valueString value="//Intervention, Performed
define fluent function isInterventionPerformed(Proc List&amp;lt;Procedure&amp;gt;):
  Proc P
    where P.status ~ &amp;#39;completed&amp;#39;"></valueString>
            </extension>
            <extension url="displaySequence">
               <valueInteger value="11"></valueInteger>
            </extension>
         </extension>
         <name value="EffectiveDataRequirements"></name>
         <status value="active"></status>
         <type>
            <coding>
               <system value="http://terminology.hl7.org/CodeSystem/library-type"></system>
               <code value="module-definition"></code>
            </coding>
         </type>
         <relatedArtifact>
            <type value="depends-on"></type>
            <display value="Library QICoreCommon"></display>
            <resource value="https://madie.cms.gov/Library/QICoreCommon|4.0.000"></resource>
         </relatedArtifact>
         <relatedArtifact>
            <type value="depends-on"></type>
            <display value="Library Status"></display>
            <resource value="https://madie.cms.gov/Library/Status|1.13.000"></resource>
         </relatedArtifact>
         <relatedArtifact>
            <type value="depends-on"></type>
            <display value="Library FHIRHelpers"></display>
            <resource value="https://madie.cms.gov/Library/FHIRHelpers|4.4.000"></resource>
         </relatedArtifact>
         <relatedArtifact>
            <type value="depends-on"></type>
            <display value="Library Hospice"></display>
            <resource value="https://madie.cms.gov/Library/Hospice|6.15.000"></resource>
         </relatedArtifact>
         <relatedArtifact>
            <type value="depends-on"></type>
            <display value="Code system SNOMEDCT"></display>
            <resource value="http://snomed.info/sct"></resource>
         </relatedArtifact>
         <relatedArtifact>
            <type value="depends-on"></type>
            <display value="Code system LOINC"></display>
            <resource value="http://loinc.org"></resource>
         </relatedArtifact>
         <relatedArtifact>
            <type value="depends-on"></type>
            <display value="Value set Dental Caries"></display>
            <resource value="http://cts.nlm.nih.gov/fhir/ValueSet/2.16.840.1.113883.3.464.1003.125.12.1004"></resource>
         </relatedArtifact>
         <relatedArtifact>
            <type value="depends-on"></type>
            <display value="Value set Clinical Oral Evaluation"></display>
            <resource value="http://cts.nlm.nih.gov/fhir/ValueSet/2.16.840.1.113883.3.464.1003.125.12.1003"></resource>
         </relatedArtifact>
         <relatedArtifact>
            <type value="depends-on"></type>
            <display value="Value set Encounter Inpatient"></display>
            <resource value="http://cts.nlm.nih.gov/fhir/ValueSet/2.16.840.1.113883.3.666.5.307"></resource>
         </relatedArtifact>
         <relatedArtifact>
            <type value="depends-on"></type>
            <display value="Value set Hospice Encounter"></display>
            <resource value="http://cts.nlm.nih.gov/fhir/ValueSet/2.16.840.1.113883.3.464.1003.1003"></resource>
         </relatedArtifact>
         <relatedArtifact>
            <type value="depends-on"></type>
            <display value="Value set Hospice Care Ambulatory"></display>
            <resource value="http://cts.nlm.nih.gov/fhir/ValueSet/2.16.840.1.113883.3.526.3.1584"></resource>
         </relatedArtifact>
         <relatedArtifact>
            <type value="depends-on"></type>
            <display value="Value set Hospice Diagnosis"></display>
            <resource value="http://cts.nlm.nih.gov/fhir/ValueSet/2.16.840.1.113883.3.464.1003.1165"></resource>
         </relatedArtifact>
         <parameter>
            <name value="Measurement Period"></name>
            <use value="in"></use>
            <min value="0"></min>
            <max value="1"></max>
            <type value="Period"></type>
         </parameter>
         <parameter>
            <name value="Numerator"></name>
            <use value="out"></use>
            <min value="0"></min>
            <max value="1"></max>
            <type value="boolean"></type>
         </parameter>
         <parameter>
            <name value="Denominator"></name>
            <use value="out"></use>
            <min value="0"></min>
            <max value="1"></max>
            <type value="boolean"></type>
         </parameter>
         <parameter>
            <name value="Initial Population"></name>
            <use value="out"></use>
            <min value="0"></min>
            <max value="1"></max>
            <type value="boolean"></type>
         </parameter>
         <parameter>
            <name value="Denominator Exclusions"></name>
            <use value="out"></use>
            <min value="0"></min>
            <max value="1"></max>
            <type value="boolean"></type>
         </parameter>
         <dataRequirement>
            <type value="Condition"></type>
            <profile value="http://hl7.org/fhir/us/qicore/StructureDefinition/qicore-condition-problems-health-concerns"></profile>
            <mustSupport value="code"></mustSupport>
            <codeFilter>
               <path value="code"></path>
               <valueSet value="http://cts.nlm.nih.gov/fhir/ValueSet/2.16.840.1.113883.3.464.1003.125.12.1004"></valueSet>
            </codeFilter>
         </dataRequirement>
         <dataRequirement>
            <type value="Condition"></type>
            <profile value="http://hl7.org/fhir/us/qicore/StructureDefinition/qicore-condition-problems-health-concerns"></profile>
            <mustSupport value="code"></mustSupport>
            <codeFilter>
               <path value="code"></path>
               <valueSet value="http://cts.nlm.nih.gov/fhir/ValueSet/2.16.840.1.113883.3.464.1003.1165"></valueSet>
            </codeFilter>
         </dataRequirement>
         <dataRequirement>
            <type value="Condition"></type>
            <profile value="http://hl7.org/fhir/us/qicore/StructureDefinition/qicore-condition-encounter-diagnosis"></profile>
            <mustSupport value="code"></mustSupport>
            <codeFilter>
               <path value="code"></path>
               <valueSet value="http://cts.nlm.nih.gov/fhir/ValueSet/2.16.840.1.113883.3.464.1003.125.12.1004"></valueSet>
            </codeFilter>
         </dataRequirement>
         <dataRequirement>
            <type value="Condition"></type>
            <profile value="http://hl7.org/fhir/us/qicore/StructureDefinition/qicore-condition-encounter-diagnosis"></profile>
            <mustSupport value="code"></mustSupport>
            <codeFilter>
               <path value="code"></path>
               <valueSet value="http://cts.nlm.nih.gov/fhir/ValueSet/2.16.840.1.113883.3.464.1003.1165"></valueSet>
            </codeFilter>
         </dataRequirement>
         <dataRequirement>
            <type value="Patient"></type>
            <profile value="http://hl7.org/fhir/us/qicore/StructureDefinition/qicore-patient"></profile>
            <mustSupport value="birthDate"></mustSupport>
            <mustSupport value="birthDate.value"></mustSupport>
         </dataRequirement>
         <dataRequirement>
            <type value="Encounter"></type>
            <profile value="http://hl7.org/fhir/us/qicore/StructureDefinition/qicore-encounter"></profile>
            <mustSupport value="type"></mustSupport>
            <mustSupport value="period"></mustSupport>
            <mustSupport value="status"></mustSupport>
            <mustSupport value="status.value"></mustSupport>
            <codeFilter>
               <path value="type"></path>
               <valueSet value="http://cts.nlm.nih.gov/fhir/ValueSet/2.16.840.1.113883.3.464.1003.125.12.1003"></valueSet>
            </codeFilter>
         </dataRequirement>
         <dataRequirement>
            <type value="Encounter"></type>
            <profile value="http://hl7.org/fhir/us/qicore/StructureDefinition/qicore-encounter"></profile>
            <mustSupport value="type"></mustSupport>
            <mustSupport value="hospitalization"></mustSupport>
            <mustSupport value="hospitalization.dischargeDisposition"></mustSupport>
            <mustSupport value="period"></mustSupport>
            <mustSupport value="status"></mustSupport>
            <mustSupport value="status.value"></mustSupport>
            <codeFilter>
               <path value="type"></path>
               <valueSet value="http://cts.nlm.nih.gov/fhir/ValueSet/2.16.840.1.113883.3.666.5.307"></valueSet>
            </codeFilter>
         </dataRequirement>
         <dataRequirement>
            <type value="Encounter"></type>
            <profile value="http://hl7.org/fhir/us/qicore/StructureDefinition/qicore-encounter"></profile>
            <mustSupport value="type"></mustSupport>
            <mustSupport value="period"></mustSupport>
            <mustSupport value="status"></mustSupport>
            <mustSupport value="status.value"></mustSupport>
            <codeFilter>
               <path value="type"></path>
               <valueSet value="http://cts.nlm.nih.gov/fhir/ValueSet/2.16.840.1.113883.3.464.1003.1003"></valueSet>
            </codeFilter>
         </dataRequirement>
         <dataRequirement>
            <type value="Observation"></type>
            <profile value="http://hl7.org/fhir/us/qicore/StructureDefinition/qicore-observation-screening-assessment"></profile>
            <mustSupport value="code"></mustSupport>
            <mustSupport value="value"></mustSupport>
            <mustSupport value="effective"></mustSupport>
            <mustSupport value="status"></mustSupport>
            <mustSupport value="status.value"></mustSupport>
            <codeFilter>
               <path value="code"></path>
               <code>
                  <system value="http://loinc.org"></system>
                  <code value="45755-6"></code>
                  <display value="Hospice care [Minimum Data Set]"></display>
               </code>
            </codeFilter>
         </dataRequirement>
         <dataRequirement>
            <type value="ServiceRequest"></type>
            <profile value="http://hl7.org/fhir/us/qicore/StructureDefinition/qicore-servicerequest"></profile>
            <mustSupport value="code"></mustSupport>
            <mustSupport value="authoredOn"></mustSupport>
            <mustSupport value="authoredOn.value"></mustSupport>
            <mustSupport value="status"></mustSupport>
            <mustSupport value="status.value"></mustSupport>
            <mustSupport value="intent"></mustSupport>
            <mustSupport value="intent.value"></mustSupport>
            <codeFilter>
               <path value="code"></path>
               <valueSet value="http://cts.nlm.nih.gov/fhir/ValueSet/2.16.840.1.113883.3.526.3.1584"></valueSet>
            </codeFilter>
         </dataRequirement>
         <dataRequirement>
            <type value="Procedure"></type>
            <profile value="http://hl7.org/fhir/us/qicore/StructureDefinition/qicore-procedure"></profile>
            <mustSupport value="code"></mustSupport>
            <mustSupport value="performed"></mustSupport>
            <mustSupport value="status"></mustSupport>
            <mustSupport value="status.value"></mustSupport>
            <codeFilter>
               <path value="code"></path>
               <valueSet value="http://cts.nlm.nih.gov/fhir/ValueSet/2.16.840.1.113883.3.526.3.1584"></valueSet>
            </codeFilter>
         </dataRequirement>
      </Library>
   </contained>
   <extension url="http://hl7.org/fhir/uv/crmi/StructureDefinition/crmi-effectiveDataRequirements">
      <valueReference>
         <reference value="#effective-data-requirements"></reference>
      </valueReference>
   </extension>
   <url value="https://madie.cms.gov/Measure/CMS75FHIRChildrenWhoHaveDentalDecayOrCavities"></url>
   <identifier>
      <use value="usual"></use>
      <type>
         <coding>
            <system value="http://terminology.hl7.org/CodeSystem/artifact-identifier-type"></system>
            <code value="short-name"></code>
            <display value="Short Name"></display>
         </coding>
      </type>
      <system value="https://madie.cms.gov/measure/shortName"></system>
      <value value="CMS75FHIR"></value>
   </identifier>
   <identifier>
      <use value="official"></use>
      <type>
         <coding>
            <system value="http://terminology.hl7.org/CodeSystem/artifact-identifier-type"></system>
            <code value="version-independent"></code>
            <display value="Version Independent"></display>
         </coding>
      </type>
      <system value="urn:ietf:rfc:3986"></system>
      <value value="urn:uuid:78ac4b65-61d7-45be-88c1-231c922ad656"></value>
   </identifier>
   <identifier>
      <use value="official"></use>
      <type>
         <coding>
            <system value="http://terminology.hl7.org/CodeSystem/artifact-identifier-type"></system>
            <code value="version-specific"></code>
            <display value="Version Specific"></display>
         </coding>
      </type>
      <system value="urn:ietf:rfc:3986"></system>
      <value value="urn:uuid:5d852d09-9f22-47ac-ae00-e8f3ff3a93a0"></value>
   </identifier>
   <identifier>
      <use value="official"></use>
      <type>
         <coding>
            <system value="http://terminology.hl7.org/CodeSystem/artifact-identifier-type"></system>
            <code value="publisher"></code>
            <display value="Publisher"></display>
         </coding>
      </type>
      <system value="https://madie.cms.gov/measure/cmsId"></system>
      <value value="75FHIR"></value>
      <assigner>
         <display value="CMS"></display>
      </assigner>
   </identifier>
   <version value="1.1.000"></version>
   <name value="CMS75FHIRChildrenWhoHaveDentalDecayOrCavities"></name>
   <title value="Children Who Have Dental Decay or CavitiesFHIR"></title>
   <status value="active"></status>
   <experimental value="false"></experimental>
   <date value="2025-04-15T19:10:39+00:00"></date>
   <publisher value="Centers for Medicare &amp; Medicaid Services (CMS)"></publisher>
   <contact>
      <telecom>
         <system value="url"></system>
         <value value="https://www.cms.gov/"></value>
      </telecom>
   </contact>
   <description value="Percentage of children, 1-20 years of age at the start of the measurement period, who have had dental decay or cavities during the measurement period as determined by a dentist"></description>
   <usage value="This eCQM is a patient-based measure.

Telehealth encounters are not eligible for this measure because the measure does not contain telehealth-eligible codes and requires a clinical action that cannot be conducted via telehealth.

This FHIR-based measure has been derived from the QDM-based measure: CMS75v13. 

Please refer to the HL7 QI-Core Implementation Guide (https://hl7.org/fhir/us/qicore/STU4.1.1/) for more information on QI-Core and mapping recommendations from QDM to QI-Core 4.1.1 (https://hl7.org/fhir/us/qicore/STU4.1.1/qdm-to-qicore.html)."></usage>
   <copyright value="This electronic clinical quality measure (Measure) and related data specifications are owned and stewarded by the Centers for Medicare &amp; Medicaid Services (CMS). CMS contracted (Contract # 75FCMC18D0027/ Task Order #: 75FCMC24F0144) with the American Institutes for Research (AIR) to develop this electronic measure. AIR is not responsible for any use of the Measure. AIR makes no representations, warranties, or endorsement about the quality of any organization or physician that uses or reports performance measures and AIR has no liability to anyone who relies on such measures or specifications.

Limited proprietary coding is contained in the Measure specifications for user convenience. Users of proprietary code sets should obtain all necessary licenses from the owners of the code sets. AIR disclaims all liability for use or accuracy of any third-party codes contained in the specifications.

CPT(R) codes, descriptions and other data are copyright 2024. American Medical Association. All rights reserved. CPT is a trademark of the American Medical Association. Fee schedules, relative value units, conversion factors and/or related components are not assigned by the AMA, are not part of CPT, and the AMA is not recommending their use. The AMA does not directly or indirectly practice medicine or dispense medical services. The AMA assumes no liability for data contained or not contained herein. Applicable FARS/DFARS restrictions apply to government use.

The American Dental Association (“ADA”) holds a copyright to the Current Dental Terminology (“CDT”) codes contained in certain measure specifications. The CDT codes in the measure specifications are included with the permission of the ADA. All uses of the CDT codes require a license from the ADA. No alteration, amendments, or modifications of the CDT or any portion thereof is allowed. Resale, transmission, or distribution of copies of the CDT or other portions of the CDT is also not allowed. To inquire about licensing, contact CDT-SNODENT@ada.org.

The measure specifications contain coding from LOINC(R) (http://loinc.org). The LOINC table, LOINC codes, LOINC panels and form file, LOINC linguistic variants file, LOINC/RSNA Radiology Playbook, and LOINC/IEEE Medical Device Code Mapping Table are copyright 2004-2024 Regenstrief Institute, Inc. and the Logical Observation Identifiers Names and Codes (LOINC) Committee, and are available at no cost under the license at http://loinc.org/terms-of-use.

This material contains SNOMED Clinical Terms(R) (SNOMED CT[R]) copyright 2004-2023 International Health Terminology Standards Development Organisation. 

ICD-10 copyright 2024 World Health Organization. All Rights Reserved.

“HL7” is the registered trademark of Health Level Seven International."></copyright>
   <effectivePeriod>
      <start value="2026-01-01"></start>
      <end value="2026-12-31"></end>
   </effectivePeriod>
   <author>
      <name value="American Institutes for Research (AIR)"></name>
      <telecom>
         <system value="url"></system>
         <value value="https://www.air.org"></value>
      </telecom>
   </author>
   <library value="https://madie.cms.gov/Library/CMS75FHIRChildrenWhoHaveDentalDecayOrCavities"></library>
   <disclaimer value="The performance Measure is not a clinical guideline and does not establish a standard of medical care, and has not been tested for all potential applications. THE MEASURE AND SPECIFICATIONS ARE PROVIDED &quot;AS IS&quot; WITHOUT WARRANTY OF ANY KIND.
 
Due to technical limitations, registered trademarks are indicated by (R) or [R] and unregistered trademarks are indicated by (TM) or [TM]."></disclaimer>
   <rationale value="Dental caries is the most chronic disease among youth aged 6-19 years. Data from the National Health and Nutrition Examination Survey from 2015-2016 showed that approximately 45.8 percent of children and youth aged 2-19 years had total caries (untreated and treated). Prevalence of total dental caries (untreated and treated) in primary or permanent teeth increases with age, going from 21.4 percent, 50.5 percent, and 53.8 percent among ages 2-5, 6-11, and 12-19, respectively. Total dental caries was highest in Hispanic youths aged 2-19 at 57.1 percent compared to 48.1 percent for non-Hispanic black, 44.6 percent for non-Asian, and 40.4 percent for non-Hispanic white youth. Monitoring prevalence of untreated and total caries is vital to preventing and controlling oral disease (Fleming &amp; Afful, 2018). 

Children who have dental decay or cavities are less likely to be in very good or excellent overall health than children without decay or cavities (Edelstein &amp; Chinn, 2009). Children with decay are also more likely to have other oral health problems such as toothaches, broken teeth, and bleeding gums (Data Resource Center for Child and Adolescent Health, 2007)."></rationale>
   <clinicalRecommendationStatement value="The American Academy of Pediatric Dentistry (AAPD) provides clinical recommendations for pediatric oral health assessments and preventative services (AAPD, 2023). The recommendation states that the first clinical oral examination should occur around 12 months of age. The clinical oral exam should be repeated every 6 months or as indicated by the child’s risk status or susceptibility to disease. Further, caries risk assessment must be repeated regularly and frequently to maximize effectiveness."></clinicalRecommendationStatement>
   <guidance value="This eCQM is a patient-based measure.

Telehealth encounters are not eligible for this measure because the measure does not contain telehealth-eligible codes and requires a clinical action that cannot be conducted via telehealth.

This FHIR-based measure has been derived from the QDM-based measure: CMS75v13. 

Please refer to the HL7 QI-Core Implementation Guide (https://hl7.org/fhir/us/qicore/STU4.1.1/) for more information on QI-Core and mapping recommendations from QDM to QI-Core 4.1.1 (https://hl7.org/fhir/us/qicore/STU4.1.1/qdm-to-qicore.html)."></guidance>
   <group id="Group_1">
      <extension url="http://hl7.org/fhir/us/cqfmeasures/StructureDefinition/cqfm-scoring">
         <valueCodeableConcept>
            <coding>
               <system value="http://terminology.hl7.org/CodeSystem/measure-scoring"></system>
               <code value="proportion"></code>
               <display value="Proportion"></display>
            </coding>
         </valueCodeableConcept>
      </extension>
      <extension url="http://hl7.org/fhir/us/cqfmeasures/StructureDefinition/cqfm-populationBasis">
         <valueCode value="boolean"></valueCode>
      </extension>
      <extension url="http://hl7.org/fhir/us/cqfmeasures/StructureDefinition/cqfm-type">
         <valueCodeableConcept>
            <coding>
               <system value="http://terminology.hl7.org/CodeSystem/measure-type"></system>
               <code value="outcome"></code>
               <display value="Outcome"></display>
            </coding>
         </valueCodeableConcept>
      </extension>
      <extension url="http://hl7.org/fhir/us/cqfmeasures/StructureDefinition/cqfm-rateAggregation">
         <valueCode value="None"></valueCode>
      </extension>
      <extension url="http://hl7.org/fhir/us/cqfmeasures/StructureDefinition/cqfm-improvementNotation">
         <valueCodeableConcept>
            <coding>
               <system value="http://terminology.hl7.org/CodeSystem/measure-improvement-notation"></system>
               <code value="increase"></code>
               <display value="Increased score indicates improvement"></display>
            </coding>
         </valueCodeableConcept>
      </extension>
      <population id="InitialPopulation_1">
         <code>
            <coding>
               <system value="http://terminology.hl7.org/CodeSystem/measure-population"></system>
               <code value="initial-population"></code>
               <display value="Initial Population"></display>
            </coding>
         </code>
         <description value="Children, 1-20 years of age at the start of the measurement period, with a clinical oral evaluation by a dentist during the measurement period"></description>
         <criteria>
            <language value="text/cql-identifier"></language>
            <expression value="Initial Population"></expression>
         </criteria>
      </population>
      <population id="Denominator_1">
         <code>
            <coding>
               <system value="http://terminology.hl7.org/CodeSystem/measure-population"></system>
               <code value="denominator"></code>
               <display value="Denominator"></display>
            </coding>
         </code>
         <description value="Equals Initial Population"></description>
         <criteria>
            <language value="text/cql-identifier"></language>
            <expression value="Denominator"></expression>
         </criteria>
      </population>
      <population id="DenominatorExclusion_1">
         <code>
            <coding>
               <system value="http://terminology.hl7.org/CodeSystem/measure-population"></system>
               <code value="denominator-exclusion"></code>
               <display value="Denominator Exclusion"></display>
            </coding>
         </code>
         <description value="Exclude patients who are in hospice care for any part of the measurement period"></description>
         <criteria>
            <language value="text/cql-identifier"></language>
            <expression value="Denominator Exclusions"></expression>
         </criteria>
      </population>
      <population id="Numerator_1">
         <code>
            <coding>
               <system value="http://terminology.hl7.org/CodeSystem/measure-population"></system>
               <code value="numerator"></code>
               <display value="Numerator"></display>
            </coding>
         </code>
         <description value="Children who had a diagnosis of cavities or decayed teeth in any part of the measurement period"></description>
         <criteria>
            <language value="text/cql-identifier"></language>
            <expression value="Numerator"></expression>
         </criteria>
      </population>
   </group>
</Measure>