{
  "resourceType": "Bundle",
  "id": "61095b0998086b53805591a5",
  "type": "transaction",
  "entry": [ {
    "fullUrl": "https://madie.cms.gov/Patient/67e718ff-c59c-46a9-832c-d3b51247874e",
    "resource": {
      "resourceType": "Patient",
      "id": "67e718ff-c59c-46a9-832c-d3b51247874e",
      "meta": {
        "profile": [ "http://hl7.org/fhir/us/qicore/StructureDefinition/qicore-patient" ]
      },
      "text": {
        "status": "generated",
        "div": "<div xmlns=\"http://www.w3.org/1999/xhtml\"><div class=\"hapiHeaderText\">Age@18 <b>DENOMPASS </b></div><table class=\"hapiPropertyTable\"><tbody><tr><td>Identifier</td><td>67f3e33acf17bcb386e754d726ed064ccd48ba21ff0ffb2eb678740a684398be</td></tr><tr><td>Date of birth</td><td><span>01 January 1994</span></td></tr></tbody></table></div>"
      },
      "extension": [ {
        "url": "http://hl7.org/fhir/us/core/StructureDefinition/us-core-race",
        "extension": [ {
          "url": "ombCategory",
          "valueCoding": {
            "system": "urn:oid:2.16.840.1.113883.6.238",
            "code": "1002-5",
            "display": "American Indian or Alaska Native",
            "userSelected": true
          }
        }, {
          "url": "text",
          "valueString": "American Indian or Alaska Native"
        } ]
      }, {
        "url": "http://hl7.org/fhir/us/core/StructureDefinition/us-core-ethnicity",
        "extension": [ {
          "url": "ombCategory",
          "valueCoding": {
            "system": "urn:oid:2.16.840.1.113883.6.238",
            "code": "2135-2",
            "display": "Hispanic or Latino",
            "userSelected": true
          }
        }, {
          "url": "text",
          "valueString": "Hispanic or Latino"
        } ]
      } ],
      "identifier": [ {
        "type": {
          "coding": [ {
            "system": "http://terminology.hl7.org/CodeSystem/v2-0203",
            "code": "MR"
          } ]
        },
        "system": "https://bonnie-fhir.healthit.gov/",
        "value": "61095b0998086b53805591a5"
      } ],
      "active": true,
      "name": [ {
        "use": "usual",
        "family": "DENEXPASS",
        "given": [ "ChoroidDetachWithCatSurg" ]
      } ],
      "gender": "female",
      "birthDate": "1996-01-01"
    },
    "request": {
      "method": "PUT",
      "url": "Patient/67e718ff-c59c-46a9-832c-d3b51247874e"
    }
  }, {
    "fullUrl": "https://madie.cms.gov/Observation/3d1b9f86-5de7-4d1d-8223-686bbe22bd9d",
    "resource": {
      "resourceType": "Observation",
      "id": "3d1b9f86-5de7-4d1d-8223-686bbe22bd9d",
      "meta": {
        "profile": [ "http://hl7.org/fhir/us/qicore/StructureDefinition/qicore-observation-clinical-result" ]
      },
      "status": "final",
      "category": [ {
        "coding": [ {
          "system": "http://terminology.hl7.org/CodeSystem/observation-category",
          "code": "exam",
          "display": "exam"
        } ]
      } ],
      "code": {
        "coding": [ {
          "system": "http://snomed.info/sct",
          "code": "419775003"
        } ]
      },
      "subject": {
        "reference": "Patient/67e718ff-c59c-46a9-832c-d3b51247874e"
      },
      "effectivePeriod": {
        "start": "2026-03-13T09:00:00+00:00",
        "end": "2026-03-13T09:30:00+00:00"
      }
    },
    "request": {
      "method": "PUT",
      "url": "Observation/3d1b9f86-5de7-4d1d-8223-686bbe22bd9d"
    }
  }, {
    "fullUrl": "https://madie.cms.gov/Procedure/914136ea-6d2b-4a26-81c7-7f7734a85310",
    "resource": {
      "resourceType": "Procedure",
      "id": "914136ea-6d2b-4a26-81c7-7f7734a85310",
      "meta": {
        "profile": [ "http://hl7.org/fhir/us/qicore/StructureDefinition/qicore-procedure" ]
      },
      "extension": [ {
        "url": "http://hl7.org/fhir/us/qicore/StructureDefinition/qicore-recorded",
        "valueDateTime": "2026-03-05T09:35:00-04:00"
      } ],
      "status": "completed",
      "code": {
        "coding": [ {
          "system": "http://snomed.info/sct",
          "code": "84149000"
        } ]
      },
      "subject": {
        "reference": "Patient/67e718ff-c59c-46a9-832c-d3b51247874e"
      },
      "performedPeriod": {
        "start": "2026-03-05T09:20:00-04:00",
        "end": "2026-04-05T10:30:00-04:00"
      }
    },
    "request": {
      "method": "PUT",
      "url": "Procedure/914136ea-6d2b-4a26-81c7-7f7734a85310"
    }
  }, {
    "fullUrl": "https://madie.cms.gov/Condition/0019759f-15dc-4fc9-b537-aa821de78bbf",
    "resource": {
      "resourceType": "Condition",
      "id": "0019759f-15dc-4fc9-b537-aa821de78bbf",
      "meta": {
        "profile": [ "http://hl7.org/fhir/us/qicore/StructureDefinition/qicore-condition-problems-health-concerns" ]
      },
      "clinicalStatus": {
        "coding": [ {
          "system": "http://terminology.hl7.org/CodeSystem/condition-clinical",
          "code": "active",
          "display": "active",
          "userSelected": true
        } ]
      },
      "category": [ {
        "coding": [ {
          "system": "http://terminology.hl7.org/CodeSystem/condition-clinical",
          "code": "active",
          "display": "active",
          "userSelected": true
        } ]
      } ],
      "code": {
        "coding": [ {
          "system": "http://hl7.org/fhir/sid/icd-10-cm",
          "code": "H31.411",
          "userSelected": true
        }, {
          "system": "http://snomed.info/sct",
          "code": "78584008",
          "userSelected": true
        } ]
      },
      "subject": {
        "reference": "Patient/67e718ff-c59c-46a9-832c-d3b51247874e"
      },
      "onsetDateTime": "2024-11-01T08:00:00.000+00:00"
    },
    "request": {
      "method": "PUT",
      "url": "Condition/0019759f-15dc-4fc9-b537-aa821de78bbf"
    }
  }, {
    "fullUrl": "https://madie.cms.gov/Coverage/9f762ccd-a497-40ee-b9d2-829930c68935",
    "resource": {
      "resourceType": "Coverage",
      "id": "9f762ccd-a497-40ee-b9d2-829930c68935",
      "meta": {
        "profile": [ "http://hl7.org/fhir/us/qicore/StructureDefinition/qicore-coverage" ]
      },
      "status": "active",
      "beneficiary": {
        "reference": "Patient/67e718ff-c59c-46a9-832c-d3b51247874e"
      },
      "payor": [ {
        "reference": "Organization/26b085c9-a80e-479a-ba6d-1878d7b4e8bf"
      } ]
    },
    "request": {
      "method": "PUT",
      "url": "Coverage/9f762ccd-a497-40ee-b9d2-829930c68935"
    }
  }, {
    "fullUrl": "https://madie.cms.gov/Organization/26b085c9-a80e-479a-ba6d-1878d7b4e8bf",
    "resource": {
      "resourceType": "Organization",
      "id": "26b085c9-a80e-479a-ba6d-1878d7b4e8bf",
      "meta": {
        "profile": [ "http://hl7.org/fhir/us/qicore/StructureDefinition/qicore-organization" ]
      },
      "identifier": [ {
        "use": "temp",
        "system": "urn:oid:2.16.840.1.113883.4.4",
        "value": "21-3259825"
      } ],
      "active": true,
      "type": [ {
        "coding": [ {
          "system": "http://terminology.hl7.org/CodeSystem/organization-type",
          "code": "pay",
          "display": "Payer"
        } ]
      } ],
      "name": "Blue Cross Blue Shield of Texas",
      "telecom": [ {
        "system": "phone",
        "value": "(+1) 972-766-6900"
      } ],
      "address": [ {
        "use": "billing",
        "type": "postal",
        "line": [ "P.O. Box 660044" ],
        "city": "Dallas",
        "state": "TX",
        "postalCode": "75266-0044",
        "country": "USA"
      } ]
    },
    "request": {
      "method": "PUT",
      "url": "Organization/26b085c9-a80e-479a-ba6d-1878d7b4e8bf"
    }
  }, {
    "fullUrl": "https://madie.cms.gov/Practitioner/278f0681-0f70-44ad-a4d2-139783604bc1",
    "resource": {
      "resourceType": "Practitioner",
      "id": "278f0681-0f70-44ad-a4d2-139783604bc1",
      "meta": {
        "profile": [ "http://hl7.org/fhir/us/qicore/StructureDefinition/qicore-practitioner" ]
      },
      "identifier": [ {
        "system": "http://hl7.org/fhir/sid/us-npi",
        "value": "123456"
      } ],
      "name": [ {
        "family": "Evil",
        "prefix": [ "Dr" ]
      } ]
    },
    "request": {
      "method": "PUT",
      "url": "Practitioner/278f0681-0f70-44ad-a4d2-139783604bc1"
    }
  }, {
    "fullUrl": "https://madie.cms.gov/MeasureReport/08c45cd6-2418-4e64-9ece-3a7aeba66758",
    "resource": {
      "resourceType": "MeasureReport",
      "id": "08c45cd6-2418-4e64-9ece-3a7aeba66758",
      "meta": {
        "profile": [ "http://hl7.org/fhir/us/cqfmeasures/StructureDefinition/test-case-cqfm" ]
      },
      "contained": [ {
        "resourceType": "Parameters",
        "id": "5c13cf3e-0ece-4854-855f-2132f039e663-parameters",
        "parameter": [ {
          "name": "subject",
          "valueString": "67e718ff-c59c-46a9-832c-d3b51247874e"
        } ]
      } ],
      "extension": [ {
        "url": "http://hl7.org/fhir/StructureDefinition/cqf-inputParameters",
        "valueReference": {
          "reference": "#5c13cf3e-0ece-4854-855f-2132f039e663-parameters"
        }
      }, {
        "url": "http://hl7.org/fhir/us/cqfmeasures/StructureDefinition/cqfm-testCaseDescription",
        "valueMarkdown": "Patient with choroidal detachment with cataract surgery. "
      } ],
      "modifierExtension": [ {
        "url": "http://hl7.org/fhir/us/cqfmeasures/StructureDefinition/cqfm-isTestCase",
        "valueBoolean": true
      } ],
      "status": "complete",
      "type": "individual",
      "measure": "https://madie.cms.gov/Measure/CMS133FHIRCataracts2040BCVAwithin90Days",
      "period": {
        "start": "2026-01-01",
        "end": "2026-12-31"
      },
      "group": [ {
        "id": "Group_1",
        "population": [ {
          "id": "InitialPopulation_1",
          "code": {
            "coding": [ {
              "system": "http://terminology.hl7.org/CodeSystem/measure-population",
              "code": "initial-population",
              "display": "Initial Population"
            } ]
          },
          "count": 1
        }, {
          "id": "Denominator_1",
          "code": {
            "coding": [ {
              "system": "http://terminology.hl7.org/CodeSystem/measure-population",
              "code": "denominator",
              "display": "Denominator"
            } ]
          },
          "count": 1
        }, {
          "id": "DenominatorExclusion_1",
          "code": {
            "coding": [ {
              "system": "http://terminology.hl7.org/CodeSystem/measure-population",
              "code": "denominator-exclusion",
              "display": "Denominator Exclusion"
            } ]
          },
          "count": 1
        }, {
          "id": "Numerator_1",
          "code": {
            "coding": [ {
              "system": "http://terminology.hl7.org/CodeSystem/measure-population",
              "code": "numerator",
              "display": "Numerator"
            } ]
          },
          "count": 0
        } ],
        "measureScore": {
          "value": 0.0
        }
      } ],
      "evaluatedResource": [ {
        "reference": "Patient/67e718ff-c59c-46a9-832c-d3b51247874e"
      }, {
        "reference": "Observation/3d1b9f86-5de7-4d1d-8223-686bbe22bd9d"
      }, {
        "reference": "Procedure/914136ea-6d2b-4a26-81c7-7f7734a85310"
      }, {
        "reference": "Condition/0019759f-15dc-4fc9-b537-aa821de78bbf"
      }, {
        "reference": "Coverage/9f762ccd-a497-40ee-b9d2-829930c68935"
      }, {
        "reference": "Organization/26b085c9-a80e-479a-ba6d-1878d7b4e8bf"
      }, {
        "reference": "Practitioner/278f0681-0f70-44ad-a4d2-139783604bc1"
      } ]
    },
    "request": {
      "method": "PUT",
      "url": "MeasureReport/08c45cd6-2418-4e64-9ece-3a7aeba66758"
    }
  } ]
}