{
  "resourceType": "Bundle",
  "id": "654351316543135131",
  "type": "transaction",
  "entry": [ {
    "fullUrl": "https://madie.cms.gov/Patient/ad471f87-60ee-48b9-95b8-80f35eb230dd",
    "resource": {
      "resourceType": "Patient",
      "id": "ad471f87-60ee-48b9-95b8-80f35eb230dd",
      "meta": {
        "profile": [ "http://hl7.org/fhir/us/qicore/StructureDefinition/qicore-patient" ]
      },
      "extension": [ {
        "url": "http://hl7.org/fhir/us/core/StructureDefinition/us-core-race",
        "extension": [ {
          "url": "ombCategory",
          "valueCoding": {
            "system": "urn:oid:2.16.840.1.113883.6.238",
            "code": "1002-5",
            "display": "American Indian or Alaska Native"
          }
        }, {
          "url": "text",
          "valueString": "American Indian or Alaska Native"
        } ]
      }, {
        "url": "http://hl7.org/fhir/us/core/StructureDefinition/us-core-ethnicity",
        "extension": [ {
          "url": "ombCategory",
          "valueCoding": {
            "system": "urn:oid:2.16.840.1.113883.6.238",
            "code": "2135-2",
            "display": "Hispanic or Latino"
          }
        }, {
          "url": "text",
          "valueString": "Hispanic or Latino"
        } ]
      } ],
      "identifier": [ {
        "type": {
          "coding": [ {
            "system": "http://terminology.hl7.org/CodeSystem/v2-0203",
            "code": "MR"
          } ]
        },
        "system": "https://bonnie-fhir.healthit.gov/",
        "value": "643510313413131"
      } ],
      "name": [ {
        "family": "DENEXCEPFail",
        "given": [ "PregDxAfterEnc" ]
      } ],
      "gender": "female",
      "birthDate": "1995-01-02"
    },
    "request": {
      "method": "PUT",
      "url": "Patient/ad471f87-60ee-48b9-95b8-80f35eb230dd"
    }
  }, {
    "fullUrl": "https://madie.cms.gov/Encounter/352ff338-8e0b-429d-bd3c-d74828bee9c3",
    "resource": {
      "resourceType": "Encounter",
      "id": "352ff338-8e0b-429d-bd3c-d74828bee9c3",
      "meta": {
        "profile": [ "http://hl7.org/fhir/us/qicore/StructureDefinition/qicore-encounter" ]
      },
      "status": "finished",
      "class": {
        "system": "http://terminology.hl7.org/CodeSystem/v3-ActCode",
        "code": "AMB",
        "display": "ambulatory"
      },
      "type": [ {
        "coding": [ {
          "system": "http://snomed.info/sct",
          "version": "http://snomed.info/sct/731000124108/version/20240301",
          "code": "185463005",
          "display": "Visit out of hours (procedure)"
        } ]
      } ],
      "subject": {
        "reference": "Patient/ad471f87-60ee-48b9-95b8-80f35eb230dd"
      },
      "period": {
        "start": "2026-02-17T08:00:00.000+00:00",
        "end": "2026-02-17T08:15:00.000+00:00"
      }
    },
    "request": {
      "method": "PUT",
      "url": "Encounter/352ff338-8e0b-429d-bd3c-d74828bee9c3"
    }
  }, {
    "fullUrl": "https://madie.cms.gov/Encounter/77820414-37c8-4eea-8273-077052e73ffc",
    "resource": {
      "resourceType": "Encounter",
      "id": "77820414-37c8-4eea-8273-077052e73ffc",
      "meta": {
        "profile": [ "http://hl7.org/fhir/us/qicore/StructureDefinition/qicore-encounter" ]
      },
      "status": "finished",
      "class": {
        "system": "http://terminology.hl7.org/CodeSystem/v3-ActCode",
        "code": "AMB",
        "display": "ambulatory"
      },
      "type": [ {
        "coding": [ {
          "system": "http://snomed.info/sct",
          "version": "http://snomed.info/sct/731000124108/version/20240301",
          "code": "185316007",
          "display": "Indirect encounter (procedure)"
        } ]
      } ],
      "subject": {
        "reference": "Patient/ad471f87-60ee-48b9-95b8-80f35eb230dd"
      },
      "period": {
        "start": "2026-12-30T08:00:00.000+00:00",
        "end": "2026-12-30T08:15:00.000+00:00"
      }
    },
    "request": {
      "method": "PUT",
      "url": "Encounter/77820414-37c8-4eea-8273-077052e73ffc"
    }
  }, {
    "fullUrl": "https://madie.cms.gov/Condition/dfa61bf6-0550-45e3-abf9-7c2efdc42b0f",
    "resource": {
      "resourceType": "Condition",
      "id": "dfa61bf6-0550-45e3-abf9-7c2efdc42b0f",
      "meta": {
        "profile": [ "http://hl7.org/fhir/us/qicore/StructureDefinition/qicore-condition-problems-health-concerns" ]
      },
      "clinicalStatus": {
        "coding": [ {
          "system": "http://terminology.hl7.org/CodeSystem/condition-clinical",
          "code": "active",
          "display": "Active"
        } ]
      },
      "verificationStatus": {
        "coding": [ {
          "system": "http://terminology.hl7.org/CodeSystem/condition-ver-status",
          "code": "confirmed",
          "display": "Confirmed"
        } ]
      },
      "category": [ {
        "coding": [ {
          "system": "http://terminology.hl7.org/CodeSystem/condition-category",
          "code": "problem-list-item",
          "display": "Problem List Item"
        } ]
      } ],
      "code": {
        "coding": [ {
          "system": "http://snomed.info/sct",
          "version": "http://snomed.info/sct/731000124108/version/20240301",
          "code": "10091002",
          "display": "High output heart failure (disorder)"
        } ]
      },
      "subject": {
        "reference": "Patient/ad471f87-60ee-48b9-95b8-80f35eb230dd"
      },
      "onsetPeriod": {
        "start": "2026-02-17T08:00:00.000+00:00"
      }
    },
    "request": {
      "method": "PUT",
      "url": "Condition/dfa61bf6-0550-45e3-abf9-7c2efdc42b0f"
    }
  }, {
    "fullUrl": "https://madie.cms.gov/Observation/468a2870-c31d-4f8a-a72a-cb9827ddb14f",
    "resource": {
      "resourceType": "Observation",
      "id": "468a2870-c31d-4f8a-a72a-cb9827ddb14f",
      "meta": {
        "profile": [ "http://hl7.org/fhir/us/qicore/StructureDefinition/qicore-observation-clinical-result" ]
      },
      "status": "final",
      "category": [ {
        "coding": [ {
          "system": "http://terminology.hl7.org/CodeSystem/observation-category",
          "code": "imaging",
          "display": "Imaging"
        } ],
        "text": "Imaging"
      } ],
      "code": {
        "coding": [ {
          "system": "http://loinc.org",
          "version": "2.76",
          "code": "10230-1",
          "display": "Left ventricular Ejection fraction"
        } ]
      },
      "subject": {
        "reference": "Patient/ad471f87-60ee-48b9-95b8-80f35eb230dd"
      },
      "effectiveDateTime": "2026-02-17T08:00:00.000+00:00",
      "valueQuantity": {
        "value": 35,
        "unit": "%",
        "system": "http://unitsofmeasure.org",
        "code": "%"
      }
    },
    "request": {
      "method": "PUT",
      "url": "Observation/468a2870-c31d-4f8a-a72a-cb9827ddb14f"
    }
  }, {
    "fullUrl": "https://madie.cms.gov/Condition/a78d7e33-4bdc-49e9-8260-396b314c2ce0",
    "resource": {
      "resourceType": "Condition",
      "id": "a78d7e33-4bdc-49e9-8260-396b314c2ce0",
      "meta": {
        "profile": [ "http://hl7.org/fhir/us/qicore/StructureDefinition/qicore-condition-problems-health-concerns" ]
      },
      "clinicalStatus": {
        "coding": [ {
          "system": "http://terminology.hl7.org/CodeSystem/condition-clinical",
          "code": "active",
          "display": "Active"
        } ]
      },
      "verificationStatus": {
        "coding": [ {
          "system": "http://terminology.hl7.org/CodeSystem/condition-ver-status",
          "code": "refuted",
          "display": "Refuted"
        } ]
      },
      "category": [ {
        "coding": [ {
          "system": "http://terminology.hl7.org/CodeSystem/condition-category",
          "code": "problem-list-item",
          "display": "Problem List Item"
        } ]
      } ],
      "code": {
        "coding": [ {
          "system": "http://snomed.info/sct",
          "version": "http://snomed.info/sct/731000124108/version/20240301",
          "code": "11082009",
          "display": "Abnormal pregnancy (finding)"
        } ]
      },
      "subject": {
        "reference": "Patient/ad471f87-60ee-48b9-95b8-80f35eb230dd"
      },
      "onsetPeriod": {
        "start": "2026-05-02T08:00:00.000+00:00"
      }
    },
    "request": {
      "method": "PUT",
      "url": "Condition/a78d7e33-4bdc-49e9-8260-396b314c2ce0"
    }
  }, {
    "fullUrl": "https://madie.cms.gov/MeasureReport/c4861398-63b0-44a3-a0c5-2e197665125d",
    "resource": {
      "resourceType": "MeasureReport",
      "id": "c4861398-63b0-44a3-a0c5-2e197665125d",
      "meta": {
        "profile": [ "http://hl7.org/fhir/us/cqfmeasures/StructureDefinition/test-case-cqfm" ]
      },
      "contained": [ {
        "resourceType": "Parameters",
        "id": "638dcfb2-9a13-4c44-8d89-8e7583bd3103-parameters",
        "parameter": [ {
          "name": "subject",
          "valueString": "ad471f87-60ee-48b9-95b8-80f35eb230dd"
        } ]
      } ],
      "extension": [ {
        "url": "http://hl7.org/fhir/StructureDefinition/cqf-inputParameters",
        "valueReference": {
          "reference": "#638dcfb2-9a13-4c44-8d89-8e7583bd3103-parameters"
        }
      }, {
        "url": "http://hl7.org/fhir/us/cqfmeasures/StructureDefinition/cqfm-testCaseDescription",
        "valueMarkdown": "Patient has a pregnancy diagnosis which would qualify them for denominator exception except the onset date is after the encounter period."
      } ],
      "modifierExtension": [ {
        "url": "http://hl7.org/fhir/us/cqfmeasures/StructureDefinition/cqfm-isTestCase",
        "valueBoolean": true
      } ],
      "status": "complete",
      "type": "individual",
      "measure": "https://madie.cms.gov/Measure/CMS135FHIRHFACEIorARBorARNIforLVSD",
      "period": {
        "start": "2026-01-01",
        "end": "2026-12-31"
      },
      "group": [ {
        "id": "Group_1",
        "population": [ {
          "id": "InitialPopulation_1",
          "code": {
            "coding": [ {
              "system": "http://terminology.hl7.org/CodeSystem/measure-population",
              "code": "initial-population",
              "display": "Initial Population"
            } ]
          },
          "count": 1
        }, {
          "id": "Denominator_1",
          "code": {
            "coding": [ {
              "system": "http://terminology.hl7.org/CodeSystem/measure-population",
              "code": "denominator",
              "display": "Denominator"
            } ]
          },
          "count": 1
        }, {
          "id": "DenominatorExclusion_1",
          "code": {
            "coding": [ {
              "system": "http://terminology.hl7.org/CodeSystem/measure-population",
              "code": "denominator-exclusion",
              "display": "Denominator Exclusion"
            } ]
          },
          "count": 0
        }, {
          "id": "Numerator_1",
          "code": {
            "coding": [ {
              "system": "http://terminology.hl7.org/CodeSystem/measure-population",
              "code": "numerator",
              "display": "Numerator"
            } ]
          },
          "count": 0
        }, {
          "id": "DenominatorException_1",
          "code": {
            "coding": [ {
              "system": "http://terminology.hl7.org/CodeSystem/measure-population",
              "code": "denominator-exception",
              "display": "Denominator Exception"
            } ]
          },
          "count": 0
        } ],
        "measureScore": {
          "value": 1.0
        }
      } ],
      "evaluatedResource": [ {
        "reference": "Patient/ad471f87-60ee-48b9-95b8-80f35eb230dd"
      }, {
        "reference": "Encounter/352ff338-8e0b-429d-bd3c-d74828bee9c3"
      }, {
        "reference": "Encounter/77820414-37c8-4eea-8273-077052e73ffc"
      }, {
        "reference": "Condition/dfa61bf6-0550-45e3-abf9-7c2efdc42b0f"
      }, {
        "reference": "Observation/468a2870-c31d-4f8a-a72a-cb9827ddb14f"
      }, {
        "reference": "Condition/a78d7e33-4bdc-49e9-8260-396b314c2ce0"
      } ]
    },
    "request": {
      "method": "PUT",
      "url": "MeasureReport/c4861398-63b0-44a3-a0c5-2e197665125d"
    }
  } ]
}