{
  "resourceType": "Bundle",
  "id": "61095b0998086b53805591a5",
  "type": "transaction",
  "entry": [ {
    "fullUrl": "https://madie.cms.gov/Patient/984c2198-6977-4343-95d8-0405065bd01a",
    "resource": {
      "resourceType": "Patient",
      "id": "984c2198-6977-4343-95d8-0405065bd01a",
      "meta": {
        "profile": [ "http://hl7.org/fhir/us/qicore/StructureDefinition/qicore-patient" ]
      },
      "text": {
        "status": "generated",
        "div": "<div xmlns=\"http://www.w3.org/1999/xhtml\"><div class=\"hapiHeaderText\">Age@18 <b>DENOMPASS </b></div><table class=\"hapiPropertyTable\"><tbody><tr><td>Identifier</td><td>67f3e33acf17bcb386e754d726ed064ccd48ba21ff0ffb2eb678740a684398be</td></tr><tr><td>Date of birth</td><td><span>01 January 1994</span></td></tr></tbody></table></div>"
      },
      "extension": [ {
        "url": "http://hl7.org/fhir/us/core/StructureDefinition/us-core-race",
        "extension": [ {
          "url": "ombCategory",
          "valueCoding": {
            "system": "urn:oid:2.16.840.1.113883.6.238",
            "code": "1002-5",
            "display": "American Indian or Alaska Native",
            "userSelected": true
          }
        }, {
          "url": "text",
          "valueString": "American Indian or Alaska Native"
        } ]
      }, {
        "url": "http://hl7.org/fhir/us/core/StructureDefinition/us-core-ethnicity",
        "extension": [ {
          "url": "ombCategory",
          "valueCoding": {
            "system": "urn:oid:2.16.840.1.113883.6.238",
            "code": "2135-2",
            "display": "Hispanic or Latino",
            "userSelected": true
          }
        }, {
          "url": "text",
          "valueString": "Hispanic or Latino"
        } ]
      } ],
      "identifier": [ {
        "type": {
          "coding": [ {
            "system": "http://terminology.hl7.org/CodeSystem/v2-0203",
            "code": "MR"
          } ]
        },
        "system": "https://bonnie-fhir.healthit.gov/",
        "value": "61095b0998086b53805591a5"
      } ],
      "active": true,
      "name": [ {
        "use": "usual",
        "family": "DENEXPASS",
        "given": [ "OtherEndophthalmitisWithCatSurg" ]
      } ],
      "gender": "female",
      "birthDate": "1996-01-01"
    },
    "request": {
      "method": "PUT",
      "url": "Patient/984c2198-6977-4343-95d8-0405065bd01a"
    }
  }, {
    "fullUrl": "https://madie.cms.gov/Observation/13ffdc1e-82e0-4007-a725-bba2d707c589",
    "resource": {
      "resourceType": "Observation",
      "id": "13ffdc1e-82e0-4007-a725-bba2d707c589",
      "meta": {
        "profile": [ "http://hl7.org/fhir/us/qicore/StructureDefinition/qicore-observation-clinical-result" ]
      },
      "status": "final",
      "category": [ {
        "coding": [ {
          "system": "http://terminology.hl7.org/CodeSystem/observation-category",
          "code": "exam",
          "display": "exam"
        } ]
      } ],
      "code": {
        "coding": [ {
          "system": "http://snomed.info/sct",
          "code": "419775003"
        } ]
      },
      "subject": {
        "reference": "Patient/984c2198-6977-4343-95d8-0405065bd01a"
      },
      "effectivePeriod": {
        "start": "2026-03-13T09:00:00+00:00",
        "end": "2026-03-13T09:30:00+00:00"
      }
    },
    "request": {
      "method": "PUT",
      "url": "Observation/13ffdc1e-82e0-4007-a725-bba2d707c589"
    }
  }, {
    "fullUrl": "https://madie.cms.gov/Procedure/61491257-3970-468a-8d55-160cf67257f5",
    "resource": {
      "resourceType": "Procedure",
      "id": "61491257-3970-468a-8d55-160cf67257f5",
      "meta": {
        "profile": [ "http://hl7.org/fhir/us/qicore/StructureDefinition/qicore-procedure" ]
      },
      "extension": [ {
        "url": "http://hl7.org/fhir/us/qicore/StructureDefinition/qicore-recorded",
        "valueDateTime": "2026-03-05T09:35:00-04:00"
      } ],
      "status": "completed",
      "code": {
        "coding": [ {
          "system": "http://snomed.info/sct",
          "code": "84149000"
        } ]
      },
      "subject": {
        "reference": "Patient/984c2198-6977-4343-95d8-0405065bd01a"
      },
      "performedPeriod": {
        "start": "2026-03-05T09:20:00-04:00",
        "end": "2026-04-05T10:30:00-04:00"
      }
    },
    "request": {
      "method": "PUT",
      "url": "Procedure/61491257-3970-468a-8d55-160cf67257f5"
    }
  }, {
    "fullUrl": "https://madie.cms.gov/Condition/6b4a0d5c-0b9e-48d6-b208-361ba0bc1204",
    "resource": {
      "resourceType": "Condition",
      "id": "6b4a0d5c-0b9e-48d6-b208-361ba0bc1204",
      "meta": {
        "profile": [ "http://hl7.org/fhir/us/qicore/StructureDefinition/qicore-condition-encounter-diagnosis" ]
      },
      "clinicalStatus": {
        "coding": [ {
          "system": "http://terminology.hl7.org/CodeSystem/condition-clinical",
          "code": "active",
          "display": "active",
          "userSelected": true
        } ]
      },
      "category": [ {
        "coding": [ {
          "system": "http://terminology.hl7.org/CodeSystem/condition-clinical",
          "code": "active",
          "display": "active",
          "userSelected": true
        } ]
      } ],
      "code": {
        "coding": [ {
          "system": "http://hl7.org/fhir/sid/icd-10-cm",
          "code": "H16.241",
          "userSelected": true
        }, {
          "system": "http://snomed.info/sct",
          "code": "57100005",
          "userSelected": true
        } ]
      },
      "subject": {
        "reference": "Patient/984c2198-6977-4343-95d8-0405065bd01a"
      },
      "onsetDateTime": "2024-11-01T08:00:00.000+00:00"
    },
    "request": {
      "method": "PUT",
      "url": "Condition/6b4a0d5c-0b9e-48d6-b208-361ba0bc1204"
    }
  }, {
    "fullUrl": "https://madie.cms.gov/Coverage/9ef5e708-db96-45c0-98e0-ca6f55fce9a8",
    "resource": {
      "resourceType": "Coverage",
      "id": "9ef5e708-db96-45c0-98e0-ca6f55fce9a8",
      "meta": {
        "profile": [ "http://hl7.org/fhir/us/qicore/StructureDefinition/qicore-coverage" ]
      },
      "status": "active",
      "beneficiary": {
        "reference": "Patient/984c2198-6977-4343-95d8-0405065bd01a"
      },
      "payor": [ {
        "reference": "Organization/58e8218b-b74b-45fd-8714-c3f465dbeb45"
      } ]
    },
    "request": {
      "method": "PUT",
      "url": "Coverage/9ef5e708-db96-45c0-98e0-ca6f55fce9a8"
    }
  }, {
    "fullUrl": "https://madie.cms.gov/Organization/58e8218b-b74b-45fd-8714-c3f465dbeb45",
    "resource": {
      "resourceType": "Organization",
      "id": "58e8218b-b74b-45fd-8714-c3f465dbeb45",
      "meta": {
        "profile": [ "http://hl7.org/fhir/us/qicore/StructureDefinition/qicore-organization" ]
      },
      "identifier": [ {
        "use": "temp",
        "system": "urn:oid:2.16.840.1.113883.4.4",
        "value": "21-3259825"
      } ],
      "active": true,
      "type": [ {
        "coding": [ {
          "system": "http://terminology.hl7.org/CodeSystem/organization-type",
          "code": "pay",
          "display": "Payer"
        } ]
      } ],
      "name": "Blue Cross Blue Shield of Texas",
      "telecom": [ {
        "system": "phone",
        "value": "(+1) 972-766-6900"
      } ],
      "address": [ {
        "use": "billing",
        "type": "postal",
        "line": [ "P.O. Box 660044" ],
        "city": "Dallas",
        "state": "TX",
        "postalCode": "75266-0044",
        "country": "USA"
      } ]
    },
    "request": {
      "method": "PUT",
      "url": "Organization/58e8218b-b74b-45fd-8714-c3f465dbeb45"
    }
  }, {
    "fullUrl": "https://madie.cms.gov/Practitioner/a9ad488b-e1bd-44bc-8be1-7dc2c92caa22",
    "resource": {
      "resourceType": "Practitioner",
      "id": "a9ad488b-e1bd-44bc-8be1-7dc2c92caa22",
      "meta": {
        "profile": [ "http://hl7.org/fhir/us/qicore/StructureDefinition/qicore-practitioner" ]
      },
      "identifier": [ {
        "system": "http://hl7.org/fhir/sid/us-npi",
        "value": "123456"
      } ],
      "name": [ {
        "family": "Evil",
        "prefix": [ "Dr" ]
      } ]
    },
    "request": {
      "method": "PUT",
      "url": "Practitioner/a9ad488b-e1bd-44bc-8be1-7dc2c92caa22"
    }
  }, {
    "fullUrl": "https://madie.cms.gov/MeasureReport/8a55f46f-cfd5-468c-8b81-9820579a5b4d",
    "resource": {
      "resourceType": "MeasureReport",
      "id": "8a55f46f-cfd5-468c-8b81-9820579a5b4d",
      "meta": {
        "profile": [ "http://hl7.org/fhir/us/cqfmeasures/StructureDefinition/test-case-cqfm" ]
      },
      "contained": [ {
        "resourceType": "Parameters",
        "id": "047eccb5-d6be-4b06-a92a-1c762dcbd8d5-parameters",
        "parameter": [ {
          "name": "subject",
          "valueString": "984c2198-6977-4343-95d8-0405065bd01a"
        } ]
      } ],
      "extension": [ {
        "url": "http://hl7.org/fhir/StructureDefinition/cqf-inputParameters",
        "valueReference": {
          "reference": "#047eccb5-d6be-4b06-a92a-1c762dcbd8d5-parameters"
        }
      }, {
        "url": "http://hl7.org/fhir/us/cqfmeasures/StructureDefinition/cqfm-testCaseDescription",
        "valueMarkdown": "Patient with Othe rEndophthalmitis with cataract surgery. "
      } ],
      "modifierExtension": [ {
        "url": "http://hl7.org/fhir/us/cqfmeasures/StructureDefinition/cqfm-isTestCase",
        "valueBoolean": true
      } ],
      "status": "complete",
      "type": "individual",
      "measure": "https://madie.cms.gov/Measure/CMS133FHIRCataracts2040BCVAwithin90Days",
      "period": {
        "start": "2026-01-01",
        "end": "2026-12-31"
      },
      "group": [ {
        "id": "Group_1",
        "population": [ {
          "id": "InitialPopulation_1",
          "code": {
            "coding": [ {
              "system": "http://terminology.hl7.org/CodeSystem/measure-population",
              "code": "initial-population",
              "display": "Initial Population"
            } ]
          },
          "count": 1
        }, {
          "id": "Denominator_1",
          "code": {
            "coding": [ {
              "system": "http://terminology.hl7.org/CodeSystem/measure-population",
              "code": "denominator",
              "display": "Denominator"
            } ]
          },
          "count": 1
        }, {
          "id": "DenominatorExclusion_1",
          "code": {
            "coding": [ {
              "system": "http://terminology.hl7.org/CodeSystem/measure-population",
              "code": "denominator-exclusion",
              "display": "Denominator Exclusion"
            } ]
          },
          "count": 1
        }, {
          "id": "Numerator_1",
          "code": {
            "coding": [ {
              "system": "http://terminology.hl7.org/CodeSystem/measure-population",
              "code": "numerator",
              "display": "Numerator"
            } ]
          },
          "count": 0
        } ],
        "measureScore": {
          "value": 0.0
        }
      } ],
      "evaluatedResource": [ {
        "reference": "Patient/984c2198-6977-4343-95d8-0405065bd01a"
      }, {
        "reference": "Observation/13ffdc1e-82e0-4007-a725-bba2d707c589"
      }, {
        "reference": "Procedure/61491257-3970-468a-8d55-160cf67257f5"
      }, {
        "reference": "Condition/6b4a0d5c-0b9e-48d6-b208-361ba0bc1204"
      }, {
        "reference": "Coverage/9ef5e708-db96-45c0-98e0-ca6f55fce9a8"
      }, {
        "reference": "Organization/58e8218b-b74b-45fd-8714-c3f465dbeb45"
      }, {
        "reference": "Practitioner/a9ad488b-e1bd-44bc-8be1-7dc2c92caa22"
      } ]
    },
    "request": {
      "method": "PUT",
      "url": "MeasureReport/8a55f46f-cfd5-468c-8b81-9820579a5b4d"
    }
  } ]
}