{
  "resourceType": "Bundle",
  "id": "68468414568746513",
  "type": "transaction",
  "entry": [ {
    "fullUrl": "https://madie.cms.gov/Patient/b6db1aac-34f4-4883-a728-ba988a26c3de",
    "resource": {
      "resourceType": "Patient",
      "id": "b6db1aac-34f4-4883-a728-ba988a26c3de",
      "meta": {
        "profile": [ "http://hl7.org/fhir/us/qicore/StructureDefinition/qicore-patient" ]
      },
      "extension": [ {
        "url": "http://hl7.org/fhir/us/core/StructureDefinition/us-core-race",
        "extension": [ {
          "url": "ombCategory",
          "valueCoding": {
            "system": "urn:oid:2.16.840.1.113883.6.238",
            "code": "1002-5",
            "display": "American Indian or Alaska Native"
          }
        }, {
          "url": "text",
          "valueString": "American Indian or Alaska Native"
        } ]
      }, {
        "url": "http://hl7.org/fhir/us/core/StructureDefinition/us-core-ethnicity",
        "extension": [ {
          "url": "ombCategory",
          "valueCoding": {
            "system": "urn:oid:2.16.840.1.113883.6.238",
            "code": "2135-2",
            "display": "Hispanic or Latino"
          }
        }, {
          "url": "text",
          "valueString": "Hispanic or Latino"
        } ]
      } ],
      "identifier": [ {
        "type": {
          "coding": [ {
            "system": "http://terminology.hl7.org/CodeSystem/v2-0203",
            "code": "MR"
          } ]
        },
        "system": "https://bonnie-fhir.healthit.gov/",
        "value": "643510313413131"
      } ],
      "name": [ {
        "family": "DENEXCEPPass",
        "given": [ "PregnancyDx" ]
      } ],
      "gender": "female",
      "birthDate": "1995-01-02"
    },
    "request": {
      "method": "PUT",
      "url": "Patient/b6db1aac-34f4-4883-a728-ba988a26c3de"
    }
  }, {
    "fullUrl": "https://madie.cms.gov/Encounter/9aa3bd59-9b25-46ba-a240-96d9baedcb0b",
    "resource": {
      "resourceType": "Encounter",
      "id": "9aa3bd59-9b25-46ba-a240-96d9baedcb0b",
      "meta": {
        "profile": [ "http://hl7.org/fhir/us/qicore/StructureDefinition/qicore-encounter" ]
      },
      "status": "finished",
      "class": {
        "system": "http://terminology.hl7.org/CodeSystem/v3-ActCode",
        "code": "AMB",
        "display": "ambulatory"
      },
      "type": [ {
        "coding": [ {
          "system": "http://snomed.info/sct",
          "version": "http://snomed.info/sct/731000124108/version/20240301",
          "code": "185463005",
          "display": "Visit out of hours (procedure)"
        } ]
      } ],
      "subject": {
        "reference": "Patient/b6db1aac-34f4-4883-a728-ba988a26c3de"
      },
      "period": {
        "start": "2026-02-17T08:00:00.000+00:00",
        "end": "2026-02-17T08:15:00.000+00:00"
      }
    },
    "request": {
      "method": "PUT",
      "url": "Encounter/9aa3bd59-9b25-46ba-a240-96d9baedcb0b"
    }
  }, {
    "fullUrl": "https://madie.cms.gov/Encounter/988e12b3-023a-4c42-932c-593c0d3c8412",
    "resource": {
      "resourceType": "Encounter",
      "id": "988e12b3-023a-4c42-932c-593c0d3c8412",
      "meta": {
        "profile": [ "http://hl7.org/fhir/us/qicore/StructureDefinition/qicore-encounter" ]
      },
      "status": "finished",
      "class": {
        "system": "http://terminology.hl7.org/CodeSystem/v3-ActCode",
        "code": "AMB",
        "display": "ambulatory"
      },
      "type": [ {
        "coding": [ {
          "system": "http://snomed.info/sct",
          "version": "http://snomed.info/sct/731000124108/version/20240301",
          "code": "185316007",
          "display": "Indirect encounter (procedure)"
        } ]
      } ],
      "subject": {
        "reference": "Patient/b6db1aac-34f4-4883-a728-ba988a26c3de"
      },
      "period": {
        "start": "2026-12-30T08:00:00.000+00:00",
        "end": "2026-12-30T08:15:00.000+00:00"
      }
    },
    "request": {
      "method": "PUT",
      "url": "Encounter/988e12b3-023a-4c42-932c-593c0d3c8412"
    }
  }, {
    "fullUrl": "https://madie.cms.gov/Condition/dfe0cd7e-7503-4caf-ba53-386dd30b3538",
    "resource": {
      "resourceType": "Condition",
      "id": "dfe0cd7e-7503-4caf-ba53-386dd30b3538",
      "meta": {
        "profile": [ "http://hl7.org/fhir/us/qicore/StructureDefinition/qicore-condition-problems-health-concerns" ]
      },
      "clinicalStatus": {
        "coding": [ {
          "system": "http://terminology.hl7.org/CodeSystem/condition-clinical",
          "code": "active",
          "display": "Active"
        } ]
      },
      "verificationStatus": {
        "coding": [ {
          "system": "http://terminology.hl7.org/CodeSystem/condition-ver-status",
          "code": "confirmed",
          "display": "Confirmed"
        } ]
      },
      "category": [ {
        "coding": [ {
          "system": "http://terminology.hl7.org/CodeSystem/condition-category",
          "code": "problem-list-item",
          "display": "Problem List Item"
        } ]
      } ],
      "code": {
        "coding": [ {
          "system": "http://snomed.info/sct",
          "version": "http://snomed.info/sct/731000124108/version/20240301",
          "code": "10091002",
          "display": "High output heart failure (disorder)"
        } ]
      },
      "subject": {
        "reference": "Patient/b6db1aac-34f4-4883-a728-ba988a26c3de"
      },
      "onsetPeriod": {
        "start": "2026-02-17T08:00:00.000+00:00"
      }
    },
    "request": {
      "method": "PUT",
      "url": "Condition/dfe0cd7e-7503-4caf-ba53-386dd30b3538"
    }
  }, {
    "fullUrl": "https://madie.cms.gov/Observation/39bf988b-02cb-4f02-956e-4339e267493c",
    "resource": {
      "resourceType": "Observation",
      "id": "39bf988b-02cb-4f02-956e-4339e267493c",
      "meta": {
        "profile": [ "http://hl7.org/fhir/us/qicore/StructureDefinition/qicore-observation-clinical-result" ]
      },
      "status": "final",
      "category": [ {
        "coding": [ {
          "system": "http://terminology.hl7.org/CodeSystem/observation-category",
          "code": "imaging",
          "display": "Imaging"
        } ],
        "text": "Imaging"
      } ],
      "code": {
        "coding": [ {
          "system": "http://loinc.org",
          "version": "2.76",
          "code": "10230-1",
          "display": "Left ventricular Ejection fraction"
        } ]
      },
      "subject": {
        "reference": "Patient/b6db1aac-34f4-4883-a728-ba988a26c3de"
      },
      "effectiveDateTime": "2026-02-17T08:00:00.000+00:00",
      "valueQuantity": {
        "value": 35,
        "unit": "%",
        "system": "http://unitsofmeasure.org",
        "code": "%"
      }
    },
    "request": {
      "method": "PUT",
      "url": "Observation/39bf988b-02cb-4f02-956e-4339e267493c"
    }
  }, {
    "fullUrl": "https://madie.cms.gov/Condition/f9ab2641-065f-458d-88df-3c70565b3e35",
    "resource": {
      "resourceType": "Condition",
      "id": "f9ab2641-065f-458d-88df-3c70565b3e35",
      "meta": {
        "profile": [ "http://hl7.org/fhir/us/qicore/StructureDefinition/qicore-condition-encounter-diagnosis" ]
      },
      "clinicalStatus": {
        "coding": [ {
          "system": "http://terminology.hl7.org/CodeSystem/condition-clinical",
          "code": "active",
          "display": "Active"
        } ]
      },
      "verificationStatus": {
        "coding": [ {
          "system": "http://terminology.hl7.org/CodeSystem/condition-ver-status",
          "code": "confirmed",
          "display": "confirmed"
        } ]
      },
      "category": [ {
        "coding": [ {
          "system": "http://terminology.hl7.org/CodeSystem/condition-category",
          "code": "encounter-diagnosis",
          "display": "Encounter Diagnosis"
        } ]
      } ],
      "code": {
        "coding": [ {
          "system": "http://snomed.info/sct",
          "code": "422593004",
          "display": "Acute renal failure caused by angiotensin-converting-enzyme inhibitor (disorder)"
        } ]
      },
      "subject": {
        "reference": "Patient/b6db1aac-34f4-4883-a728-ba988a26c3de"
      },
      "onsetPeriod": {
        "start": "2026-01-02T08:00:00.000+00:00"
      }
    },
    "request": {
      "method": "PUT",
      "url": "Condition/f9ab2641-065f-458d-88df-3c70565b3e35"
    }
  }, {
    "fullUrl": "https://madie.cms.gov/MeasureReport/19e5e649-28ec-4183-b82f-4e9f0ef74058",
    "resource": {
      "resourceType": "MeasureReport",
      "id": "19e5e649-28ec-4183-b82f-4e9f0ef74058",
      "meta": {
        "profile": [ "http://hl7.org/fhir/us/cqfmeasures/StructureDefinition/test-case-cqfm" ]
      },
      "contained": [ {
        "resourceType": "Parameters",
        "id": "6498b7a6-6d4a-435e-85ce-47ee90be9697-parameters",
        "parameter": [ {
          "name": "subject",
          "valueString": "b6db1aac-34f4-4883-a728-ba988a26c3de"
        } ]
      } ],
      "extension": [ {
        "url": "http://hl7.org/fhir/StructureDefinition/cqf-inputParameters",
        "valueReference": {
          "reference": "#6498b7a6-6d4a-435e-85ce-47ee90be9697-parameters"
        }
      }, {
        "url": "http://hl7.org/fhir/us/cqfmeasures/StructureDefinition/cqfm-testCaseDescription",
        "valueMarkdown": "Patient with HF diagnosis, 2 encounters and LVSD observation < 40% not prescribed ACE/ARB but meets denominator exception criteria with pregnancy diagnosis"
      } ],
      "modifierExtension": [ {
        "url": "http://hl7.org/fhir/us/cqfmeasures/StructureDefinition/cqfm-isTestCase",
        "valueBoolean": true
      } ],
      "status": "complete",
      "type": "individual",
      "measure": "https://madie.cms.gov/Measure/CMS135FHIRHFACEIorARBorARNIforLVSD",
      "period": {
        "start": "2026-01-01",
        "end": "2026-12-31"
      },
      "group": [ {
        "id": "Group_1",
        "population": [ {
          "id": "InitialPopulation_1",
          "code": {
            "coding": [ {
              "system": "http://terminology.hl7.org/CodeSystem/measure-population",
              "code": "initial-population",
              "display": "Initial Population"
            } ]
          },
          "count": 1
        }, {
          "id": "Denominator_1",
          "code": {
            "coding": [ {
              "system": "http://terminology.hl7.org/CodeSystem/measure-population",
              "code": "denominator",
              "display": "Denominator"
            } ]
          },
          "count": 1
        }, {
          "id": "DenominatorExclusion_1",
          "code": {
            "coding": [ {
              "system": "http://terminology.hl7.org/CodeSystem/measure-population",
              "code": "denominator-exclusion",
              "display": "Denominator Exclusion"
            } ]
          },
          "count": 0
        }, {
          "id": "Numerator_1",
          "code": {
            "coding": [ {
              "system": "http://terminology.hl7.org/CodeSystem/measure-population",
              "code": "numerator",
              "display": "Numerator"
            } ]
          },
          "count": 0
        }, {
          "id": "DenominatorException_1",
          "code": {
            "coding": [ {
              "system": "http://terminology.hl7.org/CodeSystem/measure-population",
              "code": "denominator-exception",
              "display": "Denominator Exception"
            } ]
          },
          "count": 1
        } ],
        "measureScore": {
          "value": 1.0
        }
      } ],
      "evaluatedResource": [ {
        "reference": "Patient/b6db1aac-34f4-4883-a728-ba988a26c3de"
      }, {
        "reference": "Encounter/9aa3bd59-9b25-46ba-a240-96d9baedcb0b"
      }, {
        "reference": "Encounter/988e12b3-023a-4c42-932c-593c0d3c8412"
      }, {
        "reference": "Condition/dfe0cd7e-7503-4caf-ba53-386dd30b3538"
      }, {
        "reference": "Observation/39bf988b-02cb-4f02-956e-4339e267493c"
      }, {
        "reference": "Condition/f9ab2641-065f-458d-88df-3c70565b3e35"
      } ]
    },
    "request": {
      "method": "PUT",
      "url": "MeasureReport/19e5e649-28ec-4183-b82f-4e9f0ef74058"
    }
  } ]
}