{
  "resourceType": "Bundle",
  "id": "464613151313",
  "type": "transaction",
  "entry": [ {
    "fullUrl": "https://madie.cms.gov/Patient/aaf16c93-5fa4-451f-aecf-38112e202353",
    "resource": {
      "resourceType": "Patient",
      "id": "aaf16c93-5fa4-451f-aecf-38112e202353",
      "meta": {
        "profile": [ "http://hl7.org/fhir/us/qicore/StructureDefinition/qicore-patient" ]
      },
      "extension": [ {
        "url": "http://hl7.org/fhir/us/core/StructureDefinition/us-core-race",
        "extension": [ {
          "url": "ombCategory",
          "valueCoding": {
            "system": "urn:oid:2.16.840.1.113883.6.238",
            "code": "2106-3",
            "display": "White"
          }
        }, {
          "url": "text",
          "valueString": "White"
        } ]
      }, {
        "url": "http://hl7.org/fhir/us/core/StructureDefinition/us-core-ethnicity",
        "extension": [ {
          "url": "ombCategory",
          "valueCoding": {
            "system": "urn:oid:2.16.840.1.113883.6.238",
            "code": "2135-2",
            "display": "Hispanic or Latino"
          }
        }, {
          "url": "text",
          "valueString": "Hispanic or Latino"
        } ]
      } ],
      "identifier": [ {
        "type": {
          "coding": [ {
            "system": "http://terminology.hl7.org/CodeSystem/v2-0203",
            "code": "MR"
          } ]
        },
        "system": "https://bonnie-fhir.healthit.gov/",
        "value": "1241254783asdf13215321sd"
      } ],
      "name": [ {
        "family": "DENOMPass",
        "given": [ "OV1stDayOfYearEdge" ]
      } ],
      "gender": "female",
      "birthDate": "1944-03-15"
    },
    "request": {
      "method": "PUT",
      "url": "Patient/aaf16c93-5fa4-451f-aecf-38112e202353"
    }
  }, {
    "fullUrl": "https://madie.cms.gov/Condition/e938d28d-3a8e-4498-86d8-1c9bb13b1cd7",
    "resource": {
      "resourceType": "Condition",
      "id": "e938d28d-3a8e-4498-86d8-1c9bb13b1cd7",
      "meta": {
        "profile": [ "http://hl7.org/fhir/us/qicore/StructureDefinition/qicore-condition-problems-health-concerns" ]
      },
      "clinicalStatus": {
        "coding": [ {
          "system": "http://terminology.hl7.org/CodeSystem/condition-clinical",
          "code": "active",
          "display": "Active"
        } ]
      },
      "verificationStatus": {
        "coding": [ {
          "system": "http://terminology.hl7.org/CodeSystem/condition-ver-status",
          "code": "confirmed",
          "display": "Confirmed"
        } ]
      },
      "category": [ {
        "coding": [ {
          "system": "http://terminology.hl7.org/CodeSystem/condition-category",
          "code": "problem-list-item",
          "display": "Problem List Item"
        } ]
      } ],
      "code": {
        "coding": [ {
          "system": "http://hl7.org/fhir/sid/icd-10-cm",
          "version": "2024",
          "code": "C67.1",
          "display": "Malignant neoplasm of dome of bladder"
        } ]
      },
      "subject": {
        "reference": "Patient/aaf16c93-5fa4-451f-aecf-38112e202353"
      },
      "onsetPeriod": {
        "start": "2026-01-01T08:00:00.000+00:00"
      }
    },
    "request": {
      "method": "PUT",
      "url": "Condition/e938d28d-3a8e-4498-86d8-1c9bb13b1cd7"
    }
  }, {
    "fullUrl": "https://madie.cms.gov/Encounter/e7fade0d-532e-40be-9192-e33102368ac1",
    "resource": {
      "resourceType": "Encounter",
      "id": "e7fade0d-532e-40be-9192-e33102368ac1",
      "meta": {
        "profile": [ "http://hl7.org/fhir/us/qicore/StructureDefinition/qicore-encounter" ]
      },
      "status": "finished",
      "class": {
        "system": "http://terminology.hl7.org/CodeSystem/v3-ActCode",
        "code": "AMB",
        "display": "ambulatory"
      },
      "type": [ {
        "coding": [ {
          "system": "http://snomed.info/sct",
          "version": "http://snomed.info/sct/731000124108/version/20240301",
          "code": "185463005",
          "display": "Visit out of hours (procedure)"
        } ]
      } ],
      "subject": {
        "reference": "Patient/aaf16c93-5fa4-451f-aecf-38112e202353"
      },
      "period": {
        "start": "2026-01-01T08:00:00.000+00:00",
        "end": "2026-01-01T08:15:00.000+00:00"
      }
    },
    "request": {
      "method": "PUT",
      "url": "Encounter/e7fade0d-532e-40be-9192-e33102368ac1"
    }
  }, {
    "fullUrl": "https://madie.cms.gov/Procedure/fe5c4571-8676-4882-b689-8f3ab43b2022",
    "resource": {
      "resourceType": "Procedure",
      "id": "fe5c4571-8676-4882-b689-8f3ab43b2022",
      "meta": {
        "profile": [ "http://hl7.org/fhir/us/qicore/StructureDefinition/qicore-procedure" ]
      },
      "extension": [ {
        "url": "http://hl7.org/fhir/us/qicore/StructureDefinition/qicore-recorded",
        "valueDateTime": "2026-04-06T08:00:00.000+00:00"
      } ],
      "status": "completed",
      "code": {
        "coding": [ {
          "system": "http://snomed.info/sct",
          "version": "http://snomed.info/sct/731000124108/version/20240301",
          "code": "254292007",
          "display": "Tumor staging"
        } ]
      },
      "subject": {
        "reference": "Patient/aaf16c93-5fa4-451f-aecf-38112e202353"
      },
      "performedPeriod": {
        "start": "2026-01-01T08:00:00.000+00:00",
        "end": "2026-01-01T08:15:00.000+00:00"
      }
    },
    "request": {
      "method": "PUT",
      "url": "Procedure/fe5c4571-8676-4882-b689-8f3ab43b2022"
    }
  }, {
    "fullUrl": "https://madie.cms.gov/Observation/fb6c5b62-16a1-4f98-8cad-373dfa9bedf7",
    "resource": {
      "resourceType": "Observation",
      "id": "fb6c5b62-16a1-4f98-8cad-373dfa9bedf7",
      "meta": {
        "profile": [ "http://hl7.org/fhir/us/qicore/StructureDefinition/qicore-observation-lab" ]
      },
      "partOf": [ {
        "reference": "Procedure/fe5c4571-8676-4882-b689-8f3ab43b2022"
      } ],
      "status": "final",
      "category": [ {
        "coding": [ {
          "system": "http://terminology.hl7.org/CodeSystem/observation-category",
          "code": "procedure",
          "display": "Procedure"
        } ]
      } ],
      "code": {
        "coding": [ {
          "system": "http://loinc.org",
          "version": "2.76",
          "code": "21902-2",
          "display": "Stage group.pathology Cancer"
        } ]
      },
      "subject": {
        "reference": "Patient/aaf16c93-5fa4-451f-aecf-38112e202353"
      },
      "effectivePeriod": {
        "start": "2026-01-01T08:00:00.000+00:00",
        "end": "2026-01-01T08:15:00.000+00:00"
      },
      "issued": "2026-01-01T08:10:00.000+00:00",
      "valueCodeableConcept": {
        "coding": [ {
          "system": "http://hl7.org/fhir/sid/icd-10-cm",
          "version": "http://snomed.info/sct/731000124108/version/20240301",
          "code": "D09.0",
          "display": "Carcinoma in situ of bladder"
        } ]
      }
    },
    "request": {
      "method": "PUT",
      "url": "Observation/fb6c5b62-16a1-4f98-8cad-373dfa9bedf7"
    }
  }, {
    "fullUrl": "https://madie.cms.gov/MeasureReport/187ae365-a7be-4a4c-9d76-1d8cd033f388",
    "resource": {
      "resourceType": "MeasureReport",
      "id": "187ae365-a7be-4a4c-9d76-1d8cd033f388",
      "meta": {
        "profile": [ "http://hl7.org/fhir/us/cqfmeasures/StructureDefinition/test-case-cqfm" ]
      },
      "contained": [ {
        "resourceType": "Parameters",
        "id": "62542bf5-c4db-4cfb-ae97-647a863d8682-parameters",
        "parameter": [ {
          "name": "subject",
          "valueString": "aaf16c93-5fa4-451f-aecf-38112e202353"
        } ]
      } ],
      "extension": [ {
        "url": "http://hl7.org/fhir/StructureDefinition/cqf-inputParameters",
        "valueReference": {
          "reference": "#62542bf5-c4db-4cfb-ae97-647a863d8682-parameters"
        }
      }, {
        "url": "http://hl7.org/fhir/us/cqfmeasures/StructureDefinition/cqfm-testCaseDescription",
        "valueMarkdown": "Female with OV in MP. Has Bladder Cancer and Bladder Cancer staging with first BCG in MP but with wrong code Fails as expected."
      } ],
      "modifierExtension": [ {
        "url": "http://hl7.org/fhir/us/cqfmeasures/StructureDefinition/cqfm-isTestCase",
        "valueBoolean": true
      } ],
      "status": "complete",
      "type": "individual",
      "measure": "https://madie.cms.gov/Measure/CMS646FHIRIntravesicalBacillusCalmetteGuerinForBladderCancer",
      "period": {
        "start": "2026-01-01",
        "end": "2026-12-31"
      },
      "group": [ {
        "id": "Group_1",
        "population": [ {
          "id": "InitialPopulation_1",
          "code": {
            "coding": [ {
              "system": "http://terminology.hl7.org/CodeSystem/measure-population",
              "code": "initial-population",
              "display": "Initial Population"
            } ]
          },
          "count": 1
        }, {
          "id": "Denominator_1",
          "code": {
            "coding": [ {
              "system": "http://terminology.hl7.org/CodeSystem/measure-population",
              "code": "denominator",
              "display": "Denominator"
            } ]
          },
          "count": 1
        }, {
          "id": "DenominatorExclusion_1",
          "code": {
            "coding": [ {
              "system": "http://terminology.hl7.org/CodeSystem/measure-population",
              "code": "denominator-exclusion",
              "display": "Denominator Exclusion"
            } ]
          },
          "count": 0
        }, {
          "id": "Numerator_1",
          "code": {
            "coding": [ {
              "system": "http://terminology.hl7.org/CodeSystem/measure-population",
              "code": "numerator",
              "display": "Numerator"
            } ]
          },
          "count": 0
        }, {
          "id": "DenominatorException_1",
          "code": {
            "coding": [ {
              "system": "http://terminology.hl7.org/CodeSystem/measure-population",
              "code": "denominator-exception",
              "display": "Denominator Exception"
            } ]
          },
          "count": 0
        } ],
        "measureScore": {
          "value": 1.0
        }
      } ],
      "evaluatedResource": [ {
        "reference": "Patient/aaf16c93-5fa4-451f-aecf-38112e202353"
      }, {
        "reference": "Condition/e938d28d-3a8e-4498-86d8-1c9bb13b1cd7"
      }, {
        "reference": "Encounter/e7fade0d-532e-40be-9192-e33102368ac1"
      }, {
        "reference": "Procedure/fe5c4571-8676-4882-b689-8f3ab43b2022"
      }, {
        "reference": "Observation/fb6c5b62-16a1-4f98-8cad-373dfa9bedf7"
      } ]
    },
    "request": {
      "method": "PUT",
      "url": "MeasureReport/187ae365-a7be-4a4c-9d76-1d8cd033f388"
    }
  } ]
}