{
  "resourceType": "Bundle",
  "id": "NUMPass-InitOblique90DaysB4THAFUOblique425DaysAfterTHA",
  "type": "transaction",
  "entry": [ {
    "fullUrl": "https://madie.cms.gov/Patient/8c6fe4a4-da12-40bd-94c7-0e932653f672",
    "resource": {
      "resourceType": "Patient",
      "id": "8c6fe4a4-da12-40bd-94c7-0e932653f672",
      "meta": {
        "profile": [ "http://hl7.org/fhir/us/qicore/StructureDefinition/qicore-patient" ]
      },
      "extension": [ {
        "url": "http://hl7.org/fhir/us/core/StructureDefinition/us-core-race",
        "extension": [ {
          "url": "ombCategory",
          "valueCoding": {
            "system": "urn:oid:2.16.840.1.113883.6.238",
            "code": "2028-9",
            "display": "Asian"
          }
        }, {
          "url": "text",
          "valueString": "Asian"
        } ]
      }, {
        "url": "http://hl7.org/fhir/us/core/StructureDefinition/us-core-ethnicity",
        "extension": [ {
          "url": "ombCategory",
          "valueCoding": {
            "system": "urn:oid:2.16.840.1.113883.6.238",
            "code": "2135-2",
            "display": "Hispanic or Latino"
          }
        }, {
          "url": "text",
          "valueString": "Hispanic or Latino"
        } ]
      } ],
      "identifier": [ {
        "system": "http://hospital.smarthealthit.org",
        "value": "999999995"
      } ],
      "name": [ {
        "family": "Bertha",
        "given": [ "Betty" ]
      } ],
      "gender": "female",
      "birthDate": "2007-01-01"
    },
    "request": {
      "method": "PUT",
      "url": "Patient/8c6fe4a4-da12-40bd-94c7-0e932653f672"
    }
  }, {
    "fullUrl": "https://madie.cms.gov/Procedure/5ffaa2f1-2590-415e-bd96-ec326bfdca4e",
    "resource": {
      "resourceType": "Procedure",
      "id": "5ffaa2f1-2590-415e-bd96-ec326bfdca4e",
      "meta": {
        "profile": [ "http://hl7.org/fhir/us/qicore/StructureDefinition/qicore-procedure" ]
      },
      "extension": [ {
        "url": "http://hl7.org/fhir/us/qicore/StructureDefinition/qicore-recorded",
        "valueDateTime": "2024-11-01T00:00:00.000Z"
      } ],
      "status": "completed",
      "code": {
        "coding": [ {
          "system": "http://www.cms.gov/Medicare/Coding/ICD10",
          "code": "0SR9019",
          "display": "Replacement of Right Hip Joint with Metal Synthetic Substitute, Cemented, Open Approach"
        } ]
      },
      "subject": {
        "reference": "Patient/8c6fe4a4-da12-40bd-94c7-0e932653f672"
      },
      "performedPeriod": {
        "start": "2024-11-01T00:00:00.000Z",
        "end": "2024-11-01T01:00:00.000Z"
      }
    },
    "request": {
      "method": "PUT",
      "url": "Procedure/5ffaa2f1-2590-415e-bd96-ec326bfdca4e"
    }
  }, {
    "fullUrl": "https://madie.cms.gov/Encounter/70dd4359-2f95-4e72-b024-3bb8b0a87481",
    "resource": {
      "resourceType": "Encounter",
      "id": "70dd4359-2f95-4e72-b024-3bb8b0a87481",
      "meta": {
        "profile": [ "http://hl7.org/fhir/us/qicore/StructureDefinition/qicore-encounter" ]
      },
      "status": "finished",
      "class": {
        "system": "http://terminology.hl7.org/CodeSystem/v3-ActCode",
        "code": "AMB",
        "display": "ambulatory"
      },
      "type": [ {
        "coding": [ {
          "system": "http://snomed.info/sct",
          "code": "281036007",
          "display": "Follow-up consultation (procedure)"
        } ]
      } ],
      "subject": {
        "reference": "Patient/8c6fe4a4-da12-40bd-94c7-0e932653f672"
      },
      "period": {
        "start": "2025-11-01T00:00:00.000Z",
        "end": "2025-11-01T01:15:00.000Z"
      }
    },
    "request": {
      "method": "PUT",
      "url": "Encounter/70dd4359-2f95-4e72-b024-3bb8b0a87481"
    }
  }, {
    "fullUrl": "https://madie.cms.gov/Observation/d287d47f-236d-424e-b224-cf6762945fda",
    "resource": {
      "resourceType": "Observation",
      "id": "d287d47f-236d-424e-b224-cf6762945fda",
      "meta": {
        "profile": [ "http://hl7.org/fhir/us/qicore/StructureDefinition/qicore-observation-screening-assessment" ]
      },
      "status": "final",
      "category": [ {
        "coding": [ {
          "system": "http://terminology.hl7.org/CodeSystem/observation-category",
          "code": "survey"
        } ]
      } ],
      "code": {
        "coding": [ {
          "system": "http://loinc.org",
          "code": "72026-8",
          "display": "VR-12 Mental component summary (MCS) score - oblique method T-score"
        } ]
      },
      "subject": {
        "reference": "Patient/8c6fe4a4-da12-40bd-94c7-0e932653f672"
      },
      "effectivePeriod": {
        "start": "2024-08-03T00:00:00.000Z",
        "end": "2024-08-03T01:00:00.000Z"
      },
      "valueInteger": 60
    },
    "request": {
      "method": "PUT",
      "url": "Observation/d287d47f-236d-424e-b224-cf6762945fda"
    }
  }, {
    "fullUrl": "https://madie.cms.gov/Observation/caf7b981-13ba-45fb-a66d-88a2741c7765",
    "resource": {
      "resourceType": "Observation",
      "id": "caf7b981-13ba-45fb-a66d-88a2741c7765",
      "meta": {
        "profile": [ "http://hl7.org/fhir/us/qicore/StructureDefinition/qicore-observation-screening-assessment" ]
      },
      "status": "final",
      "category": [ {
        "coding": [ {
          "system": "http://terminology.hl7.org/CodeSystem/observation-category",
          "code": "survey"
        } ]
      } ],
      "code": {
        "coding": [ {
          "system": "http://loinc.org",
          "code": "72025-0",
          "display": "VR-12 Physical component summary (PCS) score - oblique method T-score"
        } ]
      },
      "subject": {
        "reference": "Patient/8c6fe4a4-da12-40bd-94c7-0e932653f672"
      },
      "effectivePeriod": {
        "start": "2024-08-03T00:00:00.000Z",
        "end": "2024-08-03T01:00:00.000Z"
      },
      "valueInteger": 60
    },
    "request": {
      "method": "PUT",
      "url": "Observation/caf7b981-13ba-45fb-a66d-88a2741c7765"
    }
  }, {
    "fullUrl": "https://madie.cms.gov/Observation/62d4011a-4429-4955-aff5-43c01a782745",
    "resource": {
      "resourceType": "Observation",
      "id": "62d4011a-4429-4955-aff5-43c01a782745",
      "meta": {
        "profile": [ "http://hl7.org/fhir/us/qicore/StructureDefinition/qicore-observation-screening-assessment" ]
      },
      "status": "final",
      "category": [ {
        "coding": [ {
          "system": "http://terminology.hl7.org/CodeSystem/observation-category",
          "code": "survey"
        } ]
      } ],
      "code": {
        "coding": [ {
          "system": "http://loinc.org",
          "code": "72026-8",
          "display": "VR-12 Mental component summary (MCS) score - oblique method T-score"
        } ]
      },
      "subject": {
        "reference": "Patient/8c6fe4a4-da12-40bd-94c7-0e932653f672"
      },
      "effectivePeriod": {
        "start": "2025-12-30T00:00:00.000Z",
        "end": "2025-12-30T01:00:00.000Z"
      },
      "valueInteger": 60
    },
    "request": {
      "method": "PUT",
      "url": "Observation/62d4011a-4429-4955-aff5-43c01a782745"
    }
  }, {
    "fullUrl": "https://madie.cms.gov/Observation/ffac9edf-9ea6-4620-8f01-33fa2b2d2cac",
    "resource": {
      "resourceType": "Observation",
      "id": "ffac9edf-9ea6-4620-8f01-33fa2b2d2cac",
      "meta": {
        "profile": [ "http://hl7.org/fhir/us/qicore/StructureDefinition/qicore-observation-screening-assessment" ]
      },
      "status": "final",
      "category": [ {
        "coding": [ {
          "system": "http://terminology.hl7.org/CodeSystem/observation-category",
          "code": "survey"
        } ]
      } ],
      "code": {
        "coding": [ {
          "system": "http://loinc.org",
          "code": "72025-0",
          "display": "VR-12 Physical component summary (PCS) score - oblique method T-score"
        } ]
      },
      "subject": {
        "reference": "Patient/8c6fe4a4-da12-40bd-94c7-0e932653f672"
      },
      "effectivePeriod": {
        "start": "2025-12-30T00:00:00.000Z",
        "end": "2025-12-30T01:00:00.000Z"
      },
      "valueInteger": 60
    },
    "request": {
      "method": "PUT",
      "url": "Observation/ffac9edf-9ea6-4620-8f01-33fa2b2d2cac"
    }
  }, {
    "fullUrl": "https://madie.cms.gov/MeasureReport/ae95f53d-b12f-455f-9330-16fe96a66634",
    "resource": {
      "resourceType": "MeasureReport",
      "id": "ae95f53d-b12f-455f-9330-16fe96a66634",
      "meta": {
        "profile": [ "http://hl7.org/fhir/us/cqfmeasures/StructureDefinition/test-case-cqfm" ]
      },
      "contained": [ {
        "resourceType": "Parameters",
        "id": "266f4597-e048-4e72-b87d-934bacb76a69-parameters",
        "parameter": [ {
          "name": "subject",
          "valueString": "8c6fe4a4-da12-40bd-94c7-0e932653f672"
        } ]
      } ],
      "extension": [ {
        "url": "http://hl7.org/fhir/StructureDefinition/cqf-inputParameters",
        "valueReference": {
          "reference": "#266f4597-e048-4e72-b87d-934bacb76a69-parameters"
        }
      }, {
        "url": "http://hl7.org/fhir/us/cqfmeasures/StructureDefinition/cqfm-testCaseDescription",
        "valueMarkdown": "Patient w/ a THA Procedure 11/1, Initial Hip Assessment Oblique 90 days before THA Procedure(8/3), and FollowUp Hip Assessment Oblique 425 days after THA Procedure (12/30)"
      } ],
      "modifierExtension": [ {
        "url": "http://hl7.org/fhir/us/cqfmeasures/StructureDefinition/cqfm-isTestCase",
        "valueBoolean": true
      } ],
      "status": "complete",
      "type": "individual",
      "measure": "https://madie.cms.gov/Measure/CMS56FHIRFunctionalStatusAssessmentforTotalHipReplacement",
      "period": {
        "start": "2026-01-01",
        "end": "2026-12-31"
      },
      "group": [ {
        "id": "Group_1",
        "population": [ {
          "id": "InitialPopulation_1",
          "code": {
            "coding": [ {
              "system": "http://terminology.hl7.org/CodeSystem/measure-population",
              "code": "initial-population",
              "display": "Initial Population"
            } ]
          },
          "count": 1
        }, {
          "id": "Denominator_1",
          "code": {
            "coding": [ {
              "system": "http://terminology.hl7.org/CodeSystem/measure-population",
              "code": "denominator",
              "display": "Denominator"
            } ]
          },
          "count": 1
        }, {
          "id": "DenominatorExclusion_1",
          "code": {
            "coding": [ {
              "system": "http://terminology.hl7.org/CodeSystem/measure-population",
              "code": "denominator-exclusion",
              "display": "Denominator Exclusion"
            } ]
          },
          "count": 0
        }, {
          "id": "Numerator_1",
          "code": {
            "coding": [ {
              "system": "http://terminology.hl7.org/CodeSystem/measure-population",
              "code": "numerator",
              "display": "Numerator"
            } ]
          },
          "count": 1
        } ],
        "measureScore": {
          "value": 1.0
        }
      } ],
      "evaluatedResource": [ {
        "reference": "Patient/8c6fe4a4-da12-40bd-94c7-0e932653f672"
      }, {
        "reference": "Procedure/5ffaa2f1-2590-415e-bd96-ec326bfdca4e"
      }, {
        "reference": "Encounter/70dd4359-2f95-4e72-b024-3bb8b0a87481"
      }, {
        "reference": "Observation/d287d47f-236d-424e-b224-cf6762945fda"
      }, {
        "reference": "Observation/caf7b981-13ba-45fb-a66d-88a2741c7765"
      }, {
        "reference": "Observation/62d4011a-4429-4955-aff5-43c01a782745"
      }, {
        "reference": "Observation/ffac9edf-9ea6-4620-8f01-33fa2b2d2cac"
      } ]
    },
    "request": {
      "method": "PUT",
      "url": "MeasureReport/ae95f53d-b12f-455f-9330-16fe96a66634"
    }
  } ]
}