{
  "resourceType": "Bundle",
  "id": "61095b0998086b53805591a5",
  "type": "transaction",
  "entry": [ {
    "fullUrl": "https://madie.cms.gov/Patient/8a17d53d-d7c9-4d0f-944a-7ae057e1cf78",
    "resource": {
      "resourceType": "Patient",
      "id": "8a17d53d-d7c9-4d0f-944a-7ae057e1cf78",
      "meta": {
        "profile": [ "http://hl7.org/fhir/us/qicore/StructureDefinition/qicore-patient" ]
      },
      "text": {
        "status": "generated",
        "div": "<div xmlns=\"http://www.w3.org/1999/xhtml\"><div class=\"hapiHeaderText\">Age@18 <b>DENOMPASS </b></div><table class=\"hapiPropertyTable\"><tbody><tr><td>Identifier</td><td>67f3e33acf17bcb386e754d726ed064ccd48ba21ff0ffb2eb678740a684398be</td></tr><tr><td>Date of birth</td><td><span>01 January 1994</span></td></tr></tbody></table></div>"
      },
      "extension": [ {
        "url": "http://hl7.org/fhir/us/core/StructureDefinition/us-core-race",
        "extension": [ {
          "url": "ombCategory",
          "valueCoding": {
            "system": "urn:oid:2.16.840.1.113883.6.238",
            "code": "1002-5",
            "display": "American Indian or Alaska Native",
            "userSelected": true
          }
        }, {
          "url": "text",
          "valueString": "American Indian or Alaska Native"
        } ]
      }, {
        "url": "http://hl7.org/fhir/us/core/StructureDefinition/us-core-ethnicity",
        "extension": [ {
          "url": "ombCategory",
          "valueCoding": {
            "system": "urn:oid:2.16.840.1.113883.6.238",
            "code": "2135-2",
            "display": "Hispanic or Latino",
            "userSelected": true
          }
        }, {
          "url": "text",
          "valueString": "Hispanic or Latino"
        } ]
      } ],
      "identifier": [ {
        "type": {
          "coding": [ {
            "system": "http://terminology.hl7.org/CodeSystem/v2-0203",
            "code": "MR"
          } ]
        },
        "system": "https://bonnie-fhir.healthit.gov/",
        "value": "61095b0998086b53805591a5"
      } ],
      "active": true,
      "name": [ {
        "use": "usual",
        "family": "DENEXPASS",
        "given": [ "CornealEdemaWithCatSurg" ]
      } ],
      "gender": "female",
      "birthDate": "1996-01-01"
    },
    "request": {
      "method": "PUT",
      "url": "Patient/8a17d53d-d7c9-4d0f-944a-7ae057e1cf78"
    }
  }, {
    "fullUrl": "https://madie.cms.gov/Observation/76479d93-5631-4b2c-8d5a-e456587ff709",
    "resource": {
      "resourceType": "Observation",
      "id": "76479d93-5631-4b2c-8d5a-e456587ff709",
      "meta": {
        "profile": [ "http://hl7.org/fhir/us/qicore/StructureDefinition/qicore-observation-clinical-result" ]
      },
      "status": "final",
      "category": [ {
        "coding": [ {
          "system": "http://terminology.hl7.org/CodeSystem/observation-category",
          "code": "exam",
          "display": "exam"
        } ]
      } ],
      "code": {
        "coding": [ {
          "system": "http://snomed.info/sct",
          "code": "419775003"
        } ]
      },
      "subject": {
        "reference": "Patient/8a17d53d-d7c9-4d0f-944a-7ae057e1cf78"
      },
      "effectivePeriod": {
        "start": "2026-03-13T09:00:00+00:00",
        "end": "2026-03-13T09:30:00+00:00"
      }
    },
    "request": {
      "method": "PUT",
      "url": "Observation/76479d93-5631-4b2c-8d5a-e456587ff709"
    }
  }, {
    "fullUrl": "https://madie.cms.gov/Procedure/c9b1913a-b8fe-447e-8545-083eb768d1ea",
    "resource": {
      "resourceType": "Procedure",
      "id": "c9b1913a-b8fe-447e-8545-083eb768d1ea",
      "meta": {
        "profile": [ "http://hl7.org/fhir/us/qicore/StructureDefinition/qicore-procedure" ]
      },
      "extension": [ {
        "url": "http://hl7.org/fhir/us/qicore/StructureDefinition/qicore-recorded",
        "valueDateTime": "2026-03-05T09:35:00-04:00"
      } ],
      "status": "completed",
      "code": {
        "coding": [ {
          "system": "http://snomed.info/sct",
          "code": "84149000"
        } ]
      },
      "subject": {
        "reference": "Patient/8a17d53d-d7c9-4d0f-944a-7ae057e1cf78"
      },
      "performedPeriod": {
        "start": "2026-03-05T09:20:00-04:00",
        "end": "2026-04-05T10:30:00-04:00"
      }
    },
    "request": {
      "method": "PUT",
      "url": "Procedure/c9b1913a-b8fe-447e-8545-083eb768d1ea"
    }
  }, {
    "fullUrl": "https://madie.cms.gov/Condition/9248104f-6a9a-47a3-9084-0daba913e31c",
    "resource": {
      "resourceType": "Condition",
      "id": "9248104f-6a9a-47a3-9084-0daba913e31c",
      "meta": {
        "profile": [ "http://hl7.org/fhir/us/qicore/StructureDefinition/qicore-condition-problems-health-concerns" ]
      },
      "clinicalStatus": {
        "coding": [ {
          "system": "http://terminology.hl7.org/CodeSystem/condition-clinical",
          "code": "active",
          "display": "active",
          "userSelected": true
        } ]
      },
      "category": [ {
        "coding": [ {
          "system": "http://terminology.hl7.org/CodeSystem/condition-clinical",
          "code": "active",
          "display": "active",
          "userSelected": true
        } ]
      } ],
      "code": {
        "coding": [ {
          "system": "http://hl7.org/fhir/sid/icd-10-cm",
          "code": "H18.43",
          "userSelected": true
        }, {
          "system": "http://snomed.info/sct",
          "code": "77797009",
          "display": "Hereditary corneal dystrophy (disorder)",
          "userSelected": true
        } ]
      },
      "subject": {
        "reference": "Patient/8a17d53d-d7c9-4d0f-944a-7ae057e1cf78"
      },
      "onsetDateTime": "2024-11-01T08:00:00.000+00:00"
    },
    "request": {
      "method": "PUT",
      "url": "Condition/9248104f-6a9a-47a3-9084-0daba913e31c"
    }
  }, {
    "fullUrl": "https://madie.cms.gov/Coverage/48130636-d9df-47aa-9c2c-09426e0246ae",
    "resource": {
      "resourceType": "Coverage",
      "id": "48130636-d9df-47aa-9c2c-09426e0246ae",
      "meta": {
        "profile": [ "http://hl7.org/fhir/us/qicore/StructureDefinition/qicore-coverage" ]
      },
      "status": "active",
      "beneficiary": {
        "reference": "Patient/8a17d53d-d7c9-4d0f-944a-7ae057e1cf78"
      },
      "payor": [ {
        "reference": "Organization/53972a25-f245-4959-92cb-33a4d23bb883"
      } ]
    },
    "request": {
      "method": "PUT",
      "url": "Coverage/48130636-d9df-47aa-9c2c-09426e0246ae"
    }
  }, {
    "fullUrl": "https://madie.cms.gov/Organization/53972a25-f245-4959-92cb-33a4d23bb883",
    "resource": {
      "resourceType": "Organization",
      "id": "53972a25-f245-4959-92cb-33a4d23bb883",
      "meta": {
        "profile": [ "http://hl7.org/fhir/us/qicore/StructureDefinition/qicore-organization" ]
      },
      "identifier": [ {
        "use": "temp",
        "system": "urn:oid:2.16.840.1.113883.4.4",
        "value": "21-3259825"
      } ],
      "active": true,
      "type": [ {
        "coding": [ {
          "system": "http://terminology.hl7.org/CodeSystem/organization-type",
          "code": "pay",
          "display": "Payer"
        } ]
      } ],
      "name": "Blue Cross Blue Shield of Texas",
      "telecom": [ {
        "system": "phone",
        "value": "(+1) 972-766-6900"
      } ],
      "address": [ {
        "use": "billing",
        "type": "postal",
        "line": [ "P.O. Box 660044" ],
        "city": "Dallas",
        "state": "TX",
        "postalCode": "75266-0044",
        "country": "USA"
      } ]
    },
    "request": {
      "method": "PUT",
      "url": "Organization/53972a25-f245-4959-92cb-33a4d23bb883"
    }
  }, {
    "fullUrl": "https://madie.cms.gov/Practitioner/e965d7d4-46fd-4c23-b1f1-32ddaedf9d1a",
    "resource": {
      "resourceType": "Practitioner",
      "id": "e965d7d4-46fd-4c23-b1f1-32ddaedf9d1a",
      "meta": {
        "profile": [ "http://hl7.org/fhir/us/qicore/StructureDefinition/qicore-practitioner" ]
      },
      "identifier": [ {
        "system": "http://hl7.org/fhir/sid/us-npi",
        "value": "123456"
      } ],
      "name": [ {
        "family": "Evil",
        "prefix": [ "Dr" ]
      } ]
    },
    "request": {
      "method": "PUT",
      "url": "Practitioner/e965d7d4-46fd-4c23-b1f1-32ddaedf9d1a"
    }
  }, {
    "fullUrl": "https://madie.cms.gov/MeasureReport/9f6614b0-7754-4508-a879-e3faa01770bb",
    "resource": {
      "resourceType": "MeasureReport",
      "id": "9f6614b0-7754-4508-a879-e3faa01770bb",
      "meta": {
        "profile": [ "http://hl7.org/fhir/us/cqfmeasures/StructureDefinition/test-case-cqfm" ]
      },
      "contained": [ {
        "resourceType": "Parameters",
        "id": "dd5b1a62-9633-442a-a112-5f420ac9ef17-parameters",
        "parameter": [ {
          "name": "subject",
          "valueString": "8a17d53d-d7c9-4d0f-944a-7ae057e1cf78"
        } ]
      } ],
      "extension": [ {
        "url": "http://hl7.org/fhir/StructureDefinition/cqf-inputParameters",
        "valueReference": {
          "reference": "#dd5b1a62-9633-442a-a112-5f420ac9ef17-parameters"
        }
      }, {
        "url": "http://hl7.org/fhir/us/cqfmeasures/StructureDefinition/cqfm-testCaseDescription",
        "valueMarkdown": "Patient with corneal edema with cataract surgery. "
      } ],
      "modifierExtension": [ {
        "url": "http://hl7.org/fhir/us/cqfmeasures/StructureDefinition/cqfm-isTestCase",
        "valueBoolean": true
      } ],
      "status": "complete",
      "type": "individual",
      "measure": "https://madie.cms.gov/Measure/CMS133FHIRCataracts2040BCVAwithin90Days",
      "period": {
        "start": "2026-01-01",
        "end": "2026-12-31"
      },
      "group": [ {
        "id": "Group_1",
        "population": [ {
          "id": "InitialPopulation_1",
          "code": {
            "coding": [ {
              "system": "http://terminology.hl7.org/CodeSystem/measure-population",
              "code": "initial-population",
              "display": "Initial Population"
            } ]
          },
          "count": 1
        }, {
          "id": "Denominator_1",
          "code": {
            "coding": [ {
              "system": "http://terminology.hl7.org/CodeSystem/measure-population",
              "code": "denominator",
              "display": "Denominator"
            } ]
          },
          "count": 1
        }, {
          "id": "DenominatorExclusion_1",
          "code": {
            "coding": [ {
              "system": "http://terminology.hl7.org/CodeSystem/measure-population",
              "code": "denominator-exclusion",
              "display": "Denominator Exclusion"
            } ]
          },
          "count": 1
        }, {
          "id": "Numerator_1",
          "code": {
            "coding": [ {
              "system": "http://terminology.hl7.org/CodeSystem/measure-population",
              "code": "numerator",
              "display": "Numerator"
            } ]
          },
          "count": 0
        } ],
        "measureScore": {
          "value": 0.0
        }
      } ],
      "evaluatedResource": [ {
        "reference": "Patient/8a17d53d-d7c9-4d0f-944a-7ae057e1cf78"
      }, {
        "reference": "Observation/76479d93-5631-4b2c-8d5a-e456587ff709"
      }, {
        "reference": "Procedure/c9b1913a-b8fe-447e-8545-083eb768d1ea"
      }, {
        "reference": "Condition/9248104f-6a9a-47a3-9084-0daba913e31c"
      }, {
        "reference": "Coverage/48130636-d9df-47aa-9c2c-09426e0246ae"
      }, {
        "reference": "Organization/53972a25-f245-4959-92cb-33a4d23bb883"
      }, {
        "reference": "Practitioner/e965d7d4-46fd-4c23-b1f1-32ddaedf9d1a"
      } ]
    },
    "request": {
      "method": "PUT",
      "url": "MeasureReport/9f6614b0-7754-4508-a879-e3faa01770bb"
    }
  } ]
}