{
  "resourceType": "Bundle",
  "id": "98116841646686466847",
  "type": "transaction",
  "entry": [ {
    "fullUrl": "https://madie.cms.gov/Patient/6c3abc11-1c4b-4877-a256-693f77c9d67d",
    "resource": {
      "resourceType": "Patient",
      "id": "6c3abc11-1c4b-4877-a256-693f77c9d67d",
      "meta": {
        "profile": [ "http://hl7.org/fhir/us/qicore/StructureDefinition/qicore-patient" ]
      },
      "extension": [ {
        "url": "http://hl7.org/fhir/us/core/StructureDefinition/us-core-race",
        "extension": [ {
          "url": "ombCategory",
          "valueCoding": {
            "system": "urn:oid:2.16.840.1.113883.6.238",
            "code": "2106-3",
            "display": "White"
          }
        }, {
          "url": "text",
          "valueString": "White"
        } ]
      }, {
        "url": "http://hl7.org/fhir/us/core/StructureDefinition/us-core-ethnicity",
        "extension": [ {
          "url": "ombCategory",
          "valueCoding": {
            "system": "urn:oid:2.16.840.1.113883.6.238",
            "code": "2186-5",
            "display": "Not Hispanic or Latino"
          }
        }, {
          "url": "text",
          "valueString": "Not Hispanic or Latino"
        } ]
      }, {
        "url": "http://hl7.org/fhir/us/core/StructureDefinition/us-core-sex",
        "valueCode": "248152002"
      } ],
      "identifier": [ {
        "type": {
          "coding": [ {
            "system": "http://terminology.hl7.org/CodeSystem/v2-0203",
            "code": "MR"
          } ]
        },
        "system": "https://bonnie-fhir.healthit.gov/",
        "value": "6546841651641616513421"
      } ],
      "name": [ {
        "family": "DENEXPopStrat1Fail",
        "given": [ "HospiceDxStartsAfterMP" ]
      } ],
      "gender": "female",
      "birthDate": "2011-01-01"
    },
    "request": {
      "method": "PUT",
      "url": "Patient/6c3abc11-1c4b-4877-a256-693f77c9d67d"
    }
  }, {
    "fullUrl": "https://madie.cms.gov/Encounter/62508aa0-00d3-429f-b79d-182ebf739677",
    "resource": {
      "resourceType": "Encounter",
      "id": "62508aa0-00d3-429f-b79d-182ebf739677",
      "meta": {
        "profile": [ "http://hl7.org/fhir/us/qicore/StructureDefinition/qicore-encounter" ]
      },
      "status": "finished",
      "class": {
        "system": "http://terminology.hl7.org/CodeSystem/v3-ActCode",
        "code": "AMB",
        "display": "ambulatory"
      },
      "type": [ {
        "coding": [ {
          "system": "http://www.ama-assn.org/go/cpt",
          "version": "2024",
          "code": "90791"
        } ]
      } ],
      "subject": {
        "reference": "Patient/6c3abc11-1c4b-4877-a256-693f77c9d67d"
      },
      "period": {
        "start": "2025-02-25T14:30:00+00:00",
        "end": "2025-02-25T14:50:00+00:00"
      },
      "length": {
        "value": 0,
        "unit": "days"
      }
    },
    "request": {
      "method": "PUT",
      "url": "Encounter/62508aa0-00d3-429f-b79d-182ebf739677"
    }
  }, {
    "fullUrl": "https://madie.cms.gov/Observation/80974dbc-f36c-4f78-bffb-5996e76ed5a4",
    "resource": {
      "resourceType": "Observation",
      "id": "80974dbc-f36c-4f78-bffb-5996e76ed5a4",
      "meta": {
        "profile": [ "http://hl7.org/fhir/us/qicore/StructureDefinition/qicore-observation-screening-assessment" ]
      },
      "status": "final",
      "category": [ {
        "coding": [ {
          "system": "http://terminology.hl7.org/CodeSystem/observation-category",
          "code": "survey",
          "display": "Survey"
        } ]
      } ],
      "code": {
        "coding": [ {
          "system": "http://loinc.org",
          "version": "2.76",
          "code": "44261-6"
        } ]
      },
      "subject": {
        "reference": "Patient/6c3abc11-1c4b-4877-a256-693f77c9d67d"
      },
      "effectiveDateTime": "2025-02-25T14:35:00+00:00",
      "valueInteger": 10
    },
    "request": {
      "method": "PUT",
      "url": "Observation/80974dbc-f36c-4f78-bffb-5996e76ed5a4"
    }
  }, {
    "fullUrl": "https://madie.cms.gov/Observation/440a6f7f-7901-46fb-91f1-e3346f86f729",
    "resource": {
      "resourceType": "Observation",
      "id": "440a6f7f-7901-46fb-91f1-e3346f86f729",
      "meta": {
        "profile": [ "http://hl7.org/fhir/us/qicore/StructureDefinition/qicore-observation-screening-assessment" ]
      },
      "status": "final",
      "category": [ {
        "coding": [ {
          "system": "http://terminology.hl7.org/CodeSystem/observation-category",
          "code": "survey",
          "display": "Survey"
        } ]
      } ],
      "code": {
        "coding": [ {
          "system": "http://loinc.org",
          "version": "2.76",
          "code": "44261-6"
        } ]
      },
      "subject": {
        "reference": "Patient/6c3abc11-1c4b-4877-a256-693f77c9d67d"
      },
      "effectiveDateTime": "2026-02-19T14:30:00+00:00",
      "valueInteger": 3
    },
    "request": {
      "method": "PUT",
      "url": "Observation/440a6f7f-7901-46fb-91f1-e3346f86f729"
    }
  }, {
    "fullUrl": "https://madie.cms.gov/Condition/312ffa4f-9f4e-48ba-bb2a-ef39b1eebadd",
    "resource": {
      "resourceType": "Condition",
      "id": "312ffa4f-9f4e-48ba-bb2a-ef39b1eebadd",
      "meta": {
        "profile": [ "http://hl7.org/fhir/us/qicore/StructureDefinition/qicore-condition-problems-health-concerns" ]
      },
      "clinicalStatus": {
        "coding": [ {
          "system": "http://terminology.hl7.org/CodeSystem/condition-clinical",
          "code": "active",
          "display": "active"
        } ]
      },
      "verificationStatus": {
        "coding": [ {
          "system": "http://terminology.hl7.org/CodeSystem/condition-ver-status",
          "code": "confirmed"
        } ]
      },
      "category": [ {
        "coding": [ {
          "system": "http://terminology.hl7.org/CodeSystem/condition-category",
          "code": "problem-list-item",
          "display": "Problem List Item"
        } ]
      } ],
      "code": {
        "coding": [ {
          "system": "http://hl7.org/fhir/sid/icd-10-cm",
          "version": "2024",
          "code": "F32.9"
        } ]
      },
      "subject": {
        "reference": "Patient/6c3abc11-1c4b-4877-a256-693f77c9d67d"
      },
      "onsetDateTime": "2025-02-25T14:35:00+00:00"
    },
    "request": {
      "method": "PUT",
      "url": "Condition/312ffa4f-9f4e-48ba-bb2a-ef39b1eebadd"
    }
  }, {
    "fullUrl": "https://madie.cms.gov/Encounter/216d4778-ac31-49a5-98a2-f0abd2fb6698",
    "resource": {
      "resourceType": "Encounter",
      "id": "216d4778-ac31-49a5-98a2-f0abd2fb6698",
      "meta": {
        "profile": [ "http://hl7.org/fhir/us/qicore/StructureDefinition/qicore-encounter" ]
      },
      "status": "finished",
      "class": {
        "system": "http://terminology.hl7.org/CodeSystem/v3-ActCode",
        "code": "NONAC",
        "display": "inpatient non-acute"
      },
      "type": [ {
        "coding": [ {
          "system": "http://snomed.info/sct",
          "version": "http://snomed.info/sct/731000124108/version/20240301",
          "code": "305336008"
        } ]
      } ],
      "subject": {
        "reference": "Patient/6c3abc11-1c4b-4877-a256-693f77c9d67d"
      },
      "period": {
        "start": "2027-01-31T08:00:00+00:00",
        "end": "2027-05-01T12:00:00+00:00"
      },
      "length": {
        "value": 0,
        "unit": "days"
      }
    },
    "request": {
      "method": "PUT",
      "url": "Encounter/216d4778-ac31-49a5-98a2-f0abd2fb6698"
    }
  }, {
    "fullUrl": "https://madie.cms.gov/MeasureReport/43bf7578-2ba9-4f42-a7dd-53c6da260f8d",
    "resource": {
      "resourceType": "MeasureReport",
      "id": "43bf7578-2ba9-4f42-a7dd-53c6da260f8d",
      "meta": {
        "profile": [ "http://hl7.org/fhir/us/cqfmeasures/StructureDefinition/test-case-cqfm" ]
      },
      "contained": [ {
        "resourceType": "Parameters",
        "id": "20a5494a-71ee-4fdf-9af0-48626aad2f67-parameters",
        "parameter": [ {
          "name": "subject",
          "valueString": "6c3abc11-1c4b-4877-a256-693f77c9d67d"
        } ]
      } ],
      "extension": [ {
        "url": "http://hl7.org/fhir/StructureDefinition/cqf-inputParameters",
        "valueReference": {
          "reference": "#20a5494a-71ee-4fdf-9af0-48626aad2f67-parameters"
        }
      }, {
        "url": "http://hl7.org/fhir/us/cqfmeasures/StructureDefinition/cqfm-testCaseDescription",
        "valueMarkdown": "Patient is 15 years old  and has a Major Depressive Dx and PHQ-9>9 during the denom ID period. Patient has Hospice Dx starts after Interval (den ID to MAP), and hospice intervention order. Should not be in denominator exclusion for Strat 1. "
      } ],
      "modifierExtension": [ {
        "url": "http://hl7.org/fhir/us/cqfmeasures/StructureDefinition/cqfm-isTestCase",
        "valueBoolean": true
      } ],
      "status": "complete",
      "type": "individual",
      "measure": "https://madie.cms.gov/Measure/CMS159FHIRDepressionRemissionatTwelveMonths",
      "period": {
        "start": "2026-01-01",
        "end": "2026-12-31"
      },
      "group": [ {
        "id": "Group_1",
        "population": [ {
          "id": "InitialPopulation_1",
          "code": {
            "coding": [ {
              "system": "http://terminology.hl7.org/CodeSystem/measure-population",
              "code": "initial-population",
              "display": "Initial Population"
            } ]
          },
          "count": 1
        }, {
          "id": "Denominator_1",
          "code": {
            "coding": [ {
              "system": "http://terminology.hl7.org/CodeSystem/measure-population",
              "code": "denominator",
              "display": "Denominator"
            } ]
          },
          "count": 1
        }, {
          "id": "DenominatorExclusion_1",
          "code": {
            "coding": [ {
              "system": "http://terminology.hl7.org/CodeSystem/measure-population",
              "code": "denominator-exclusion",
              "display": "Denominator Exclusion"
            } ]
          },
          "count": 0
        }, {
          "id": "Numerator_1",
          "code": {
            "coding": [ {
              "system": "http://terminology.hl7.org/CodeSystem/measure-population",
              "code": "numerator",
              "display": "Numerator"
            } ]
          },
          "count": 1
        } ],
        "measureScore": {
          "value": 1.0
        }
      } ],
      "evaluatedResource": [ {
        "reference": "Patient/6c3abc11-1c4b-4877-a256-693f77c9d67d"
      }, {
        "reference": "Encounter/62508aa0-00d3-429f-b79d-182ebf739677"
      }, {
        "reference": "Observation/80974dbc-f36c-4f78-bffb-5996e76ed5a4"
      }, {
        "reference": "Observation/440a6f7f-7901-46fb-91f1-e3346f86f729"
      }, {
        "reference": "Condition/312ffa4f-9f4e-48ba-bb2a-ef39b1eebadd"
      }, {
        "reference": "Encounter/216d4778-ac31-49a5-98a2-f0abd2fb6698"
      } ]
    },
    "request": {
      "method": "PUT",
      "url": "MeasureReport/43bf7578-2ba9-4f42-a7dd-53c6da260f8d"
    }
  } ]
}