{
  "resourceType": "Bundle",
  "id": "98116841646686466847",
  "type": "transaction",
  "entry": [ {
    "fullUrl": "https://madie.cms.gov/Patient/230e1741-32b1-4d01-8249-84d9cb872af5",
    "resource": {
      "resourceType": "Patient",
      "id": "230e1741-32b1-4d01-8249-84d9cb872af5",
      "meta": {
        "profile": [ "http://hl7.org/fhir/us/qicore/StructureDefinition/qicore-patient" ]
      },
      "extension": [ {
        "url": "http://hl7.org/fhir/us/core/StructureDefinition/us-core-race",
        "extension": [ {
          "url": "ombCategory",
          "valueCoding": {
            "system": "urn:oid:2.16.840.1.113883.6.238",
            "code": "2106-3",
            "display": "White"
          }
        }, {
          "url": "text",
          "valueString": "White"
        } ]
      }, {
        "url": "http://hl7.org/fhir/us/core/StructureDefinition/us-core-ethnicity",
        "extension": [ {
          "url": "ombCategory",
          "valueCoding": {
            "system": "urn:oid:2.16.840.1.113883.6.238",
            "code": "2186-5",
            "display": "Not Hispanic or Latino"
          }
        }, {
          "url": "text",
          "valueString": "Not Hispanic or Latino"
        } ]
      } ],
      "identifier": [ {
        "type": {
          "coding": [ {
            "system": "http://terminology.hl7.org/CodeSystem/v2-0203",
            "code": "MR"
          } ]
        },
        "system": "https://bonnie-fhir.healthit.gov/",
        "value": "465461646416316451"
      } ],
      "name": [ {
        "family": "DENEXPopStrat1Fail",
        "given": [ "HospiceProcedureUnknownStatus" ]
      } ],
      "gender": "female",
      "birthDate": "2011-01-01"
    },
    "request": {
      "method": "PUT",
      "url": "Patient/230e1741-32b1-4d01-8249-84d9cb872af5"
    }
  }, {
    "fullUrl": "https://madie.cms.gov/Encounter/c9a8c841-a20b-436c-b256-8017afe17f44",
    "resource": {
      "resourceType": "Encounter",
      "id": "c9a8c841-a20b-436c-b256-8017afe17f44",
      "meta": {
        "profile": [ "http://hl7.org/fhir/us/qicore/StructureDefinition/qicore-encounter" ]
      },
      "status": "finished",
      "class": {
        "system": "http://terminology.hl7.org/CodeSystem/v3-ActCode",
        "code": "AMB",
        "display": "ambulatory"
      },
      "type": [ {
        "coding": [ {
          "system": "http://www.ama-assn.org/go/cpt",
          "version": "2024",
          "code": "90791"
        } ]
      } ],
      "subject": {
        "reference": "Patient/230e1741-32b1-4d01-8249-84d9cb872af5"
      },
      "period": {
        "start": "2025-02-25T14:30:00+00:00",
        "end": "2025-02-25T14:50:00+00:00"
      },
      "length": {
        "value": 0,
        "unit": "days"
      }
    },
    "request": {
      "method": "PUT",
      "url": "Encounter/c9a8c841-a20b-436c-b256-8017afe17f44"
    }
  }, {
    "fullUrl": "https://madie.cms.gov/Observation/a4d89203-ee25-45e3-8f1f-fea9433ded08",
    "resource": {
      "resourceType": "Observation",
      "id": "a4d89203-ee25-45e3-8f1f-fea9433ded08",
      "meta": {
        "profile": [ "http://hl7.org/fhir/us/qicore/StructureDefinition/qicore-observation-screening-assessment" ]
      },
      "status": "final",
      "category": [ {
        "coding": [ {
          "system": "http://terminology.hl7.org/CodeSystem/observation-category",
          "code": "survey",
          "display": "Survey"
        } ]
      } ],
      "code": {
        "coding": [ {
          "system": "http://loinc.org",
          "version": "2.76",
          "code": "44261-6"
        } ]
      },
      "subject": {
        "reference": "Patient/230e1741-32b1-4d01-8249-84d9cb872af5"
      },
      "effectiveDateTime": "2025-02-25T14:35:00+00:00",
      "valueInteger": 10
    },
    "request": {
      "method": "PUT",
      "url": "Observation/a4d89203-ee25-45e3-8f1f-fea9433ded08"
    }
  }, {
    "fullUrl": "https://madie.cms.gov/Condition/762f9324-c044-4e72-a91f-f9b3cd187345",
    "resource": {
      "resourceType": "Condition",
      "id": "762f9324-c044-4e72-a91f-f9b3cd187345",
      "meta": {
        "profile": [ "http://hl7.org/fhir/us/qicore/StructureDefinition/qicore-condition-problems-health-concerns" ]
      },
      "clinicalStatus": {
        "coding": [ {
          "system": "http://terminology.hl7.org/CodeSystem/condition-clinical",
          "code": "active",
          "display": "active"
        } ]
      },
      "verificationStatus": {
        "coding": [ {
          "system": "http://terminology.hl7.org/CodeSystem/condition-ver-status",
          "code": "confirmed"
        } ]
      },
      "category": [ {
        "coding": [ {
          "system": "http://terminology.hl7.org/CodeSystem/condition-category",
          "code": "problem-list-item",
          "display": "Problem List Item"
        } ]
      } ],
      "code": {
        "coding": [ {
          "system": "http://hl7.org/fhir/sid/icd-10-cm",
          "version": "2024",
          "code": "F32.9"
        } ]
      },
      "subject": {
        "reference": "Patient/230e1741-32b1-4d01-8249-84d9cb872af5"
      },
      "onsetDateTime": "2025-02-25T14:35:00+00:00"
    },
    "request": {
      "method": "PUT",
      "url": "Condition/762f9324-c044-4e72-a91f-f9b3cd187345"
    }
  }, {
    "fullUrl": "https://madie.cms.gov/Procedure/ddfd5cfc-5e08-4746-93ad-682bdefa2eb3",
    "resource": {
      "resourceType": "Procedure",
      "id": "ddfd5cfc-5e08-4746-93ad-682bdefa2eb3",
      "meta": {
        "profile": [ "http://hl7.org/fhir/us/qicore/StructureDefinition/qicore-procedure" ]
      },
      "extension": [ {
        "url": "http://hl7.org/fhir/us/qicore/StructureDefinition/qicore-recorded",
        "valueDateTime": "2026-02-01T08:00:00.000+00:00"
      } ],
      "status": "unknown",
      "code": {
        "coding": [ {
          "system": "http://www.nlm.nih.gov/research/umls/hcpcs",
          "version": "2024",
          "code": "G0182",
          "display": "Physician supervision of a patient under a medicare-approved hospice (patient not present) requiring complex and multidisciplinary care modalities involving regular physician development and/or revision of care plans, review of subsequent reports of patient status, review of laboratory and other studies, communication (including telephone calls) with other health care professionals involved in the patient's care, integration of new information into the medical treatment plan and/or adjustment of medical therapy, within a calendar month, 30 minutes or more"
        } ]
      },
      "subject": {
        "reference": "Patient/230e1741-32b1-4d01-8249-84d9cb872af5"
      },
      "performedPeriod": {
        "start": "2026-01-01T08:00:00.000+00:00",
        "end": "2026-02-01T08:15:00.000+00:00"
      }
    },
    "request": {
      "method": "PUT",
      "url": "Procedure/ddfd5cfc-5e08-4746-93ad-682bdefa2eb3"
    }
  }, {
    "fullUrl": "https://madie.cms.gov/MeasureReport/f7848c70-3a68-4d8b-8bdc-462e6d833fd2",
    "resource": {
      "resourceType": "MeasureReport",
      "id": "f7848c70-3a68-4d8b-8bdc-462e6d833fd2",
      "meta": {
        "profile": [ "http://hl7.org/fhir/us/cqfmeasures/StructureDefinition/test-case-cqfm" ]
      },
      "contained": [ {
        "resourceType": "Parameters",
        "id": "5f9a2b52-7794-4baf-aada-974fbf2c217b-parameters",
        "parameter": [ {
          "name": "subject",
          "valueString": "230e1741-32b1-4d01-8249-84d9cb872af5"
        } ]
      } ],
      "extension": [ {
        "url": "http://hl7.org/fhir/StructureDefinition/cqf-inputParameters",
        "valueReference": {
          "reference": "#5f9a2b52-7794-4baf-aada-974fbf2c217b-parameters"
        }
      }, {
        "url": "http://hl7.org/fhir/us/cqfmeasures/StructureDefinition/cqfm-testCaseDescription",
        "valueMarkdown": "Patient has a Major Depression Dx and PHQ-9 > 9 during the denom ID period. Patient has unknown status for Hospice Procedure during MP. Should not be in denominator exclusion for Strat 1."
      } ],
      "modifierExtension": [ {
        "url": "http://hl7.org/fhir/us/cqfmeasures/StructureDefinition/cqfm-isTestCase",
        "valueBoolean": true
      } ],
      "status": "complete",
      "type": "individual",
      "measure": "https://madie.cms.gov/Measure/CMS159FHIRDepressionRemissionatTwelveMonths",
      "period": {
        "start": "2026-01-01",
        "end": "2026-12-31"
      },
      "group": [ {
        "id": "Group_1",
        "population": [ {
          "id": "InitialPopulation_1",
          "code": {
            "coding": [ {
              "system": "http://terminology.hl7.org/CodeSystem/measure-population",
              "code": "initial-population",
              "display": "Initial Population"
            } ]
          },
          "count": 1
        }, {
          "id": "Denominator_1",
          "code": {
            "coding": [ {
              "system": "http://terminology.hl7.org/CodeSystem/measure-population",
              "code": "denominator",
              "display": "Denominator"
            } ]
          },
          "count": 1
        }, {
          "id": "DenominatorExclusion_1",
          "code": {
            "coding": [ {
              "system": "http://terminology.hl7.org/CodeSystem/measure-population",
              "code": "denominator-exclusion",
              "display": "Denominator Exclusion"
            } ]
          },
          "count": 0
        }, {
          "id": "Numerator_1",
          "code": {
            "coding": [ {
              "system": "http://terminology.hl7.org/CodeSystem/measure-population",
              "code": "numerator",
              "display": "Numerator"
            } ]
          },
          "count": 0
        } ],
        "measureScore": {
          "value": 1.0
        }
      } ],
      "evaluatedResource": [ {
        "reference": "Patient/230e1741-32b1-4d01-8249-84d9cb872af5"
      }, {
        "reference": "Encounter/c9a8c841-a20b-436c-b256-8017afe17f44"
      }, {
        "reference": "Observation/a4d89203-ee25-45e3-8f1f-fea9433ded08"
      }, {
        "reference": "Condition/762f9324-c044-4e72-a91f-f9b3cd187345"
      }, {
        "reference": "Procedure/ddfd5cfc-5e08-4746-93ad-682bdefa2eb3"
      } ]
    },
    "request": {
      "method": "PUT",
      "url": "MeasureReport/f7848c70-3a68-4d8b-8bdc-462e6d833fd2"
    }
  } ]
}