{
  "resourceType": "Bundle",
  "id": "62d94c00f0347d1abcae6bff",
  "type": "transaction",
  "entry": [ {
    "fullUrl": "https://madie.cms.gov/Patient/dda022c0-3234-4ad7-ad6e-d696b0b57440",
    "resource": {
      "resourceType": "Patient",
      "id": "dda022c0-3234-4ad7-ad6e-d696b0b57440",
      "meta": {
        "profile": [ "http://hl7.org/fhir/us/qicore/StructureDefinition/qicore-patient" ]
      },
      "extension": [ {
        "url": "http://hl7.org/fhir/us/core/StructureDefinition/us-core-race",
        "extension": [ {
          "url": "ombCategory",
          "valueCoding": {
            "system": "urn:oid:2.16.840.1.113883.6.238",
            "code": "2054-5",
            "display": "Black or African American",
            "userSelected": true
          }
        }, {
          "url": "text",
          "valueString": "Black or African American"
        } ]
      }, {
        "url": "http://hl7.org/fhir/us/core/StructureDefinition/us-core-ethnicity",
        "extension": [ {
          "url": "ombCategory",
          "valueCoding": {
            "system": "urn:oid:2.16.840.1.113883.6.238",
            "code": "2135-2",
            "display": "Hispanic or Latino",
            "userSelected": true
          }
        }, {
          "url": "text",
          "valueString": "Hispanic or Latino"
        } ]
      } ],
      "identifier": [ {
        "type": {
          "coding": [ {
            "system": "http://terminology.hl7.org/CodeSystem/v2-0203",
            "code": "MR"
          } ]
        },
        "system": "https://bonnie-fhir.healthit.gov/",
        "value": "62d94c00f0347d1abcae6bff"
      } ],
      "name": [ {
        "family": "DENEXCEPPass",
        "given": [ "FirstHTN130DeclinedReferred" ]
      } ],
      "gender": "female",
      "birthDate": "1962-02-28"
    },
    "request": {
      "method": "PUT",
      "url": "Patient/dda022c0-3234-4ad7-ad6e-d696b0b57440"
    }
  }, {
    "fullUrl": "https://madie.cms.gov/Encounter/1a94e071-2695-40f9-aaa1-3a829ee59c1a",
    "resource": {
      "resourceType": "Encounter",
      "id": "1a94e071-2695-40f9-aaa1-3a829ee59c1a",
      "meta": {
        "profile": [ "http://hl7.org/fhir/us/qicore/StructureDefinition/qicore-encounter" ]
      },
      "status": "finished",
      "class": {
        "system": "http://terminology.hl7.org/CodeSystem/v3-ActCode",
        "code": "AMB",
        "display": "ambulatory"
      },
      "type": [ {
        "coding": [ {
          "system": "http://snomed.info/sct",
          "version": "2022-03",
          "code": "103705002",
          "display": "Patient status observation (procedure)",
          "userSelected": true
        } ]
      } ],
      "subject": {
        "reference": "Patient/dda022c0-3234-4ad7-ad6e-d696b0b57440"
      },
      "period": {
        "start": "2026-01-01T08:00:00.000+00:00",
        "end": "2026-01-01T08:30:00.000+00:00"
      }
    },
    "request": {
      "method": "PUT",
      "url": "Encounter/1a94e071-2695-40f9-aaa1-3a829ee59c1a"
    }
  }, {
    "fullUrl": "https://madie.cms.gov/Observation/1eb8875c-2e65-4569-a6d9-bdfe003bd72b",
    "resource": {
      "resourceType": "Observation",
      "id": "1eb8875c-2e65-4569-a6d9-bdfe003bd72b",
      "meta": {
        "profile": [ "http://hl7.org/fhir/us/core/StructureDefinition/us-core-blood-pressure" ]
      },
      "status": "final",
      "category": [ {
        "coding": [ {
          "system": "http://terminology.hl7.org/CodeSystem/observation-category",
          "code": "vital-signs",
          "display": "Vital Signs"
        } ],
        "text": "Vital Signs"
      } ],
      "code": {
        "coding": [ {
          "system": "http://loinc.org",
          "code": "85354-9",
          "display": "Blood pressure panel"
        } ]
      },
      "subject": {
        "reference": "Patient/dda022c0-3234-4ad7-ad6e-d696b0b57440"
      },
      "effectiveDateTime": "2026-01-01T08:05:00.000+00:00",
      "component": [ {
        "code": {
          "coding": [ {
            "system": "http://loinc.org",
            "code": "8480-6",
            "display": "Systolic blood pressure"
          } ]
        },
        "valueQuantity": {
          "value": 130,
          "unit": "mmHg",
          "system": "http://unitsofmeasure.org",
          "code": "mm[Hg]"
        }
      }, {
        "code": {
          "coding": [ {
            "system": "http://loinc.org",
            "code": "8462-4",
            "display": "Diastolic blood pressure"
          } ]
        },
        "valueQuantity": {
          "value": 80,
          "unit": "mmHg",
          "system": "http://unitsofmeasure.org",
          "code": "mm[Hg]"
        }
      } ]
    },
    "request": {
      "method": "PUT",
      "url": "Observation/1eb8875c-2e65-4569-a6d9-bdfe003bd72b"
    }
  }, {
    "fullUrl": "https://madie.cms.gov/ServiceRequest/cc01e6a2-2af2-4ea0-b4a6-8a19c59ac5c4",
    "resource": {
      "resourceType": "ServiceRequest",
      "id": "cc01e6a2-2af2-4ea0-b4a6-8a19c59ac5c4",
      "meta": {
        "profile": [ "http://hl7.org/fhir/us/qicore/StructureDefinition/qicore-servicenotrequested" ]
      },
      "extension": [ {
        "url": "http://hl7.org/fhir/us/qicore/StructureDefinition/qicore-doNotPerformReason",
        "valueCodeableConcept": {
          "coding": [ {
            "system": "http://snomed.info/sct",
            "version": "2022-03",
            "code": "183945002",
            "display": "Procedure declined for religious reason (situation)",
            "userSelected": true
          } ]
        }
      } ],
      "status": "completed",
      "intent": "order",
      "doNotPerform": true,
      "code": {
        "coding": [ {
          "system": "http://snomed.info/sct",
          "version": "2022-03",
          "code": "134403003",
          "display": "Urgent referral (procedure)",
          "userSelected": true
        } ]
      },
      "subject": {
        "reference": "Patient/dda022c0-3234-4ad7-ad6e-d696b0b57440"
      },
      "authoredOn": "2026-01-01T08:25:00.000+00:00"
    },
    "request": {
      "method": "PUT",
      "url": "ServiceRequest/cc01e6a2-2af2-4ea0-b4a6-8a19c59ac5c4"
    }
  }, {
    "fullUrl": "https://madie.cms.gov/Coverage/b70f8ea7-45dc-461c-9a06-a197a0334598",
    "resource": {
      "resourceType": "Coverage",
      "id": "b70f8ea7-45dc-461c-9a06-a197a0334598",
      "meta": {
        "profile": [ "http://hl7.org/fhir/us/qicore/StructureDefinition/qicore-coverage" ]
      },
      "status": "active",
      "beneficiary": {
        "reference": "Patient/dda022c0-3234-4ad7-ad6e-d696b0b57440"
      },
      "payor": [ {
        "reference": "Organization/da9e06e2-61fa-4141-bea6-977450cc98e1"
      } ]
    },
    "request": {
      "method": "PUT",
      "url": "Coverage/b70f8ea7-45dc-461c-9a06-a197a0334598"
    }
  }, {
    "fullUrl": "https://madie.cms.gov/Organization/da9e06e2-61fa-4141-bea6-977450cc98e1",
    "resource": {
      "resourceType": "Organization",
      "id": "da9e06e2-61fa-4141-bea6-977450cc98e1",
      "meta": {
        "profile": [ "http://hl7.org/fhir/us/qicore/StructureDefinition/qicore-organization" ]
      },
      "identifier": [ {
        "use": "temp",
        "system": "urn:oid:2.16.840.1.113883.4.4",
        "value": "21-3259825"
      } ],
      "active": true,
      "type": [ {
        "coding": [ {
          "system": "http://terminology.hl7.org/CodeSystem/organization-type",
          "code": "pay",
          "display": "Payer"
        } ]
      } ],
      "name": "Blue Cross Blue Shield of Texas",
      "telecom": [ {
        "system": "phone",
        "value": "(+1) 972-766-6900"
      } ],
      "address": [ {
        "use": "billing",
        "type": "postal",
        "line": [ "P.O. Box 660044" ],
        "city": "Dallas",
        "state": "TX",
        "postalCode": "75266-0044",
        "country": "USA"
      } ]
    },
    "request": {
      "method": "PUT",
      "url": "Organization/da9e06e2-61fa-4141-bea6-977450cc98e1"
    }
  }, {
    "fullUrl": "https://madie.cms.gov/Practitioner/3fdd85be-26a2-45e0-a7ab-e634c35b0630",
    "resource": {
      "resourceType": "Practitioner",
      "id": "3fdd85be-26a2-45e0-a7ab-e634c35b0630",
      "meta": {
        "profile": [ "http://hl7.org/fhir/us/qicore/StructureDefinition/qicore-practitioner" ]
      },
      "identifier": [ {
        "system": "http://hl7.org/fhir/sid/us-npi",
        "value": "123456"
      } ],
      "name": [ {
        "family": "Evil",
        "prefix": [ "Dr" ]
      } ]
    },
    "request": {
      "method": "PUT",
      "url": "Practitioner/3fdd85be-26a2-45e0-a7ab-e634c35b0630"
    }
  }, {
    "fullUrl": "https://madie.cms.gov/MeasureReport/5d9dd46f-230e-4002-a56b-007cc1ac038c",
    "resource": {
      "resourceType": "MeasureReport",
      "id": "5d9dd46f-230e-4002-a56b-007cc1ac038c",
      "meta": {
        "profile": [ "http://hl7.org/fhir/us/cqfmeasures/StructureDefinition/test-case-cqfm" ]
      },
      "contained": [ {
        "resourceType": "Parameters",
        "id": "96425aa6-3866-4705-a5ad-611b9c86dccf-parameters",
        "parameter": [ {
          "name": "subject",
          "valueString": "dda022c0-3234-4ad7-ad6e-d696b0b57440"
        } ]
      } ],
      "extension": [ {
        "url": "http://hl7.org/fhir/StructureDefinition/cqf-inputParameters",
        "valueReference": {
          "reference": "#96425aa6-3866-4705-a5ad-611b9c86dccf-parameters"
        }
      }, {
        "url": "http://hl7.org/fhir/us/cqfmeasures/StructureDefinition/cqfm-testCaseDescription",
        "valueMarkdown": "Enc.01/01 0800-0830 during MP, age 64, BP 130/80, urgent referral declined for religious reasons."
      } ],
      "modifierExtension": [ {
        "url": "http://hl7.org/fhir/us/cqfmeasures/StructureDefinition/cqfm-isTestCase",
        "valueBoolean": true
      } ],
      "status": "complete",
      "type": "individual",
      "measure": "https://madie.cms.gov/Measure/CMS22FHIRPCSBPScreeningFollowUp",
      "period": {
        "start": "2026-01-01",
        "end": "2026-12-31"
      },
      "group": [ {
        "id": "Group_1",
        "population": [ {
          "id": "InitialPopulation_1",
          "code": {
            "coding": [ {
              "system": "http://terminology.hl7.org/CodeSystem/measure-population",
              "code": "initial-population",
              "display": "Initial Population"
            } ]
          },
          "count": 1
        }, {
          "id": "Denominator_1",
          "code": {
            "coding": [ {
              "system": "http://terminology.hl7.org/CodeSystem/measure-population",
              "code": "denominator",
              "display": "Denominator"
            } ]
          },
          "count": 1
        }, {
          "id": "DenominatorExclusion_1",
          "code": {
            "coding": [ {
              "system": "http://terminology.hl7.org/CodeSystem/measure-population",
              "code": "denominator-exclusion",
              "display": "Denominator Exclusion"
            } ]
          },
          "count": 0
        }, {
          "id": "Numerator_1",
          "code": {
            "coding": [ {
              "system": "http://terminology.hl7.org/CodeSystem/measure-population",
              "code": "numerator",
              "display": "Numerator"
            } ]
          },
          "count": 0
        }, {
          "id": "DenominatorException_1",
          "code": {
            "coding": [ {
              "system": "http://terminology.hl7.org/CodeSystem/measure-population",
              "code": "denominator-exception",
              "display": "Denominator Exception"
            } ]
          },
          "count": 1
        } ],
        "measureScore": {
          "value": 0.0
        }
      } ],
      "evaluatedResource": [ {
        "reference": "Patient/dda022c0-3234-4ad7-ad6e-d696b0b57440"
      }, {
        "reference": "Encounter/1a94e071-2695-40f9-aaa1-3a829ee59c1a"
      }, {
        "reference": "Observation/1eb8875c-2e65-4569-a6d9-bdfe003bd72b"
      }, {
        "reference": "ServiceRequest/cc01e6a2-2af2-4ea0-b4a6-8a19c59ac5c4"
      }, {
        "reference": "Coverage/b70f8ea7-45dc-461c-9a06-a197a0334598"
      }, {
        "reference": "Organization/da9e06e2-61fa-4141-bea6-977450cc98e1"
      }, {
        "reference": "Practitioner/3fdd85be-26a2-45e0-a7ab-e634c35b0630"
      } ]
    },
    "request": {
      "method": "PUT",
      "url": "MeasureReport/5d9dd46f-230e-4002-a56b-007cc1ac038c"
    }
  } ]
}