{
  "resourceType": "Bundle",
  "id": "5646468464165161651",
  "type": "transaction",
  "entry": [ {
    "fullUrl": "https://madie.cms.gov/Patient/00cd231f-4460-4d84-8e04-d8b0a04d8afd",
    "resource": {
      "resourceType": "Patient",
      "id": "00cd231f-4460-4d84-8e04-d8b0a04d8afd",
      "meta": {
        "profile": [ "http://hl7.org/fhir/us/qicore/StructureDefinition/qicore-patient" ]
      },
      "extension": [ {
        "url": "http://hl7.org/fhir/us/core/StructureDefinition/us-core-race",
        "extension": [ {
          "url": "ombCategory",
          "valueCoding": {
            "system": "urn:oid:2.16.840.1.113883.6.238",
            "code": "2076-8",
            "display": "Native Hawaiian or Other Pacific Islander"
          }
        }, {
          "url": "text",
          "valueString": "Native Hawaiian or Other Pacific Islander"
        } ]
      }, {
        "url": "http://hl7.org/fhir/us/core/StructureDefinition/us-core-ethnicity",
        "extension": [ {
          "url": "ombCategory",
          "valueCoding": {
            "system": "urn:oid:2.16.840.1.113883.6.238",
            "code": "2186-5",
            "display": "Not Hispanic or Latino"
          }
        }, {
          "url": "text",
          "valueString": "Not Hispanic or Latino"
        } ]
      } ],
      "identifier": [ {
        "type": {
          "coding": [ {
            "system": "http://terminology.hl7.org/CodeSystem/v2-0203",
            "code": "MR"
          } ]
        },
        "system": "https://bonnie-fhir.healthit.gov/",
        "value": "6845635684131"
      } ],
      "active": true,
      "name": [ {
        "use": "usual",
        "family": "DENOMEXCEPPass",
        "given": [ "IntoleranceToBetaBlockerBeforeLastEnc" ]
      } ],
      "gender": "male",
      "birthDate": "1972-12-30"
    },
    "request": {
      "method": "PUT",
      "url": "Patient/00cd231f-4460-4d84-8e04-d8b0a04d8afd"
    }
  }, {
    "fullUrl": "https://madie.cms.gov/Encounter/ea946b34-7d91-4978-821e-1d409254b3c0",
    "resource": {
      "resourceType": "Encounter",
      "id": "ea946b34-7d91-4978-821e-1d409254b3c0",
      "meta": {
        "profile": [ "http://hl7.org/fhir/us/qicore/StructureDefinition/qicore-encounter" ]
      },
      "status": "finished",
      "class": {
        "system": "http://terminology.hl7.org/CodeSystem/v3-ActCode",
        "code": "AMB",
        "display": "ambulatory"
      },
      "type": [ {
        "coding": [ {
          "system": "http://www.ama-assn.org/go/cpt",
          "version": "2024",
          "code": "99213"
        } ]
      } ],
      "subject": {
        "reference": "Patient/00cd231f-4460-4d84-8e04-d8b0a04d8afd"
      },
      "period": {
        "start": "2026-04-14T14:40:00.000+00:00",
        "end": "2026-04-14T14:50:00.000+00:00"
      },
      "length": {
        "value": 0,
        "unit": "days"
      }
    },
    "request": {
      "method": "PUT",
      "url": "Encounter/ea946b34-7d91-4978-821e-1d409254b3c0"
    }
  }, {
    "fullUrl": "https://madie.cms.gov/Encounter/e72f7d8a-5488-440b-93a4-37d824a931c8",
    "resource": {
      "resourceType": "Encounter",
      "id": "e72f7d8a-5488-440b-93a4-37d824a931c8",
      "meta": {
        "profile": [ "http://hl7.org/fhir/us/qicore/StructureDefinition/qicore-encounter" ]
      },
      "status": "finished",
      "class": {
        "system": "http://terminology.hl7.org/CodeSystem/v3-ActCode",
        "code": "NONAC",
        "display": "inpatient non-acute"
      },
      "type": [ {
        "coding": [ {
          "system": "http://snomed.info/sct",
          "version": "http://snomed.info/sct/731000124108/version/20230901",
          "code": "207195004",
          "display": "History and physical examination with evaluation and management of nursing facility patient (procedure)"
        } ]
      } ],
      "subject": {
        "reference": "Patient/00cd231f-4460-4d84-8e04-d8b0a04d8afd"
      },
      "period": {
        "start": "2026-07-20T11:50:00.000+00:00",
        "end": "2026-07-20T11:50:00.000+00:00"
      },
      "length": {
        "value": 0,
        "unit": "days"
      }
    },
    "request": {
      "method": "PUT",
      "url": "Encounter/e72f7d8a-5488-440b-93a4-37d824a931c8"
    }
  }, {
    "fullUrl": "https://madie.cms.gov/Condition/b0187a68-39f7-4179-b48a-bebc3f79c134",
    "resource": {
      "resourceType": "Condition",
      "id": "b0187a68-39f7-4179-b48a-bebc3f79c134",
      "meta": {
        "profile": [ "http://hl7.org/fhir/us/qicore/StructureDefinition/qicore-condition-problems-health-concerns" ]
      },
      "clinicalStatus": {
        "coding": [ {
          "system": "http://terminology.hl7.org/CodeSystem/condition-clinical",
          "code": "active",
          "display": "Active"
        } ]
      },
      "verificationStatus": {
        "coding": [ {
          "system": "http://terminology.hl7.org/CodeSystem/condition-ver-status",
          "code": "confirmed",
          "display": "Confirmed"
        } ]
      },
      "category": [ {
        "coding": [ {
          "system": "http://terminology.hl7.org/CodeSystem/condition-category",
          "code": "problem-list-item",
          "display": "Problem List Item"
        } ]
      } ],
      "code": {
        "coding": [ {
          "system": "http://hl7.org/fhir/sid/icd-10-cm",
          "version": "2024",
          "code": "I11.0"
        } ]
      },
      "subject": {
        "reference": "Patient/00cd231f-4460-4d84-8e04-d8b0a04d8afd"
      },
      "onsetPeriod": {
        "start": "2026-04-11T10:00:00.000+00:00"
      }
    },
    "request": {
      "method": "PUT",
      "url": "Condition/b0187a68-39f7-4179-b48a-bebc3f79c134"
    }
  }, {
    "fullUrl": "https://madie.cms.gov/Condition/98a822ee-1817-44a0-bfcd-62f372540442",
    "resource": {
      "resourceType": "Condition",
      "id": "98a822ee-1817-44a0-bfcd-62f372540442",
      "meta": {
        "profile": [ "http://hl7.org/fhir/us/qicore/StructureDefinition/qicore-condition-problems-health-concerns" ]
      },
      "clinicalStatus": {
        "coding": [ {
          "system": "http://terminology.hl7.org/CodeSystem/condition-clinical",
          "code": "active",
          "display": "Active"
        } ]
      },
      "verificationStatus": {
        "coding": [ {
          "system": "http://terminology.hl7.org/CodeSystem/condition-ver-status",
          "code": "confirmed",
          "display": "Confirmed"
        } ]
      },
      "category": [ {
        "coding": [ {
          "system": "http://terminology.hl7.org/CodeSystem/condition-category",
          "code": "problem-list-item",
          "display": "Problem List Item"
        } ]
      } ],
      "severity": {
        "coding": [ {
          "system": "http://snomed.info/sct",
          "version": "http://snomed.info/sct/731000124108/version/20240301",
          "code": "24484000",
          "display": "Severe (severity modifier) (qualifier value)"
        } ]
      },
      "code": {
        "coding": [ {
          "system": "http://snomed.info/sct",
          "version": "http://snomed.info/sct/731000124108/version/20240301",
          "code": "134401001",
          "display": "Left ventricular systolic dysfunction (disorder)"
        } ]
      },
      "subject": {
        "reference": "Patient/00cd231f-4460-4d84-8e04-d8b0a04d8afd"
      },
      "onsetPeriod": {
        "start": "2026-04-14T14:41:00.000+00:00"
      }
    },
    "request": {
      "method": "PUT",
      "url": "Condition/98a822ee-1817-44a0-bfcd-62f372540442"
    }
  }, {
    "fullUrl": "https://madie.cms.gov/Condition/a060bc12-c061-4420-ba27-fe7c2de15048",
    "resource": {
      "resourceType": "Condition",
      "id": "a060bc12-c061-4420-ba27-fe7c2de15048",
      "meta": {
        "profile": [ "http://hl7.org/fhir/us/qicore/StructureDefinition/qicore-condition-problems-health-concerns" ]
      },
      "clinicalStatus": {
        "coding": [ {
          "system": "http://terminology.hl7.org/CodeSystem/condition-clinical",
          "code": "active",
          "display": "Active"
        } ]
      },
      "verificationStatus": {
        "coding": [ {
          "system": "http://terminology.hl7.org/CodeSystem/condition-ver-status",
          "code": "confirmed",
          "display": "Confirmed"
        } ]
      },
      "category": [ {
        "coding": [ {
          "system": "http://terminology.hl7.org/CodeSystem/condition-category",
          "code": "problem-list-item",
          "display": "Problem List Item"
        } ]
      } ],
      "code": {
        "coding": [ {
          "system": "http://snomed.info/sct",
          "version": "http://snomed.info/sct/731000124108/version/20230901",
          "code": "292428006",
          "display": "Metoprolol adverse reaction (disorder)"
        } ]
      },
      "subject": {
        "reference": "Patient/00cd231f-4460-4d84-8e04-d8b0a04d8afd"
      },
      "onsetPeriod": {
        "start": "2026-01-20T14:32:00.000+00:00"
      }
    },
    "request": {
      "method": "PUT",
      "url": "Condition/a060bc12-c061-4420-ba27-fe7c2de15048"
    }
  }, {
    "fullUrl": "https://madie.cms.gov/MeasureReport/ea02364d-50bf-4944-88ad-d6ae635d8b4b",
    "resource": {
      "resourceType": "MeasureReport",
      "id": "ea02364d-50bf-4944-88ad-d6ae635d8b4b",
      "meta": {
        "profile": [ "http://hl7.org/fhir/us/cqfmeasures/StructureDefinition/test-case-cqfm" ]
      },
      "contained": [ {
        "resourceType": "Parameters",
        "id": "af777469-3162-4669-bc89-ecc148f0a549-parameters",
        "parameter": [ {
          "name": "subject",
          "valueString": "00cd231f-4460-4d84-8e04-d8b0a04d8afd"
        } ]
      } ],
      "extension": [ {
        "url": "http://hl7.org/fhir/StructureDefinition/cqf-inputParameters",
        "valueReference": {
          "reference": "#af777469-3162-4669-bc89-ecc148f0a549-parameters"
        }
      }, {
        "url": "http://hl7.org/fhir/us/cqfmeasures/StructureDefinition/cqfm-testCaseDescription",
        "valueMarkdown": "Patient falls into denominator exception due to intolerance to metoprolol diagnosed before last encounter. Nursing home patient during part of the year."
      } ],
      "modifierExtension": [ {
        "url": "http://hl7.org/fhir/us/cqfmeasures/StructureDefinition/cqfm-isTestCase",
        "valueBoolean": true
      } ],
      "status": "complete",
      "type": "individual",
      "measure": "https://madie.cms.gov/Measure/CMS144FHIRHFBetaBlockerTherapyforLVSD",
      "period": {
        "start": "2026-01-01",
        "end": "2026-12-31"
      },
      "group": [ {
        "id": "Group_1",
        "population": [ {
          "id": "InitialPopulation_1",
          "code": {
            "coding": [ {
              "system": "http://terminology.hl7.org/CodeSystem/measure-population",
              "code": "initial-population",
              "display": "Initial Population"
            } ]
          },
          "count": 1
        }, {
          "id": "Denominator_1",
          "code": {
            "coding": [ {
              "system": "http://terminology.hl7.org/CodeSystem/measure-population",
              "code": "denominator",
              "display": "Denominator"
            } ]
          },
          "count": 1
        }, {
          "id": "DenominatorExclusion_1",
          "code": {
            "coding": [ {
              "system": "http://terminology.hl7.org/CodeSystem/measure-population",
              "code": "denominator-exclusion",
              "display": "Denominator Exclusion"
            } ]
          },
          "count": 0
        }, {
          "id": "Numerator_1",
          "code": {
            "coding": [ {
              "system": "http://terminology.hl7.org/CodeSystem/measure-population",
              "code": "numerator",
              "display": "Numerator"
            } ]
          },
          "count": 0
        }, {
          "id": "DenominatorException_1",
          "code": {
            "coding": [ {
              "system": "http://terminology.hl7.org/CodeSystem/measure-population",
              "code": "denominator-exception",
              "display": "Denominator Exception"
            } ]
          },
          "count": 1
        } ],
        "measureScore": {
          "value": 1.0
        }
      } ],
      "evaluatedResource": [ {
        "reference": "Patient/00cd231f-4460-4d84-8e04-d8b0a04d8afd"
      }, {
        "reference": "Encounter/ea946b34-7d91-4978-821e-1d409254b3c0"
      }, {
        "reference": "Encounter/e72f7d8a-5488-440b-93a4-37d824a931c8"
      }, {
        "reference": "Condition/b0187a68-39f7-4179-b48a-bebc3f79c134"
      }, {
        "reference": "Condition/98a822ee-1817-44a0-bfcd-62f372540442"
      }, {
        "reference": "Condition/a060bc12-c061-4420-ba27-fe7c2de15048"
      } ]
    },
    "request": {
      "method": "PUT",
      "url": "MeasureReport/ea02364d-50bf-4944-88ad-d6ae635d8b4b"
    }
  } ]
}