{
  "resourceType": "Bundle",
  "id": "94984619684984961616",
  "type": "transaction",
  "entry": [ {
    "fullUrl": "https://madie.cms.gov/Patient/dbb4d4b0-06a5-4354-9dbc-072c01709a3a",
    "resource": {
      "resourceType": "Patient",
      "id": "dbb4d4b0-06a5-4354-9dbc-072c01709a3a",
      "meta": {
        "profile": [ "http://hl7.org/fhir/us/qicore/StructureDefinition/qicore-patient" ]
      },
      "extension": [ {
        "url": "http://hl7.org/fhir/us/core/StructureDefinition/us-core-race",
        "extension": [ {
          "url": "ombCategory",
          "valueCoding": {
            "system": "urn:oid:2.16.840.1.113883.6.238",
            "code": "1002-5",
            "display": "American Indian or Alaska Native"
          }
        }, {
          "url": "text",
          "valueString": "American Indian or Alaska Native"
        } ]
      }, {
        "url": "http://hl7.org/fhir/us/core/StructureDefinition/us-core-ethnicity",
        "extension": [ {
          "url": "ombCategory",
          "valueCoding": {
            "system": "urn:oid:2.16.840.1.113883.6.238",
            "code": "2186-5",
            "display": "Not Hispanic or Latino"
          }
        }, {
          "url": "text",
          "valueString": "Not Hispanic or Latino"
        } ]
      } ],
      "identifier": [ {
        "type": {
          "coding": [ {
            "system": "http://terminology.hl7.org/CodeSystem/v2-0203",
            "code": "MR"
          } ]
        },
        "system": "https://bonnie-fhir.healthit.gov/",
        "value": "4987465161613131321"
      } ],
      "active": true,
      "name": [ {
        "use": "usual",
        "family": "DENEXCEPPop2Pass",
        "given": [ "BetaBlockerAllergy" ]
      } ],
      "gender": "female",
      "birthDate": "1923-03-24"
    },
    "request": {
      "method": "PUT",
      "url": "Patient/dbb4d4b0-06a5-4354-9dbc-072c01709a3a"
    }
  }, {
    "fullUrl": "https://madie.cms.gov/Encounter/47c8d5c7-6f9b-4314-8165-77be2bb5c645",
    "resource": {
      "resourceType": "Encounter",
      "id": "47c8d5c7-6f9b-4314-8165-77be2bb5c645",
      "meta": {
        "profile": [ "http://hl7.org/fhir/us/qicore/StructureDefinition/qicore-encounter" ]
      },
      "status": "finished",
      "class": {
        "system": "http://terminology.hl7.org/CodeSystem/v3-ActCode",
        "code": "AMB",
        "display": "ambulatory encounter"
      },
      "type": [ {
        "coding": [ {
          "system": "http://www.ama-assn.org/go/cpt",
          "version": "2024",
          "code": "99205"
        } ]
      } ],
      "subject": {
        "reference": "Patient/dbb4d4b0-06a5-4354-9dbc-072c01709a3a"
      },
      "period": {
        "start": "2026-04-05T06:00:00.000+00:00",
        "end": "2026-04-05T07:00:00.000+00:00"
      }
    },
    "request": {
      "method": "PUT",
      "url": "Encounter/47c8d5c7-6f9b-4314-8165-77be2bb5c645"
    }
  }, {
    "fullUrl": "https://madie.cms.gov/Encounter/1c7be3aa-5319-48c3-8e11-c11ec7f4bcb1",
    "resource": {
      "resourceType": "Encounter",
      "id": "1c7be3aa-5319-48c3-8e11-c11ec7f4bcb1",
      "meta": {
        "profile": [ "http://hl7.org/fhir/us/qicore/StructureDefinition/qicore-encounter" ]
      },
      "status": "finished",
      "class": {
        "system": "http://terminology.hl7.org/CodeSystem/v3-ActCode",
        "code": "AMB",
        "display": "ambulatory encounter"
      },
      "type": [ {
        "coding": [ {
          "system": "http://www.ama-assn.org/go/cpt",
          "version": "2024",
          "code": "99205"
        } ]
      } ],
      "subject": {
        "reference": "Patient/dbb4d4b0-06a5-4354-9dbc-072c01709a3a"
      },
      "period": {
        "start": "2026-07-08T09:00:00.000+00:00",
        "end": "2026-07-08T09:00:00.000+00:00"
      }
    },
    "request": {
      "method": "PUT",
      "url": "Encounter/1c7be3aa-5319-48c3-8e11-c11ec7f4bcb1"
    }
  }, {
    "fullUrl": "https://madie.cms.gov/Condition/7f4a7eba-e714-44a3-adcb-1b5ce60266d1",
    "resource": {
      "resourceType": "Condition",
      "id": "7f4a7eba-e714-44a3-adcb-1b5ce60266d1",
      "meta": {
        "profile": [ "http://hl7.org/fhir/us/qicore/StructureDefinition/qicore-condition-problems-health-concerns" ]
      },
      "clinicalStatus": {
        "coding": [ {
          "system": "http://terminology.hl7.org/CodeSystem/condition-clinical",
          "code": "active",
          "display": "Active"
        } ]
      },
      "verificationStatus": {
        "coding": [ {
          "system": "http://terminology.hl7.org/CodeSystem/condition-ver-status",
          "code": "confirmed",
          "display": "Confirmed"
        } ]
      },
      "category": [ {
        "coding": [ {
          "system": "http://terminology.hl7.org/CodeSystem/condition-category",
          "code": "problem-list-item",
          "display": "Problem List Item"
        } ]
      } ],
      "code": {
        "coding": [ {
          "system": "http://hl7.org/fhir/sid/icd-10-cm",
          "version": "2024",
          "code": "I21.01"
        } ]
      },
      "subject": {
        "reference": "Patient/dbb4d4b0-06a5-4354-9dbc-072c01709a3a"
      },
      "onsetPeriod": {
        "start": "2023-11-22T07:30:00.000+00:00",
        "end": "2023-11-22T08:30:00.000+00:00"
      }
    },
    "request": {
      "method": "PUT",
      "url": "Condition/7f4a7eba-e714-44a3-adcb-1b5ce60266d1"
    }
  }, {
    "fullUrl": "https://madie.cms.gov/Condition/e647e202-3086-4e67-a0aa-dfff5b50400d",
    "resource": {
      "resourceType": "Condition",
      "id": "e647e202-3086-4e67-a0aa-dfff5b50400d",
      "meta": {
        "profile": [ "http://hl7.org/fhir/us/qicore/StructureDefinition/qicore-condition-problems-health-concerns" ]
      },
      "clinicalStatus": {
        "coding": [ {
          "system": "http://terminology.hl7.org/CodeSystem/condition-clinical",
          "code": "active",
          "display": "Active"
        } ]
      },
      "verificationStatus": {
        "coding": [ {
          "system": "http://terminology.hl7.org/CodeSystem/condition-ver-status",
          "code": "confirmed"
        } ]
      },
      "category": [ {
        "coding": [ {
          "system": "http://terminology.hl7.org/CodeSystem/condition-category",
          "code": "problem-list-item",
          "display": "Problem List Item"
        } ]
      } ],
      "code": {
        "coding": [ {
          "system": "http://snomed.info/sct",
          "version": "http://snomed.info/sct/731000124108/version/20240301",
          "code": "10365005",
          "display": "Right main coronary artery thrombosis (disorder)"
        } ]
      },
      "subject": {
        "reference": "Patient/dbb4d4b0-06a5-4354-9dbc-072c01709a3a"
      },
      "onsetPeriod": {
        "start": "2026-01-21T07:00:00.000+00:00"
      }
    },
    "request": {
      "method": "PUT",
      "url": "Condition/e647e202-3086-4e67-a0aa-dfff5b50400d"
    }
  }, {
    "fullUrl": "https://madie.cms.gov/AllergyIntolerance/1ecaa109-0252-42bb-b272-f2db2236508b",
    "resource": {
      "resourceType": "AllergyIntolerance",
      "id": "1ecaa109-0252-42bb-b272-f2db2236508b",
      "meta": {
        "profile": [ "http://hl7.org/fhir/us/qicore/StructureDefinition/qicore-allergyintolerance" ]
      },
      "clinicalStatus": {
        "coding": [ {
          "system": "http://terminology.hl7.org/CodeSystem/allergyintolerance-clinical",
          "code": "active"
        } ]
      },
      "verificationStatus": {
        "coding": [ {
          "system": "http://terminology.hl7.org/CodeSystem/allergyintolerance-verification",
          "code": "confirmed"
        } ]
      },
      "type": "allergy",
      "criticality": "high",
      "code": {
        "coding": [ {
          "system": "http://www.nlm.nih.gov/research/umls/rxnorm",
          "version": "04032023",
          "code": "1202",
          "display": "atenolol"
        } ]
      },
      "patient": {
        "reference": "Patient/dbb4d4b0-06a5-4354-9dbc-072c01709a3a"
      },
      "onsetDateTime": "2022-10-01",
      "recordedDate": "2022-10-01T14:00:00.000+00:00"
    },
    "request": {
      "method": "PUT",
      "url": "AllergyIntolerance/1ecaa109-0252-42bb-b272-f2db2236508b"
    }
  }, {
    "fullUrl": "https://madie.cms.gov/MeasureReport/d4ce8c47-e89c-4b8f-af23-80854dd9cc4f",
    "resource": {
      "resourceType": "MeasureReport",
      "id": "d4ce8c47-e89c-4b8f-af23-80854dd9cc4f",
      "meta": {
        "profile": [ "http://hl7.org/fhir/us/cqfmeasures/StructureDefinition/test-case-cqfm" ]
      },
      "contained": [ {
        "resourceType": "Parameters",
        "id": "358415c3-370c-4c9e-81f5-103f58f9d575-parameters",
        "parameter": [ {
          "name": "subject",
          "valueString": "dbb4d4b0-06a5-4354-9dbc-072c01709a3a"
        } ]
      } ],
      "extension": [ {
        "url": "http://hl7.org/fhir/StructureDefinition/cqf-inputParameters",
        "valueReference": {
          "reference": "#358415c3-370c-4c9e-81f5-103f58f9d575-parameters"
        }
      }, {
        "url": "http://hl7.org/fhir/us/cqfmeasures/StructureDefinition/cqfm-testCaseDescription",
        "valueMarkdown": "Pt > 18, 2 amb. visits during MP, a MI Dx with onset > 2 yrs before MP, a CAD Dx with onset during MP but before 1st visit, and a Beta Blocker allergy start > 3 years before MP and ongoing"
      } ],
      "modifierExtension": [ {
        "url": "http://hl7.org/fhir/us/cqfmeasures/StructureDefinition/cqfm-isTestCase",
        "valueBoolean": true
      } ],
      "status": "complete",
      "type": "individual",
      "measure": "https://madie.cms.gov/Measure/CMS145FHIRCADBetaBlockerTherapyPriorMIorLVSD",
      "period": {
        "start": "2026-01-01",
        "end": "2026-12-31"
      },
      "group": [ {
        "id": "Group_1",
        "population": [ {
          "id": "InitialPopulation_1",
          "code": {
            "coding": [ {
              "system": "http://terminology.hl7.org/CodeSystem/measure-population",
              "code": "initial-population",
              "display": "Initial Population"
            } ]
          },
          "count": 1
        }, {
          "id": "Denominator_1",
          "code": {
            "coding": [ {
              "system": "http://terminology.hl7.org/CodeSystem/measure-population",
              "code": "denominator",
              "display": "Denominator"
            } ]
          },
          "count": 0
        }, {
          "id": "Numerator_1",
          "code": {
            "coding": [ {
              "system": "http://terminology.hl7.org/CodeSystem/measure-population",
              "code": "numerator",
              "display": "Numerator"
            } ]
          },
          "count": 0
        }, {
          "id": "DenominatorException_1",
          "code": {
            "coding": [ {
              "system": "http://terminology.hl7.org/CodeSystem/measure-population",
              "code": "denominator-exception",
              "display": "Denominator Exception"
            } ]
          },
          "count": 0
        } ],
        "measureScore": {
          "value": 1.0
        }
      }, {
        "id": "Group_2",
        "population": [ {
          "id": "InitialPopulation_2",
          "code": {
            "coding": [ {
              "system": "http://terminology.hl7.org/CodeSystem/measure-population",
              "code": "initial-population",
              "display": "Initial Population"
            } ]
          },
          "count": 1
        }, {
          "id": "Denominator_2",
          "code": {
            "coding": [ {
              "system": "http://terminology.hl7.org/CodeSystem/measure-population",
              "code": "denominator",
              "display": "Denominator"
            } ]
          },
          "count": 1
        }, {
          "id": "Numerator_2",
          "code": {
            "coding": [ {
              "system": "http://terminology.hl7.org/CodeSystem/measure-population",
              "code": "numerator",
              "display": "Numerator"
            } ]
          },
          "count": 0
        }, {
          "id": "DenominatorException_2",
          "code": {
            "coding": [ {
              "system": "http://terminology.hl7.org/CodeSystem/measure-population",
              "code": "denominator-exception",
              "display": "Denominator Exception"
            } ]
          },
          "count": 1
        } ],
        "measureScore": {
          "value": 1.0
        }
      } ],
      "evaluatedResource": [ {
        "reference": "Patient/dbb4d4b0-06a5-4354-9dbc-072c01709a3a"
      }, {
        "reference": "Encounter/47c8d5c7-6f9b-4314-8165-77be2bb5c645"
      }, {
        "reference": "Encounter/1c7be3aa-5319-48c3-8e11-c11ec7f4bcb1"
      }, {
        "reference": "Condition/7f4a7eba-e714-44a3-adcb-1b5ce60266d1"
      }, {
        "reference": "Condition/e647e202-3086-4e67-a0aa-dfff5b50400d"
      }, {
        "reference": "AllergyIntolerance/1ecaa109-0252-42bb-b272-f2db2236508b"
      } ]
    },
    "request": {
      "method": "PUT",
      "url": "MeasureReport/d4ce8c47-e89c-4b8f-af23-80854dd9cc4f"
    }
  } ]
}