{
  "resourceType": "Bundle",
  "id": "62d7354fc22c612899b40d6c1",
  "type": "transaction",
  "entry": [ {
    "fullUrl": "https://madie.cms.gov/Patient/1f16120b-56c9-4d72-8dd4-01d8a0175d77",
    "resource": {
      "resourceType": "Patient",
      "id": "1f16120b-56c9-4d72-8dd4-01d8a0175d77",
      "meta": {
        "profile": [ "http://hl7.org/fhir/us/qicore/StructureDefinition/qicore-patient" ]
      },
      "extension": [ {
        "url": "http://hl7.org/fhir/us/core/StructureDefinition/us-core-race",
        "extension": [ {
          "url": "ombCategory",
          "valueCoding": {
            "system": "urn:oid:2.16.840.1.113883.6.238",
            "code": "2106-3",
            "display": "White",
            "userSelected": true
          }
        }, {
          "url": "text",
          "valueString": "White"
        } ]
      }, {
        "url": "http://hl7.org/fhir/us/core/StructureDefinition/us-core-ethnicity",
        "extension": [ {
          "url": "ombCategory",
          "valueCoding": {
            "system": "urn:oid:2.16.840.1.113883.6.238",
            "code": "2186-5",
            "display": "Not Hispanic or Latino",
            "userSelected": true
          }
        }, {
          "url": "text",
          "valueString": "Not Hispanic or Latino"
        } ]
      } ],
      "identifier": [ {
        "type": {
          "coding": [ {
            "system": "http://terminology.hl7.org/CodeSystem/v2-0203",
            "code": "MR"
          } ]
        },
        "system": "https://bonnie-fhir.healthit.gov/",
        "value": "62d7354fc22c612899b40d6c1"
      } ],
      "name": [ {
        "family": "DENEXCEPPass",
        "given": [ "ElevatedDeclineFU" ]
      } ],
      "gender": "male",
      "birthDate": "2005-01-01"
    },
    "request": {
      "method": "PUT",
      "url": "Patient/1f16120b-56c9-4d72-8dd4-01d8a0175d77"
    }
  }, {
    "fullUrl": "https://madie.cms.gov/Encounter/d54c60d6-c1a8-4b70-8193-688f9b64cd16",
    "resource": {
      "resourceType": "Encounter",
      "id": "d54c60d6-c1a8-4b70-8193-688f9b64cd16",
      "meta": {
        "profile": [ "http://hl7.org/fhir/us/qicore/StructureDefinition/qicore-encounter" ]
      },
      "status": "finished",
      "class": {
        "system": "http://terminology.hl7.org/CodeSystem/v3-ActCode",
        "code": "AMB",
        "display": "ambulatory"
      },
      "type": [ {
        "coding": [ {
          "system": "http://snomed.info/sct",
          "version": "2022-03",
          "code": "406547006",
          "display": "Urgent follow-up (procedure)",
          "userSelected": true
        } ]
      } ],
      "subject": {
        "reference": "Patient/1f16120b-56c9-4d72-8dd4-01d8a0175d77"
      },
      "period": {
        "start": "2026-01-01T08:00:00.000+00:00",
        "end": "2026-01-01T08:30:00.000+00:00"
      }
    },
    "request": {
      "method": "PUT",
      "url": "Encounter/d54c60d6-c1a8-4b70-8193-688f9b64cd16"
    }
  }, {
    "fullUrl": "https://madie.cms.gov/Observation/f7f02d47-6aa9-4d9d-8302-a67221802105",
    "resource": {
      "resourceType": "Observation",
      "id": "f7f02d47-6aa9-4d9d-8302-a67221802105",
      "meta": {
        "profile": [ "http://hl7.org/fhir/StructureDefinition/bp" ]
      },
      "status": "amended",
      "category": [ {
        "coding": [ {
          "system": "http://terminology.hl7.org/CodeSystem/observation-category",
          "code": "vital-signs",
          "display": "Vital Signs"
        } ],
        "text": "Vital Signs"
      } ],
      "code": {
        "coding": [ {
          "system": "http://loinc.org",
          "code": "85354-9",
          "display": "Blood pressure panel"
        } ]
      },
      "subject": {
        "reference": "Patient/1f16120b-56c9-4d72-8dd4-01d8a0175d77"
      },
      "effectiveDateTime": "2026-01-01T08:05:00.000Z",
      "component": [ {
        "code": {
          "coding": [ {
            "system": "http://loinc.org",
            "code": "8480-6",
            "display": "Systolic blood pressure"
          } ]
        },
        "valueQuantity": {
          "value": 120,
          "unit": "mmHg",
          "system": "http://unitsofmeasure.org",
          "code": "mm[Hg]"
        }
      }, {
        "code": {
          "coding": [ {
            "system": "http://loinc.org",
            "code": "8462-4",
            "display": "Diastolic blood pressure"
          } ]
        },
        "valueQuantity": {
          "value": 79,
          "unit": "mmHg",
          "system": "http://unitsofmeasure.org",
          "code": "mm[Hg]"
        }
      } ]
    },
    "request": {
      "method": "PUT",
      "url": "Observation/f7f02d47-6aa9-4d9d-8302-a67221802105"
    }
  }, {
    "fullUrl": "https://madie.cms.gov/ServiceRequest/2a751dc7-4243-4600-80f5-0ac8fac291b7",
    "resource": {
      "resourceType": "ServiceRequest",
      "id": "2a751dc7-4243-4600-80f5-0ac8fac291b7",
      "meta": {
        "profile": [ "http://hl7.org/fhir/us/qicore/StructureDefinition/qicore-servicenotrequested" ]
      },
      "extension": [ {
        "url": "http://hl7.org/fhir/us/qicore/StructureDefinition/qicore-doNotPerformReason",
        "valueCodeableConcept": {
          "coding": [ {
            "system": "http://snomed.info/sct",
            "code": "407563006",
            "display": "Treatment not tolerated (situation)",
            "userSelected": true
          } ]
        }
      } ],
      "status": "completed",
      "intent": "order",
      "doNotPerform": true,
      "code": {
        "coding": [ {
          "system": "http://snomed.info/sct",
          "code": "308470006",
          "display": "Referral to general physician (procedure)",
          "userSelected": true
        } ]
      },
      "subject": {
        "reference": "Patient/1f16120b-56c9-4d72-8dd4-01d8a0175d77"
      },
      "authoredOn": "2026-01-01T08:20:00.000+00:00"
    },
    "request": {
      "method": "PUT",
      "url": "ServiceRequest/2a751dc7-4243-4600-80f5-0ac8fac291b7"
    }
  }, {
    "fullUrl": "https://madie.cms.gov/Coverage/628dd73e-4d71-4920-9791-fbf8838df864",
    "resource": {
      "resourceType": "Coverage",
      "id": "628dd73e-4d71-4920-9791-fbf8838df864",
      "meta": {
        "profile": [ "http://hl7.org/fhir/us/qicore/StructureDefinition/qicore-coverage" ]
      },
      "status": "active",
      "beneficiary": {
        "reference": "Patient/1f16120b-56c9-4d72-8dd4-01d8a0175d77"
      },
      "payor": [ {
        "reference": "Organization/7d115394-1128-4fa4-9bb0-38030b3dec90"
      } ]
    },
    "request": {
      "method": "PUT",
      "url": "Coverage/628dd73e-4d71-4920-9791-fbf8838df864"
    }
  }, {
    "fullUrl": "https://madie.cms.gov/Organization/7d115394-1128-4fa4-9bb0-38030b3dec90",
    "resource": {
      "resourceType": "Organization",
      "id": "7d115394-1128-4fa4-9bb0-38030b3dec90",
      "meta": {
        "profile": [ "http://hl7.org/fhir/us/qicore/StructureDefinition/qicore-organization" ]
      },
      "identifier": [ {
        "use": "temp",
        "system": "urn:oid:2.16.840.1.113883.4.4",
        "value": "21-3259825"
      } ],
      "active": true,
      "type": [ {
        "coding": [ {
          "system": "http://terminology.hl7.org/CodeSystem/organization-type",
          "code": "pay",
          "display": "Payer"
        } ]
      } ],
      "name": "Blue Cross Blue Shield of Texas",
      "telecom": [ {
        "system": "phone",
        "value": "(+1) 972-766-6900"
      } ],
      "address": [ {
        "use": "billing",
        "type": "postal",
        "line": [ "P.O. Box 660044" ],
        "city": "Dallas",
        "state": "TX",
        "postalCode": "75266-0044",
        "country": "USA"
      } ]
    },
    "request": {
      "method": "PUT",
      "url": "Organization/7d115394-1128-4fa4-9bb0-38030b3dec90"
    }
  }, {
    "fullUrl": "https://madie.cms.gov/Practitioner/10a57d0f-5406-4b9e-872e-7732ff7e8226",
    "resource": {
      "resourceType": "Practitioner",
      "id": "10a57d0f-5406-4b9e-872e-7732ff7e8226",
      "meta": {
        "profile": [ "http://hl7.org/fhir/us/qicore/StructureDefinition/qicore-practitioner" ]
      },
      "identifier": [ {
        "system": "http://hl7.org/fhir/sid/us-npi",
        "value": "123456"
      } ],
      "name": [ {
        "family": "Evil",
        "prefix": [ "Dr" ]
      } ]
    },
    "request": {
      "method": "PUT",
      "url": "Practitioner/10a57d0f-5406-4b9e-872e-7732ff7e8226"
    }
  }, {
    "fullUrl": "https://madie.cms.gov/MeasureReport/592c2e8d-b62b-4c5d-ab8d-adaa94032d0e",
    "resource": {
      "resourceType": "MeasureReport",
      "id": "592c2e8d-b62b-4c5d-ab8d-adaa94032d0e",
      "meta": {
        "profile": [ "http://hl7.org/fhir/us/cqfmeasures/StructureDefinition/test-case-cqfm" ]
      },
      "contained": [ {
        "resourceType": "Parameters",
        "id": "9de57e1d-9ce6-49e3-ba06-aecd293843ad-parameters",
        "parameter": [ {
          "name": "subject",
          "valueString": "1f16120b-56c9-4d72-8dd4-01d8a0175d77"
        } ]
      } ],
      "extension": [ {
        "url": "http://hl7.org/fhir/StructureDefinition/cqf-inputParameters",
        "valueReference": {
          "reference": "#9de57e1d-9ce6-49e3-ba06-aecd293843ad-parameters"
        }
      }, {
        "url": "http://hl7.org/fhir/us/cqfmeasures/StructureDefinition/cqfm-testCaseDescription",
        "valueMarkdown": "Encounter first day of MP BP 120/79, declined referral to primary care/alternate"
      } ],
      "modifierExtension": [ {
        "url": "http://hl7.org/fhir/us/cqfmeasures/StructureDefinition/cqfm-isTestCase",
        "valueBoolean": true
      } ],
      "status": "complete",
      "type": "individual",
      "measure": "https://madie.cms.gov/Measure/CMS69FHIRPCSBMIScreenAndFollowUp",
      "period": {
        "start": "2026-01-01",
        "end": "2026-12-31"
      },
      "group": [ {
        "id": "Group_1",
        "population": [ {
          "id": "InitialPopulation_1",
          "code": {
            "coding": [ {
              "system": "http://terminology.hl7.org/CodeSystem/measure-population",
              "code": "initial-population",
              "display": "Initial Population"
            } ]
          },
          "count": 1
        }, {
          "id": "Denominator_1",
          "code": {
            "coding": [ {
              "system": "http://terminology.hl7.org/CodeSystem/measure-population",
              "code": "denominator",
              "display": "Denominator"
            } ]
          },
          "count": 1
        }, {
          "id": "DenominatorExclusion_1",
          "code": {
            "coding": [ {
              "system": "http://terminology.hl7.org/CodeSystem/measure-population",
              "code": "denominator-exclusion",
              "display": "Denominator Exclusion"
            } ]
          },
          "count": 0
        }, {
          "id": "Numerator_1",
          "code": {
            "coding": [ {
              "system": "http://terminology.hl7.org/CodeSystem/measure-population",
              "code": "numerator",
              "display": "Numerator"
            } ]
          },
          "count": 0
        }, {
          "id": "DenominatorException_1",
          "code": {
            "coding": [ {
              "system": "http://terminology.hl7.org/CodeSystem/measure-population",
              "code": "denominator-exception",
              "display": "Denominator Exception"
            } ]
          },
          "count": 1
        } ],
        "measureScore": {
          "value": 1.0
        }
      } ],
      "evaluatedResource": [ {
        "reference": "Patient/1f16120b-56c9-4d72-8dd4-01d8a0175d77"
      }, {
        "reference": "Encounter/d54c60d6-c1a8-4b70-8193-688f9b64cd16"
      }, {
        "reference": "Observation/f7f02d47-6aa9-4d9d-8302-a67221802105"
      }, {
        "reference": "ServiceRequest/2a751dc7-4243-4600-80f5-0ac8fac291b7"
      }, {
        "reference": "Coverage/628dd73e-4d71-4920-9791-fbf8838df864"
      }, {
        "reference": "Organization/7d115394-1128-4fa4-9bb0-38030b3dec90"
      }, {
        "reference": "Practitioner/10a57d0f-5406-4b9e-872e-7732ff7e8226"
      } ]
    },
    "request": {
      "method": "PUT",
      "url": "MeasureReport/592c2e8d-b62b-4c5d-ab8d-adaa94032d0e"
    }
  } ]
}