{
  "resourceType": "Bundle",
  "id": "630307c20968f801224779a0",
  "type": "transaction",
  "entry": [ {
    "fullUrl": "https://madie.cms.gov/Patient/7b76e67e-89ec-4ce8-a6e0-2d16b9e4e45b",
    "resource": {
      "resourceType": "Patient",
      "id": "7b76e67e-89ec-4ce8-a6e0-2d16b9e4e45b",
      "meta": {
        "profile": [ "http://hl7.org/fhir/us/qicore/StructureDefinition/qicore-patient" ]
      },
      "extension": [ {
        "url": "http://hl7.org/fhir/us/core/StructureDefinition/us-core-race",
        "extension": [ {
          "url": "ombCategory",
          "valueCoding": {
            "system": "urn:oid:2.16.840.1.113883.6.238",
            "code": "2106-3",
            "display": "White"
          }
        }, {
          "url": "text",
          "valueString": "White"
        } ]
      }, {
        "url": "http://hl7.org/fhir/us/core/StructureDefinition/us-core-ethnicity",
        "extension": [ {
          "url": "ombCategory",
          "valueCoding": {
            "system": "urn:oid:2.16.840.1.113883.6.238",
            "code": "2186-5",
            "display": "Not Hispanic or Latino"
          }
        }, {
          "url": "text",
          "valueString": "Not Hispanic or Latino"
        } ]
      }, {
        "url": "http://hl7.org/fhir/us/core/StructureDefinition/us-core-sex",
        "valueCode": "248153007"
      } ],
      "identifier": [ {
        "type": {
          "coding": [ {
            "system": "http://terminology.hl7.org/CodeSystem/v2-0203",
            "code": "MR"
          } ]
        },
        "system": "https://bonnie-fhir.healthit.gov/",
        "value": "630307c20968f801224779a0"
      } ],
      "name": [ {
        "family": "IPPPopStrat2Fail",
        "given": [ "NoDxDepressDuringIdPeriod" ]
      } ],
      "gender": "male",
      "birthDate": "2000-01-01"
    },
    "request": {
      "method": "PUT",
      "url": "Patient/7b76e67e-89ec-4ce8-a6e0-2d16b9e4e45b"
    }
  }, {
    "fullUrl": "https://madie.cms.gov/Encounter/570e9153-e753-47dd-ad97-b5b153b4f61e",
    "resource": {
      "resourceType": "Encounter",
      "id": "570e9153-e753-47dd-ad97-b5b153b4f61e",
      "meta": {
        "profile": [ "http://hl7.org/fhir/us/qicore/StructureDefinition/qicore-encounter" ]
      },
      "status": "finished",
      "class": {
        "system": "http://www.ama-assn.org/go/cpt",
        "version": "2024",
        "code": "99205",
        "display": "Office or other outpatient visit for the evaluation and management of a new patient, which requires a medically appropriate history and/or examination and high level of medical decision making. When using time for code selection, 60-74 minutes of total time is spent on the date of the encounter."
      },
      "type": [ {
        "coding": [ {
          "system": "http://www.ama-assn.org/go/cpt",
          "version": "2024",
          "code": "90791"
        } ]
      } ],
      "subject": {
        "reference": "Patient/7b76e67e-89ec-4ce8-a6e0-2d16b9e4e45b"
      },
      "period": {
        "start": "2025-10-31T14:35:00+00:00",
        "end": "2025-10-31T14:45:00+00:00"
      },
      "length": {
        "value": 0,
        "unit": "days"
      }
    },
    "request": {
      "method": "PUT",
      "url": "Encounter/570e9153-e753-47dd-ad97-b5b153b4f61e"
    }
  }, {
    "fullUrl": "https://madie.cms.gov/Observation/8073fa8e-245e-4eda-b8fe-3f90be89b15c",
    "resource": {
      "resourceType": "Observation",
      "id": "8073fa8e-245e-4eda-b8fe-3f90be89b15c",
      "meta": {
        "profile": [ "http://hl7.org/fhir/us/qicore/StructureDefinition/qicore-observation-screening-assessment" ]
      },
      "status": "final",
      "category": [ {
        "coding": [ {
          "system": "http://terminology.hl7.org/CodeSystem/observation-category",
          "code": "survey",
          "display": "Survey"
        } ]
      } ],
      "code": {
        "coding": [ {
          "system": "http://loinc.org",
          "version": "2.76",
          "code": "44261-6"
        } ]
      },
      "subject": {
        "reference": "Patient/7b76e67e-89ec-4ce8-a6e0-2d16b9e4e45b"
      },
      "effectiveDateTime": "2025-10-31T14:35:00+00:00",
      "valueInteger": 10
    },
    "request": {
      "method": "PUT",
      "url": "Observation/8073fa8e-245e-4eda-b8fe-3f90be89b15c"
    }
  }, {
    "fullUrl": "https://madie.cms.gov/MeasureReport/dd295dfb-83b8-41f5-b4ee-dbd621674f61",
    "resource": {
      "resourceType": "MeasureReport",
      "id": "dd295dfb-83b8-41f5-b4ee-dbd621674f61",
      "meta": {
        "profile": [ "http://hl7.org/fhir/us/cqfmeasures/StructureDefinition/test-case-cqfm" ]
      },
      "contained": [ {
        "resourceType": "Parameters",
        "id": "704d7fdf-bbe7-469b-81e3-19798e48c157-parameters",
        "parameter": [ {
          "name": "subject",
          "valueString": "7b76e67e-89ec-4ce8-a6e0-2d16b9e4e45b"
        } ]
      } ],
      "extension": [ {
        "url": "http://hl7.org/fhir/StructureDefinition/cqf-inputParameters",
        "valueReference": {
          "reference": "#704d7fdf-bbe7-469b-81e3-19798e48c157-parameters"
        }
      }, {
        "url": "http://hl7.org/fhir/us/cqfmeasures/StructureDefinition/cqfm-testCaseDescription",
        "valueMarkdown": "Patient is 25 and did not have a Major Depressive or Dysthimia Dx during denom ID period. Patient should not be initial population.  "
      } ],
      "modifierExtension": [ {
        "url": "http://hl7.org/fhir/us/cqfmeasures/StructureDefinition/cqfm-isTestCase",
        "valueBoolean": true
      } ],
      "status": "complete",
      "type": "individual",
      "measure": "https://madie.cms.gov/Measure/CMS159FHIRDepressionRemissionatTwelveMonths",
      "period": {
        "start": "2026-01-01",
        "end": "2026-12-31"
      },
      "group": [ {
        "id": "Group_1",
        "population": [ {
          "id": "InitialPopulation_1",
          "code": {
            "coding": [ {
              "system": "http://terminology.hl7.org/CodeSystem/measure-population",
              "code": "initial-population",
              "display": "Initial Population"
            } ]
          },
          "count": 0
        }, {
          "id": "Denominator_1",
          "code": {
            "coding": [ {
              "system": "http://terminology.hl7.org/CodeSystem/measure-population",
              "code": "denominator",
              "display": "Denominator"
            } ]
          },
          "count": 0
        }, {
          "id": "DenominatorExclusion_1",
          "code": {
            "coding": [ {
              "system": "http://terminology.hl7.org/CodeSystem/measure-population",
              "code": "denominator-exclusion",
              "display": "Denominator Exclusion"
            } ]
          },
          "count": 0
        }, {
          "id": "Numerator_1",
          "code": {
            "coding": [ {
              "system": "http://terminology.hl7.org/CodeSystem/measure-population",
              "code": "numerator",
              "display": "Numerator"
            } ]
          },
          "count": 0
        } ],
        "measureScore": {
          "value": 1.0
        }
      } ],
      "evaluatedResource": [ {
        "reference": "Patient/7b76e67e-89ec-4ce8-a6e0-2d16b9e4e45b"
      }, {
        "reference": "Encounter/570e9153-e753-47dd-ad97-b5b153b4f61e"
      }, {
        "reference": "Observation/8073fa8e-245e-4eda-b8fe-3f90be89b15c"
      } ]
    },
    "request": {
      "method": "PUT",
      "url": "MeasureReport/dd295dfb-83b8-41f5-b4ee-dbd621674f61"
    }
  } ]
}