{
  "resourceType": "Bundle",
  "id": "62fd4b710968f82603aac88c",
  "type": "transaction",
  "entry": [ {
    "fullUrl": "https://madie.cms.gov/Patient/3c747b52-446b-4107-aff5-a6121d5e9ffc",
    "resource": {
      "resourceType": "Patient",
      "id": "3c747b52-446b-4107-aff5-a6121d5e9ffc",
      "meta": {
        "profile": [ "http://hl7.org/fhir/us/qicore/StructureDefinition/qicore-patient" ]
      },
      "extension": [ {
        "url": "http://hl7.org/fhir/us/core/StructureDefinition/us-core-race",
        "extension": [ {
          "url": "ombCategory",
          "valueCoding": {
            "system": "urn:oid:2.16.840.1.113883.6.238",
            "code": "2054-5",
            "display": "Black or African American",
            "userSelected": true
          }
        }, {
          "url": "text",
          "valueString": "Black or African American"
        } ]
      }, {
        "url": "http://hl7.org/fhir/us/core/StructureDefinition/us-core-ethnicity",
        "extension": [ {
          "url": "ombCategory",
          "valueCoding": {
            "system": "urn:oid:2.16.840.1.113883.6.238",
            "code": "2186-5",
            "display": "Not Hispanic or Latino",
            "userSelected": true
          }
        }, {
          "url": "text",
          "valueString": "Not Hispanic or Latino"
        } ]
      } ],
      "identifier": [ {
        "type": {
          "coding": [ {
            "system": "http://terminology.hl7.org/CodeSystem/v2-0203",
            "code": "MR"
          } ]
        },
        "system": "https://bonnie-fhir.healthit.gov/",
        "value": "62fd4b710968f82603aac88c"
      } ],
      "name": [ {
        "family": "IPFail",
        "given": [ "EncBeforeMP" ]
      } ],
      "gender": "female",
      "birthDate": "2001-12-31"
    },
    "request": {
      "method": "PUT",
      "url": "Patient/3c747b52-446b-4107-aff5-a6121d5e9ffc"
    }
  }, {
    "fullUrl": "https://madie.cms.gov/Encounter/05be9cde-a97a-40e7-b62a-393aaa7dd3c1",
    "resource": {
      "resourceType": "Encounter",
      "id": "05be9cde-a97a-40e7-b62a-393aaa7dd3c1",
      "meta": {
        "profile": [ "http://hl7.org/fhir/us/qicore/StructureDefinition/qicore-encounter" ]
      },
      "status": "finished",
      "class": {
        "system": "http://terminology.hl7.org/CodeSystem/v3-ActCode",
        "code": "AMB",
        "display": "ambulatory"
      },
      "type": [ {
        "coding": [ {
          "system": "http://www.ama-assn.org/go/cpt",
          "version": "2021",
          "code": "99385",
          "display": "Initial comprehensive preventive medicine evaluation and management of an individual including an age and gender appropriate history, examination, counseling/anticipatory guidance/risk factor reduction interventions, and the ordering of laboratory/diagnostic procedures, new patient; 18-39 years",
          "userSelected": true
        } ]
      } ],
      "subject": {
        "reference": "Patient/3c747b52-446b-4107-aff5-a6121d5e9ffc"
      },
      "period": {
        "start": "2025-12-31T23:00:00.000+00:00",
        "end": "2025-12-31T23:59:00.000+00:00"
      }
    },
    "request": {
      "method": "PUT",
      "url": "Encounter/05be9cde-a97a-40e7-b62a-393aaa7dd3c1"
    }
  }, {
    "fullUrl": "https://madie.cms.gov/ServiceRequest/a6d98ed0-98fb-41dc-9f67-3dd72ab7dfb6",
    "resource": {
      "resourceType": "ServiceRequest",
      "id": "a6d98ed0-98fb-41dc-9f67-3dd72ab7dfb6",
      "meta": {
        "profile": [ "http://hl7.org/fhir/us/qicore/StructureDefinition/qicore-servicerequest" ]
      },
      "status": "active",
      "intent": "order",
      "code": {
        "coding": [ {
          "system": "http://snomed.info/sct",
          "version": "2022-03",
          "code": "103696004",
          "display": "Patient referral to specialist (procedure)",
          "userSelected": true
        } ]
      },
      "subject": {
        "reference": "Patient/3c747b52-446b-4107-aff5-a6121d5e9ffc"
      },
      "authoredOn": "2026-08-08T08:00:00.000+00:00"
    },
    "request": {
      "method": "PUT",
      "url": "ServiceRequest/a6d98ed0-98fb-41dc-9f67-3dd72ab7dfb6"
    }
  }, {
    "fullUrl": "https://madie.cms.gov/Coverage/1a8e84a3-67ff-4d32-8ae9-e37fa1243a04",
    "resource": {
      "resourceType": "Coverage",
      "id": "1a8e84a3-67ff-4d32-8ae9-e37fa1243a04",
      "meta": {
        "profile": [ "http://hl7.org/fhir/us/qicore/StructureDefinition/qicore-coverage" ]
      },
      "status": "active",
      "beneficiary": {
        "reference": "Patient/3c747b52-446b-4107-aff5-a6121d5e9ffc"
      },
      "payor": [ {
        "reference": "Organization/f26ac626-de1d-4fc2-b961-7bbd4b24187c"
      } ]
    },
    "request": {
      "method": "PUT",
      "url": "Coverage/1a8e84a3-67ff-4d32-8ae9-e37fa1243a04"
    }
  }, {
    "fullUrl": "https://madie.cms.gov/Organization/f26ac626-de1d-4fc2-b961-7bbd4b24187c",
    "resource": {
      "resourceType": "Organization",
      "id": "f26ac626-de1d-4fc2-b961-7bbd4b24187c",
      "meta": {
        "profile": [ "http://hl7.org/fhir/us/qicore/StructureDefinition/qicore-organization" ]
      },
      "identifier": [ {
        "use": "temp",
        "system": "urn:oid:2.16.840.1.113883.4.4",
        "value": "21-3259825"
      } ],
      "active": true,
      "type": [ {
        "coding": [ {
          "system": "http://terminology.hl7.org/CodeSystem/organization-type",
          "code": "pay",
          "display": "Payer"
        } ]
      } ],
      "name": "Blue Cross Blue Shield of Texas",
      "telecom": [ {
        "system": "phone",
        "value": "(+1) 972-766-6900"
      } ],
      "address": [ {
        "use": "billing",
        "type": "postal",
        "line": [ "P.O. Box 660044" ],
        "city": "Dallas",
        "state": "TX",
        "postalCode": "75266-0044",
        "country": "USA"
      } ]
    },
    "request": {
      "method": "PUT",
      "url": "Organization/f26ac626-de1d-4fc2-b961-7bbd4b24187c"
    }
  }, {
    "fullUrl": "https://madie.cms.gov/Practitioner/61cbbc7a-179a-4a82-bc75-3f6ecd704501",
    "resource": {
      "resourceType": "Practitioner",
      "id": "61cbbc7a-179a-4a82-bc75-3f6ecd704501",
      "meta": {
        "profile": [ "http://hl7.org/fhir/us/qicore/StructureDefinition/qicore-practitioner" ]
      },
      "identifier": [ {
        "system": "http://hl7.org/fhir/sid/us-npi",
        "value": "123456"
      } ],
      "name": [ {
        "family": "Evil",
        "prefix": [ "Dr" ]
      } ]
    },
    "request": {
      "method": "PUT",
      "url": "Practitioner/61cbbc7a-179a-4a82-bc75-3f6ecd704501"
    }
  }, {
    "fullUrl": "https://madie.cms.gov/MeasureReport/0efd2655-cf6d-41da-9ec4-95a678b9beef",
    "resource": {
      "resourceType": "MeasureReport",
      "id": "0efd2655-cf6d-41da-9ec4-95a678b9beef",
      "meta": {
        "profile": [ "http://hl7.org/fhir/us/cqfmeasures/StructureDefinition/test-case-cqfm" ]
      },
      "contained": [ {
        "resourceType": "Parameters",
        "id": "7d84b665-9dba-4595-9b7c-4bc201eb490c-parameters",
        "parameter": [ {
          "name": "subject",
          "valueString": "3c747b52-446b-4107-aff5-a6121d5e9ffc"
        } ]
      } ],
      "extension": [ {
        "url": "http://hl7.org/fhir/StructureDefinition/cqf-inputParameters",
        "valueReference": {
          "reference": "#7d84b665-9dba-4595-9b7c-4bc201eb490c-parameters"
        }
      }, {
        "url": "http://hl7.org/fhir/us/cqfmeasures/StructureDefinition/cqfm-testCaseDescription",
        "valueMarkdown": "Encounter before MP ( \"start\" : \"202x-12-31T23:00:00.000+00:00\", \"end\" : \"202x-12-31T23:59:00.000+00:00\") status finished with valid Referral Status Active Intent Order"
      } ],
      "modifierExtension": [ {
        "url": "http://hl7.org/fhir/us/cqfmeasures/StructureDefinition/cqfm-isTestCase",
        "valueBoolean": true
      } ],
      "status": "complete",
      "type": "individual",
      "measure": "https://madie.cms.gov/Measure/CMS50FHIRCRLReceiptofSpecialistReport",
      "period": {
        "start": "2026-01-01",
        "end": "2026-12-31"
      },
      "group": [ {
        "id": "Group_1",
        "population": [ {
          "id": "InitialPopulation_1",
          "code": {
            "coding": [ {
              "system": "http://terminology.hl7.org/CodeSystem/measure-population",
              "code": "initial-population",
              "display": "Initial Population"
            } ]
          },
          "count": 0
        }, {
          "id": "Denominator_1",
          "code": {
            "coding": [ {
              "system": "http://terminology.hl7.org/CodeSystem/measure-population",
              "code": "denominator",
              "display": "Denominator"
            } ]
          },
          "count": 0
        }, {
          "id": "Numerator_1",
          "code": {
            "coding": [ {
              "system": "http://terminology.hl7.org/CodeSystem/measure-population",
              "code": "numerator",
              "display": "Numerator"
            } ]
          },
          "count": 0
        } ],
        "measureScore": {
          "value": 1.0
        }
      } ],
      "evaluatedResource": [ {
        "reference": "Patient/3c747b52-446b-4107-aff5-a6121d5e9ffc"
      }, {
        "reference": "Encounter/05be9cde-a97a-40e7-b62a-393aaa7dd3c1"
      }, {
        "reference": "ServiceRequest/a6d98ed0-98fb-41dc-9f67-3dd72ab7dfb6"
      }, {
        "reference": "Coverage/1a8e84a3-67ff-4d32-8ae9-e37fa1243a04"
      }, {
        "reference": "Organization/f26ac626-de1d-4fc2-b961-7bbd4b24187c"
      }, {
        "reference": "Practitioner/61cbbc7a-179a-4a82-bc75-3f6ecd704501"
      } ]
    },
    "request": {
      "method": "PUT",
      "url": "MeasureReport/0efd2655-cf6d-41da-9ec4-95a678b9beef"
    }
  } ]
}