{
  "resourceType": "Bundle",
  "id": "62cc2f5467cd2f796b838aaa",
  "type": "transaction",
  "entry": [ {
    "fullUrl": "https://madie.cms.gov/Patient/28370af1-320f-4431-9862-f433e0522373",
    "resource": {
      "resourceType": "Patient",
      "id": "28370af1-320f-4431-9862-f433e0522373",
      "meta": {
        "profile": [ "http://hl7.org/fhir/us/qicore/StructureDefinition/qicore-patient" ]
      },
      "extension": [ {
        "url": "http://hl7.org/fhir/us/core/StructureDefinition/us-core-race",
        "extension": [ {
          "url": "ombCategory",
          "valueCoding": {
            "system": "urn:oid:2.16.840.1.113883.6.238",
            "code": "2054-5",
            "display": "Black or African American",
            "userSelected": true
          }
        }, {
          "url": "text",
          "valueString": "Black or African American"
        } ]
      }, {
        "url": "http://hl7.org/fhir/us/core/StructureDefinition/us-core-ethnicity",
        "extension": [ {
          "url": "ombCategory",
          "valueCoding": {
            "system": "urn:oid:2.16.840.1.113883.6.238",
            "code": "2135-2",
            "display": "Hispanic or Latino",
            "userSelected": true
          }
        }, {
          "url": "text",
          "valueString": "Hispanic or Latino"
        } ]
      } ],
      "identifier": [ {
        "type": {
          "coding": [ {
            "system": "http://terminology.hl7.org/CodeSystem/v2-0203",
            "code": "MR"
          } ]
        },
        "system": "https://bonnie-fhir.healthit.gov/",
        "value": "62cc2f5467cd2f796b838aaa"
      } ],
      "name": [ {
        "family": "NUMERPassX2",
        "given": [ "MultipleElevatedEncLifestlyeFUReferralWithInterventions" ]
      } ],
      "gender": "male",
      "birthDate": "2006-01-31"
    },
    "request": {
      "method": "PUT",
      "url": "Patient/28370af1-320f-4431-9862-f433e0522373"
    }
  }, {
    "fullUrl": "https://madie.cms.gov/Encounter/a313f8e0-95ba-4976-ae2d-f1bf6fdc244e",
    "resource": {
      "resourceType": "Encounter",
      "id": "a313f8e0-95ba-4976-ae2d-f1bf6fdc244e",
      "meta": {
        "profile": [ "http://hl7.org/fhir/us/qicore/StructureDefinition/qicore-encounter" ]
      },
      "status": "finished",
      "class": {
        "system": "http://terminology.hl7.org/CodeSystem/v3-ActCode",
        "code": "AMB",
        "display": "ambulatory"
      },
      "type": [ {
        "coding": [ {
          "system": "http://snomed.info/sct",
          "version": "2022-03",
          "code": "103705002",
          "display": "Patient status observation (procedure)",
          "userSelected": true
        } ]
      } ],
      "subject": {
        "reference": "Patient/28370af1-320f-4431-9862-f433e0522373"
      },
      "period": {
        "start": "2026-01-01T08:00:00.000+00:00",
        "end": "2026-01-01T08:30:00.000+00:00"
      }
    },
    "request": {
      "method": "PUT",
      "url": "Encounter/a313f8e0-95ba-4976-ae2d-f1bf6fdc244e"
    }
  }, {
    "fullUrl": "https://madie.cms.gov/Observation/84300a2a-e840-4e78-af7b-c4a02a8e193f",
    "resource": {
      "resourceType": "Observation",
      "id": "84300a2a-e840-4e78-af7b-c4a02a8e193f",
      "meta": {
        "profile": [ "http://hl7.org/fhir/us/core/StructureDefinition/us-core-blood-pressure" ]
      },
      "status": "final",
      "category": [ {
        "coding": [ {
          "system": "http://terminology.hl7.org/CodeSystem/observation-category",
          "code": "vital-signs",
          "display": "Vital Signs"
        } ],
        "text": "Vital Signs"
      } ],
      "code": {
        "coding": [ {
          "system": "http://loinc.org",
          "code": "85354-9",
          "display": "Blood pressure panel"
        } ]
      },
      "subject": {
        "reference": "Patient/28370af1-320f-4431-9862-f433e0522373"
      },
      "effectiveDateTime": "2026-12-31T10:05:00.000+00:00",
      "component": [ {
        "code": {
          "coding": [ {
            "system": "http://loinc.org",
            "code": "8480-6",
            "display": "Systolic blood pressure"
          } ]
        },
        "valueQuantity": {
          "value": 129,
          "unit": "mmHg",
          "system": "http://unitsofmeasure.org",
          "code": "mm[Hg]"
        }
      }, {
        "code": {
          "coding": [ {
            "system": "http://loinc.org",
            "code": "8462-4",
            "display": "Diastolic blood pressure"
          } ]
        },
        "valueQuantity": {
          "value": 79,
          "unit": "mmHg",
          "system": "http://unitsofmeasure.org",
          "code": "mm[Hg]"
        }
      } ]
    },
    "request": {
      "method": "PUT",
      "url": "Observation/84300a2a-e840-4e78-af7b-c4a02a8e193f"
    }
  }, {
    "fullUrl": "https://madie.cms.gov/ServiceRequest/d332c4ec-c616-48a2-bee7-90933ab13e50",
    "resource": {
      "resourceType": "ServiceRequest",
      "id": "d332c4ec-c616-48a2-bee7-90933ab13e50",
      "meta": {
        "profile": [ "http://hl7.org/fhir/us/qicore/StructureDefinition/qicore-servicerequest" ]
      },
      "status": "active",
      "intent": "order",
      "code": {
        "coding": [ {
          "system": "http://snomed.info/sct",
          "code": "183624006",
          "display": "Follow-up 2-3 months (finding)",
          "userSelected": true
        } ]
      },
      "subject": {
        "reference": "Patient/28370af1-320f-4431-9862-f433e0522373"
      },
      "authoredOn": "2026-01-01T08:25:00.000+00:00"
    },
    "request": {
      "method": "PUT",
      "url": "ServiceRequest/d332c4ec-c616-48a2-bee7-90933ab13e50"
    }
  }, {
    "fullUrl": "https://madie.cms.gov/ServiceRequest/b17dda44-5549-40fe-a96c-6dafb6dd2c90",
    "resource": {
      "resourceType": "ServiceRequest",
      "id": "b17dda44-5549-40fe-a96c-6dafb6dd2c90",
      "meta": {
        "profile": [ "http://hl7.org/fhir/us/qicore/StructureDefinition/qicore-servicerequest" ]
      },
      "status": "active",
      "intent": "order",
      "code": {
        "coding": [ {
          "system": "http://snomed.info/sct",
          "code": "183625007",
          "display": "Follow-up 4-6 months (finding)",
          "userSelected": true
        } ]
      },
      "subject": {
        "reference": "Patient/28370af1-320f-4431-9862-f433e0522373"
      },
      "authoredOn": "2026-01-01T08:25:00.000+00:00"
    },
    "request": {
      "method": "PUT",
      "url": "ServiceRequest/b17dda44-5549-40fe-a96c-6dafb6dd2c90"
    }
  }, {
    "fullUrl": "https://madie.cms.gov/ServiceRequest/85e69517-cde2-430f-a637-143d82121594",
    "resource": {
      "resourceType": "ServiceRequest",
      "id": "85e69517-cde2-430f-a637-143d82121594",
      "meta": {
        "profile": [ "http://hl7.org/fhir/us/qicore/StructureDefinition/qicore-servicerequest" ]
      },
      "status": "active",
      "intent": "order",
      "code": {
        "coding": [ {
          "system": "http://snomed.info/sct",
          "version": "2022-03",
          "code": "313204009",
          "display": "Lifestyle education (procedure)",
          "userSelected": true
        } ]
      },
      "subject": {
        "reference": "Patient/28370af1-320f-4431-9862-f433e0522373"
      },
      "authoredOn": "2026-01-01T08:25:00.000+00:00"
    },
    "request": {
      "method": "PUT",
      "url": "ServiceRequest/85e69517-cde2-430f-a637-143d82121594"
    }
  }, {
    "fullUrl": "https://madie.cms.gov/Encounter/d56f0843-5c2d-4116-a53b-0e6b9e90da33",
    "resource": {
      "resourceType": "Encounter",
      "id": "d56f0843-5c2d-4116-a53b-0e6b9e90da33",
      "meta": {
        "profile": [ "http://hl7.org/fhir/us/qicore/StructureDefinition/qicore-encounter" ]
      },
      "status": "finished",
      "class": {
        "system": "http://terminology.hl7.org/CodeSystem/v3-ActCode",
        "code": "AMB",
        "display": "ambulatory"
      },
      "type": [ {
        "coding": [ {
          "system": "http://snomed.info/sct",
          "version": "2022-03",
          "code": "103705002",
          "display": "Patient status observation (procedure)",
          "userSelected": true
        } ]
      } ],
      "subject": {
        "reference": "Patient/28370af1-320f-4431-9862-f433e0522373"
      },
      "period": {
        "start": "2026-12-31T10:00:00.000+00:00",
        "end": "2026-12-31T10:45:00.000+00:00"
      }
    },
    "request": {
      "method": "PUT",
      "url": "Encounter/d56f0843-5c2d-4116-a53b-0e6b9e90da33"
    }
  }, {
    "fullUrl": "https://madie.cms.gov/Observation/8f25ca14-f627-43cc-943e-b26af35efe06",
    "resource": {
      "resourceType": "Observation",
      "id": "8f25ca14-f627-43cc-943e-b26af35efe06",
      "meta": {
        "profile": [ "http://hl7.org/fhir/us/core/StructureDefinition/us-core-blood-pressure" ]
      },
      "status": "final",
      "category": [ {
        "coding": [ {
          "system": "http://terminology.hl7.org/CodeSystem/observation-category",
          "code": "vital-signs",
          "display": "Vital Signs"
        } ],
        "text": "Vital Signs"
      } ],
      "code": {
        "coding": [ {
          "system": "http://loinc.org",
          "code": "85354-9",
          "display": "Blood pressure panel"
        } ]
      },
      "subject": {
        "reference": "Patient/28370af1-320f-4431-9862-f433e0522373"
      },
      "effectiveDateTime": "2026-01-01T08:05:00.000+00:00",
      "component": [ {
        "code": {
          "coding": [ {
            "system": "http://loinc.org",
            "code": "8480-6",
            "display": "Systolic blood pressure"
          } ]
        },
        "valueQuantity": {
          "value": 120,
          "unit": "mmHg",
          "system": "http://unitsofmeasure.org",
          "code": "mm[Hg]"
        }
      }, {
        "code": {
          "coding": [ {
            "system": "http://loinc.org",
            "code": "8462-4",
            "display": "Diastolic blood pressure"
          } ]
        },
        "valueQuantity": {
          "value": 79,
          "unit": "mmHg",
          "system": "http://unitsofmeasure.org",
          "code": "mm[Hg]"
        }
      } ]
    },
    "request": {
      "method": "PUT",
      "url": "Observation/8f25ca14-f627-43cc-943e-b26af35efe06"
    }
  }, {
    "fullUrl": "https://madie.cms.gov/ServiceRequest/3c41f401-3c44-4f43-beb5-7ad178e7dade",
    "resource": {
      "resourceType": "ServiceRequest",
      "id": "3c41f401-3c44-4f43-beb5-7ad178e7dade",
      "meta": {
        "profile": [ "http://hl7.org/fhir/us/qicore/StructureDefinition/qicore-servicerequest" ]
      },
      "status": "active",
      "intent": "order",
      "code": {
        "coding": [ {
          "system": "http://snomed.info/sct",
          "version": "2022-03",
          "code": "134403003",
          "display": "Urgent referral (procedure)",
          "userSelected": true
        } ]
      },
      "subject": {
        "reference": "Patient/28370af1-320f-4431-9862-f433e0522373"
      },
      "authoredOn": "2026-12-31T10:25:00.000+00:00",
      "reasonCode": [ {
        "coding": [ {
          "system": "http://hl7.org/fhir/sid/icd-10-cm",
          "code": "R03.0",
          "display": "Elevated blood-pressure reading, without diagnosis of hypertension",
          "userSelected": true
        } ]
      } ]
    },
    "request": {
      "method": "PUT",
      "url": "ServiceRequest/3c41f401-3c44-4f43-beb5-7ad178e7dade"
    }
  }, {
    "fullUrl": "https://madie.cms.gov/Coverage/e9a81e30-c19d-4419-9cf8-71ccc1901948",
    "resource": {
      "resourceType": "Coverage",
      "id": "e9a81e30-c19d-4419-9cf8-71ccc1901948",
      "meta": {
        "profile": [ "http://hl7.org/fhir/us/qicore/StructureDefinition/qicore-coverage" ]
      },
      "status": "active",
      "beneficiary": {
        "reference": "Patient/28370af1-320f-4431-9862-f433e0522373"
      },
      "payor": [ {
        "reference": "Organization/da675b73-148d-4764-883d-92f1ece9bd0b"
      } ]
    },
    "request": {
      "method": "PUT",
      "url": "Coverage/e9a81e30-c19d-4419-9cf8-71ccc1901948"
    }
  }, {
    "fullUrl": "https://madie.cms.gov/Organization/da675b73-148d-4764-883d-92f1ece9bd0b",
    "resource": {
      "resourceType": "Organization",
      "id": "da675b73-148d-4764-883d-92f1ece9bd0b",
      "meta": {
        "profile": [ "http://hl7.org/fhir/us/qicore/StructureDefinition/qicore-organization" ]
      },
      "identifier": [ {
        "use": "temp",
        "system": "urn:oid:2.16.840.1.113883.4.4",
        "value": "21-3259825"
      } ],
      "active": true,
      "type": [ {
        "coding": [ {
          "system": "http://terminology.hl7.org/CodeSystem/organization-type",
          "code": "pay",
          "display": "Payer"
        } ]
      } ],
      "name": "Blue Cross Blue Shield of Texas",
      "telecom": [ {
        "system": "phone",
        "value": "(+1) 972-766-6900"
      } ],
      "address": [ {
        "use": "billing",
        "type": "postal",
        "line": [ "P.O. Box 660044" ],
        "city": "Dallas",
        "state": "TX",
        "postalCode": "75266-0044",
        "country": "USA"
      } ]
    },
    "request": {
      "method": "PUT",
      "url": "Organization/da675b73-148d-4764-883d-92f1ece9bd0b"
    }
  }, {
    "fullUrl": "https://madie.cms.gov/MeasureReport/31393367-61d9-42f3-a771-d677c744af41",
    "resource": {
      "resourceType": "MeasureReport",
      "id": "31393367-61d9-42f3-a771-d677c744af41",
      "meta": {
        "profile": [ "http://hl7.org/fhir/us/cqfmeasures/StructureDefinition/test-case-cqfm" ]
      },
      "contained": [ {
        "resourceType": "Parameters",
        "id": "d3860132-2847-45eb-b7d9-a26a4a1df786-parameters",
        "parameter": [ {
          "name": "subject",
          "valueString": "28370af1-320f-4431-9862-f433e0522373"
        } ]
      } ],
      "extension": [ {
        "url": "http://hl7.org/fhir/StructureDefinition/cqf-inputParameters",
        "valueReference": {
          "reference": "#d3860132-2847-45eb-b7d9-a26a4a1df786-parameters"
        }
      }, {
        "url": "http://hl7.org/fhir/us/cqfmeasures/StructureDefinition/cqfm-testCaseDescription",
        "valueMarkdown": "Age 18+, 1st enc 1/01 0800 - 0830,  BP 120/79, order for  f/u 2-3 mo, f/u 4-6 mo.  lifestyle.\n2nd Enc. 12/31 1000-1045, 129/79, urgent referral order, "
      } ],
      "modifierExtension": [ {
        "url": "http://hl7.org/fhir/us/cqfmeasures/StructureDefinition/cqfm-isTestCase",
        "valueBoolean": true
      } ],
      "status": "complete",
      "type": "individual",
      "measure": "https://madie.cms.gov/Measure/CMS22FHIRPCSBPScreeningFollowUp",
      "period": {
        "start": "2026-01-01",
        "end": "2026-12-31"
      },
      "group": [ {
        "id": "Group_1",
        "population": [ {
          "id": "InitialPopulation_1",
          "code": {
            "coding": [ {
              "system": "http://terminology.hl7.org/CodeSystem/measure-population",
              "code": "initial-population",
              "display": "Initial Population"
            } ]
          },
          "count": 2
        }, {
          "id": "Denominator_1",
          "code": {
            "coding": [ {
              "system": "http://terminology.hl7.org/CodeSystem/measure-population",
              "code": "denominator",
              "display": "Denominator"
            } ]
          },
          "count": 2
        }, {
          "id": "DenominatorExclusion_1",
          "code": {
            "coding": [ {
              "system": "http://terminology.hl7.org/CodeSystem/measure-population",
              "code": "denominator-exclusion",
              "display": "Denominator Exclusion"
            } ]
          },
          "count": 0
        }, {
          "id": "Numerator_1",
          "code": {
            "coding": [ {
              "system": "http://terminology.hl7.org/CodeSystem/measure-population",
              "code": "numerator",
              "display": "Numerator"
            } ]
          },
          "count": 2
        }, {
          "id": "DenominatorException_1",
          "code": {
            "coding": [ {
              "system": "http://terminology.hl7.org/CodeSystem/measure-population",
              "code": "denominator-exception",
              "display": "Denominator Exception"
            } ]
          },
          "count": 0
        } ],
        "measureScore": {
          "value": 0.0
        }
      } ],
      "evaluatedResource": [ {
        "reference": "Patient/28370af1-320f-4431-9862-f433e0522373"
      }, {
        "reference": "Encounter/a313f8e0-95ba-4976-ae2d-f1bf6fdc244e"
      }, {
        "reference": "Observation/84300a2a-e840-4e78-af7b-c4a02a8e193f"
      }, {
        "reference": "ServiceRequest/d332c4ec-c616-48a2-bee7-90933ab13e50"
      }, {
        "reference": "ServiceRequest/b17dda44-5549-40fe-a96c-6dafb6dd2c90"
      }, {
        "reference": "ServiceRequest/85e69517-cde2-430f-a637-143d82121594"
      }, {
        "reference": "Encounter/d56f0843-5c2d-4116-a53b-0e6b9e90da33"
      }, {
        "reference": "Observation/8f25ca14-f627-43cc-943e-b26af35efe06"
      }, {
        "reference": "ServiceRequest/3c41f401-3c44-4f43-beb5-7ad178e7dade"
      }, {
        "reference": "Coverage/e9a81e30-c19d-4419-9cf8-71ccc1901948"
      }, {
        "reference": "Organization/da675b73-148d-4764-883d-92f1ece9bd0b"
      } ]
    },
    "request": {
      "method": "PUT",
      "url": "MeasureReport/31393367-61d9-42f3-a771-d677c744af41"
    }
  } ]
}