{
  "resourceType": "Bundle",
  "id": "754435134764313164",
  "type": "transaction",
  "entry": [ {
    "fullUrl": "https://madie.cms.gov/Patient/a27c9543-534c-40cd-b5d5-a14c192ac087",
    "resource": {
      "resourceType": "Patient",
      "id": "a27c9543-534c-40cd-b5d5-a14c192ac087",
      "meta": {
        "profile": [ "http://hl7.org/fhir/us/qicore/StructureDefinition/qicore-patient" ]
      },
      "extension": [ {
        "url": "http://hl7.org/fhir/us/core/StructureDefinition/us-core-race",
        "extension": [ {
          "url": "ombCategory",
          "valueCoding": {
            "system": "urn:oid:2.16.840.1.113883.6.238",
            "code": "1002-5",
            "display": "American Indian or Alaska Native"
          }
        }, {
          "url": "text",
          "valueString": "American Indian or Alaska Native"
        } ]
      }, {
        "url": "http://hl7.org/fhir/us/core/StructureDefinition/us-core-ethnicity",
        "extension": [ {
          "url": "ombCategory",
          "valueCoding": {
            "system": "urn:oid:2.16.840.1.113883.6.238",
            "code": "2186-5",
            "display": "Not Hispanic or Latino"
          }
        }, {
          "url": "text",
          "valueString": "Not Hispanic or Latino"
        } ]
      } ],
      "identifier": [ {
        "type": {
          "coding": [ {
            "system": "http://terminology.hl7.org/CodeSystem/v2-0203",
            "code": "MR"
          } ]
        },
        "system": "https://bonnie-fhir.healthit.gov/",
        "value": "587615316130321"
      } ],
      "active": true,
      "name": [ {
        "use": "usual",
        "family": "IPFail",
        "given": [ "OnlyOneEncounter" ]
      } ],
      "gender": "male",
      "birthDate": "1946-05-01"
    },
    "request": {
      "method": "PUT",
      "url": "Patient/a27c9543-534c-40cd-b5d5-a14c192ac087"
    }
  }, {
    "fullUrl": "https://madie.cms.gov/Encounter/0935c1eb-1c23-4076-8c12-64d8df5d8160",
    "resource": {
      "resourceType": "Encounter",
      "id": "0935c1eb-1c23-4076-8c12-64d8df5d8160",
      "meta": {
        "profile": [ "http://hl7.org/fhir/us/qicore/StructureDefinition/qicore-encounter" ]
      },
      "status": "finished",
      "class": {
        "system": "http://terminology.hl7.org/CodeSystem/v3-ActCode",
        "code": "AMB",
        "display": "ambulatory"
      },
      "type": [ {
        "coding": [ {
          "system": "http://www.ama-assn.org/go/cpt",
          "version": "2024",
          "code": "99202",
          "display": "Office or other outpatient visit for the evaluation and management of a new patient, which requires a medically appropriate history and/or examination and straightforward medical decision making. When using time for code selection, 15-29 minutes of total time is spent on the date of the encounter."
        } ]
      } ],
      "subject": {
        "reference": "Patient/a27c9543-534c-40cd-b5d5-a14c192ac087"
      },
      "period": {
        "start": "2026-02-22T11:30:00.000+00:00",
        "end": "2026-02-22T12:30:00.000+00:00"
      },
      "length": {
        "value": 0,
        "unit": "days"
      }
    },
    "request": {
      "method": "PUT",
      "url": "Encounter/0935c1eb-1c23-4076-8c12-64d8df5d8160"
    }
  }, {
    "fullUrl": "https://madie.cms.gov/Condition/191a4cd8-85f7-4fa2-8fe2-4b502d1a3ffc",
    "resource": {
      "resourceType": "Condition",
      "id": "191a4cd8-85f7-4fa2-8fe2-4b502d1a3ffc",
      "meta": {
        "profile": [ "http://hl7.org/fhir/us/qicore/StructureDefinition/qicore-condition-problems-health-concerns" ]
      },
      "clinicalStatus": {
        "coding": [ {
          "system": "http://terminology.hl7.org/CodeSystem/condition-clinical",
          "code": "active",
          "display": "Active"
        } ]
      },
      "verificationStatus": {
        "coding": [ {
          "system": "http://terminology.hl7.org/CodeSystem/condition-ver-status",
          "code": "confirmed",
          "display": "Confirmed"
        } ]
      },
      "category": [ {
        "coding": [ {
          "system": "http://terminology.hl7.org/CodeSystem/condition-category",
          "code": "problem-list-item",
          "display": "Problem List Item"
        } ]
      } ],
      "code": {
        "coding": [ {
          "system": "http://snomed.info/sct",
          "version": "http://snomed.info/sct/731000124108/version/20240301",
          "code": "10365005",
          "display": "Right main coronary artery thrombosis (disorder)"
        } ]
      },
      "subject": {
        "reference": "Patient/a27c9543-534c-40cd-b5d5-a14c192ac087"
      },
      "onsetPeriod": {
        "start": "2026-01-21T07:00:00.000+00:00"
      }
    },
    "request": {
      "method": "PUT",
      "url": "Condition/191a4cd8-85f7-4fa2-8fe2-4b502d1a3ffc"
    }
  }, {
    "fullUrl": "https://madie.cms.gov/MeasureReport/75aceac4-6a12-4615-bcbb-a8e564fcae2d",
    "resource": {
      "resourceType": "MeasureReport",
      "id": "75aceac4-6a12-4615-bcbb-a8e564fcae2d",
      "meta": {
        "profile": [ "http://hl7.org/fhir/us/cqfmeasures/StructureDefinition/test-case-cqfm" ]
      },
      "contained": [ {
        "resourceType": "Parameters",
        "id": "82cdc8d1-2db0-4201-a721-f5669e5688c8-parameters",
        "parameter": [ {
          "name": "subject",
          "valueString": "a27c9543-534c-40cd-b5d5-a14c192ac087"
        } ]
      } ],
      "extension": [ {
        "url": "http://hl7.org/fhir/StructureDefinition/cqf-inputParameters",
        "valueReference": {
          "reference": "#82cdc8d1-2db0-4201-a721-f5669e5688c8-parameters"
        }
      }, {
        "url": "http://hl7.org/fhir/us/cqfmeasures/StructureDefinition/cqfm-testCaseDescription",
        "valueMarkdown": "Pt > 18, one ambulatory visit during MP and a CAD diagnosis that starts during MP"
      } ],
      "modifierExtension": [ {
        "url": "http://hl7.org/fhir/us/cqfmeasures/StructureDefinition/cqfm-isTestCase",
        "valueBoolean": true
      } ],
      "status": "complete",
      "type": "individual",
      "measure": "https://madie.cms.gov/Measure/CMS145FHIRCADBetaBlockerTherapyPriorMIorLVSD",
      "period": {
        "start": "2026-01-01",
        "end": "2026-12-31"
      },
      "group": [ {
        "id": "Group_1",
        "population": [ {
          "id": "InitialPopulation_1",
          "code": {
            "coding": [ {
              "system": "http://terminology.hl7.org/CodeSystem/measure-population",
              "code": "initial-population",
              "display": "Initial Population"
            } ]
          },
          "count": 0
        }, {
          "id": "Denominator_1",
          "code": {
            "coding": [ {
              "system": "http://terminology.hl7.org/CodeSystem/measure-population",
              "code": "denominator",
              "display": "Denominator"
            } ]
          },
          "count": 0
        }, {
          "id": "Numerator_1",
          "code": {
            "coding": [ {
              "system": "http://terminology.hl7.org/CodeSystem/measure-population",
              "code": "numerator",
              "display": "Numerator"
            } ]
          },
          "count": 0
        }, {
          "id": "DenominatorException_1",
          "code": {
            "coding": [ {
              "system": "http://terminology.hl7.org/CodeSystem/measure-population",
              "code": "denominator-exception",
              "display": "Denominator Exception"
            } ]
          },
          "count": 0
        } ],
        "measureScore": {
          "value": 1.0
        }
      }, {
        "id": "Group_2",
        "population": [ {
          "id": "InitialPopulation_2",
          "code": {
            "coding": [ {
              "system": "http://terminology.hl7.org/CodeSystem/measure-population",
              "code": "initial-population",
              "display": "Initial Population"
            } ]
          },
          "count": 0
        }, {
          "id": "Denominator_2",
          "code": {
            "coding": [ {
              "system": "http://terminology.hl7.org/CodeSystem/measure-population",
              "code": "denominator",
              "display": "Denominator"
            } ]
          },
          "count": 0
        }, {
          "id": "Numerator_2",
          "code": {
            "coding": [ {
              "system": "http://terminology.hl7.org/CodeSystem/measure-population",
              "code": "numerator",
              "display": "Numerator"
            } ]
          },
          "count": 0
        }, {
          "id": "DenominatorException_2",
          "code": {
            "coding": [ {
              "system": "http://terminology.hl7.org/CodeSystem/measure-population",
              "code": "denominator-exception",
              "display": "Denominator Exception"
            } ]
          },
          "count": 0
        } ],
        "measureScore": {
          "value": 1.0
        }
      } ],
      "evaluatedResource": [ {
        "reference": "Patient/a27c9543-534c-40cd-b5d5-a14c192ac087"
      }, {
        "reference": "Encounter/0935c1eb-1c23-4076-8c12-64d8df5d8160"
      }, {
        "reference": "Condition/191a4cd8-85f7-4fa2-8fe2-4b502d1a3ffc"
      } ]
    },
    "request": {
      "method": "PUT",
      "url": "MeasureReport/75aceac4-6a12-4615-bcbb-a8e564fcae2d"
    }
  } ]
}