{
  "resourceType": "Bundle",
  "id": "41643131",
  "type": "transaction",
  "entry": [ {
    "fullUrl": "https://madie.cms.gov/Patient/f1ccd667-ada1-4ca8-b4dc-fe4a9674d81a",
    "resource": {
      "resourceType": "Patient",
      "id": "f1ccd667-ada1-4ca8-b4dc-fe4a9674d81a",
      "meta": {
        "profile": [ "http://hl7.org/fhir/us/qicore/StructureDefinition/qicore-patient" ]
      },
      "extension": [ {
        "url": "http://hl7.org/fhir/us/core/StructureDefinition/us-core-race",
        "extension": [ {
          "url": "ombCategory",
          "valueCoding": {
            "system": "urn:oid:2.16.840.1.113883.6.238",
            "code": "2106-3",
            "display": "White"
          }
        }, {
          "url": "text",
          "valueString": "White"
        } ]
      }, {
        "url": "http://hl7.org/fhir/us/core/StructureDefinition/us-core-ethnicity",
        "extension": [ {
          "url": "ombCategory",
          "valueCoding": {
            "system": "urn:oid:2.16.840.1.113883.6.238",
            "code": "2186-5",
            "display": "Non-Hispanic or Latino"
          }
        }, {
          "url": "text",
          "valueString": "Non-Hispanic or Latino"
        } ]
      } ],
      "identifier": [ {
        "type": {
          "coding": [ {
            "system": "http://terminology.hl7.org/CodeSystem/v2-0203",
            "code": "MR"
          } ]
        },
        "system": "https://myGoodHealthcare.com/",
        "value": "3153213131"
      } ],
      "active": true,
      "name": [ {
        "use": "usual",
        "family": "NUMERFail",
        "given": [ "1stand2ndUSSEqual" ]
      } ],
      "gender": "male",
      "birthDate": "1970-12-31"
    },
    "request": {
      "method": "PUT",
      "url": "Patient/f1ccd667-ada1-4ca8-b4dc-fe4a9674d81a"
    }
  }, {
    "fullUrl": "https://madie.cms.gov/Observation/95df7bbc-d82c-406b-9cfc-c809d789153e",
    "resource": {
      "resourceType": "Observation",
      "id": "95df7bbc-d82c-406b-9cfc-c809d789153e",
      "meta": {
        "profile": [ "http://hl7.org/fhir/us/qicore/StructureDefinition/qicore-observation-screening-assessment" ]
      },
      "status": "final",
      "category": [ {
        "coding": [ {
          "system": "http://terminology.hl7.org/CodeSystem/observation-category",
          "code": "survey",
          "display": "Survey"
        } ]
      } ],
      "code": {
        "coding": [ {
          "system": "http://loinc.org",
          "version": "2.76",
          "code": "80976-4"
        } ]
      },
      "subject": {
        "reference": "Patient/f1ccd667-ada1-4ca8-b4dc-fe4a9674d81a"
      },
      "effectivePeriod": {
        "start": "2026-07-01T08:00:00.000+00:00"
      },
      "valueInteger": 6
    },
    "request": {
      "method": "PUT",
      "url": "Observation/95df7bbc-d82c-406b-9cfc-c809d789153e"
    }
  }, {
    "fullUrl": "https://madie.cms.gov/Observation/fb7844b5-a864-41e3-9525-9f6a8be5e16f",
    "resource": {
      "resourceType": "Observation",
      "id": "fb7844b5-a864-41e3-9525-9f6a8be5e16f",
      "meta": {
        "profile": [ "http://hl7.org/fhir/us/qicore/StructureDefinition/qicore-observation-screening-assessment" ]
      },
      "status": "final",
      "category": [ {
        "coding": [ {
          "system": "http://terminology.hl7.org/CodeSystem/observation-category",
          "code": "survey",
          "display": "Survey"
        } ]
      } ],
      "code": {
        "coding": [ {
          "system": "http://loinc.org",
          "version": "2.76",
          "code": "80976-4"
        } ]
      },
      "subject": {
        "reference": "Patient/f1ccd667-ada1-4ca8-b4dc-fe4a9674d81a"
      },
      "effectivePeriod": {
        "start": "2026-01-31T08:00:00.000+00:00"
      },
      "valueInteger": 6
    },
    "request": {
      "method": "PUT",
      "url": "Observation/fb7844b5-a864-41e3-9525-9f6a8be5e16f"
    }
  }, {
    "fullUrl": "https://madie.cms.gov/Condition/1921403d-5461-41cf-95df-a4444071bc93",
    "resource": {
      "resourceType": "Condition",
      "id": "1921403d-5461-41cf-95df-a4444071bc93",
      "meta": {
        "profile": [ "http://hl7.org/fhir/us/qicore/StructureDefinition/qicore-condition-problems-health-concerns" ]
      },
      "clinicalStatus": {
        "coding": [ {
          "system": "http://terminology.hl7.org/CodeSystem/condition-clinical",
          "code": "active",
          "display": "active"
        } ]
      },
      "verificationStatus": {
        "coding": [ {
          "system": "http://terminology.hl7.org/CodeSystem/condition-ver-status",
          "code": "confirmed",
          "display": "Confirmed"
        } ]
      },
      "category": [ {
        "coding": [ {
          "system": "http://terminology.hl7.org/CodeSystem/condition-category",
          "code": "problem-list-item",
          "display": "Problem List Item"
        } ]
      } ],
      "code": {
        "coding": [ {
          "system": "http://hl7.org/fhir/sid/icd-10-cm",
          "version": "2024",
          "code": "N40.1"
        } ]
      },
      "subject": {
        "reference": "Patient/f1ccd667-ada1-4ca8-b4dc-fe4a9674d81a"
      },
      "onsetPeriod": {
        "start": "2025-12-31T08:00:00.000+00:00"
      }
    },
    "request": {
      "method": "PUT",
      "url": "Condition/1921403d-5461-41cf-95df-a4444071bc93"
    }
  }, {
    "fullUrl": "https://madie.cms.gov/Encounter/19cb8a20-c38f-4b26-b743-a453426e0d6f",
    "resource": {
      "resourceType": "Encounter",
      "id": "19cb8a20-c38f-4b26-b743-a453426e0d6f",
      "meta": {
        "profile": [ "http://hl7.org/fhir/us/qicore/StructureDefinition/qicore-encounter" ]
      },
      "status": "finished",
      "class": {
        "system": "http://terminology.hl7.org/CodeSystem/v3-ActCode",
        "code": "AMB",
        "display": "ambulatory"
      },
      "type": [ {
        "coding": [ {
          "system": "http://www.ama-assn.org/go/cpt",
          "version": "2024",
          "code": "99203"
        } ]
      } ],
      "subject": {
        "reference": "Patient/f1ccd667-ada1-4ca8-b4dc-fe4a9674d81a"
      },
      "period": {
        "start": "2026-01-01T08:00:00+00:00",
        "end": "2026-01-01T08:15:00+00:00"
      }
    },
    "request": {
      "method": "PUT",
      "url": "Encounter/19cb8a20-c38f-4b26-b743-a453426e0d6f"
    }
  }, {
    "fullUrl": "https://madie.cms.gov/MeasureReport/9d62a61d-00f0-490d-9e43-06082146152a",
    "resource": {
      "resourceType": "MeasureReport",
      "id": "9d62a61d-00f0-490d-9e43-06082146152a",
      "meta": {
        "profile": [ "http://hl7.org/fhir/us/cqfmeasures/StructureDefinition/test-case-cqfm" ]
      },
      "contained": [ {
        "resourceType": "Parameters",
        "id": "6534ad14-5cc4-48cf-8305-1a32817b8f38-parameters",
        "parameter": [ {
          "name": "subject",
          "valueString": "f1ccd667-ada1-4ca8-b4dc-fe4a9674d81a"
        } ]
      } ],
      "extension": [ {
        "url": "http://hl7.org/fhir/StructureDefinition/cqf-inputParameters",
        "valueReference": {
          "reference": "#6534ad14-5cc4-48cf-8305-1a32817b8f38-parameters"
        }
      }, {
        "url": "http://hl7.org/fhir/us/cqfmeasures/StructureDefinition/cqfm-testCaseDescription",
        "valueMarkdown": "Male Patient with OV,BPH dx, initial and followup USS which have same scoring showing no improvement"
      } ],
      "modifierExtension": [ {
        "url": "http://hl7.org/fhir/us/cqfmeasures/StructureDefinition/cqfm-isTestCase",
        "valueBoolean": true
      } ],
      "status": "complete",
      "type": "individual",
      "measure": "https://madie.cms.gov/Measure/CMS771FHIRUrinarySymptomScoreChangeBenignProstaticHyperplasia",
      "period": {
        "start": "2026-01-01",
        "end": "2026-12-31"
      },
      "group": [ {
        "id": "Group_1",
        "population": [ {
          "id": "InitialPopulation_1",
          "code": {
            "coding": [ {
              "system": "http://terminology.hl7.org/CodeSystem/measure-population",
              "code": "initial-population",
              "display": "Initial Population"
            } ]
          },
          "count": 1
        }, {
          "id": "Denominator_1",
          "code": {
            "coding": [ {
              "system": "http://terminology.hl7.org/CodeSystem/measure-population",
              "code": "denominator",
              "display": "Denominator"
            } ]
          },
          "count": 1
        }, {
          "id": "DenominatorExclusion_1",
          "code": {
            "coding": [ {
              "system": "http://terminology.hl7.org/CodeSystem/measure-population",
              "code": "denominator-exclusion",
              "display": "Denominator Exclusion"
            } ]
          },
          "count": 0
        }, {
          "id": "Numerator_1",
          "code": {
            "coding": [ {
              "system": "http://terminology.hl7.org/CodeSystem/measure-population",
              "code": "numerator",
              "display": "Numerator"
            } ]
          },
          "count": 0
        } ],
        "measureScore": {
          "value": 1.0
        }
      } ],
      "evaluatedResource": [ {
        "reference": "Patient/f1ccd667-ada1-4ca8-b4dc-fe4a9674d81a"
      }, {
        "reference": "Observation/95df7bbc-d82c-406b-9cfc-c809d789153e"
      }, {
        "reference": "Observation/fb7844b5-a864-41e3-9525-9f6a8be5e16f"
      }, {
        "reference": "Condition/1921403d-5461-41cf-95df-a4444071bc93"
      }, {
        "reference": "Encounter/19cb8a20-c38f-4b26-b743-a453426e0d6f"
      } ]
    },
    "request": {
      "method": "PUT",
      "url": "MeasureReport/9d62a61d-00f0-490d-9e43-06082146152a"
    }
  } ]
}