{
  "resourceType": "Bundle",
  "id": "658468461634168461351",
  "type": "transaction",
  "entry": [ {
    "fullUrl": "https://madie.cms.gov/Patient/ef395d2c-85a3-41a2-b6cb-37c4ff5217dc",
    "resource": {
      "resourceType": "Patient",
      "id": "ef395d2c-85a3-41a2-b6cb-37c4ff5217dc",
      "meta": {
        "profile": [ "http://hl7.org/fhir/us/qicore/StructureDefinition/qicore-patient" ]
      },
      "extension": [ {
        "url": "http://hl7.org/fhir/us/core/StructureDefinition/us-core-race",
        "extension": [ {
          "url": "ombCategory",
          "valueCoding": {
            "system": "urn:oid:2.16.840.1.113883.6.238",
            "code": "1002-5",
            "display": "American Indian or Alaska Native"
          }
        }, {
          "url": "text",
          "valueString": "American Indian or Alaska Native"
        } ]
      }, {
        "url": "http://hl7.org/fhir/us/core/StructureDefinition/us-core-ethnicity",
        "extension": [ {
          "url": "ombCategory",
          "valueCoding": {
            "system": "urn:oid:2.16.840.1.113883.6.238",
            "code": "2186-5",
            "display": "Not Hispanic or Latino"
          }
        }, {
          "url": "text",
          "valueString": "Not Hispanic or Latino"
        } ]
      } ],
      "identifier": [ {
        "type": {
          "coding": [ {
            "system": "http://terminology.hl7.org/CodeSystem/v2-0203",
            "code": "MR"
          } ]
        },
        "system": "https://bonnie-fhir.healthit.gov/",
        "value": "431385494631"
      } ],
      "name": [ {
        "family": "DENEXPass",
        "given": [ "LVADCmplictnsInterval" ]
      } ],
      "gender": "male",
      "birthDate": "1969-06-14"
    },
    "request": {
      "method": "PUT",
      "url": "Patient/ef395d2c-85a3-41a2-b6cb-37c4ff5217dc"
    }
  }, {
    "fullUrl": "https://madie.cms.gov/Encounter/a43d600a-8941-408d-8f93-6dbeac2e8829",
    "resource": {
      "resourceType": "Encounter",
      "id": "a43d600a-8941-408d-8f93-6dbeac2e8829",
      "meta": {
        "profile": [ "http://hl7.org/fhir/us/qicore/StructureDefinition/qicore-encounter" ]
      },
      "status": "finished",
      "class": {
        "system": "http://terminology.hl7.org/CodeSystem/v3-ActCode",
        "code": "AMB",
        "display": "ambulatory"
      },
      "type": [ {
        "coding": [ {
          "system": "http://snomed.info/sct",
          "version": "http://snomed.info/sct/731000124108/version/20240301",
          "code": "281036007",
          "display": "Follow-up consultation (procedure)"
        } ]
      } ],
      "subject": {
        "reference": "Patient/ef395d2c-85a3-41a2-b6cb-37c4ff5217dc"
      },
      "period": {
        "start": "2026-03-31T14:40:00.000+00:00",
        "end": "2026-03-31T14:40:00.000+00:00"
      }
    },
    "request": {
      "method": "PUT",
      "url": "Encounter/a43d600a-8941-408d-8f93-6dbeac2e8829"
    }
  }, {
    "fullUrl": "https://madie.cms.gov/Encounter/93d2254c-eca6-46d0-af78-cefc7e686a18",
    "resource": {
      "resourceType": "Encounter",
      "id": "93d2254c-eca6-46d0-af78-cefc7e686a18",
      "meta": {
        "profile": [ "http://hl7.org/fhir/us/qicore/StructureDefinition/qicore-encounter" ]
      },
      "status": "finished",
      "class": {
        "system": "http://terminology.hl7.org/CodeSystem/v3-ActCode",
        "code": "AMB",
        "display": "ambulatory"
      },
      "type": [ {
        "coding": [ {
          "system": "http://snomed.info/sct",
          "version": "http://snomed.info/sct/731000124108/version/20240301",
          "code": "281036007",
          "display": "Follow-up consultation (procedure)"
        } ]
      } ],
      "subject": {
        "reference": "Patient/ef395d2c-85a3-41a2-b6cb-37c4ff5217dc"
      },
      "period": {
        "start": "2026-05-15T11:50:00.000+00:00",
        "end": "2026-05-15T11:50:00.000+00:00"
      }
    },
    "request": {
      "method": "PUT",
      "url": "Encounter/93d2254c-eca6-46d0-af78-cefc7e686a18"
    }
  }, {
    "fullUrl": "https://madie.cms.gov/Condition/e4a3fb9f-d5f3-4c24-95e8-c759b52079a7",
    "resource": {
      "resourceType": "Condition",
      "id": "e4a3fb9f-d5f3-4c24-95e8-c759b52079a7",
      "meta": {
        "profile": [ "http://hl7.org/fhir/us/qicore/StructureDefinition/qicore-condition-problems-health-concerns" ]
      },
      "clinicalStatus": {
        "coding": [ {
          "system": "http://terminology.hl7.org/CodeSystem/condition-clinical",
          "code": "active",
          "display": "active"
        } ]
      },
      "verificationStatus": {
        "coding": [ {
          "system": "http://terminology.hl7.org/CodeSystem/condition-ver-status",
          "code": "confirmed",
          "display": "Confirmed"
        } ]
      },
      "category": [ {
        "coding": [ {
          "system": "http://terminology.hl7.org/CodeSystem/condition-category",
          "code": "problem-list-item",
          "display": "Problem List Item"
        } ]
      } ],
      "code": {
        "coding": [ {
          "system": "http://snomed.info/sct",
          "version": "http://snomed.info/sct/731000124108/version/20240301",
          "code": "10091002",
          "display": "High output heart failure (disorder)"
        } ]
      },
      "subject": {
        "reference": "Patient/ef395d2c-85a3-41a2-b6cb-37c4ff5217dc"
      },
      "onsetPeriod": {
        "start": "2025-05-17T10:00:00.000+00:00"
      }
    },
    "request": {
      "method": "PUT",
      "url": "Condition/e4a3fb9f-d5f3-4c24-95e8-c759b52079a7"
    }
  }, {
    "fullUrl": "https://madie.cms.gov/Condition/5d27d551-6d85-4148-a54a-2d4779d7a859",
    "resource": {
      "resourceType": "Condition",
      "id": "5d27d551-6d85-4148-a54a-2d4779d7a859",
      "meta": {
        "profile": [ "http://hl7.org/fhir/us/qicore/StructureDefinition/qicore-condition-problems-health-concerns" ]
      },
      "clinicalStatus": {
        "coding": [ {
          "system": "http://terminology.hl7.org/CodeSystem/condition-clinical",
          "code": "active",
          "display": "Active"
        } ]
      },
      "verificationStatus": {
        "coding": [ {
          "system": "http://terminology.hl7.org/CodeSystem/condition-ver-status",
          "code": "confirmed",
          "display": "Confirmed"
        } ]
      },
      "category": [ {
        "coding": [ {
          "system": "http://terminology.hl7.org/CodeSystem/condition-category",
          "code": "problem-list-item",
          "display": "Problem List Item"
        } ]
      } ],
      "code": {
        "coding": [ {
          "system": "http://snomed.info/sct",
          "version": "http://snomed.info/sct/731000124108/version/20240301",
          "code": "991000124109",
          "display": "Severe left ventricular systolic dysfunction (disorder)"
        } ]
      },
      "subject": {
        "reference": "Patient/ef395d2c-85a3-41a2-b6cb-37c4ff5217dc"
      },
      "onsetPeriod": {
        "start": "2026-03-25T16:00:00.000+00:00",
        "end": "2026-03-30T16:00:00.000+00:00"
      }
    },
    "request": {
      "method": "PUT",
      "url": "Condition/5d27d551-6d85-4148-a54a-2d4779d7a859"
    }
  }, {
    "fullUrl": "https://madie.cms.gov/Procedure/747e7edd-b841-450b-a41f-972cd1679035",
    "resource": {
      "resourceType": "Procedure",
      "id": "747e7edd-b841-450b-a41f-972cd1679035",
      "meta": {
        "profile": [ "http://hl7.org/fhir/us/qicore/StructureDefinition/qicore-procedure" ]
      },
      "extension": [ {
        "url": "http://hl7.org/fhir/us/qicore/StructureDefinition/qicore-recorded",
        "valueDateTime": "2025-09-25T13:00:00.000+00:00"
      } ],
      "status": "completed",
      "code": {
        "coding": [ {
          "system": "http://www.ama-assn.org/go/cpt",
          "version": "2024",
          "code": "33976",
          "display": "Insertion of ventricular assist device; extracorporeal, biventricular"
        } ]
      },
      "subject": {
        "reference": "Patient/ef395d2c-85a3-41a2-b6cb-37c4ff5217dc"
      },
      "performedPeriod": {
        "start": "2025-09-25T11:00:00.000+00:00",
        "end": "2025-09-25T12:00:00.000+00:00"
      }
    },
    "request": {
      "method": "PUT",
      "url": "Procedure/747e7edd-b841-450b-a41f-972cd1679035"
    }
  }, {
    "fullUrl": "https://madie.cms.gov/Condition/0525dfd0-a3b9-47ee-b1f7-1edb39ecd684",
    "resource": {
      "resourceType": "Condition",
      "id": "0525dfd0-a3b9-47ee-b1f7-1edb39ecd684",
      "meta": {
        "profile": [ "http://hl7.org/fhir/us/qicore/StructureDefinition/qicore-condition-problems-health-concerns" ]
      },
      "clinicalStatus": {
        "coding": [ {
          "system": "http://terminology.hl7.org/CodeSystem/condition-clinical",
          "code": "active",
          "display": "Active"
        } ]
      },
      "verificationStatus": {
        "coding": [ {
          "system": "http://terminology.hl7.org/CodeSystem/condition-ver-status",
          "code": "confirmed",
          "display": "Confirmed"
        } ]
      },
      "category": [ {
        "coding": [ {
          "system": "http://terminology.hl7.org/CodeSystem/condition-category",
          "code": "problem-list-item",
          "display": "Problem List Item"
        } ]
      } ],
      "code": {
        "coding": [ {
          "system": "http://snomed.info/sct",
          "version": "http://snomed.info/sct/731000124108/version/20240301",
          "code": "764680009",
          "display": "Infection of left ventricular assist device driveline (disorder)"
        } ]
      },
      "subject": {
        "reference": "Patient/ef395d2c-85a3-41a2-b6cb-37c4ff5217dc"
      },
      "onsetDateTime": "2026-01-14T16:00:00.000+00:00"
    },
    "request": {
      "method": "PUT",
      "url": "Condition/0525dfd0-a3b9-47ee-b1f7-1edb39ecd684"
    }
  }, {
    "fullUrl": "https://madie.cms.gov/MeasureReport/d025e3c8-1fed-491c-9aab-4199b0919665",
    "resource": {
      "resourceType": "MeasureReport",
      "id": "d025e3c8-1fed-491c-9aab-4199b0919665",
      "meta": {
        "profile": [ "http://hl7.org/fhir/us/cqfmeasures/StructureDefinition/test-case-cqfm" ]
      },
      "contained": [ {
        "resourceType": "Parameters",
        "id": "6ec9d563-a677-46d2-a21d-aa77c2c779ab-parameters",
        "parameter": [ {
          "name": "subject",
          "valueString": "ef395d2c-85a3-41a2-b6cb-37c4ff5217dc"
        } ]
      } ],
      "extension": [ {
        "url": "http://hl7.org/fhir/StructureDefinition/cqf-inputParameters",
        "valueReference": {
          "reference": "#6ec9d563-a677-46d2-a21d-aa77c2c779ab-parameters"
        }
      }, {
        "url": "http://hl7.org/fhir/us/cqfmeasures/StructureDefinition/cqfm-testCaseDescription",
        "valueMarkdown": "Patient has 2 ambulatory encounters, HF diagnosis and LVSD and meets denominator exclusion with history of LVAD complications using prevalence interval"
      } ],
      "modifierExtension": [ {
        "url": "http://hl7.org/fhir/us/cqfmeasures/StructureDefinition/cqfm-isTestCase",
        "valueBoolean": true
      } ],
      "status": "complete",
      "type": "individual",
      "measure": "https://madie.cms.gov/Measure/CMS135FHIRHFACEIorARBorARNIforLVSD",
      "period": {
        "start": "2026-01-01",
        "end": "2026-12-31"
      },
      "group": [ {
        "id": "Group_1",
        "population": [ {
          "id": "InitialPopulation_1",
          "code": {
            "coding": [ {
              "system": "http://terminology.hl7.org/CodeSystem/measure-population",
              "code": "initial-population",
              "display": "Initial Population"
            } ]
          },
          "count": 1
        }, {
          "id": "Denominator_1",
          "code": {
            "coding": [ {
              "system": "http://terminology.hl7.org/CodeSystem/measure-population",
              "code": "denominator",
              "display": "Denominator"
            } ]
          },
          "count": 1
        }, {
          "id": "DenominatorExclusion_1",
          "code": {
            "coding": [ {
              "system": "http://terminology.hl7.org/CodeSystem/measure-population",
              "code": "denominator-exclusion",
              "display": "Denominator Exclusion"
            } ]
          },
          "count": 1
        }, {
          "id": "Numerator_1",
          "code": {
            "coding": [ {
              "system": "http://terminology.hl7.org/CodeSystem/measure-population",
              "code": "numerator",
              "display": "Numerator"
            } ]
          },
          "count": 0
        }, {
          "id": "DenominatorException_1",
          "code": {
            "coding": [ {
              "system": "http://terminology.hl7.org/CodeSystem/measure-population",
              "code": "denominator-exception",
              "display": "Denominator Exception"
            } ]
          },
          "count": 0
        } ],
        "measureScore": {
          "value": 1.0
        }
      } ],
      "evaluatedResource": [ {
        "reference": "Patient/ef395d2c-85a3-41a2-b6cb-37c4ff5217dc"
      }, {
        "reference": "Encounter/a43d600a-8941-408d-8f93-6dbeac2e8829"
      }, {
        "reference": "Encounter/93d2254c-eca6-46d0-af78-cefc7e686a18"
      }, {
        "reference": "Condition/e4a3fb9f-d5f3-4c24-95e8-c759b52079a7"
      }, {
        "reference": "Condition/5d27d551-6d85-4148-a54a-2d4779d7a859"
      }, {
        "reference": "Procedure/747e7edd-b841-450b-a41f-972cd1679035"
      }, {
        "reference": "Condition/0525dfd0-a3b9-47ee-b1f7-1edb39ecd684"
      } ]
    },
    "request": {
      "method": "PUT",
      "url": "MeasureReport/d025e3c8-1fed-491c-9aab-4199b0919665"
    }
  } ]
}