{
  "resourceType": "Bundle",
  "id": "610965b898086b538055c144",
  "type": "transaction",
  "entry": [ {
    "fullUrl": "https://madie.cms.gov/Patient/161e8e14-fea4-47c4-b752-b90e047697ea",
    "resource": {
      "resourceType": "Patient",
      "id": "161e8e14-fea4-47c4-b752-b90e047697ea",
      "meta": {
        "profile": [ "http://hl7.org/fhir/us/qicore/StructureDefinition/qicore-patient" ]
      },
      "text": {
        "status": "generated",
        "div": "<div xmlns=\"http://www.w3.org/1999/xhtml\"><div class=\"hapiHeaderText\">InvalidEncounter <b>IPPFAIL </b></div><table class=\"hapiPropertyTable\"><tbody><tr><td>Identifier</td><td>0e398bdf5fcf08275dc64ef8442ca6da4a80d2fb9d19a256f444dcf9f785ba41</td></tr><tr><td>Date of birth</td><td><span>31 July 1992</span></td></tr></tbody></table></div>"
      },
      "extension": [ {
        "url": "http://hl7.org/fhir/us/core/StructureDefinition/us-core-race",
        "extension": [ {
          "url": "ombCategory",
          "valueCoding": {
            "system": "urn:oid:2.16.840.1.113883.6.238",
            "code": "1002-5",
            "display": "American Indian or Alaska Native",
            "userSelected": true
          }
        }, {
          "url": "text",
          "valueString": "American Indian or Alaska Native"
        } ]
      }, {
        "url": "http://hl7.org/fhir/us/core/StructureDefinition/us-core-ethnicity",
        "extension": [ {
          "url": "ombCategory",
          "valueCoding": {
            "system": "urn:oid:2.16.840.1.113883.6.238",
            "code": "2135-2",
            "display": "Hispanic or Latino",
            "userSelected": true
          }
        }, {
          "url": "text",
          "valueString": "Hispanic or Latino"
        } ]
      } ],
      "identifier": [ {
        "type": {
          "coding": [ {
            "system": "http://terminology.hl7.org/CodeSystem/v2-0203",
            "code": "MR"
          } ]
        },
        "system": "https://bonnie-fhir.healthit.gov/",
        "value": "610965b898086b538055c144"
      } ],
      "active": true,
      "name": [ {
        "use": "usual",
        "family": "IPPFail",
        "given": [ "InvalidEncounter" ]
      } ],
      "gender": "female",
      "birthDate": "1994-07-31"
    },
    "request": {
      "method": "PUT",
      "url": "Patient/161e8e14-fea4-47c4-b752-b90e047697ea"
    }
  }, {
    "fullUrl": "https://madie.cms.gov/Encounter/4b5d7e1b-abfe-40b1-bf46-6baf757d2c27",
    "resource": {
      "resourceType": "Encounter",
      "id": "4b5d7e1b-abfe-40b1-bf46-6baf757d2c27",
      "meta": {
        "profile": [ "http://hl7.org/fhir/us/qicore/StructureDefinition/qicore-encounter" ]
      },
      "status": "finished",
      "class": {
        "system": "http://terminology.hl7.org/CodeSystem/v3-ActCode",
        "code": "AMB",
        "display": "ambulatory",
        "userSelected": true
      },
      "type": [ {
        "coding": [ {
          "system": "http://www.ama-assn.org/go/cpt",
          "code": "99835"
        } ]
      } ],
      "subject": {
        "reference": "Patient/161e8e14-fea4-47c4-b752-b90e047697ea"
      },
      "period": {
        "start": "2026-10-24T08:00:00.000+00:00",
        "end": "2026-10-24T08:15:00.000+00:00"
      }
    },
    "request": {
      "method": "PUT",
      "url": "Encounter/4b5d7e1b-abfe-40b1-bf46-6baf757d2c27"
    }
  }, {
    "fullUrl": "https://madie.cms.gov/MeasureReport/fb673e62-44ae-4c9a-8801-4db54307249e",
    "resource": {
      "resourceType": "MeasureReport",
      "id": "fb673e62-44ae-4c9a-8801-4db54307249e",
      "meta": {
        "profile": [ "http://hl7.org/fhir/us/cqfmeasures/StructureDefinition/test-case-cqfm" ]
      },
      "contained": [ {
        "resourceType": "Parameters",
        "id": "8d79ce6a-9b7b-4a12-be04-6e02e3a5faa7-parameters",
        "parameter": [ {
          "name": "subject",
          "valueString": "161e8e14-fea4-47c4-b752-b90e047697ea"
        } ]
      } ],
      "extension": [ {
        "url": "http://hl7.org/fhir/StructureDefinition/cqf-inputParameters",
        "valueReference": {
          "reference": "#8d79ce6a-9b7b-4a12-be04-6e02e3a5faa7-parameters"
        }
      }, {
        "url": "http://hl7.org/fhir/us/cqfmeasures/StructureDefinition/cqfm-testCaseDescription",
        "valueMarkdown": "Patient qualifies by age but does not have qualifying encounter in measurement period."
      } ],
      "modifierExtension": [ {
        "url": "http://hl7.org/fhir/us/cqfmeasures/StructureDefinition/cqfm-isTestCase",
        "valueBoolean": true
      } ],
      "status": "complete",
      "type": "individual",
      "measure": "https://madie.cms.gov/Measure/CMS349FHIRHIVScreening",
      "period": {
        "start": "2026-01-01",
        "end": "2026-12-31"
      },
      "group": [ {
        "id": "Group_1",
        "population": [ {
          "id": "InitialPopulation_1",
          "code": {
            "coding": [ {
              "system": "http://terminology.hl7.org/CodeSystem/measure-population",
              "code": "initial-population",
              "display": "Initial Population"
            } ]
          },
          "count": 0
        }, {
          "id": "Denominator_1",
          "code": {
            "coding": [ {
              "system": "http://terminology.hl7.org/CodeSystem/measure-population",
              "code": "denominator",
              "display": "Denominator"
            } ]
          },
          "count": 0
        }, {
          "id": "DenominatorExclusion_1",
          "code": {
            "coding": [ {
              "system": "http://terminology.hl7.org/CodeSystem/measure-population",
              "code": "denominator-exclusion",
              "display": "Denominator Exclusion"
            } ]
          },
          "count": 0
        }, {
          "id": "Numerator_1",
          "code": {
            "coding": [ {
              "system": "http://terminology.hl7.org/CodeSystem/measure-population",
              "code": "numerator",
              "display": "Numerator"
            } ]
          },
          "count": 0
        }, {
          "id": "DenominatorException_1",
          "code": {
            "coding": [ {
              "system": "http://terminology.hl7.org/CodeSystem/measure-population",
              "code": "denominator-exception",
              "display": "Denominator Exception"
            } ]
          },
          "count": 0
        } ],
        "measureScore": {
          "value": 1.0
        }
      } ],
      "evaluatedResource": [ {
        "reference": "Patient/161e8e14-fea4-47c4-b752-b90e047697ea"
      }, {
        "reference": "Encounter/4b5d7e1b-abfe-40b1-bf46-6baf757d2c27"
      } ]
    },
    "request": {
      "method": "PUT",
      "url": "MeasureReport/fb673e62-44ae-4c9a-8801-4db54307249e"
    }
  } ]
}