{
  "resourceType": "Bundle",
  "id": "61095b0998086b53805591a5",
  "type": "transaction",
  "entry": [ {
    "fullUrl": "https://madie.cms.gov/Patient/f3eea646-c6ef-404d-8ee9-0626a6153906",
    "resource": {
      "resourceType": "Patient",
      "id": "f3eea646-c6ef-404d-8ee9-0626a6153906",
      "meta": {
        "profile": [ "http://hl7.org/fhir/us/qicore/StructureDefinition/qicore-patient" ]
      },
      "text": {
        "status": "generated",
        "div": "<div xmlns=\"http://www.w3.org/1999/xhtml\"><div class=\"hapiHeaderText\">Age@18 <b>DENOMPASS </b></div><table class=\"hapiPropertyTable\"><tbody><tr><td>Identifier</td><td>67f3e33acf17bcb386e754d726ed064ccd48ba21ff0ffb2eb678740a684398be</td></tr><tr><td>Date of birth</td><td><span>01 January 1994</span></td></tr></tbody></table></div>"
      },
      "extension": [ {
        "url": "http://hl7.org/fhir/us/core/StructureDefinition/us-core-race",
        "extension": [ {
          "url": "ombCategory",
          "valueCoding": {
            "system": "urn:oid:2.16.840.1.113883.6.238",
            "code": "1002-5",
            "display": "American Indian or Alaska Native",
            "userSelected": true
          }
        }, {
          "url": "text",
          "valueString": "American Indian or Alaska Native"
        } ]
      }, {
        "url": "http://hl7.org/fhir/us/core/StructureDefinition/us-core-ethnicity",
        "extension": [ {
          "url": "ombCategory",
          "valueCoding": {
            "system": "urn:oid:2.16.840.1.113883.6.238",
            "code": "2135-2",
            "display": "Hispanic or Latino",
            "userSelected": true
          }
        }, {
          "url": "text",
          "valueString": "Hispanic or Latino"
        } ]
      } ],
      "identifier": [ {
        "type": {
          "coding": [ {
            "system": "http://terminology.hl7.org/CodeSystem/v2-0203",
            "code": "MR"
          } ]
        },
        "system": "https://bonnie-fhir.healthit.gov/",
        "value": "61095b0998086b53805591a5"
      } ],
      "active": true,
      "name": [ {
        "use": "usual",
        "family": "DENEXPASS",
        "given": [ "DisordersofOpticWithCatSurg" ]
      } ],
      "gender": "female",
      "birthDate": "1996-01-01"
    },
    "request": {
      "method": "PUT",
      "url": "Patient/f3eea646-c6ef-404d-8ee9-0626a6153906"
    }
  }, {
    "fullUrl": "https://madie.cms.gov/Observation/6f4c17af-ee67-46e9-9624-4e94793c2ea3",
    "resource": {
      "resourceType": "Observation",
      "id": "6f4c17af-ee67-46e9-9624-4e94793c2ea3",
      "meta": {
        "profile": [ "http://hl7.org/fhir/us/qicore/StructureDefinition/qicore-observation-clinical-result" ]
      },
      "status": "final",
      "category": [ {
        "coding": [ {
          "system": "http://terminology.hl7.org/CodeSystem/observation-category",
          "code": "exam",
          "display": "exam"
        } ]
      } ],
      "code": {
        "coding": [ {
          "system": "http://snomed.info/sct",
          "code": "419775003"
        } ]
      },
      "subject": {
        "reference": "Patient/f3eea646-c6ef-404d-8ee9-0626a6153906"
      },
      "effectivePeriod": {
        "start": "2026-03-13T09:00:00+00:00",
        "end": "2026-03-13T09:30:00+00:00"
      }
    },
    "request": {
      "method": "PUT",
      "url": "Observation/6f4c17af-ee67-46e9-9624-4e94793c2ea3"
    }
  }, {
    "fullUrl": "https://madie.cms.gov/Procedure/4cfa6f7c-767e-4fcf-ab57-0947090d0913",
    "resource": {
      "resourceType": "Procedure",
      "id": "4cfa6f7c-767e-4fcf-ab57-0947090d0913",
      "meta": {
        "profile": [ "http://hl7.org/fhir/us/qicore/StructureDefinition/qicore-procedure" ]
      },
      "extension": [ {
        "url": "http://hl7.org/fhir/us/qicore/StructureDefinition/qicore-recorded",
        "valueDateTime": "2026-03-05T09:35:00-04:00"
      } ],
      "status": "completed",
      "code": {
        "coding": [ {
          "system": "http://snomed.info/sct",
          "code": "84149000"
        } ]
      },
      "subject": {
        "reference": "Patient/f3eea646-c6ef-404d-8ee9-0626a6153906"
      },
      "performedPeriod": {
        "start": "2026-03-05T09:20:00-04:00",
        "end": "2026-04-05T10:30:00-04:00"
      }
    },
    "request": {
      "method": "PUT",
      "url": "Procedure/4cfa6f7c-767e-4fcf-ab57-0947090d0913"
    }
  }, {
    "fullUrl": "https://madie.cms.gov/Condition/d59ef407-f9ae-49f7-95cf-55c38510d871",
    "resource": {
      "resourceType": "Condition",
      "id": "d59ef407-f9ae-49f7-95cf-55c38510d871",
      "meta": {
        "profile": [ "http://hl7.org/fhir/us/qicore/StructureDefinition/qicore-condition-problems-health-concerns" ]
      },
      "clinicalStatus": {
        "coding": [ {
          "system": "http://terminology.hl7.org/CodeSystem/condition-clinical",
          "code": "active",
          "display": "active",
          "userSelected": true
        } ]
      },
      "category": [ {
        "coding": [ {
          "system": "http://terminology.hl7.org/CodeSystem/condition-clinical",
          "code": "active",
          "display": "active",
          "userSelected": true
        } ]
      } ],
      "code": {
        "coding": [ {
          "system": "http://hl7.org/fhir/sid/icd-10-cm",
          "code": "H47.41",
          "userSelected": true
        }, {
          "system": "http://snomed.info/sct",
          "code": "89654006",
          "userSelected": true
        } ]
      },
      "subject": {
        "reference": "Patient/f3eea646-c6ef-404d-8ee9-0626a6153906"
      },
      "onsetDateTime": "2024-11-01T08:00:00.000+00:00"
    },
    "request": {
      "method": "PUT",
      "url": "Condition/d59ef407-f9ae-49f7-95cf-55c38510d871"
    }
  }, {
    "fullUrl": "https://madie.cms.gov/Coverage/074d6360-c458-4426-abd9-796405537ec0",
    "resource": {
      "resourceType": "Coverage",
      "id": "074d6360-c458-4426-abd9-796405537ec0",
      "meta": {
        "profile": [ "http://hl7.org/fhir/us/qicore/StructureDefinition/qicore-coverage" ]
      },
      "status": "active",
      "beneficiary": {
        "reference": "Patient/f3eea646-c6ef-404d-8ee9-0626a6153906"
      },
      "payor": [ {
        "reference": "Organization/796378dd-a4f8-4f57-97e4-d00a52c860c7"
      } ]
    },
    "request": {
      "method": "PUT",
      "url": "Coverage/074d6360-c458-4426-abd9-796405537ec0"
    }
  }, {
    "fullUrl": "https://madie.cms.gov/Organization/796378dd-a4f8-4f57-97e4-d00a52c860c7",
    "resource": {
      "resourceType": "Organization",
      "id": "796378dd-a4f8-4f57-97e4-d00a52c860c7",
      "meta": {
        "profile": [ "http://hl7.org/fhir/us/qicore/StructureDefinition/qicore-organization" ]
      },
      "identifier": [ {
        "use": "temp",
        "system": "urn:oid:2.16.840.1.113883.4.4",
        "value": "21-3259825"
      } ],
      "active": true,
      "type": [ {
        "coding": [ {
          "system": "http://terminology.hl7.org/CodeSystem/organization-type",
          "code": "pay",
          "display": "Payer"
        } ]
      } ],
      "name": "Blue Cross Blue Shield of Texas",
      "telecom": [ {
        "system": "phone",
        "value": "(+1) 972-766-6900"
      } ],
      "address": [ {
        "use": "billing",
        "type": "postal",
        "line": [ "P.O. Box 660044" ],
        "city": "Dallas",
        "state": "TX",
        "postalCode": "75266-0044",
        "country": "USA"
      } ]
    },
    "request": {
      "method": "PUT",
      "url": "Organization/796378dd-a4f8-4f57-97e4-d00a52c860c7"
    }
  }, {
    "fullUrl": "https://madie.cms.gov/Practitioner/dd1b6d39-a204-4f4d-aadd-c51a25ebfa52",
    "resource": {
      "resourceType": "Practitioner",
      "id": "dd1b6d39-a204-4f4d-aadd-c51a25ebfa52",
      "meta": {
        "profile": [ "http://hl7.org/fhir/us/qicore/StructureDefinition/qicore-practitioner" ]
      },
      "identifier": [ {
        "system": "http://hl7.org/fhir/sid/us-npi",
        "value": "123456"
      } ],
      "name": [ {
        "family": "Evil",
        "prefix": [ "Dr" ]
      } ]
    },
    "request": {
      "method": "PUT",
      "url": "Practitioner/dd1b6d39-a204-4f4d-aadd-c51a25ebfa52"
    }
  }, {
    "fullUrl": "https://madie.cms.gov/MeasureReport/af21758d-42dc-46a7-b464-4f4cbafb347f",
    "resource": {
      "resourceType": "MeasureReport",
      "id": "af21758d-42dc-46a7-b464-4f4cbafb347f",
      "meta": {
        "profile": [ "http://hl7.org/fhir/us/cqfmeasures/StructureDefinition/test-case-cqfm" ]
      },
      "contained": [ {
        "resourceType": "Parameters",
        "id": "95f497a1-9216-4836-b3e7-ba4b1549fbda-parameters",
        "parameter": [ {
          "name": "subject",
          "valueString": "f3eea646-c6ef-404d-8ee9-0626a6153906"
        } ]
      } ],
      "extension": [ {
        "url": "http://hl7.org/fhir/StructureDefinition/cqf-inputParameters",
        "valueReference": {
          "reference": "#95f497a1-9216-4836-b3e7-ba4b1549fbda-parameters"
        }
      }, {
        "url": "http://hl7.org/fhir/us/cqfmeasures/StructureDefinition/cqfm-testCaseDescription",
        "valueMarkdown": "Patient with Disorders of Optic with cataract surgery. "
      } ],
      "modifierExtension": [ {
        "url": "http://hl7.org/fhir/us/cqfmeasures/StructureDefinition/cqfm-isTestCase",
        "valueBoolean": true
      } ],
      "status": "complete",
      "type": "individual",
      "measure": "https://madie.cms.gov/Measure/CMS133FHIRCataracts2040BCVAwithin90Days",
      "period": {
        "start": "2026-01-01",
        "end": "2026-12-31"
      },
      "group": [ {
        "id": "Group_1",
        "population": [ {
          "id": "InitialPopulation_1",
          "code": {
            "coding": [ {
              "system": "http://terminology.hl7.org/CodeSystem/measure-population",
              "code": "initial-population",
              "display": "Initial Population"
            } ]
          },
          "count": 1
        }, {
          "id": "Denominator_1",
          "code": {
            "coding": [ {
              "system": "http://terminology.hl7.org/CodeSystem/measure-population",
              "code": "denominator",
              "display": "Denominator"
            } ]
          },
          "count": 1
        }, {
          "id": "DenominatorExclusion_1",
          "code": {
            "coding": [ {
              "system": "http://terminology.hl7.org/CodeSystem/measure-population",
              "code": "denominator-exclusion",
              "display": "Denominator Exclusion"
            } ]
          },
          "count": 1
        }, {
          "id": "Numerator_1",
          "code": {
            "coding": [ {
              "system": "http://terminology.hl7.org/CodeSystem/measure-population",
              "code": "numerator",
              "display": "Numerator"
            } ]
          },
          "count": 0
        } ],
        "measureScore": {
          "value": 0.0
        }
      } ],
      "evaluatedResource": [ {
        "reference": "Patient/f3eea646-c6ef-404d-8ee9-0626a6153906"
      }, {
        "reference": "Observation/6f4c17af-ee67-46e9-9624-4e94793c2ea3"
      }, {
        "reference": "Procedure/4cfa6f7c-767e-4fcf-ab57-0947090d0913"
      }, {
        "reference": "Condition/d59ef407-f9ae-49f7-95cf-55c38510d871"
      }, {
        "reference": "Coverage/074d6360-c458-4426-abd9-796405537ec0"
      }, {
        "reference": "Organization/796378dd-a4f8-4f57-97e4-d00a52c860c7"
      }, {
        "reference": "Practitioner/dd1b6d39-a204-4f4d-aadd-c51a25ebfa52"
      } ]
    },
    "request": {
      "method": "PUT",
      "url": "MeasureReport/af21758d-42dc-46a7-b464-4f4cbafb347f"
    }
  } ]
}