{
  "resourceType": "Bundle",
  "id": "62b1e0113968556e5150cf36",
  "type": "transaction",
  "entry": [ {
    "fullUrl": "https://madie.cms.gov/Patient/ff6f7416-7e1d-4712-b4f5-aab79b2a7c01",
    "resource": {
      "resourceType": "Patient",
      "id": "ff6f7416-7e1d-4712-b4f5-aab79b2a7c01",
      "meta": {
        "profile": [ "http://hl7.org/fhir/us/qicore/StructureDefinition/qicore-patient" ]
      },
      "extension": [ {
        "url": "http://hl7.org/fhir/us/core/StructureDefinition/us-core-race",
        "extension": [ {
          "url": "ombCategory",
          "valueCoding": {
            "system": "urn:oid:2.16.840.1.113883.6.238",
            "code": "1002-5",
            "display": "American Indian or Alaska Native",
            "userSelected": true
          }
        }, {
          "url": "text",
          "valueString": "American Indian or Alaska Native"
        } ]
      }, {
        "url": "http://hl7.org/fhir/us/core/StructureDefinition/us-core-ethnicity",
        "extension": [ {
          "url": "ombCategory",
          "valueCoding": {
            "system": "urn:oid:2.16.840.1.113883.6.238",
            "code": "2135-2",
            "display": "Hispanic or Latino",
            "userSelected": true
          }
        }, {
          "url": "text",
          "valueString": "Hispanic or Latino"
        } ]
      } ],
      "identifier": [ {
        "type": {
          "coding": [ {
            "system": "http://terminology.hl7.org/CodeSystem/v2-0203",
            "code": "MR"
          } ]
        },
        "system": "https://bonnie-fhir.healthit.gov/",
        "value": "62b1e0113968556e5150cf36"
      } ],
      "name": [ {
        "family": "NUMERPass",
        "given": [ "17yoPositiveAdolescentDepressionScreeningandMedsActive" ]
      } ],
      "gender": "male",
      "birthDate": "2009-01-01"
    },
    "request": {
      "method": "PUT",
      "url": "Patient/ff6f7416-7e1d-4712-b4f5-aab79b2a7c01"
    }
  }, {
    "fullUrl": "https://madie.cms.gov/Encounter/e53a04ab-aeb1-408a-bcfc-dccd29ec1ddf",
    "resource": {
      "resourceType": "Encounter",
      "id": "e53a04ab-aeb1-408a-bcfc-dccd29ec1ddf",
      "meta": {
        "profile": [ "http://hl7.org/fhir/us/qicore/StructureDefinition/qicore-encounter" ]
      },
      "status": "finished",
      "class": {
        "system": "http://terminology.hl7.org/CodeSystem/v3-ActCode",
        "code": "AMB",
        "display": "ambulatory"
      },
      "type": [ {
        "coding": [ {
          "system": "http://snomed.info/sct",
          "version": "2021-09",
          "code": "10197000",
          "display": "Psychiatric interview and evaluation (procedure)",
          "userSelected": true
        } ]
      } ],
      "subject": {
        "reference": "Patient/ff6f7416-7e1d-4712-b4f5-aab79b2a7c01"
      },
      "period": {
        "start": "2026-06-21T08:00:00.000+00:00",
        "end": "2026-06-21T08:15:00.000+00:00"
      }
    },
    "request": {
      "method": "PUT",
      "url": "Encounter/e53a04ab-aeb1-408a-bcfc-dccd29ec1ddf"
    }
  }, {
    "fullUrl": "https://madie.cms.gov/Observation/595475bb-df7c-4d0d-a91a-b5017e9545f3",
    "resource": {
      "resourceType": "Observation",
      "id": "595475bb-df7c-4d0d-a91a-b5017e9545f3",
      "meta": {
        "profile": [ "http://hl7.org/fhir/us/qicore/StructureDefinition/qicore-observation-screening-assessment" ]
      },
      "status": "final",
      "category": [ {
        "coding": [ {
          "system": "http://terminology.hl7.org/CodeSystem/observation-category",
          "code": "procedure",
          "display": "Procedure"
        } ]
      } ],
      "code": {
        "coding": [ {
          "system": "http://loinc.org",
          "code": "73831-0",
          "display": "Adolescent depression screening assessment",
          "userSelected": true
        } ]
      },
      "subject": {
        "reference": "Patient/ff6f7416-7e1d-4712-b4f5-aab79b2a7c01"
      },
      "effectiveDateTime": "2026-06-15T08:00:00.000+00:00",
      "valueCodeableConcept": {
        "coding": [ {
          "system": "http://snomed.info/sct",
          "code": "428181000124104",
          "display": "Depression screening positive (finding)",
          "userSelected": true
        } ]
      }
    },
    "request": {
      "method": "PUT",
      "url": "Observation/595475bb-df7c-4d0d-a91a-b5017e9545f3"
    }
  }, {
    "fullUrl": "https://madie.cms.gov/MedicationRequest/077424de-35a9-449f-99f3-5f50c95d6cfb",
    "resource": {
      "resourceType": "MedicationRequest",
      "id": "077424de-35a9-449f-99f3-5f50c95d6cfb",
      "meta": {
        "profile": [ "http://hl7.org/fhir/us/qicore/StructureDefinition/qicore-medicationrequest" ]
      },
      "status": "active",
      "intent": "order",
      "doNotPerform": false,
      "medicationCodeableConcept": {
        "coding": [ {
          "system": "http://www.nlm.nih.gov/research/umls/rxnorm",
          "code": "1190110",
          "display": "fluoxetine 60 MG Oral Tablet",
          "userSelected": true
        } ]
      },
      "subject": {
        "reference": "Patient/ff6f7416-7e1d-4712-b4f5-aab79b2a7c01"
      },
      "authoredOn": "2026-06-21T08:00:00.000+00:00",
      "requester": {
        "reference": "Practitioner/123456"
      },
      "dispenseRequest": {
        "expectedSupplyDuration": {
          "value": 30,
          "system": "http://unitsofmeasure.org",
          "code": "days"
        }
      }
    },
    "request": {
      "method": "PUT",
      "url": "MedicationRequest/077424de-35a9-449f-99f3-5f50c95d6cfb"
    }
  }, {
    "fullUrl": "https://madie.cms.gov/Coverage/a7e48bf5-b3d2-4163-9035-62626ea4527c",
    "resource": {
      "resourceType": "Coverage",
      "id": "a7e48bf5-b3d2-4163-9035-62626ea4527c",
      "meta": {
        "profile": [ "http://hl7.org/fhir/us/qicore/StructureDefinition/qicore-coverage" ]
      },
      "status": "active",
      "beneficiary": {
        "reference": "Patient/ff6f7416-7e1d-4712-b4f5-aab79b2a7c01"
      },
      "payor": [ {
        "reference": "Organization/7bd160b6-c87d-4f2e-b9dc-915a69d72ff5"
      } ]
    },
    "request": {
      "method": "PUT",
      "url": "Coverage/a7e48bf5-b3d2-4163-9035-62626ea4527c"
    }
  }, {
    "fullUrl": "https://madie.cms.gov/Organization/7bd160b6-c87d-4f2e-b9dc-915a69d72ff5",
    "resource": {
      "resourceType": "Organization",
      "id": "7bd160b6-c87d-4f2e-b9dc-915a69d72ff5",
      "meta": {
        "profile": [ "http://hl7.org/fhir/us/qicore/StructureDefinition/qicore-organization" ]
      },
      "identifier": [ {
        "use": "temp",
        "system": "urn:oid:2.16.840.1.113883.4.4",
        "value": "21-3259825"
      } ],
      "active": true,
      "type": [ {
        "coding": [ {
          "system": "http://terminology.hl7.org/CodeSystem/organization-type",
          "code": "pay",
          "display": "Payer"
        } ]
      } ],
      "name": "Blue Cross Blue Shield of Texas",
      "telecom": [ {
        "system": "phone",
        "value": "(+1) 972-766-6900"
      } ],
      "address": [ {
        "use": "billing",
        "type": "postal",
        "line": [ "P.O. Box 660044" ],
        "city": "Dallas",
        "state": "TX",
        "postalCode": "75266-0044",
        "country": "USA"
      } ]
    },
    "request": {
      "method": "PUT",
      "url": "Organization/7bd160b6-c87d-4f2e-b9dc-915a69d72ff5"
    }
  }, {
    "fullUrl": "https://madie.cms.gov/Practitioner/6a99e23e-4ce2-4467-b23d-4106d80d1dba",
    "resource": {
      "resourceType": "Practitioner",
      "id": "6a99e23e-4ce2-4467-b23d-4106d80d1dba",
      "meta": {
        "profile": [ "http://hl7.org/fhir/us/qicore/StructureDefinition/qicore-practitioner" ]
      },
      "identifier": [ {
        "system": "http://hl7.org/fhir/sid/us-npi",
        "value": "123456"
      } ],
      "name": [ {
        "family": "Evil",
        "prefix": [ "Dr" ]
      } ]
    },
    "request": {
      "method": "PUT",
      "url": "Practitioner/6a99e23e-4ce2-4467-b23d-4106d80d1dba"
    }
  }, {
    "fullUrl": "https://madie.cms.gov/MeasureReport/f4d77591-7525-4eee-a6a2-5e1a0bc0bab9",
    "resource": {
      "resourceType": "MeasureReport",
      "id": "f4d77591-7525-4eee-a6a2-5e1a0bc0bab9",
      "meta": {
        "profile": [ "http://hl7.org/fhir/us/cqfmeasures/StructureDefinition/test-case-cqfm" ]
      },
      "contained": [ {
        "resourceType": "Parameters",
        "id": "ad023fb4-2e9a-4820-9231-0aaca2c8f506-parameters",
        "parameter": [ {
          "name": "subject",
          "valueString": "ff6f7416-7e1d-4712-b4f5-aab79b2a7c01"
        } ]
      } ],
      "extension": [ {
        "url": "http://hl7.org/fhir/StructureDefinition/cqf-inputParameters",
        "valueReference": {
          "reference": "#ad023fb4-2e9a-4820-9231-0aaca2c8f506-parameters"
        }
      }, {
        "url": "http://hl7.org/fhir/us/cqfmeasures/StructureDefinition/cqfm-testCaseDescription",
        "valueMarkdown": "17yo with previous positive adolescent depression screening and medication active"
      } ],
      "modifierExtension": [ {
        "url": "http://hl7.org/fhir/us/cqfmeasures/StructureDefinition/cqfm-isTestCase",
        "valueBoolean": true
      } ],
      "status": "complete",
      "type": "individual",
      "measure": "https://madie.cms.gov/Measure/CMS2FHIRPCSDepressionScreenAndFollowUp",
      "period": {
        "start": "2026-01-01",
        "end": "2026-12-31"
      },
      "group": [ {
        "id": "Group_1",
        "population": [ {
          "id": "InitialPopulation_1",
          "code": {
            "coding": [ {
              "system": "http://terminology.hl7.org/CodeSystem/measure-population",
              "code": "initial-population",
              "display": "Initial Population"
            } ]
          },
          "count": 1
        }, {
          "id": "Denominator_1",
          "code": {
            "coding": [ {
              "system": "http://terminology.hl7.org/CodeSystem/measure-population",
              "code": "denominator",
              "display": "Denominator"
            } ]
          },
          "count": 1
        }, {
          "id": "DenominatorExclusion_1",
          "code": {
            "coding": [ {
              "system": "http://terminology.hl7.org/CodeSystem/measure-population",
              "code": "denominator-exclusion",
              "display": "Denominator Exclusion"
            } ]
          },
          "count": 0
        }, {
          "id": "Numerator_1",
          "code": {
            "coding": [ {
              "system": "http://terminology.hl7.org/CodeSystem/measure-population",
              "code": "numerator",
              "display": "Numerator"
            } ]
          },
          "count": 1
        }, {
          "id": "DenominatorException_1",
          "code": {
            "coding": [ {
              "system": "http://terminology.hl7.org/CodeSystem/measure-population",
              "code": "denominator-exception",
              "display": "Denominator Exception"
            } ]
          },
          "count": 0
        } ],
        "measureScore": {
          "value": 1.0
        }
      } ],
      "evaluatedResource": [ {
        "reference": "Patient/ff6f7416-7e1d-4712-b4f5-aab79b2a7c01"
      }, {
        "reference": "Encounter/e53a04ab-aeb1-408a-bcfc-dccd29ec1ddf"
      }, {
        "reference": "Observation/595475bb-df7c-4d0d-a91a-b5017e9545f3"
      }, {
        "reference": "MedicationRequest/077424de-35a9-449f-99f3-5f50c95d6cfb"
      }, {
        "reference": "Coverage/a7e48bf5-b3d2-4163-9035-62626ea4527c"
      }, {
        "reference": "Organization/7bd160b6-c87d-4f2e-b9dc-915a69d72ff5"
      }, {
        "reference": "Practitioner/6a99e23e-4ce2-4467-b23d-4106d80d1dba"
      } ]
    },
    "request": {
      "method": "PUT",
      "url": "MeasureReport/f4d77591-7525-4eee-a6a2-5e1a0bc0bab9"
    }
  } ]
}