{
  "resourceType": "Bundle",
  "id": "62aa63d1c4be4c506d4a534d",
  "type": "transaction",
  "entry": [ {
    "fullUrl": "https://madie.cms.gov/Patient/7902e3dc-f3da-4cc2-9f2e-4a6c8cd33b88",
    "resource": {
      "resourceType": "Patient",
      "id": "7902e3dc-f3da-4cc2-9f2e-4a6c8cd33b88",
      "meta": {
        "profile": [ "http://hl7.org/fhir/us/qicore/StructureDefinition/qicore-patient" ]
      },
      "extension": [ {
        "url": "http://hl7.org/fhir/us/core/StructureDefinition/us-core-race",
        "extension": [ {
          "url": "ombCategory",
          "valueCoding": {
            "system": "urn:oid:2.16.840.1.113883.6.238",
            "code": "2106-3",
            "display": "White",
            "userSelected": true
          }
        }, {
          "url": "text",
          "valueString": "White"
        } ]
      }, {
        "url": "http://hl7.org/fhir/us/core/StructureDefinition/us-core-ethnicity",
        "extension": [ {
          "url": "ombCategory",
          "valueCoding": {
            "system": "urn:oid:2.16.840.1.113883.6.238",
            "code": "2186-5",
            "display": "Not Hispanic or Latino",
            "userSelected": true
          }
        }, {
          "url": "text",
          "valueString": "Not Hispanic or Latino"
        } ]
      } ],
      "identifier": [ {
        "type": {
          "coding": [ {
            "system": "http://terminology.hl7.org/CodeSystem/v2-0203",
            "code": "MR"
          } ]
        },
        "system": "https://bonnie-fhir.healthit.gov/",
        "value": "62aa63d1c4be4c506d4a534d"
      } ],
      "name": [ {
        "family": "NUMERPass",
        "given": [ "LowBMIAndInterventionPerformed" ]
      } ],
      "gender": "unknown",
      "birthDate": "1957-11-07"
    },
    "request": {
      "method": "PUT",
      "url": "Patient/7902e3dc-f3da-4cc2-9f2e-4a6c8cd33b88"
    }
  }, {
    "fullUrl": "https://madie.cms.gov/Encounter/83220893-50b4-4436-92a7-2bcb474847df",
    "resource": {
      "resourceType": "Encounter",
      "id": "83220893-50b4-4436-92a7-2bcb474847df",
      "meta": {
        "profile": [ "http://hl7.org/fhir/us/qicore/StructureDefinition/qicore-encounter" ]
      },
      "status": "finished",
      "class": {
        "system": "http://terminology.hl7.org/CodeSystem/v3-ActCode",
        "code": "AMB",
        "display": "ambulatory"
      },
      "type": [ {
        "coding": [ {
          "system": "http://snomed.info/sct",
          "version": "2022-03",
          "code": "10197000",
          "display": "Psychiatric interview and evaluation (procedure)",
          "userSelected": true
        } ]
      } ],
      "subject": {
        "reference": "Patient/7902e3dc-f3da-4cc2-9f2e-4a6c8cd33b88"
      },
      "period": {
        "start": "2026-06-15T08:00:00.000+00:00",
        "end": "2026-06-15T08:15:00.000+00:00"
      }
    },
    "request": {
      "method": "PUT",
      "url": "Encounter/83220893-50b4-4436-92a7-2bcb474847df"
    }
  }, {
    "fullUrl": "https://madie.cms.gov/Observation/0e983368-0f88-43aa-8b6d-8cb817df098a",
    "resource": {
      "resourceType": "Observation",
      "id": "0e983368-0f88-43aa-8b6d-8cb817df098a",
      "meta": {
        "profile": [ "http://hl7.org/fhir/us/core/StructureDefinition/us-core-bmi" ]
      },
      "status": "final",
      "category": [ {
        "coding": [ {
          "system": "http://terminology.hl7.org/CodeSystem/observation-category",
          "code": "vital-signs",
          "display": "Vital Signs"
        } ]
      } ],
      "code": {
        "coding": [ {
          "system": "http://loinc.org",
          "code": "39156-5",
          "display": "Body mass index (BMI) [Ratio]",
          "userSelected": true
        } ]
      },
      "subject": {
        "reference": "Patient/7902e3dc-f3da-4cc2-9f2e-4a6c8cd33b88"
      },
      "effectiveDateTime": "2026-06-15T08:05:00.000+00:00",
      "valueQuantity": {
        "value": 17.0,
        "unit": "kg/m2",
        "system": "http://unitsofmeasure.org",
        "code": "kg/m2"
      }
    },
    "request": {
      "method": "PUT",
      "url": "Observation/0e983368-0f88-43aa-8b6d-8cb817df098a"
    }
  }, {
    "fullUrl": "https://madie.cms.gov/Procedure/103798e3-361b-4627-a7a7-bb2815c4e4e3",
    "resource": {
      "resourceType": "Procedure",
      "id": "103798e3-361b-4627-a7a7-bb2815c4e4e3",
      "meta": {
        "profile": [ "http://hl7.org/fhir/us/qicore/StructureDefinition/qicore-procedure" ]
      },
      "extension": [ {
        "url": "http://hl7.org/fhir/us/qicore/StructureDefinition/qicore-recorded",
        "valueDateTime": "2026-02-01T09:00:00.000+00:00"
      } ],
      "status": "completed",
      "code": {
        "coding": [ {
          "system": "http://snomed.info/sct",
          "version": "2022-03",
          "code": "182922004",
          "display": "Dietary regime (regime/therapy)",
          "userSelected": true
        } ]
      },
      "subject": {
        "reference": "Patient/7902e3dc-f3da-4cc2-9f2e-4a6c8cd33b88"
      },
      "performedDateTime": "2026-06-26T08:00:00.000+00:00",
      "reasonCode": [ {
        "coding": [ {
          "system": "http://hl7.org/fhir/sid/icd-10-cm",
          "code": "R63.6",
          "display": "Underweight",
          "userSelected": true
        } ]
      } ]
    },
    "request": {
      "method": "PUT",
      "url": "Procedure/103798e3-361b-4627-a7a7-bb2815c4e4e3"
    }
  }, {
    "fullUrl": "https://madie.cms.gov/Coverage/cec40a63-1704-46bc-b795-7369d3887313",
    "resource": {
      "resourceType": "Coverage",
      "id": "cec40a63-1704-46bc-b795-7369d3887313",
      "meta": {
        "profile": [ "http://hl7.org/fhir/us/qicore/StructureDefinition/qicore-coverage" ]
      },
      "status": "active",
      "beneficiary": {
        "reference": "Patient/7902e3dc-f3da-4cc2-9f2e-4a6c8cd33b88"
      },
      "payor": [ {
        "reference": "Organization/1b212a8c-57ac-43ef-b8ba-a287249b110c"
      } ]
    },
    "request": {
      "method": "PUT",
      "url": "Coverage/cec40a63-1704-46bc-b795-7369d3887313"
    }
  }, {
    "fullUrl": "https://madie.cms.gov/Organization/1b212a8c-57ac-43ef-b8ba-a287249b110c",
    "resource": {
      "resourceType": "Organization",
      "id": "1b212a8c-57ac-43ef-b8ba-a287249b110c",
      "meta": {
        "profile": [ "http://hl7.org/fhir/us/qicore/StructureDefinition/qicore-organization" ]
      },
      "identifier": [ {
        "use": "temp",
        "system": "urn:oid:2.16.840.1.113883.4.4",
        "value": "21-3259825"
      } ],
      "active": true,
      "type": [ {
        "coding": [ {
          "system": "http://terminology.hl7.org/CodeSystem/organization-type",
          "code": "pay",
          "display": "Payer"
        } ]
      } ],
      "name": "Blue Cross Blue Shield of Texas",
      "telecom": [ {
        "system": "phone",
        "value": "(+1) 972-766-6900"
      } ],
      "address": [ {
        "use": "billing",
        "type": "postal",
        "line": [ "P.O. Box 660044" ],
        "city": "Dallas",
        "state": "TX",
        "postalCode": "75266-0044",
        "country": "USA"
      } ]
    },
    "request": {
      "method": "PUT",
      "url": "Organization/1b212a8c-57ac-43ef-b8ba-a287249b110c"
    }
  }, {
    "fullUrl": "https://madie.cms.gov/MeasureReport/58c2a1b7-516b-420f-8fd4-32d1a2da4173",
    "resource": {
      "resourceType": "MeasureReport",
      "id": "58c2a1b7-516b-420f-8fd4-32d1a2da4173",
      "meta": {
        "profile": [ "http://hl7.org/fhir/us/cqfmeasures/StructureDefinition/test-case-cqfm" ]
      },
      "contained": [ {
        "resourceType": "Parameters",
        "id": "5e8115a9-76f3-4d8d-92fb-a6abec3e5ba1-parameters",
        "parameter": [ {
          "name": "subject",
          "valueString": "7902e3dc-f3da-4cc2-9f2e-4a6c8cd33b88"
        } ]
      } ],
      "extension": [ {
        "url": "http://hl7.org/fhir/StructureDefinition/cqf-inputParameters",
        "valueReference": {
          "reference": "#5e8115a9-76f3-4d8d-92fb-a6abec3e5ba1-parameters"
        }
      }, {
        "url": "http://hl7.org/fhir/us/cqfmeasures/StructureDefinition/cqfm-testCaseDescription",
        "valueMarkdown": "Adult, ambulatory enc., BMI low at 17 kg/m2 and interventions performed with reason code first minute of enc.\n\n"
      } ],
      "modifierExtension": [ {
        "url": "http://hl7.org/fhir/us/cqfmeasures/StructureDefinition/cqfm-isTestCase",
        "valueBoolean": true
      } ],
      "status": "complete",
      "type": "individual",
      "measure": "https://madie.cms.gov/Measure/CMS69FHIRPCSBMIScreenAndFollowUp",
      "period": {
        "start": "2026-01-01",
        "end": "2026-12-31"
      },
      "group": [ {
        "id": "Group_1",
        "population": [ {
          "id": "InitialPopulation_1",
          "code": {
            "coding": [ {
              "system": "http://terminology.hl7.org/CodeSystem/measure-population",
              "code": "initial-population",
              "display": "Initial Population"
            } ]
          },
          "count": 1
        }, {
          "id": "Denominator_1",
          "code": {
            "coding": [ {
              "system": "http://terminology.hl7.org/CodeSystem/measure-population",
              "code": "denominator",
              "display": "Denominator"
            } ]
          },
          "count": 1
        }, {
          "id": "DenominatorExclusion_1",
          "code": {
            "coding": [ {
              "system": "http://terminology.hl7.org/CodeSystem/measure-population",
              "code": "denominator-exclusion",
              "display": "Denominator Exclusion"
            } ]
          },
          "count": 0
        }, {
          "id": "Numerator_1",
          "code": {
            "coding": [ {
              "system": "http://terminology.hl7.org/CodeSystem/measure-population",
              "code": "numerator",
              "display": "Numerator"
            } ]
          },
          "count": 1
        }, {
          "id": "DenominatorException_1",
          "code": {
            "coding": [ {
              "system": "http://terminology.hl7.org/CodeSystem/measure-population",
              "code": "denominator-exception",
              "display": "Denominator Exception"
            } ]
          },
          "count": 0
        } ],
        "measureScore": {
          "value": 1.0
        }
      } ],
      "evaluatedResource": [ {
        "reference": "Patient/7902e3dc-f3da-4cc2-9f2e-4a6c8cd33b88"
      }, {
        "reference": "Encounter/83220893-50b4-4436-92a7-2bcb474847df"
      }, {
        "reference": "Observation/0e983368-0f88-43aa-8b6d-8cb817df098a"
      }, {
        "reference": "Procedure/103798e3-361b-4627-a7a7-bb2815c4e4e3"
      }, {
        "reference": "Coverage/cec40a63-1704-46bc-b795-7369d3887313"
      }, {
        "reference": "Organization/1b212a8c-57ac-43ef-b8ba-a287249b110c"
      } ]
    },
    "request": {
      "method": "PUT",
      "url": "MeasureReport/58c2a1b7-516b-420f-8fd4-32d1a2da4173"
    }
  } ]
}