{
  "resourceType": "Bundle",
  "id": "62fd4b6a0968f8012246b316",
  "type": "transaction",
  "entry": [ {
    "fullUrl": "https://madie.cms.gov/Patient/2feec6c6-7250-4391-a4ee-0d5006cc70bc",
    "resource": {
      "resourceType": "Patient",
      "id": "2feec6c6-7250-4391-a4ee-0d5006cc70bc",
      "meta": {
        "profile": [ "http://hl7.org/fhir/us/qicore/StructureDefinition/qicore-patient" ]
      },
      "extension": [ {
        "url": "http://hl7.org/fhir/us/core/StructureDefinition/us-core-race",
        "extension": [ {
          "url": "ombCategory",
          "valueCoding": {
            "system": "urn:oid:2.16.840.1.113883.6.238",
            "code": "1002-5",
            "display": "American Indian or Alaska Native",
            "userSelected": true
          }
        }, {
          "url": "text",
          "valueString": "American Indian or Alaska Native"
        } ]
      }, {
        "url": "http://hl7.org/fhir/us/core/StructureDefinition/us-core-ethnicity",
        "extension": [ {
          "url": "ombCategory",
          "valueCoding": {
            "system": "urn:oid:2.16.840.1.113883.6.238",
            "code": "2135-2",
            "display": "Hispanic or Latino",
            "userSelected": true
          }
        }, {
          "url": "text",
          "valueString": "Hispanic or Latino"
        } ]
      }, {
        "url": "http://hl7.org/fhir/us/core/StructureDefinition/us-core-sex",
        "valueCode": "248152002"
      } ],
      "identifier": [ {
        "type": {
          "coding": [ {
            "system": "http://terminology.hl7.org/CodeSystem/v2-0203",
            "code": "MR"
          } ]
        },
        "system": "https://bonnie-fhir.healthit.gov/",
        "value": "62fd4b6a0968f8012246b316"
      } ],
      "name": [ {
        "family": "NUMERPass",
        "given": [ "1stof2ReferralWithConsultantReport" ]
      } ],
      "gender": "female",
      "birthDate": "1990-12-31"
    },
    "request": {
      "method": "PUT",
      "url": "Patient/2feec6c6-7250-4391-a4ee-0d5006cc70bc"
    }
  }, {
    "fullUrl": "https://madie.cms.gov/Task/383934a1-5606-4013-80fb-4c6fda0fe6e6",
    "resource": {
      "resourceType": "Task",
      "id": "383934a1-5606-4013-80fb-4c6fda0fe6e6",
      "meta": {
        "profile": [ "http://hl7.org/fhir/us/qicore/StructureDefinition/qicore-task" ]
      },
      "identifier": [ {
        "use": "official",
        "system": "http:/goodhealth.org/identifiers",
        "value": "20170201-002"
      } ],
      "basedOn": [ {
        "reference": "ServiceRequest/23dc8270-d2c5-46ef-929f-e95855e3a043"
      } ],
      "status": "failed",
      "intent": "order",
      "priority": "routine",
      "code": {
        "coding": [ {
          "system": "http://loinc.org",
          "version": "2.72",
          "code": "11488-4",
          "display": "Consult note",
          "userSelected": true
        } ]
      },
      "for": {
        "reference": "Patient/8f9f3df4-60f6-4c9a-855f-1e3fa9b30f96"
      },
      "executionPeriod": {
        "start": "2026-06-06T08:00:00.000+00:00",
        "end": "2026-06-06T08:15:00.000+00:00"
      }
    },
    "request": {
      "method": "PUT",
      "url": "Task/383934a1-5606-4013-80fb-4c6fda0fe6e6"
    }
  }, {
    "fullUrl": "https://madie.cms.gov/ServiceRequest/23dc8270-d2c5-46ef-929f-e95855e3a043",
    "resource": {
      "resourceType": "ServiceRequest",
      "id": "23dc8270-d2c5-46ef-929f-e95855e3a043",
      "meta": {
        "profile": [ "http://hl7.org/fhir/us/qicore/StructureDefinition/qicore-servicerequest" ]
      },
      "status": "active",
      "intent": "order",
      "code": {
        "coding": [ {
          "system": "http://snomed.info/sct",
          "version": "2022-03",
          "code": "103696004",
          "display": "Patient referral to specialist (procedure)",
          "userSelected": true
        } ]
      },
      "subject": {
        "reference": "Patient/8f9f3df4-60f6-4c9a-855f-1e3fa9b30f96"
      },
      "authoredOn": "2026-06-06T08:00:00.000+00:00"
    },
    "request": {
      "method": "PUT",
      "url": "ServiceRequest/23dc8270-d2c5-46ef-929f-e95855e3a043"
    }
  }, {
    "fullUrl": "https://madie.cms.gov/Task/caed143c-ae91-407b-aaff-544f708d0063",
    "resource": {
      "resourceType": "Task",
      "id": "caed143c-ae91-407b-aaff-544f708d0063",
      "meta": {
        "profile": [ "http://hl7.org/fhir/us/qicore/StructureDefinition/qicore-task" ]
      },
      "identifier": [ {
        "use": "official",
        "system": "http:/goodhealth.org/identifiers",
        "value": "20170201-002"
      } ],
      "basedOn": [ {
        "reference": "ServiceRequest/4ceb083a-b799-4421-86b3-09122cafff7f"
      } ],
      "status": "completed",
      "intent": "order",
      "priority": "routine",
      "code": {
        "coding": [ {
          "system": "http://loinc.org",
          "version": "2.72",
          "code": "11488-4",
          "display": "Consult note",
          "userSelected": true
        } ]
      },
      "for": {
        "reference": "Patient/8f9f3df4-60f6-4c9a-855f-1e3fa9b30f96"
      },
      "executionPeriod": {
        "start": "2026-06-09T08:00:00.000+00:00",
        "end": "2026-06-09T08:15:00.000+00:00"
      }
    },
    "request": {
      "method": "PUT",
      "url": "Task/caed143c-ae91-407b-aaff-544f708d0063"
    }
  }, {
    "fullUrl": "https://madie.cms.gov/ServiceRequest/4ceb083a-b799-4421-86b3-09122cafff7f",
    "resource": {
      "resourceType": "ServiceRequest",
      "id": "4ceb083a-b799-4421-86b3-09122cafff7f",
      "meta": {
        "profile": [ "http://hl7.org/fhir/us/qicore/StructureDefinition/qicore-servicerequest" ]
      },
      "status": "active",
      "intent": "order",
      "code": {
        "coding": [ {
          "system": "http://snomed.info/sct",
          "version": "2022-03",
          "code": "103696004",
          "display": "Patient referral to specialist (procedure)",
          "userSelected": true
        } ]
      },
      "subject": {
        "reference": "Patient/8f9f3df4-60f6-4c9a-855f-1e3fa9b30f96"
      },
      "authoredOn": "2026-01-09T08:00:00.000+00:00"
    },
    "request": {
      "method": "PUT",
      "url": "ServiceRequest/4ceb083a-b799-4421-86b3-09122cafff7f"
    }
  }, {
    "fullUrl": "https://madie.cms.gov/Encounter/9bd1de21-ed9e-4516-ac52-891d8ea56bdd",
    "resource": {
      "resourceType": "Encounter",
      "id": "9bd1de21-ed9e-4516-ac52-891d8ea56bdd",
      "meta": {
        "profile": [ "http://hl7.org/fhir/us/qicore/StructureDefinition/qicore-encounter" ]
      },
      "status": "finished",
      "class": {
        "system": "http://terminology.hl7.org/CodeSystem/v3-ActCode",
        "code": "AMB",
        "display": "ambulatory"
      },
      "type": [ {
        "coding": [ {
          "system": "http://snomed.info/sct",
          "version": "2022-03",
          "code": "359960003",
          "display": "Ophthalmologic examination and evaluation under general anesthesia, limited (procedure)",
          "userSelected": true
        } ]
      } ],
      "subject": {
        "reference": "Patient/8f9f3df4-60f6-4c9a-855f-1e3fa9b30f96"
      },
      "period": {
        "start": "2026-05-27T08:00:00.000+00:00",
        "end": "2026-05-27T09:15:00.000+00:00"
      }
    },
    "request": {
      "method": "PUT",
      "url": "Encounter/9bd1de21-ed9e-4516-ac52-891d8ea56bdd"
    }
  }, {
    "fullUrl": "https://madie.cms.gov/Coverage/7f9709c6-5c33-4545-a493-6b6ddade39ed",
    "resource": {
      "resourceType": "Coverage",
      "id": "7f9709c6-5c33-4545-a493-6b6ddade39ed",
      "meta": {
        "profile": [ "http://hl7.org/fhir/us/qicore/StructureDefinition/qicore-coverage" ]
      },
      "status": "active",
      "beneficiary": {
        "reference": "Patient/8f9f3df4-60f6-4c9a-855f-1e3fa9b30f96"
      },
      "payor": [ {
        "reference": "Organization/5de9a283-44d0-40f2-8ea3-36318acc1e32"
      } ]
    },
    "request": {
      "method": "PUT",
      "url": "Coverage/7f9709c6-5c33-4545-a493-6b6ddade39ed"
    }
  }, {
    "fullUrl": "https://madie.cms.gov/Organization/5de9a283-44d0-40f2-8ea3-36318acc1e32",
    "resource": {
      "resourceType": "Organization",
      "id": "5de9a283-44d0-40f2-8ea3-36318acc1e32",
      "meta": {
        "profile": [ "http://hl7.org/fhir/us/qicore/StructureDefinition/qicore-organization" ]
      },
      "identifier": [ {
        "use": "temp",
        "system": "urn:oid:2.16.840.1.113883.4.4",
        "value": "21-3259825"
      } ],
      "active": true,
      "type": [ {
        "coding": [ {
          "system": "http://terminology.hl7.org/CodeSystem/organization-type",
          "code": "pay",
          "display": "Payer"
        } ]
      } ],
      "name": "Blue Cross Blue Shield of Texas",
      "telecom": [ {
        "system": "phone",
        "value": "(+1) 972-766-6900"
      } ],
      "address": [ {
        "use": "billing",
        "type": "postal",
        "line": [ "P.O. Box 660044" ],
        "city": "Dallas",
        "state": "TX",
        "postalCode": "75266-0044",
        "country": "USA"
      } ]
    },
    "request": {
      "method": "PUT",
      "url": "Organization/5de9a283-44d0-40f2-8ea3-36318acc1e32"
    }
  }, {
    "fullUrl": "https://madie.cms.gov/Practitioner/596843d5-ce80-4cc6-b5ca-c9786944e29c",
    "resource": {
      "resourceType": "Practitioner",
      "id": "596843d5-ce80-4cc6-b5ca-c9786944e29c",
      "meta": {
        "profile": [ "http://hl7.org/fhir/us/qicore/StructureDefinition/qicore-practitioner" ]
      },
      "identifier": [ {
        "system": "http://hl7.org/fhir/sid/us-npi",
        "value": "123456"
      } ],
      "name": [ {
        "family": "Evil",
        "prefix": [ "Dr" ]
      } ]
    },
    "request": {
      "method": "PUT",
      "url": "Practitioner/596843d5-ce80-4cc6-b5ca-c9786944e29c"
    }
  }, {
    "fullUrl": "https://madie.cms.gov/MeasureReport/da870592-5478-4a0d-9216-5288a2c3b638",
    "resource": {
      "resourceType": "MeasureReport",
      "id": "da870592-5478-4a0d-9216-5288a2c3b638",
      "meta": {
        "profile": [ "http://hl7.org/fhir/us/cqfmeasures/StructureDefinition/test-case-cqfm" ]
      },
      "contained": [ {
        "resourceType": "Parameters",
        "id": "5a5a6454-ed96-4b1e-88f6-a2aabb8d56fe-parameters",
        "parameter": [ {
          "name": "subject",
          "valueString": "2feec6c6-7250-4391-a4ee-0d5006cc70bc"
        } ]
      } ],
      "extension": [ {
        "url": "http://hl7.org/fhir/StructureDefinition/cqf-inputParameters",
        "valueReference": {
          "reference": "#5a5a6454-ed96-4b1e-88f6-a2aabb8d56fe-parameters"
        }
      }, {
        "url": "http://hl7.org/fhir/us/cqfmeasures/StructureDefinition/cqfm-testCaseDescription",
        "valueMarkdown": "2 referrals. 1st one closed with an associated consultant report. 2nd referral with a consultant report with status of failed. "
      } ],
      "modifierExtension": [ {
        "url": "http://hl7.org/fhir/us/cqfmeasures/StructureDefinition/cqfm-isTestCase",
        "valueBoolean": true
      } ],
      "status": "complete",
      "type": "individual",
      "measure": "https://madie.cms.gov/Measure/CMS50FHIRCRLReceiptofSpecialistReport",
      "period": {
        "start": "2026-01-01",
        "end": "2026-12-31"
      },
      "group": [ {
        "id": "Group_1",
        "population": [ {
          "id": "InitialPopulation_1",
          "code": {
            "coding": [ {
              "system": "http://terminology.hl7.org/CodeSystem/measure-population",
              "code": "initial-population",
              "display": "Initial Population"
            } ]
          },
          "count": 1
        }, {
          "id": "Denominator_1",
          "code": {
            "coding": [ {
              "system": "http://terminology.hl7.org/CodeSystem/measure-population",
              "code": "denominator",
              "display": "Denominator"
            } ]
          },
          "count": 1
        }, {
          "id": "Numerator_1",
          "code": {
            "coding": [ {
              "system": "http://terminology.hl7.org/CodeSystem/measure-population",
              "code": "numerator",
              "display": "Numerator"
            } ]
          },
          "count": 1
        } ],
        "measureScore": {
          "value": 1.0
        }
      } ],
      "evaluatedResource": [ {
        "reference": "Patient/2feec6c6-7250-4391-a4ee-0d5006cc70bc"
      }, {
        "reference": "Task/383934a1-5606-4013-80fb-4c6fda0fe6e6"
      }, {
        "reference": "ServiceRequest/23dc8270-d2c5-46ef-929f-e95855e3a043"
      }, {
        "reference": "Task/caed143c-ae91-407b-aaff-544f708d0063"
      }, {
        "reference": "ServiceRequest/4ceb083a-b799-4421-86b3-09122cafff7f"
      }, {
        "reference": "Encounter/9bd1de21-ed9e-4516-ac52-891d8ea56bdd"
      }, {
        "reference": "Coverage/7f9709c6-5c33-4545-a493-6b6ddade39ed"
      }, {
        "reference": "Organization/5de9a283-44d0-40f2-8ea3-36318acc1e32"
      }, {
        "reference": "Practitioner/596843d5-ce80-4cc6-b5ca-c9786944e29c"
      } ]
    },
    "request": {
      "method": "PUT",
      "url": "MeasureReport/da870592-5478-4a0d-9216-5288a2c3b638"
    }
  } ]
}