{
  "resourceType": "Bundle",
  "id": "IPFail-19wTHAProcOct31PostOpVisJan1",
  "type": "transaction",
  "entry": [ {
    "fullUrl": "https://madie.cms.gov/Patient/e2926122-769e-4e3c-95a1-abc741ef3dd6",
    "resource": {
      "resourceType": "Patient",
      "id": "e2926122-769e-4e3c-95a1-abc741ef3dd6",
      "meta": {
        "profile": [ "http://hl7.org/fhir/us/qicore/StructureDefinition/qicore-patient" ]
      },
      "extension": [ {
        "url": "http://hl7.org/fhir/us/core/StructureDefinition/us-core-race",
        "extension": [ {
          "url": "ombCategory",
          "valueCoding": {
            "system": "urn:oid:2.16.840.1.113883.6.238",
            "code": "2028-9",
            "display": "Asian"
          }
        }, {
          "url": "text",
          "valueString": "Asian"
        } ]
      }, {
        "url": "http://hl7.org/fhir/us/core/StructureDefinition/us-core-ethnicity",
        "extension": [ {
          "url": "ombCategory",
          "valueCoding": {
            "system": "urn:oid:2.16.840.1.113883.6.238",
            "code": "2135-2",
            "display": "Hispanic or Latino"
          }
        }, {
          "url": "text",
          "valueString": "Hispanic or Latino"
        } ]
      } ],
      "identifier": [ {
        "system": "http://hospital.smarthealthit.org",
        "value": "999999995"
      } ],
      "name": [ {
        "family": "Bertha",
        "given": [ "Betty" ]
      } ],
      "gender": "female",
      "birthDate": "2007-01-01"
    },
    "request": {
      "method": "PUT",
      "url": "Patient/e2926122-769e-4e3c-95a1-abc741ef3dd6"
    }
  }, {
    "fullUrl": "https://madie.cms.gov/Procedure/05bb043b-084c-4485-a259-ae7413a4f0f7",
    "resource": {
      "resourceType": "Procedure",
      "id": "05bb043b-084c-4485-a259-ae7413a4f0f7",
      "meta": {
        "profile": [ "http://hl7.org/fhir/us/qicore/StructureDefinition/qicore-procedure" ]
      },
      "extension": [ {
        "url": "http://hl7.org/fhir/us/qicore/StructureDefinition/qicore-recorded",
        "valueDateTime": "2024-11-01T00:00:00.000Z"
      } ],
      "status": "completed",
      "code": {
        "coding": [ {
          "system": "http://www.cms.gov/Medicare/Coding/ICD10",
          "code": "0SR9019",
          "display": "Replacement of Right Hip Joint with Metal Synthetic Substitute, Cemented, Open Approach"
        } ]
      },
      "subject": {
        "reference": "Patient/e2926122-769e-4e3c-95a1-abc741ef3dd6"
      },
      "performedPeriod": {
        "start": "2025-10-31T00:00:00.000Z",
        "end": "2025-10-31T01:00:00.000Z"
      }
    },
    "request": {
      "method": "PUT",
      "url": "Procedure/05bb043b-084c-4485-a259-ae7413a4f0f7"
    }
  }, {
    "fullUrl": "https://madie.cms.gov/Encounter/dcf4760d-f194-413f-adc2-5502591fc11c",
    "resource": {
      "resourceType": "Encounter",
      "id": "dcf4760d-f194-413f-adc2-5502591fc11c",
      "meta": {
        "profile": [ "http://hl7.org/fhir/us/qicore/StructureDefinition/qicore-encounter" ]
      },
      "status": "finished",
      "class": {
        "system": "http://terminology.hl7.org/CodeSystem/v3-ActCode",
        "code": "AMB",
        "display": "ambulatory"
      },
      "type": [ {
        "coding": [ {
          "system": "http://www.ama-assn.org/go/cpt",
          "code": "99024",
          "display": "Postoperative follow-up visit, normally included in the surgical package, to indicate that an evaluation and management service was performed during a postoperative period for a reason(s) related to the original procedure"
        } ]
      } ],
      "subject": {
        "reference": "Patient/e2926122-769e-4e3c-95a1-abc741ef3dd6"
      },
      "period": {
        "start": "2027-01-01T00:00:00.000Z",
        "end": "2027-01-01T00:00:00.000Z"
      }
    },
    "request": {
      "method": "PUT",
      "url": "Encounter/dcf4760d-f194-413f-adc2-5502591fc11c"
    }
  }, {
    "fullUrl": "https://madie.cms.gov/MeasureReport/c79dcbef-78ea-4b0b-858b-62fa317f140a",
    "resource": {
      "resourceType": "MeasureReport",
      "id": "c79dcbef-78ea-4b0b-858b-62fa317f140a",
      "meta": {
        "profile": [ "http://hl7.org/fhir/us/cqfmeasures/StructureDefinition/test-case-cqfm" ]
      },
      "contained": [ {
        "resourceType": "Parameters",
        "id": "339dde73-f90a-49e9-a6b1-63e42ef14c65-parameters",
        "parameter": [ {
          "name": "subject",
          "valueString": "e2926122-769e-4e3c-95a1-abc741ef3dd6"
        } ]
      } ],
      "extension": [ {
        "url": "http://hl7.org/fhir/StructureDefinition/cqf-inputParameters",
        "valueReference": {
          "reference": "#339dde73-f90a-49e9-a6b1-63e42ef14c65-parameters"
        }
      }, {
        "url": "http://hl7.org/fhir/us/cqfmeasures/StructureDefinition/cqfm-testCaseDescription",
        "valueMarkdown": "Patient 19yo w/ a THA Procedure 10/31 during THAProcedure Interval & Post Op Visit Outpatient Encounter on 1/1 after Qualifying Encounter Interval"
      } ],
      "modifierExtension": [ {
        "url": "http://hl7.org/fhir/us/cqfmeasures/StructureDefinition/cqfm-isTestCase",
        "valueBoolean": true
      } ],
      "status": "complete",
      "type": "individual",
      "measure": "https://madie.cms.gov/Measure/CMS56FHIRFunctionalStatusAssessmentforTotalHipReplacement",
      "period": {
        "start": "2026-01-01",
        "end": "2026-12-31"
      },
      "group": [ {
        "id": "Group_1",
        "population": [ {
          "id": "InitialPopulation_1",
          "code": {
            "coding": [ {
              "system": "http://terminology.hl7.org/CodeSystem/measure-population",
              "code": "initial-population",
              "display": "Initial Population"
            } ]
          },
          "count": 0
        }, {
          "id": "Denominator_1",
          "code": {
            "coding": [ {
              "system": "http://terminology.hl7.org/CodeSystem/measure-population",
              "code": "denominator",
              "display": "Denominator"
            } ]
          },
          "count": 0
        }, {
          "id": "DenominatorExclusion_1",
          "code": {
            "coding": [ {
              "system": "http://terminology.hl7.org/CodeSystem/measure-population",
              "code": "denominator-exclusion",
              "display": "Denominator Exclusion"
            } ]
          },
          "count": 0
        }, {
          "id": "Numerator_1",
          "code": {
            "coding": [ {
              "system": "http://terminology.hl7.org/CodeSystem/measure-population",
              "code": "numerator",
              "display": "Numerator"
            } ]
          },
          "count": 0
        } ],
        "measureScore": {
          "value": 1.0
        }
      } ],
      "evaluatedResource": [ {
        "reference": "Patient/e2926122-769e-4e3c-95a1-abc741ef3dd6"
      }, {
        "reference": "Procedure/05bb043b-084c-4485-a259-ae7413a4f0f7"
      }, {
        "reference": "Encounter/dcf4760d-f194-413f-adc2-5502591fc11c"
      } ]
    },
    "request": {
      "method": "PUT",
      "url": "MeasureReport/c79dcbef-78ea-4b0b-858b-62fa317f140a"
    }
  } ]
}