{
  "resourceType": "Bundle",
  "id": "630307cb0968f80122478458",
  "type": "transaction",
  "entry": [ {
    "fullUrl": "https://madie.cms.gov/Patient/5aeeabf3-8f62-4042-abda-99746f34f664",
    "resource": {
      "resourceType": "Patient",
      "id": "5aeeabf3-8f62-4042-abda-99746f34f664",
      "meta": {
        "profile": [ "http://hl7.org/fhir/us/qicore/StructureDefinition/qicore-patient" ]
      },
      "extension": [ {
        "url": "http://hl7.org/fhir/us/core/StructureDefinition/us-core-race",
        "extension": [ {
          "url": "ombCategory",
          "valueCoding": {
            "system": "urn:oid:2.16.840.1.113883.6.238",
            "code": "2106-3",
            "display": "White"
          }
        }, {
          "url": "text",
          "valueString": "White"
        } ]
      }, {
        "url": "http://hl7.org/fhir/us/core/StructureDefinition/us-core-ethnicity",
        "extension": [ {
          "url": "ombCategory",
          "valueCoding": {
            "system": "urn:oid:2.16.840.1.113883.6.238",
            "code": "2186-5",
            "display": "Not Hispanic or Latino"
          }
        }, {
          "url": "text",
          "valueString": "Not Hispanic or Latino"
        } ]
      } ],
      "identifier": [ {
        "type": {
          "coding": [ {
            "system": "http://terminology.hl7.org/CodeSystem/v2-0203",
            "code": "MR"
          } ]
        },
        "system": "https://bonnie-fhir.healthit.gov/",
        "value": "630307cb0968f80122478458"
      } ],
      "name": [ {
        "family": "NUMERPopMultiStrat1Pass",
        "given": [ "FUAssessment12MonthsAfterInitial" ]
      } ],
      "gender": "female",
      "birthDate": "2011-01-01"
    },
    "request": {
      "method": "PUT",
      "url": "Patient/5aeeabf3-8f62-4042-abda-99746f34f664"
    }
  }, {
    "fullUrl": "https://madie.cms.gov/Encounter/715c7c96-cd25-4137-960d-7448a1cc0a9d",
    "resource": {
      "resourceType": "Encounter",
      "id": "715c7c96-cd25-4137-960d-7448a1cc0a9d",
      "meta": {
        "profile": [ "http://hl7.org/fhir/us/qicore/StructureDefinition/qicore-encounter" ]
      },
      "status": "finished",
      "class": {
        "system": "http://terminology.hl7.org/CodeSystem/v3-ActCode",
        "code": "AMB",
        "display": "ambulatory"
      },
      "type": [ {
        "coding": [ {
          "system": "http://www.ama-assn.org/go/cpt",
          "version": "2024",
          "code": "90791"
        } ]
      } ],
      "subject": {
        "reference": "Patient/5aeeabf3-8f62-4042-abda-99746f34f664"
      },
      "period": {
        "start": "2025-02-25T14:30:00+00:00",
        "end": "2025-02-25T14:50:00+00:00"
      },
      "length": {
        "value": 0,
        "unit": "days"
      }
    },
    "request": {
      "method": "PUT",
      "url": "Encounter/715c7c96-cd25-4137-960d-7448a1cc0a9d"
    }
  }, {
    "fullUrl": "https://madie.cms.gov/Observation/2ab578bf-c5e8-491b-977c-4b6cebde89c2",
    "resource": {
      "resourceType": "Observation",
      "id": "2ab578bf-c5e8-491b-977c-4b6cebde89c2",
      "meta": {
        "profile": [ "http://hl7.org/fhir/us/qicore/StructureDefinition/qicore-observation-screening-assessment" ]
      },
      "status": "final",
      "category": [ {
        "coding": [ {
          "system": "http://terminology.hl7.org/CodeSystem/observation-category",
          "code": "survey",
          "display": "Survey"
        } ]
      } ],
      "code": {
        "coding": [ {
          "system": "http://loinc.org",
          "version": "2.76",
          "code": "44261-6"
        } ]
      },
      "subject": {
        "reference": "Patient/5aeeabf3-8f62-4042-abda-99746f34f664"
      },
      "effectiveDateTime": "2025-02-25T14:35:00+00:00",
      "valueInteger": 10
    },
    "request": {
      "method": "PUT",
      "url": "Observation/2ab578bf-c5e8-491b-977c-4b6cebde89c2"
    }
  }, {
    "fullUrl": "https://madie.cms.gov/Observation/261fbd38-ee8e-4e43-9555-8c663e2487c7",
    "resource": {
      "resourceType": "Observation",
      "id": "261fbd38-ee8e-4e43-9555-8c663e2487c7",
      "meta": {
        "profile": [ "http://hl7.org/fhir/us/qicore/StructureDefinition/qicore-observation-screening-assessment" ]
      },
      "status": "final",
      "category": [ {
        "coding": [ {
          "system": "http://terminology.hl7.org/CodeSystem/observation-category",
          "code": "survey",
          "display": "Survey"
        } ]
      } ],
      "code": {
        "coding": [ {
          "system": "http://loinc.org",
          "version": "2.76",
          "code": "44261-6"
        } ]
      },
      "subject": {
        "reference": "Patient/5aeeabf3-8f62-4042-abda-99746f34f664"
      },
      "effectiveDateTime": "2026-02-19T14:30:00+00:00",
      "valueInteger": 3
    },
    "request": {
      "method": "PUT",
      "url": "Observation/261fbd38-ee8e-4e43-9555-8c663e2487c7"
    }
  }, {
    "fullUrl": "https://madie.cms.gov/Coverage/04c567a6-5600-4a1f-bc7d-e18ab2f5781e",
    "resource": {
      "resourceType": "Coverage",
      "id": "04c567a6-5600-4a1f-bc7d-e18ab2f5781e",
      "meta": {
        "profile": [ "http://hl7.org/fhir/us/qicore/StructureDefinition/qicore-coverage" ]
      },
      "status": "active",
      "beneficiary": {
        "reference": "Patient/5aeeabf3-8f62-4042-abda-99746f34f664"
      },
      "payor": [ {
        "reference": "Organization/123456"
      } ]
    },
    "request": {
      "method": "PUT",
      "url": "Coverage/04c567a6-5600-4a1f-bc7d-e18ab2f5781e"
    }
  }, {
    "fullUrl": "https://madie.cms.gov/Condition/ca19e287-2dce-4847-9944-26fcd08547be",
    "resource": {
      "resourceType": "Condition",
      "id": "ca19e287-2dce-4847-9944-26fcd08547be",
      "meta": {
        "profile": [ "http://hl7.org/fhir/us/qicore/StructureDefinition/qicore-condition-encounter-diagnosis" ]
      },
      "clinicalStatus": {
        "coding": [ {
          "system": "http://terminology.hl7.org/CodeSystem/condition-clinical",
          "code": "active",
          "display": "active"
        } ]
      },
      "verificationStatus": {
        "coding": [ {
          "system": "http://terminology.hl7.org/CodeSystem/condition-ver-status",
          "code": "confirmed"
        } ]
      },
      "category": [ {
        "coding": [ {
          "system": "http://terminology.hl7.org/CodeSystem/condition-category",
          "code": "encounter-diagnosis",
          "display": "Encounter Diagnosis"
        } ]
      } ],
      "code": {
        "coding": [ {
          "system": "http://hl7.org/fhir/sid/icd-10-cm",
          "version": "2024",
          "code": "F32.9"
        } ]
      },
      "subject": {
        "reference": "Patient/5aeeabf3-8f62-4042-abda-99746f34f664"
      },
      "onsetDateTime": "2025-02-25T14:35:00+00:00"
    },
    "request": {
      "method": "PUT",
      "url": "Condition/ca19e287-2dce-4847-9944-26fcd08547be"
    }
  }, {
    "fullUrl": "https://madie.cms.gov/MeasureReport/44d0f9e3-05de-4506-bccb-bfd3ecdd4d84",
    "resource": {
      "resourceType": "MeasureReport",
      "id": "44d0f9e3-05de-4506-bccb-bfd3ecdd4d84",
      "meta": {
        "profile": [ "http://hl7.org/fhir/us/cqfmeasures/StructureDefinition/test-case-cqfm" ]
      },
      "contained": [ {
        "resourceType": "Parameters",
        "id": "7b2b8dff-9f31-466c-917c-44071871e3af-parameters",
        "parameter": [ {
          "name": "subject",
          "valueString": "5aeeabf3-8f62-4042-abda-99746f34f664"
        } ]
      } ],
      "extension": [ {
        "url": "http://hl7.org/fhir/StructureDefinition/cqf-inputParameters",
        "valueReference": {
          "reference": "#7b2b8dff-9f31-466c-917c-44071871e3af-parameters"
        }
      }, {
        "url": "http://hl7.org/fhir/us/cqfmeasures/StructureDefinition/cqfm-testCaseDescription",
        "valueMarkdown": "Patient is 12 years old and has a Major Depression encounter condition diagnosis, an encounter with PHQ-9>9 during Denom ID period, and a PHQ-9<5 during MAP. Patient passes num and falls into strat 1. "
      } ],
      "modifierExtension": [ {
        "url": "http://hl7.org/fhir/us/cqfmeasures/StructureDefinition/cqfm-isTestCase",
        "valueBoolean": true
      } ],
      "status": "complete",
      "type": "individual",
      "measure": "https://madie.cms.gov/Measure/CMS159FHIRDepressionRemissionatTwelveMonths",
      "period": {
        "start": "2026-01-01",
        "end": "2026-12-31"
      },
      "group": [ {
        "id": "Group_1",
        "population": [ {
          "id": "InitialPopulation_1",
          "code": {
            "coding": [ {
              "system": "http://terminology.hl7.org/CodeSystem/measure-population",
              "code": "initial-population",
              "display": "Initial Population"
            } ]
          },
          "count": 1
        }, {
          "id": "Denominator_1",
          "code": {
            "coding": [ {
              "system": "http://terminology.hl7.org/CodeSystem/measure-population",
              "code": "denominator",
              "display": "Denominator"
            } ]
          },
          "count": 1
        }, {
          "id": "DenominatorExclusion_1",
          "code": {
            "coding": [ {
              "system": "http://terminology.hl7.org/CodeSystem/measure-population",
              "code": "denominator-exclusion",
              "display": "Denominator Exclusion"
            } ]
          },
          "count": 0
        }, {
          "id": "Numerator_1",
          "code": {
            "coding": [ {
              "system": "http://terminology.hl7.org/CodeSystem/measure-population",
              "code": "numerator",
              "display": "Numerator"
            } ]
          },
          "count": 1
        } ],
        "measureScore": {
          "value": 1.0
        }
      } ],
      "evaluatedResource": [ {
        "reference": "Patient/5aeeabf3-8f62-4042-abda-99746f34f664"
      }, {
        "reference": "Encounter/715c7c96-cd25-4137-960d-7448a1cc0a9d"
      }, {
        "reference": "Observation/2ab578bf-c5e8-491b-977c-4b6cebde89c2"
      }, {
        "reference": "Observation/261fbd38-ee8e-4e43-9555-8c663e2487c7"
      }, {
        "reference": "Coverage/04c567a6-5600-4a1f-bc7d-e18ab2f5781e"
      }, {
        "reference": "Condition/ca19e287-2dce-4847-9944-26fcd08547be"
      } ]
    },
    "request": {
      "method": "PUT",
      "url": "MeasureReport/44d0f9e3-05de-4506-bccb-bfd3ecdd4d84"
    }
  } ]
}