{
  "resourceType": "Bundle",
  "id": "62ec3235ea03a4ebacd6a08a",
  "type": "transaction",
  "entry": [ {
    "fullUrl": "https://madie.cms.gov/Patient/9ada2736-229a-40d4-b026-2bdec85c6d02",
    "resource": {
      "resourceType": "Patient",
      "id": "9ada2736-229a-40d4-b026-2bdec85c6d02",
      "meta": {
        "profile": [ "http://hl7.org/fhir/us/qicore/StructureDefinition/qicore-patient" ]
      },
      "extension": [ {
        "url": "http://hl7.org/fhir/us/core/StructureDefinition/us-core-race",
        "extension": [ {
          "url": "ombCategory",
          "valueCoding": {
            "system": "urn:oid:2.16.840.1.113883.6.238",
            "code": "1002-5",
            "display": "American Indian or Alaska Native",
            "userSelected": true
          }
        }, {
          "url": "text",
          "valueString": "American Indian or Alaska Native"
        }, {
          "url": "detailed",
          "valueCoding": {
            "system": "urn:oid:2.16.840.1.113883.6.238",
            "code": "1653-5",
            "display": "Tohono O'Odham"
          }
        } ]
      }, {
        "url": "http://hl7.org/fhir/us/core/StructureDefinition/us-core-ethnicity",
        "extension": [ {
          "url": "ombCategory",
          "valueCoding": {
            "system": "urn:oid:2.16.840.1.113883.6.238",
            "code": "2135-2",
            "display": "Hispanic or Latino",
            "userSelected": true
          }
        }, {
          "url": "text",
          "valueString": "Hispanic or Latino"
        }, {
          "url": "detailed",
          "valueCoding": {
            "system": "urn:oid:2.16.840.1.113883.6.238",
            "code": "2153-5",
            "display": "Mexican American Indian"
          }
        } ]
      } ],
      "identifier": [ {
        "type": {
          "coding": [ {
            "system": "http://terminology.hl7.org/CodeSystem/v2-0203",
            "code": "MR"
          } ]
        },
        "system": "https://bonnie-fhir.healthit.gov/",
        "value": "62ec3235ea03a4ebacd6a08a"
      } ],
      "name": [ {
        "family": "NumerPass",
        "given": [ "Enc1stDayMPAt0000" ]
      } ],
      "gender": "unknown",
      "birthDate": "2008-01-01"
    },
    "request": {
      "method": "PUT",
      "url": "Patient/9ada2736-229a-40d4-b026-2bdec85c6d02"
    }
  }, {
    "fullUrl": "https://madie.cms.gov/Encounter/3ac4e6e4-c97c-4758-8861-bf2a647d8dd3",
    "resource": {
      "resourceType": "Encounter",
      "id": "3ac4e6e4-c97c-4758-8861-bf2a647d8dd3",
      "meta": {
        "profile": [ "http://hl7.org/fhir/us/qicore/StructureDefinition/qicore-encounter" ]
      },
      "status": "finished",
      "class": {
        "system": "http://terminology.hl7.org/CodeSystem/v3-ActCode",
        "code": "AMB",
        "display": "ambulatory"
      },
      "type": [ {
        "coding": [ {
          "system": "http://snomed.info/sct",
          "version": "2022-03",
          "code": "10197000",
          "display": "Psychiatric interview and evaluation (procedure)",
          "userSelected": true
        } ]
      } ],
      "subject": {
        "reference": "Patient/9ada2736-229a-40d4-b026-2bdec85c6d02"
      },
      "period": {
        "start": "2026-01-01T00:00:00.000+00:00",
        "end": "2026-08-04T08:15:00.000+00:00"
      }
    },
    "request": {
      "method": "PUT",
      "url": "Encounter/3ac4e6e4-c97c-4758-8861-bf2a647d8dd3"
    }
  }, {
    "fullUrl": "https://madie.cms.gov/Procedure/10273d3b-659e-4f41-8a5b-dac9be68379e",
    "resource": {
      "resourceType": "Procedure",
      "id": "10273d3b-659e-4f41-8a5b-dac9be68379e",
      "meta": {
        "profile": [ "http://hl7.org/fhir/us/qicore/StructureDefinition/qicore-procedure" ]
      },
      "extension": [ {
        "url": "http://hl7.org/fhir/us/qicore/StructureDefinition/qicore-recorded",
        "valueDateTime": "2025-02-01T09:00:00.000+00:00"
      } ],
      "status": "completed",
      "code": {
        "coding": [ {
          "system": "http://snomed.info/sct",
          "code": "428191000124101",
          "display": "Documentation of current medications (procedure)",
          "userSelected": true
        } ]
      },
      "subject": {
        "reference": "Patient/9ada2736-229a-40d4-b026-2bdec85c6d02"
      },
      "performedDateTime": "2026-01-01T08:10:00.000+00:00"
    },
    "request": {
      "method": "PUT",
      "url": "Procedure/10273d3b-659e-4f41-8a5b-dac9be68379e"
    }
  }, {
    "fullUrl": "https://madie.cms.gov/Coverage/f9cdf7f0-1a60-41c6-a29a-12c459826a4e",
    "resource": {
      "resourceType": "Coverage",
      "id": "f9cdf7f0-1a60-41c6-a29a-12c459826a4e",
      "meta": {
        "profile": [ "http://hl7.org/fhir/us/qicore/StructureDefinition/qicore-coverage" ]
      },
      "status": "active",
      "type": {
        "coding": [ {
          "system": "https://nahdo.org/sopt",
          "code": "1",
          "display": "MEDICARE"
        } ]
      },
      "beneficiary": {
        "reference": "Patient/9ada2736-229a-40d4-b026-2bdec85c6d02"
      },
      "period": {
        "start": "2025-12-01T00:00:00+00:00"
      },
      "payor": [ {
        "reference": "Organization/731d0e08-3a55-4826-958f-4c0bec11e2e1"
      } ]
    },
    "request": {
      "method": "PUT",
      "url": "Coverage/f9cdf7f0-1a60-41c6-a29a-12c459826a4e"
    }
  }, {
    "fullUrl": "https://madie.cms.gov/Organization/731d0e08-3a55-4826-958f-4c0bec11e2e1",
    "resource": {
      "resourceType": "Organization",
      "id": "731d0e08-3a55-4826-958f-4c0bec11e2e1",
      "meta": {
        "profile": [ "http://hl7.org/fhir/us/qicore/StructureDefinition/qicore-organization" ]
      },
      "identifier": [ {
        "use": "temp",
        "system": "urn:oid:2.16.840.1.113883.4.4",
        "value": "21-3259825"
      } ],
      "active": true,
      "type": [ {
        "coding": [ {
          "system": "http://terminology.hl7.org/CodeSystem/organization-type",
          "code": "pay",
          "display": "Payer"
        } ]
      } ],
      "name": "Blue Cross Blue Shield of Texas",
      "telecom": [ {
        "system": "phone",
        "value": "(+1) 972-766-6900"
      } ],
      "address": [ {
        "use": "billing",
        "type": "postal",
        "line": [ "P.O. Box 660044" ],
        "city": "Dallas",
        "state": "TX",
        "postalCode": "75266-0044",
        "country": "USA"
      } ]
    },
    "request": {
      "method": "PUT",
      "url": "Organization/731d0e08-3a55-4826-958f-4c0bec11e2e1"
    }
  }, {
    "fullUrl": "https://madie.cms.gov/Practitioner/4d47d65d-c984-4b7c-a87d-544ea73250f9",
    "resource": {
      "resourceType": "Practitioner",
      "id": "4d47d65d-c984-4b7c-a87d-544ea73250f9",
      "meta": {
        "profile": [ "http://hl7.org/fhir/us/qicore/StructureDefinition/qicore-practitioner" ]
      },
      "identifier": [ {
        "system": "http://hl7.org/fhir/sid/us-npi",
        "value": "123456"
      } ],
      "name": [ {
        "family": "Evil",
        "prefix": [ "Dr" ]
      } ]
    },
    "request": {
      "method": "PUT",
      "url": "Practitioner/4d47d65d-c984-4b7c-a87d-544ea73250f9"
    }
  }, {
    "fullUrl": "https://madie.cms.gov/MeasureReport/918fc212-424c-4f68-bd9c-6ac7d3054726",
    "resource": {
      "resourceType": "MeasureReport",
      "id": "918fc212-424c-4f68-bd9c-6ac7d3054726",
      "meta": {
        "profile": [ "http://hl7.org/fhir/us/cqfmeasures/StructureDefinition/test-case-cqfm" ]
      },
      "contained": [ {
        "resourceType": "Parameters",
        "id": "ded99021-f887-459f-88af-6b60dd571279-parameters",
        "parameter": [ {
          "name": "subject",
          "valueString": "9ada2736-229a-40d4-b026-2bdec85c6d02"
        } ]
      } ],
      "extension": [ {
        "url": "http://hl7.org/fhir/StructureDefinition/cqf-inputParameters",
        "valueReference": {
          "reference": "#ded99021-f887-459f-88af-6b60dd571279-parameters"
        }
      }, {
        "url": "http://hl7.org/fhir/us/cqfmeasures/StructureDefinition/cqfm-testCaseDescription",
        "valueMarkdown": "Qualifying encounter on the first day of the measurement period with time of 0000."
      } ],
      "modifierExtension": [ {
        "url": "http://hl7.org/fhir/us/cqfmeasures/StructureDefinition/cqfm-isTestCase",
        "valueBoolean": true
      } ],
      "status": "complete",
      "type": "individual",
      "measure": "https://madie.cms.gov/Measure/CMS68FHIRDocumentationofCurrentMedications",
      "period": {
        "start": "2026-01-01",
        "end": "2026-12-31"
      },
      "group": [ {
        "id": "Group_1",
        "population": [ {
          "id": "InitialPopulation_1",
          "code": {
            "coding": [ {
              "system": "http://terminology.hl7.org/CodeSystem/measure-population",
              "code": "initial-population",
              "display": "Initial Population"
            } ]
          },
          "count": 1
        }, {
          "id": "Denominator_1",
          "code": {
            "coding": [ {
              "system": "http://terminology.hl7.org/CodeSystem/measure-population",
              "code": "denominator",
              "display": "Denominator"
            } ]
          },
          "count": 1
        }, {
          "id": "Numerator_1",
          "code": {
            "coding": [ {
              "system": "http://terminology.hl7.org/CodeSystem/measure-population",
              "code": "numerator",
              "display": "Numerator"
            } ]
          },
          "count": 1
        }, {
          "id": "DenominatorException_1",
          "code": {
            "coding": [ {
              "system": "http://terminology.hl7.org/CodeSystem/measure-population",
              "code": "denominator-exception",
              "display": "Denominator Exception"
            } ]
          },
          "count": 0
        } ],
        "measureScore": {
          "value": 0.0
        }
      } ],
      "evaluatedResource": [ {
        "reference": "Patient/9ada2736-229a-40d4-b026-2bdec85c6d02"
      }, {
        "reference": "Encounter/3ac4e6e4-c97c-4758-8861-bf2a647d8dd3"
      }, {
        "reference": "Procedure/10273d3b-659e-4f41-8a5b-dac9be68379e"
      }, {
        "reference": "Coverage/f9cdf7f0-1a60-41c6-a29a-12c459826a4e"
      }, {
        "reference": "Organization/731d0e08-3a55-4826-958f-4c0bec11e2e1"
      }, {
        "reference": "Practitioner/4d47d65d-c984-4b7c-a87d-544ea73250f9"
      } ]
    },
    "request": {
      "method": "PUT",
      "url": "MeasureReport/918fc212-424c-4f68-bd9c-6ac7d3054726"
    }
  } ]
}