{
  "resourceType": "Bundle",
  "id": "41646168494351631",
  "type": "transaction",
  "entry": [ {
    "fullUrl": "https://madie.cms.gov/Patient/10f0286c-3542-47dd-80af-4dffc2d8c25b",
    "resource": {
      "resourceType": "Patient",
      "id": "10f0286c-3542-47dd-80af-4dffc2d8c25b",
      "meta": {
        "profile": [ "http://hl7.org/fhir/us/qicore/StructureDefinition/qicore-patient" ]
      },
      "extension": [ {
        "url": "http://hl7.org/fhir/us/core/StructureDefinition/us-core-race",
        "extension": [ {
          "url": "ombCategory",
          "valueCoding": {
            "system": "urn:oid:2.16.840.1.113883.6.238",
            "code": "1002-5",
            "display": "American Indian or Alaska Native"
          }
        }, {
          "url": "text",
          "valueString": "American Indian or Alaska Native"
        } ]
      }, {
        "url": "http://hl7.org/fhir/us/core/StructureDefinition/us-core-ethnicity",
        "extension": [ {
          "url": "ombCategory",
          "valueCoding": {
            "system": "urn:oid:2.16.840.1.113883.6.238",
            "code": "2135-2",
            "display": "Hispanic or Latino"
          }
        }, {
          "url": "text",
          "valueString": "Hispanic or Latino"
        } ]
      } ],
      "identifier": [ {
        "type": {
          "coding": [ {
            "system": "http://terminology.hl7.org/CodeSystem/v2-0203",
            "code": "MR"
          } ]
        },
        "system": "https://bonnie-fhir.healthit.gov/",
        "value": "459646516330"
      } ],
      "name": [ {
        "family": "NUMERPass",
        "given": [ "ACEARBOrderedDuringEnc" ]
      } ],
      "gender": "male",
      "birthDate": "1982-01-01"
    },
    "request": {
      "method": "PUT",
      "url": "Patient/10f0286c-3542-47dd-80af-4dffc2d8c25b"
    }
  }, {
    "fullUrl": "https://madie.cms.gov/Encounter/ed0935ea-abb5-4e51-bd89-51ee18726e92",
    "resource": {
      "resourceType": "Encounter",
      "id": "ed0935ea-abb5-4e51-bd89-51ee18726e92",
      "meta": {
        "profile": [ "http://hl7.org/fhir/us/qicore/StructureDefinition/qicore-encounter" ]
      },
      "status": "finished",
      "class": {
        "system": "http://terminology.hl7.org/CodeSystem/v3-ActCode",
        "code": "AMB",
        "display": "ambulatory"
      },
      "type": [ {
        "coding": [ {
          "system": "http://snomed.info/sct",
          "version": "http://snomed.info/sct/731000124108/version/20240301",
          "code": "185463005",
          "display": "Visit out of hours (procedure)"
        } ]
      } ],
      "subject": {
        "reference": "Patient/10f0286c-3542-47dd-80af-4dffc2d8c25b"
      },
      "period": {
        "start": "2026-02-03T08:00:00.000+00:00",
        "end": "2026-02-03T08:15:00.000+00:00"
      }
    },
    "request": {
      "method": "PUT",
      "url": "Encounter/ed0935ea-abb5-4e51-bd89-51ee18726e92"
    }
  }, {
    "fullUrl": "https://madie.cms.gov/Encounter/c3f4d077-dce4-4d58-a329-f2b85ea42da1",
    "resource": {
      "resourceType": "Encounter",
      "id": "c3f4d077-dce4-4d58-a329-f2b85ea42da1",
      "meta": {
        "profile": [ "http://hl7.org/fhir/us/qicore/StructureDefinition/qicore-encounter" ]
      },
      "status": "finished",
      "class": {
        "system": "http://terminology.hl7.org/CodeSystem/v3-ActCode",
        "code": "AMB",
        "display": "ambulatory"
      },
      "type": [ {
        "coding": [ {
          "system": "http://snomed.info/sct",
          "version": "http://snomed.info/sct/731000124108/version/20240301",
          "code": "185463005",
          "display": "Visit out of hours (procedure)"
        } ]
      } ],
      "subject": {
        "reference": "Patient/10f0286c-3542-47dd-80af-4dffc2d8c25b"
      },
      "period": {
        "start": "2026-03-01T08:00:00.000+00:00",
        "end": "2026-03-01T08:15:00.000+00:00"
      }
    },
    "request": {
      "method": "PUT",
      "url": "Encounter/c3f4d077-dce4-4d58-a329-f2b85ea42da1"
    }
  }, {
    "fullUrl": "https://madie.cms.gov/Condition/b6870481-e983-4cd3-bd03-bf7cf2065a4a",
    "resource": {
      "resourceType": "Condition",
      "id": "b6870481-e983-4cd3-bd03-bf7cf2065a4a",
      "meta": {
        "profile": [ "http://hl7.org/fhir/us/qicore/StructureDefinition/qicore-condition-problems-health-concerns" ]
      },
      "clinicalStatus": {
        "coding": [ {
          "system": "http://terminology.hl7.org/CodeSystem/condition-clinical",
          "code": "active",
          "display": "Active"
        } ]
      },
      "verificationStatus": {
        "coding": [ {
          "system": "http://terminology.hl7.org/CodeSystem/condition-ver-status",
          "code": "confirmed",
          "display": "Confirmed"
        } ]
      },
      "category": [ {
        "coding": [ {
          "system": "http://terminology.hl7.org/CodeSystem/condition-category",
          "code": "problem-list-item",
          "display": "Problem List Item"
        } ]
      } ],
      "code": {
        "coding": [ {
          "system": "http://snomed.info/sct",
          "version": "http://snomed.info/sct/731000124108/version/20240301",
          "code": "10091002",
          "display": "High output heart failure (disorder)"
        } ]
      },
      "subject": {
        "reference": "Patient/10f0286c-3542-47dd-80af-4dffc2d8c25b"
      },
      "onsetPeriod": {
        "start": "2026-02-03T08:00:00.000+00:00",
        "end": "2026-02-03T08:15:00.000+00:00"
      }
    },
    "request": {
      "method": "PUT",
      "url": "Condition/b6870481-e983-4cd3-bd03-bf7cf2065a4a"
    }
  }, {
    "fullUrl": "https://madie.cms.gov/Condition/7a54752f-92dc-419c-a737-1ffb9bc8e432",
    "resource": {
      "resourceType": "Condition",
      "id": "7a54752f-92dc-419c-a737-1ffb9bc8e432",
      "meta": {
        "profile": [ "http://hl7.org/fhir/us/qicore/StructureDefinition/qicore-condition-problems-health-concerns" ]
      },
      "clinicalStatus": {
        "coding": [ {
          "system": "http://terminology.hl7.org/CodeSystem/condition-clinical",
          "code": "active",
          "display": "Active"
        } ]
      },
      "verificationStatus": {
        "coding": [ {
          "system": "http://terminology.hl7.org/CodeSystem/condition-ver-status",
          "code": "confirmed",
          "display": "Confirmed"
        } ]
      },
      "category": [ {
        "coding": [ {
          "system": "http://terminology.hl7.org/CodeSystem/condition-category",
          "code": "problem-list-item",
          "display": "Problem List Item"
        } ]
      } ],
      "severity": {
        "coding": [ {
          "system": "http://snomed.info/sct",
          "version": "http://snomed.info/sct/731000124108/version/20240301",
          "code": "24484000",
          "display": "Severe (severity modifier) (qualifier value)"
        } ]
      },
      "code": {
        "coding": [ {
          "system": "http://snomed.info/sct",
          "version": "http://snomed.info/sct/731000124108/version/20240301",
          "code": "134401001",
          "display": "Left ventricular systolic dysfunction (disorder)"
        } ]
      },
      "subject": {
        "reference": "Patient/10f0286c-3542-47dd-80af-4dffc2d8c25b"
      },
      "onsetPeriod": {
        "start": "2026-02-03T08:00:00.000+00:00",
        "end": "2026-02-03T08:15:00.000+00:00"
      }
    },
    "request": {
      "method": "PUT",
      "url": "Condition/7a54752f-92dc-419c-a737-1ffb9bc8e432"
    }
  }, {
    "fullUrl": "https://madie.cms.gov/MedicationRequest/2bac1502-3dab-4dc7-83ea-14dce1baa95c",
    "resource": {
      "resourceType": "MedicationRequest",
      "id": "2bac1502-3dab-4dc7-83ea-14dce1baa95c",
      "meta": {
        "profile": [ "http://hl7.org/fhir/us/qicore/StructureDefinition/qicore-medicationrequest" ]
      },
      "status": "completed",
      "intent": "order",
      "medicationCodeableConcept": {
        "coding": [ {
          "system": "http://www.nlm.nih.gov/research/umls/rxnorm",
          "version": "04012024",
          "code": "1091652",
          "display": "azilsartan medoxomil 80 MG Oral Tablet"
        } ]
      },
      "subject": {
        "reference": "Patient/10f0286c-3542-47dd-80af-4dffc2d8c25b"
      },
      "authoredOn": "2026-02-03T08:00:00.000+00:00",
      "requester": {
        "reference": "Practitioner/bf3bd089-6873-4acd-8c62-4b9992b4216a"
      }
    },
    "request": {
      "method": "PUT",
      "url": "MedicationRequest/2bac1502-3dab-4dc7-83ea-14dce1baa95c"
    }
  }, {
    "fullUrl": "https://madie.cms.gov/Practitioner/bf3bd089-6873-4acd-8c62-4b9992b4216a",
    "resource": {
      "resourceType": "Practitioner",
      "id": "bf3bd089-6873-4acd-8c62-4b9992b4216a",
      "meta": {
        "profile": [ "http://hl7.org/fhir/us/qicore/StructureDefinition/qicore-practitioner" ]
      },
      "identifier": [ {
        "use": "temp",
        "system": "urn:oid:2.16.840.1.113883.4.336",
        "value": "Practitioner-23"
      } ],
      "active": true,
      "name": [ {
        "family": "Careful",
        "given": [ "Adam" ],
        "prefix": [ "Dr" ]
      } ],
      "address": [ {
        "use": "home",
        "line": [ "534 Erewhon St" ],
        "city": "PleasantVille",
        "state": "UT",
        "postalCode": "84414"
      } ],
      "qualification": [ {
        "identifier": [ {
          "system": "http://example.org/UniversityIdentifier",
          "value": "12345"
        } ],
        "code": {
          "coding": [ {
            "system": "http://terminology.hl7.org/CodeSystem/v2-0360|2.7",
            "code": "BS",
            "display": "Bachelor of Science"
          } ],
          "text": "Bachelor of Science"
        },
        "period": {
          "start": "1996"
        },
        "issuer": {
          "display": "Example University"
        }
      } ]
    },
    "request": {
      "method": "PUT",
      "url": "Practitioner/bf3bd089-6873-4acd-8c62-4b9992b4216a"
    }
  }, {
    "fullUrl": "https://madie.cms.gov/MeasureReport/4b12062d-8b5b-470f-abe5-8cc146091ff1",
    "resource": {
      "resourceType": "MeasureReport",
      "id": "4b12062d-8b5b-470f-abe5-8cc146091ff1",
      "meta": {
        "profile": [ "http://hl7.org/fhir/us/cqfmeasures/StructureDefinition/test-case-cqfm" ]
      },
      "contained": [ {
        "resourceType": "Parameters",
        "id": "3073de76-11bc-468e-9c4a-00b549eb3dbb-parameters",
        "parameter": [ {
          "name": "subject",
          "valueString": "10f0286c-3542-47dd-80af-4dffc2d8c25b"
        } ]
      } ],
      "extension": [ {
        "url": "http://hl7.org/fhir/StructureDefinition/cqf-inputParameters",
        "valueReference": {
          "reference": "#3073de76-11bc-468e-9c4a-00b549eb3dbb-parameters"
        }
      }, {
        "url": "http://hl7.org/fhir/us/cqfmeasures/StructureDefinition/cqfm-testCaseDescription",
        "valueMarkdown": "Patient with HF and LVSD with 2 encounters is prescribed ACE/ARB medication as required for numerator population."
      } ],
      "modifierExtension": [ {
        "url": "http://hl7.org/fhir/us/cqfmeasures/StructureDefinition/cqfm-isTestCase",
        "valueBoolean": true
      } ],
      "status": "complete",
      "type": "individual",
      "measure": "https://madie.cms.gov/Measure/CMS135FHIRHFACEIorARBorARNIforLVSD",
      "period": {
        "start": "2026-01-01",
        "end": "2026-12-31"
      },
      "group": [ {
        "id": "Group_1",
        "population": [ {
          "id": "InitialPopulation_1",
          "code": {
            "coding": [ {
              "system": "http://terminology.hl7.org/CodeSystem/measure-population",
              "code": "initial-population",
              "display": "Initial Population"
            } ]
          },
          "count": 1
        }, {
          "id": "Denominator_1",
          "code": {
            "coding": [ {
              "system": "http://terminology.hl7.org/CodeSystem/measure-population",
              "code": "denominator",
              "display": "Denominator"
            } ]
          },
          "count": 1
        }, {
          "id": "DenominatorExclusion_1",
          "code": {
            "coding": [ {
              "system": "http://terminology.hl7.org/CodeSystem/measure-population",
              "code": "denominator-exclusion",
              "display": "Denominator Exclusion"
            } ]
          },
          "count": 0
        }, {
          "id": "Numerator_1",
          "code": {
            "coding": [ {
              "system": "http://terminology.hl7.org/CodeSystem/measure-population",
              "code": "numerator",
              "display": "Numerator"
            } ]
          },
          "count": 1
        }, {
          "id": "DenominatorException_1",
          "code": {
            "coding": [ {
              "system": "http://terminology.hl7.org/CodeSystem/measure-population",
              "code": "denominator-exception",
              "display": "Denominator Exception"
            } ]
          },
          "count": 0
        } ],
        "measureScore": {
          "value": 1.0
        }
      } ],
      "evaluatedResource": [ {
        "reference": "Patient/10f0286c-3542-47dd-80af-4dffc2d8c25b"
      }, {
        "reference": "Encounter/ed0935ea-abb5-4e51-bd89-51ee18726e92"
      }, {
        "reference": "Encounter/c3f4d077-dce4-4d58-a329-f2b85ea42da1"
      }, {
        "reference": "Condition/b6870481-e983-4cd3-bd03-bf7cf2065a4a"
      }, {
        "reference": "Condition/7a54752f-92dc-419c-a737-1ffb9bc8e432"
      }, {
        "reference": "MedicationRequest/2bac1502-3dab-4dc7-83ea-14dce1baa95c"
      }, {
        "reference": "Practitioner/bf3bd089-6873-4acd-8c62-4b9992b4216a"
      } ]
    },
    "request": {
      "method": "PUT",
      "url": "MeasureReport/4b12062d-8b5b-470f-abe5-8cc146091ff1"
    }
  } ]
}