{
  "resourceType": "Bundle",
  "id": "610965b998086b538055c160",
  "type": "transaction",
  "entry": [ {
    "fullUrl": "https://madie.cms.gov/Patient/b46e3e19-548e-481a-93a1-57973055ffad",
    "resource": {
      "resourceType": "Patient",
      "id": "b46e3e19-548e-481a-93a1-57973055ffad",
      "meta": {
        "profile": [ "http://hl7.org/fhir/us/qicore/StructureDefinition/qicore-patient" ]
      },
      "text": {
        "status": "generated",
        "div": "<div xmlns=\"http://www.w3.org/1999/xhtml\"><div class=\"hapiHeaderText\">HIVDxDec31BeforeMP <b>DENEXPASS </b></div><table class=\"hapiPropertyTable\"><tbody><tr><td>Date of birth</td><td><span>04 January 1992</span></td></tr></tbody></table></div>"
      },
      "extension": [ {
        "url": "http://hl7.org/fhir/us/core/StructureDefinition/us-core-race",
        "extension": [ {
          "url": "ombCategory",
          "valueCoding": {
            "system": "urn:oid:2.16.840.1.113883.6.238",
            "code": "1002-5",
            "display": "American Indian or Alaska Native",
            "userSelected": true
          }
        }, {
          "url": "text",
          "valueString": "American Indian or Alaska Native"
        } ]
      }, {
        "url": "http://hl7.org/fhir/us/core/StructureDefinition/us-core-ethnicity",
        "extension": [ {
          "url": "ombCategory",
          "valueCoding": {
            "system": "urn:oid:2.16.840.1.113883.6.238",
            "code": "2135-2",
            "display": "Hispanic or Latino",
            "userSelected": true
          }
        }, {
          "url": "text",
          "valueString": "Hispanic or Latino"
        } ]
      } ],
      "identifier": [ {
        "type": {
          "coding": [ {
            "system": "http://terminology.hl7.org/CodeSystem/v2-0203",
            "code": "MR"
          } ]
        },
        "system": "https://bonnie-fhir.healthit.gov/",
        "value": "610965b998086b538055c160"
      } ],
      "active": true,
      "name": [ {
        "use": "usual",
        "family": "DENEXPass",
        "given": [ "HIVDxDec31BeforeMP" ]
      } ],
      "gender": "female",
      "birthDate": "1994-01-04"
    },
    "request": {
      "method": "PUT",
      "url": "Patient/b46e3e19-548e-481a-93a1-57973055ffad"
    }
  }, {
    "fullUrl": "https://madie.cms.gov/Encounter/498dd63c-2b0a-4ada-b8d1-1889bca4af74",
    "resource": {
      "resourceType": "Encounter",
      "id": "498dd63c-2b0a-4ada-b8d1-1889bca4af74",
      "meta": {
        "profile": [ "http://hl7.org/fhir/us/qicore/StructureDefinition/qicore-encounter" ]
      },
      "status": "finished",
      "class": {
        "system": "http://terminology.hl7.org/CodeSystem/v3-ActCode",
        "code": "AMB",
        "display": "ambulatory",
        "userSelected": true
      },
      "type": [ {
        "coding": [ {
          "system": "http://www.ama-assn.org/go/cpt",
          "code": "99393"
        } ]
      } ],
      "subject": {
        "reference": "Patient/b46e3e19-548e-481a-93a1-57973055ffad"
      },
      "period": {
        "start": "2026-04-15T09:00:00.000+00:00",
        "end": "2026-04-15T10:15:00.000+00:00"
      }
    },
    "request": {
      "method": "PUT",
      "url": "Encounter/498dd63c-2b0a-4ada-b8d1-1889bca4af74"
    }
  }, {
    "fullUrl": "https://madie.cms.gov/Condition/d8260b91-4d53-4027-823d-564451f4ed06",
    "resource": {
      "resourceType": "Condition",
      "id": "d8260b91-4d53-4027-823d-564451f4ed06",
      "meta": {
        "profile": [ "http://hl7.org/fhir/us/qicore/StructureDefinition/qicore-condition-problems-health-concerns" ]
      },
      "clinicalStatus": {
        "coding": [ {
          "system": "http://terminology.hl7.org/CodeSystem/condition-clinical",
          "code": "active",
          "display": "Active",
          "userSelected": true
        } ]
      },
      "category": [ {
        "coding": [ {
          "system": "http://terminology.hl7.org/CodeSystem/condition-category",
          "code": "problem-list-item",
          "display": "Problem List Item",
          "userSelected": true
        } ]
      } ],
      "code": {
        "coding": [ {
          "system": "http://hl7.org/fhir/sid/icd-9-cm",
          "version": "2013",
          "code": "042",
          "display": "Human immunodeficiency virus [HIV] disease",
          "userSelected": true
        }, {
          "system": "http://snomed.info/sct",
          "code": "165816005",
          "userSelected": true
        } ]
      },
      "subject": {
        "reference": "Patient/b46e3e19-548e-481a-93a1-57973055ffad"
      },
      "onsetDateTime": "2024-12-31T08:00:00.000+00:00"
    },
    "request": {
      "method": "PUT",
      "url": "Condition/d8260b91-4d53-4027-823d-564451f4ed06"
    }
  }, {
    "fullUrl": "https://madie.cms.gov/MeasureReport/bb2c37db-1fab-4f5b-b10f-6f630cee4bf3",
    "resource": {
      "resourceType": "MeasureReport",
      "id": "bb2c37db-1fab-4f5b-b10f-6f630cee4bf3",
      "meta": {
        "profile": [ "http://hl7.org/fhir/us/cqfmeasures/StructureDefinition/test-case-cqfm" ]
      },
      "contained": [ {
        "resourceType": "Parameters",
        "id": "2a617b13-1137-4c52-8e3d-2d2bd7be2f80-parameters",
        "parameter": [ {
          "name": "subject",
          "valueString": "b46e3e19-548e-481a-93a1-57973055ffad"
        } ]
      } ],
      "extension": [ {
        "url": "http://hl7.org/fhir/StructureDefinition/cqf-inputParameters",
        "valueReference": {
          "reference": "#2a617b13-1137-4c52-8e3d-2d2bd7be2f80-parameters"
        }
      }, {
        "url": "http://hl7.org/fhir/us/cqfmeasures/StructureDefinition/cqfm-testCaseDescription",
        "valueMarkdown": "Patient is 31 with a diagnosis of HIV prior to the start of the measurement period [HIV does not end, active]"
      } ],
      "modifierExtension": [ {
        "url": "http://hl7.org/fhir/us/cqfmeasures/StructureDefinition/cqfm-isTestCase",
        "valueBoolean": true
      } ],
      "status": "complete",
      "type": "individual",
      "measure": "https://madie.cms.gov/Measure/CMS349FHIRHIVScreening",
      "period": {
        "start": "2026-01-01",
        "end": "2026-12-31"
      },
      "group": [ {
        "id": "Group_1",
        "population": [ {
          "id": "InitialPopulation_1",
          "code": {
            "coding": [ {
              "system": "http://terminology.hl7.org/CodeSystem/measure-population",
              "code": "initial-population",
              "display": "Initial Population"
            } ]
          },
          "count": 1
        }, {
          "id": "Denominator_1",
          "code": {
            "coding": [ {
              "system": "http://terminology.hl7.org/CodeSystem/measure-population",
              "code": "denominator",
              "display": "Denominator"
            } ]
          },
          "count": 1
        }, {
          "id": "DenominatorExclusion_1",
          "code": {
            "coding": [ {
              "system": "http://terminology.hl7.org/CodeSystem/measure-population",
              "code": "denominator-exclusion",
              "display": "Denominator Exclusion"
            } ]
          },
          "count": 1
        }, {
          "id": "Numerator_1",
          "code": {
            "coding": [ {
              "system": "http://terminology.hl7.org/CodeSystem/measure-population",
              "code": "numerator",
              "display": "Numerator"
            } ]
          },
          "count": 0
        }, {
          "id": "DenominatorException_1",
          "code": {
            "coding": [ {
              "system": "http://terminology.hl7.org/CodeSystem/measure-population",
              "code": "denominator-exception",
              "display": "Denominator Exception"
            } ]
          },
          "count": 0
        } ],
        "measureScore": {
          "value": 1.0
        }
      } ],
      "evaluatedResource": [ {
        "reference": "Patient/b46e3e19-548e-481a-93a1-57973055ffad"
      }, {
        "reference": "Encounter/498dd63c-2b0a-4ada-b8d1-1889bca4af74"
      }, {
        "reference": "Condition/d8260b91-4d53-4027-823d-564451f4ed06"
      } ]
    },
    "request": {
      "method": "PUT",
      "url": "MeasureReport/bb2c37db-1fab-4f5b-b10f-6f630cee4bf3"
    }
  } ]
}