{
  "resourceType": "Bundle",
  "id": "98116841646686466847",
  "type": "transaction",
  "entry": [ {
    "fullUrl": "https://madie.cms.gov/Patient/7b7bd954-f185-43d1-b5fe-08622eb011e9",
    "resource": {
      "resourceType": "Patient",
      "id": "7b7bd954-f185-43d1-b5fe-08622eb011e9",
      "meta": {
        "profile": [ "http://hl7.org/fhir/us/qicore/StructureDefinition/qicore-patient" ]
      },
      "extension": [ {
        "url": "http://hl7.org/fhir/us/core/StructureDefinition/us-core-race",
        "extension": [ {
          "url": "ombCategory",
          "valueCoding": {
            "system": "urn:oid:2.16.840.1.113883.6.238",
            "code": "2106-3",
            "display": "White"
          }
        }, {
          "url": "text",
          "valueString": "White"
        } ]
      }, {
        "url": "http://hl7.org/fhir/us/core/StructureDefinition/us-core-ethnicity",
        "extension": [ {
          "url": "ombCategory",
          "valueCoding": {
            "system": "urn:oid:2.16.840.1.113883.6.238",
            "code": "2186-5",
            "display": "Not Hispanic or Latino"
          }
        }, {
          "url": "text",
          "valueString": "Not Hispanic or Latino"
        } ]
      } ],
      "identifier": [ {
        "type": {
          "coding": [ {
            "system": "http://terminology.hl7.org/CodeSystem/v2-0203",
            "code": "MR"
          } ]
        },
        "system": "https://bonnie-fhir.healthit.gov/",
        "value": "6546841651641616513421"
      } ],
      "name": [ {
        "family": "DENEXPopStrat1Pass",
        "given": [ "PallCareEncEndedDuringMP" ]
      } ],
      "gender": "female",
      "birthDate": "2011-01-01"
    },
    "request": {
      "method": "PUT",
      "url": "Patient/7b7bd954-f185-43d1-b5fe-08622eb011e9"
    }
  }, {
    "fullUrl": "https://madie.cms.gov/Encounter/f850d7aa-0123-49bc-93b5-61fa1ef89549",
    "resource": {
      "resourceType": "Encounter",
      "id": "f850d7aa-0123-49bc-93b5-61fa1ef89549",
      "meta": {
        "profile": [ "http://hl7.org/fhir/us/qicore/StructureDefinition/qicore-encounter" ]
      },
      "status": "finished",
      "class": {
        "system": "http://terminology.hl7.org/CodeSystem/v3-ActCode",
        "code": "AMB",
        "display": "ambulatory"
      },
      "type": [ {
        "coding": [ {
          "system": "http://www.ama-assn.org/go/cpt",
          "version": "2024",
          "code": "90791"
        } ]
      } ],
      "subject": {
        "reference": "Patient/7b7bd954-f185-43d1-b5fe-08622eb011e9"
      },
      "period": {
        "start": "2025-02-25T14:30:00+00:00",
        "end": "2025-02-25T14:50:00+00:00"
      },
      "length": {
        "value": 0,
        "unit": "days"
      }
    },
    "request": {
      "method": "PUT",
      "url": "Encounter/f850d7aa-0123-49bc-93b5-61fa1ef89549"
    }
  }, {
    "fullUrl": "https://madie.cms.gov/Observation/d73b910d-0d79-4bba-81d3-ff798414061b",
    "resource": {
      "resourceType": "Observation",
      "id": "d73b910d-0d79-4bba-81d3-ff798414061b",
      "meta": {
        "profile": [ "http://hl7.org/fhir/us/qicore/StructureDefinition/qicore-observation-screening-assessment" ]
      },
      "status": "final",
      "category": [ {
        "coding": [ {
          "system": "http://terminology.hl7.org/CodeSystem/observation-category",
          "code": "survey",
          "display": "Survey"
        } ]
      } ],
      "code": {
        "coding": [ {
          "system": "http://loinc.org",
          "version": "2.76",
          "code": "44261-6"
        } ]
      },
      "subject": {
        "reference": "Patient/7b7bd954-f185-43d1-b5fe-08622eb011e9"
      },
      "effectiveDateTime": "2025-02-25T14:35:00+00:00",
      "valueInteger": 10
    },
    "request": {
      "method": "PUT",
      "url": "Observation/d73b910d-0d79-4bba-81d3-ff798414061b"
    }
  }, {
    "fullUrl": "https://madie.cms.gov/Observation/5d531077-e68a-41dd-92c8-f310f8476614",
    "resource": {
      "resourceType": "Observation",
      "id": "5d531077-e68a-41dd-92c8-f310f8476614",
      "meta": {
        "profile": [ "http://hl7.org/fhir/us/qicore/StructureDefinition/qicore-observation-screening-assessment" ]
      },
      "status": "final",
      "category": [ {
        "coding": [ {
          "system": "http://terminology.hl7.org/CodeSystem/observation-category",
          "code": "survey",
          "display": "Survey"
        } ]
      } ],
      "code": {
        "coding": [ {
          "system": "http://loinc.org",
          "version": "2.76",
          "code": "44261-6"
        } ]
      },
      "subject": {
        "reference": "Patient/7b7bd954-f185-43d1-b5fe-08622eb011e9"
      },
      "effectiveDateTime": "2026-02-19T14:30:00+00:00",
      "valueInteger": 3
    },
    "request": {
      "method": "PUT",
      "url": "Observation/5d531077-e68a-41dd-92c8-f310f8476614"
    }
  }, {
    "fullUrl": "https://madie.cms.gov/Condition/2bcc7a90-6057-44a9-aab8-54b50db0e3b2",
    "resource": {
      "resourceType": "Condition",
      "id": "2bcc7a90-6057-44a9-aab8-54b50db0e3b2",
      "meta": {
        "profile": [ "http://hl7.org/fhir/us/qicore/StructureDefinition/qicore-condition-problems-health-concerns" ]
      },
      "clinicalStatus": {
        "coding": [ {
          "system": "http://terminology.hl7.org/CodeSystem/condition-clinical",
          "code": "active",
          "display": "active"
        } ]
      },
      "verificationStatus": {
        "coding": [ {
          "system": "http://terminology.hl7.org/CodeSystem/condition-ver-status",
          "code": "confirmed"
        } ]
      },
      "category": [ {
        "coding": [ {
          "system": "http://terminology.hl7.org/CodeSystem/condition-category",
          "code": "problem-list-item",
          "display": "Problem List Item"
        } ]
      } ],
      "code": {
        "coding": [ {
          "system": "http://hl7.org/fhir/sid/icd-10-cm",
          "version": "2024",
          "code": "F32.9"
        } ]
      },
      "subject": {
        "reference": "Patient/7b7bd954-f185-43d1-b5fe-08622eb011e9"
      },
      "onsetDateTime": "2025-02-25T14:35:00+00:00"
    },
    "request": {
      "method": "PUT",
      "url": "Condition/2bcc7a90-6057-44a9-aab8-54b50db0e3b2"
    }
  }, {
    "fullUrl": "https://madie.cms.gov/Encounter/d093805c-a579-4479-8219-fd1eeb96bd33",
    "resource": {
      "resourceType": "Encounter",
      "id": "d093805c-a579-4479-8219-fd1eeb96bd33",
      "meta": {
        "profile": [ "http://hl7.org/fhir/us/qicore/StructureDefinition/qicore-encounter" ]
      },
      "status": "finished",
      "class": {
        "system": "http://terminology.hl7.org/CodeSystem/v3-ActCode",
        "code": "HH",
        "display": "home health"
      },
      "type": [ {
        "coding": [ {
          "system": "http://snomed.info/sct",
          "version": "http://snomed.info/sct/731000124108/version/20240301",
          "code": "305284002"
        } ]
      } ],
      "subject": {
        "reference": "Patient/7b7bd954-f185-43d1-b5fe-08622eb011e9"
      },
      "period": {
        "start": "2025-12-31T08:00:00+00:00",
        "end": "2026-01-01T12:00:00+00:00"
      },
      "length": {
        "value": 0,
        "unit": "days"
      }
    },
    "request": {
      "method": "PUT",
      "url": "Encounter/d093805c-a579-4479-8219-fd1eeb96bd33"
    }
  }, {
    "fullUrl": "https://madie.cms.gov/MeasureReport/24210712-1f24-47a3-b602-8c4e918f9e8e",
    "resource": {
      "resourceType": "MeasureReport",
      "id": "24210712-1f24-47a3-b602-8c4e918f9e8e",
      "meta": {
        "profile": [ "http://hl7.org/fhir/us/cqfmeasures/StructureDefinition/test-case-cqfm" ]
      },
      "contained": [ {
        "resourceType": "Parameters",
        "id": "b65d8d1b-c481-4938-9755-77ad34442b66-parameters",
        "parameter": [ {
          "name": "subject",
          "valueString": "7b7bd954-f185-43d1-b5fe-08622eb011e9"
        } ]
      } ],
      "extension": [ {
        "url": "http://hl7.org/fhir/StructureDefinition/cqf-inputParameters",
        "valueReference": {
          "reference": "#b65d8d1b-c481-4938-9755-77ad34442b66-parameters"
        }
      }, {
        "url": "http://hl7.org/fhir/us/cqfmeasures/StructureDefinition/cqfm-testCaseDescription",
        "valueMarkdown": "Patient is 14 years old and has a Major Depressive Dx and PHQ-9>9 during the denom ID period. Patient received palliative care in 2023 but palliative encounter ended during MAP."
      } ],
      "modifierExtension": [ {
        "url": "http://hl7.org/fhir/us/cqfmeasures/StructureDefinition/cqfm-isTestCase",
        "valueBoolean": true
      } ],
      "status": "complete",
      "type": "individual",
      "measure": "https://madie.cms.gov/Measure/CMS159FHIRDepressionRemissionatTwelveMonths",
      "period": {
        "start": "2026-01-01",
        "end": "2026-12-31"
      },
      "group": [ {
        "id": "Group_1",
        "population": [ {
          "id": "InitialPopulation_1",
          "code": {
            "coding": [ {
              "system": "http://terminology.hl7.org/CodeSystem/measure-population",
              "code": "initial-population",
              "display": "Initial Population"
            } ]
          },
          "count": 1
        }, {
          "id": "Denominator_1",
          "code": {
            "coding": [ {
              "system": "http://terminology.hl7.org/CodeSystem/measure-population",
              "code": "denominator",
              "display": "Denominator"
            } ]
          },
          "count": 1
        }, {
          "id": "DenominatorExclusion_1",
          "code": {
            "coding": [ {
              "system": "http://terminology.hl7.org/CodeSystem/measure-population",
              "code": "denominator-exclusion",
              "display": "Denominator Exclusion"
            } ]
          },
          "count": 1
        }, {
          "id": "Numerator_1",
          "code": {
            "coding": [ {
              "system": "http://terminology.hl7.org/CodeSystem/measure-population",
              "code": "numerator",
              "display": "Numerator"
            } ]
          },
          "count": 0
        } ],
        "measureScore": {
          "value": 1.0
        }
      } ],
      "evaluatedResource": [ {
        "reference": "Patient/7b7bd954-f185-43d1-b5fe-08622eb011e9"
      }, {
        "reference": "Encounter/f850d7aa-0123-49bc-93b5-61fa1ef89549"
      }, {
        "reference": "Observation/d73b910d-0d79-4bba-81d3-ff798414061b"
      }, {
        "reference": "Observation/5d531077-e68a-41dd-92c8-f310f8476614"
      }, {
        "reference": "Condition/2bcc7a90-6057-44a9-aab8-54b50db0e3b2"
      }, {
        "reference": "Encounter/d093805c-a579-4479-8219-fd1eeb96bd33"
      } ]
    },
    "request": {
      "method": "PUT",
      "url": "MeasureReport/24210712-1f24-47a3-b602-8c4e918f9e8e"
    }
  } ]
}