{
  "resourceType": "Bundle",
  "id": "464651341313513135131",
  "type": "transaction",
  "entry": [ {
    "fullUrl": "https://madie.cms.gov/Patient/641aaa7a-d227-475a-a648-9c048522b62f",
    "resource": {
      "resourceType": "Patient",
      "id": "641aaa7a-d227-475a-a648-9c048522b62f",
      "meta": {
        "profile": [ "http://hl7.org/fhir/us/qicore/StructureDefinition/qicore-patient" ]
      },
      "extension": [ {
        "url": "http://hl7.org/fhir/us/core/StructureDefinition/us-core-race",
        "extension": [ {
          "url": "ombCategory",
          "valueCoding": {
            "system": "urn:oid:2.16.840.1.113883.6.238",
            "code": "1002-5",
            "display": "American Indian or Alaska Native"
          }
        }, {
          "url": "text",
          "valueString": "American Indian or Alaska Native"
        } ]
      }, {
        "url": "http://hl7.org/fhir/us/core/StructureDefinition/us-core-ethnicity",
        "extension": [ {
          "url": "ombCategory",
          "valueCoding": {
            "system": "urn:oid:2.16.840.1.113883.6.238",
            "code": "2186-5",
            "display": "Not Hispanic or Latino"
          }
        }, {
          "url": "text",
          "valueString": "Not Hispanic or Latino"
        } ]
      } ],
      "identifier": [ {
        "type": {
          "coding": [ {
            "system": "http://terminology.hl7.org/CodeSystem/v2-0203",
            "code": "MR"
          } ]
        },
        "system": "https://bonnie-fhir.healthit.gov/",
        "value": "6846416461351611"
      } ],
      "active": true,
      "name": [ {
        "use": "usual",
        "family": "DENEXCEPPop2Fail",
        "given": [ "BradycardiaAfterEncounter" ]
      } ],
      "gender": "female",
      "birthDate": "1923-03-24"
    },
    "request": {
      "method": "PUT",
      "url": "Patient/641aaa7a-d227-475a-a648-9c048522b62f"
    }
  }, {
    "fullUrl": "https://madie.cms.gov/Encounter/da445f64-56a6-47a8-a3fc-ba5b4b2cf62b",
    "resource": {
      "resourceType": "Encounter",
      "id": "da445f64-56a6-47a8-a3fc-ba5b4b2cf62b",
      "meta": {
        "profile": [ "http://hl7.org/fhir/us/qicore/StructureDefinition/qicore-encounter" ]
      },
      "status": "finished",
      "class": {
        "system": "http://terminology.hl7.org/CodeSystem/v3-ActCode",
        "code": "AMB",
        "display": "ambulatory encounter"
      },
      "type": [ {
        "coding": [ {
          "system": "http://www.ama-assn.org/go/cpt",
          "version": "2024",
          "code": "99205"
        } ]
      } ],
      "subject": {
        "reference": "Patient/641aaa7a-d227-475a-a648-9c048522b62f"
      },
      "period": {
        "start": "2026-04-05T06:00:00.000+00:00",
        "end": "2026-04-05T07:00:00.000+00:00"
      }
    },
    "request": {
      "method": "PUT",
      "url": "Encounter/da445f64-56a6-47a8-a3fc-ba5b4b2cf62b"
    }
  }, {
    "fullUrl": "https://madie.cms.gov/Encounter/5e43abfe-fb8d-4144-885b-08f309d51261",
    "resource": {
      "resourceType": "Encounter",
      "id": "5e43abfe-fb8d-4144-885b-08f309d51261",
      "meta": {
        "profile": [ "http://hl7.org/fhir/us/qicore/StructureDefinition/qicore-encounter" ]
      },
      "status": "finished",
      "class": {
        "system": "http://terminology.hl7.org/CodeSystem/v3-ActCode",
        "code": "AMB",
        "display": "ambulatory encounter"
      },
      "type": [ {
        "coding": [ {
          "system": "http://www.ama-assn.org/go/cpt",
          "version": "2024",
          "code": "99205"
        } ]
      } ],
      "subject": {
        "reference": "Patient/641aaa7a-d227-475a-a648-9c048522b62f"
      },
      "period": {
        "start": "2026-07-08T09:00:00.000+00:00",
        "end": "2026-07-08T09:00:00.000+00:00"
      }
    },
    "request": {
      "method": "PUT",
      "url": "Encounter/5e43abfe-fb8d-4144-885b-08f309d51261"
    }
  }, {
    "fullUrl": "https://madie.cms.gov/Condition/8b20f954-76f9-403b-a706-e63f1df1efca",
    "resource": {
      "resourceType": "Condition",
      "id": "8b20f954-76f9-403b-a706-e63f1df1efca",
      "meta": {
        "profile": [ "http://hl7.org/fhir/us/qicore/StructureDefinition/qicore-condition-problems-health-concerns" ]
      },
      "clinicalStatus": {
        "coding": [ {
          "system": "http://terminology.hl7.org/CodeSystem/condition-clinical",
          "code": "active",
          "display": "Active"
        } ]
      },
      "verificationStatus": {
        "coding": [ {
          "system": "http://terminology.hl7.org/CodeSystem/condition-ver-status",
          "code": "confirmed",
          "display": "Confirmed"
        } ]
      },
      "category": [ {
        "coding": [ {
          "system": "http://terminology.hl7.org/CodeSystem/condition-category",
          "code": "problem-list-item",
          "display": "Problem List Item"
        } ]
      } ],
      "code": {
        "coding": [ {
          "system": "http://hl7.org/fhir/sid/icd-10-cm",
          "version": "2024",
          "code": "I21.09"
        } ]
      },
      "subject": {
        "reference": "Patient/641aaa7a-d227-475a-a648-9c048522b62f"
      },
      "onsetPeriod": {
        "start": "2026-04-05T06:00:00.000+00:00"
      }
    },
    "request": {
      "method": "PUT",
      "url": "Condition/8b20f954-76f9-403b-a706-e63f1df1efca"
    }
  }, {
    "fullUrl": "https://madie.cms.gov/Condition/344a3105-bb13-46b6-97b7-8b71ddc82be1",
    "resource": {
      "resourceType": "Condition",
      "id": "344a3105-bb13-46b6-97b7-8b71ddc82be1",
      "meta": {
        "profile": [ "http://hl7.org/fhir/us/qicore/StructureDefinition/qicore-condition-problems-health-concerns" ]
      },
      "clinicalStatus": {
        "coding": [ {
          "system": "http://terminology.hl7.org/CodeSystem/condition-clinical",
          "code": "active",
          "display": "Active"
        } ]
      },
      "verificationStatus": {
        "coding": [ {
          "system": "http://terminology.hl7.org/CodeSystem/condition-ver-status",
          "code": "confirmed",
          "display": "Confirmed"
        } ]
      },
      "category": [ {
        "coding": [ {
          "system": "http://terminology.hl7.org/CodeSystem/condition-category",
          "code": "problem-list-item",
          "display": "Problem List Item"
        } ]
      } ],
      "code": {
        "coding": [ {
          "system": "http://snomed.info/sct",
          "version": "http://snomed.info/sct/731000124108/version/20240301",
          "code": "10365005",
          "display": "Right main coronary artery thrombosis (disorder)"
        } ]
      },
      "subject": {
        "reference": "Patient/641aaa7a-d227-475a-a648-9c048522b62f"
      },
      "onsetPeriod": {
        "start": "2026-04-05T06:00:00.000+00:00"
      }
    },
    "request": {
      "method": "PUT",
      "url": "Condition/344a3105-bb13-46b6-97b7-8b71ddc82be1"
    }
  }, {
    "fullUrl": "https://madie.cms.gov/Condition/dad78906-5f36-416a-b1dc-7f5b09f1dadd",
    "resource": {
      "resourceType": "Condition",
      "id": "dad78906-5f36-416a-b1dc-7f5b09f1dadd",
      "meta": {
        "profile": [ "http://hl7.org/fhir/us/qicore/StructureDefinition/qicore-condition-problems-health-concerns" ]
      },
      "clinicalStatus": {
        "coding": [ {
          "system": "http://terminology.hl7.org/CodeSystem/condition-clinical",
          "code": "active",
          "display": "Active"
        } ]
      },
      "verificationStatus": {
        "coding": [ {
          "system": "http://terminology.hl7.org/CodeSystem/condition-ver-status",
          "code": "confirmed",
          "display": "Confirmed"
        } ]
      },
      "category": [ {
        "coding": [ {
          "system": "http://terminology.hl7.org/CodeSystem/condition-category",
          "code": "problem-list-item",
          "display": "Problem List Item"
        } ]
      } ],
      "code": {
        "coding": [ {
          "system": "http://snomed.info/sct",
          "version": "http://snomed.info/sct/731000124108/version/20240301",
          "code": "29894000"
        } ]
      },
      "subject": {
        "reference": "Patient/641aaa7a-d227-475a-a648-9c048522b62f"
      },
      "onsetDateTime": "2027-01-05T06:00:00.000+00:00"
    },
    "request": {
      "method": "PUT",
      "url": "Condition/dad78906-5f36-416a-b1dc-7f5b09f1dadd"
    }
  }, {
    "fullUrl": "https://madie.cms.gov/MeasureReport/7083e1fa-f0f3-4ed2-942e-efe7b3a0589e",
    "resource": {
      "resourceType": "MeasureReport",
      "id": "7083e1fa-f0f3-4ed2-942e-efe7b3a0589e",
      "meta": {
        "profile": [ "http://hl7.org/fhir/us/cqfmeasures/StructureDefinition/test-case-cqfm" ]
      },
      "contained": [ {
        "resourceType": "Parameters",
        "id": "ef3f4bc5-a106-4f94-a89e-7f4ad183bac8-parameters",
        "parameter": [ {
          "name": "subject",
          "valueString": "641aaa7a-d227-475a-a648-9c048522b62f"
        } ]
      } ],
      "extension": [ {
        "url": "http://hl7.org/fhir/StructureDefinition/cqf-inputParameters",
        "valueReference": {
          "reference": "#ef3f4bc5-a106-4f94-a89e-7f4ad183bac8-parameters"
        }
      }, {
        "url": "http://hl7.org/fhir/us/cqfmeasures/StructureDefinition/cqfm-testCaseDescription",
        "valueMarkdown": "Pt > 18, 2 visits during MP, MI and CAD (both with onset during 1st visit), and Bradycardia onset year after MP"
      } ],
      "modifierExtension": [ {
        "url": "http://hl7.org/fhir/us/cqfmeasures/StructureDefinition/cqfm-isTestCase",
        "valueBoolean": true
      } ],
      "status": "complete",
      "type": "individual",
      "measure": "https://madie.cms.gov/Measure/CMS145FHIRCADBetaBlockerTherapyPriorMIorLVSD",
      "period": {
        "start": "2026-01-01",
        "end": "2026-12-31"
      },
      "group": [ {
        "id": "Group_1",
        "population": [ {
          "id": "InitialPopulation_1",
          "code": {
            "coding": [ {
              "system": "http://terminology.hl7.org/CodeSystem/measure-population",
              "code": "initial-population",
              "display": "Initial Population"
            } ]
          },
          "count": 1
        }, {
          "id": "Denominator_1",
          "code": {
            "coding": [ {
              "system": "http://terminology.hl7.org/CodeSystem/measure-population",
              "code": "denominator",
              "display": "Denominator"
            } ]
          },
          "count": 0
        }, {
          "id": "Numerator_1",
          "code": {
            "coding": [ {
              "system": "http://terminology.hl7.org/CodeSystem/measure-population",
              "code": "numerator",
              "display": "Numerator"
            } ]
          },
          "count": 0
        }, {
          "id": "DenominatorException_1",
          "code": {
            "coding": [ {
              "system": "http://terminology.hl7.org/CodeSystem/measure-population",
              "code": "denominator-exception",
              "display": "Denominator Exception"
            } ]
          },
          "count": 0
        } ],
        "measureScore": {
          "value": 1.0
        }
      }, {
        "id": "Group_2",
        "population": [ {
          "id": "InitialPopulation_2",
          "code": {
            "coding": [ {
              "system": "http://terminology.hl7.org/CodeSystem/measure-population",
              "code": "initial-population",
              "display": "Initial Population"
            } ]
          },
          "count": 1
        }, {
          "id": "Denominator_2",
          "code": {
            "coding": [ {
              "system": "http://terminology.hl7.org/CodeSystem/measure-population",
              "code": "denominator",
              "display": "Denominator"
            } ]
          },
          "count": 1
        }, {
          "id": "Numerator_2",
          "code": {
            "coding": [ {
              "system": "http://terminology.hl7.org/CodeSystem/measure-population",
              "code": "numerator",
              "display": "Numerator"
            } ]
          },
          "count": 0
        }, {
          "id": "DenominatorException_2",
          "code": {
            "coding": [ {
              "system": "http://terminology.hl7.org/CodeSystem/measure-population",
              "code": "denominator-exception",
              "display": "Denominator Exception"
            } ]
          },
          "count": 0
        } ],
        "measureScore": {
          "value": 1.0
        }
      } ],
      "evaluatedResource": [ {
        "reference": "Patient/641aaa7a-d227-475a-a648-9c048522b62f"
      }, {
        "reference": "Encounter/da445f64-56a6-47a8-a3fc-ba5b4b2cf62b"
      }, {
        "reference": "Encounter/5e43abfe-fb8d-4144-885b-08f309d51261"
      }, {
        "reference": "Condition/8b20f954-76f9-403b-a706-e63f1df1efca"
      }, {
        "reference": "Condition/344a3105-bb13-46b6-97b7-8b71ddc82be1"
      }, {
        "reference": "Condition/dad78906-5f36-416a-b1dc-7f5b09f1dadd"
      } ]
    },
    "request": {
      "method": "PUT",
      "url": "MeasureReport/7083e1fa-f0f3-4ed2-942e-efe7b3a0589e"
    }
  } ]
}