{
  "resourceType": "Bundle",
  "id": "IPPass-1yrWithOralEvalEncJan1OfMP",
  "type": "transaction",
  "entry": [ {
    "fullUrl": "https://madie.cms.gov/Patient/8980b94a-4c69-4ca2-8546-c5a586cb6aba",
    "resource": {
      "resourceType": "Patient",
      "id": "8980b94a-4c69-4ca2-8546-c5a586cb6aba",
      "meta": {
        "profile": [ "http://hl7.org/fhir/us/qicore/StructureDefinition/qicore-patient" ]
      },
      "extension": [ {
        "url": "http://hl7.org/fhir/us/core/StructureDefinition/us-core-race",
        "extension": [ {
          "url": "ombCategory",
          "valueCoding": {
            "system": "urn:oid:2.16.840.1.113883.6.238",
            "code": "2028-9",
            "display": "Asian"
          }
        }, {
          "url": "text",
          "valueString": "Asian"
        } ]
      }, {
        "url": "http://hl7.org/fhir/us/core/StructureDefinition/us-core-ethnicity",
        "extension": [ {
          "url": "ombCategory",
          "valueCoding": {
            "system": "urn:oid:2.16.840.1.113883.6.238",
            "code": "2135-2",
            "display": "Hispanic or Latino"
          }
        }, {
          "url": "text",
          "valueString": "Hispanic or Latino"
        } ]
      } ],
      "identifier": [ {
        "system": "http://hospital.smarthealthit.org",
        "value": "999999995"
      } ],
      "name": [ {
        "family": "Bertha",
        "given": [ "Betty" ]
      } ],
      "gender": "female",
      "birthDate": "2025-01-01"
    },
    "request": {
      "method": "PUT",
      "url": "Patient/8980b94a-4c69-4ca2-8546-c5a586cb6aba"
    }
  }, {
    "fullUrl": "https://madie.cms.gov/Encounter/2f6bcb8e-4312-4724-bfa7-c5c5114da9b9",
    "resource": {
      "resourceType": "Encounter",
      "id": "2f6bcb8e-4312-4724-bfa7-c5c5114da9b9",
      "meta": {
        "profile": [ "http://hl7.org/fhir/us/qicore/StructureDefinition/qicore-encounter" ]
      },
      "status": "finished",
      "class": {
        "system": "http://terminology.hl7.org/CodeSystem/v3-ActCode",
        "code": "AMB",
        "display": "ambulatory"
      },
      "type": [ {
        "coding": [ {
          "system": "http://www.ada.org/cdt",
          "code": "D0120",
          "display": "periodic oral evaluation - established patient"
        } ]
      } ],
      "subject": {
        "reference": "Patient/8980b94a-4c69-4ca2-8546-c5a586cb6aba"
      },
      "period": {
        "start": "2026-01-01T00:00:00.000Z",
        "end": "2026-01-01T01:15:00.000Z"
      }
    },
    "request": {
      "method": "PUT",
      "url": "Encounter/2f6bcb8e-4312-4724-bfa7-c5c5114da9b9"
    }
  }, {
    "fullUrl": "https://madie.cms.gov/MeasureReport/689a2da7-2184-4358-995a-15fc816e9ebf",
    "resource": {
      "resourceType": "MeasureReport",
      "id": "689a2da7-2184-4358-995a-15fc816e9ebf",
      "meta": {
        "profile": [ "http://hl7.org/fhir/us/cqfmeasures/StructureDefinition/test-case-cqfm" ]
      },
      "contained": [ {
        "resourceType": "Parameters",
        "id": "96b37850-e572-4fdd-9924-ab66e46022c2-parameters",
        "parameter": [ {
          "name": "subject",
          "valueString": "8980b94a-4c69-4ca2-8546-c5a586cb6aba"
        } ]
      } ],
      "extension": [ {
        "url": "http://hl7.org/fhir/StructureDefinition/cqf-inputParameters",
        "valueReference": {
          "reference": "#96b37850-e572-4fdd-9924-ab66e46022c2-parameters"
        }
      }, {
        "url": "http://hl7.org/fhir/us/cqfmeasures/StructureDefinition/cqfm-testCaseDescription",
        "valueMarkdown": "Patient 1yo w/ an Oral Evaluation Encounter 1/1 of the Measurement Period."
      } ],
      "modifierExtension": [ {
        "url": "http://hl7.org/fhir/us/cqfmeasures/StructureDefinition/cqfm-isTestCase",
        "valueBoolean": true
      } ],
      "status": "complete",
      "type": "individual",
      "measure": "https://madie.cms.gov/Measure/CMS74FHIRPrimaryCariesPreventionasOfferedbyDentists",
      "period": {
        "start": "2026-01-01",
        "end": "2026-12-31"
      },
      "group": [ {
        "id": "Group_1",
        "population": [ {
          "id": "InitialPopulation_1",
          "code": {
            "coding": [ {
              "system": "http://terminology.hl7.org/CodeSystem/measure-population",
              "code": "initial-population",
              "display": "Initial Population"
            } ]
          },
          "count": 1
        }, {
          "id": "Denominator_1",
          "code": {
            "coding": [ {
              "system": "http://terminology.hl7.org/CodeSystem/measure-population",
              "code": "denominator",
              "display": "Denominator"
            } ]
          },
          "count": 1
        }, {
          "id": "DenominatorExclusion_1",
          "code": {
            "coding": [ {
              "system": "http://terminology.hl7.org/CodeSystem/measure-population",
              "code": "denominator-exclusion",
              "display": "Denominator Exclusion"
            } ]
          },
          "count": 0
        }, {
          "id": "Numerator_1",
          "code": {
            "coding": [ {
              "system": "http://terminology.hl7.org/CodeSystem/measure-population",
              "code": "numerator",
              "display": "Numerator"
            } ]
          },
          "count": 0
        } ],
        "measureScore": {
          "value": 1.0
        },
        "stratifier": [ {
          "id": "Stratification_1_1",
          "code": [ {
            "text": "Initial Population"
          } ],
          "stratum": [ {
            "value": {
              "text": "true"
            },
            "population": [ {
              "id": "InitialPopulation_1",
              "code": {
                "coding": [ {
                  "system": "http://terminology.hl7.org/CodeSystem/measure-population",
                  "code": "initial-population",
                  "display": "Initial Population"
                } ]
              },
              "count": 1
            }, {
              "id": "Denominator_1",
              "code": {
                "coding": [ {
                  "system": "http://terminology.hl7.org/CodeSystem/measure-population",
                  "code": "denominator",
                  "display": "Denominator"
                } ]
              },
              "count": 1
            }, {
              "id": "DenominatorExclusion_1",
              "code": {
                "coding": [ {
                  "system": "http://terminology.hl7.org/CodeSystem/measure-population",
                  "code": "denominator-exclusion",
                  "display": "Denominator Exclusion"
                } ]
              },
              "count": 0
            }, {
              "id": "Numerator_1",
              "code": {
                "coding": [ {
                  "system": "http://terminology.hl7.org/CodeSystem/measure-population",
                  "code": "numerator",
                  "display": "Numerator"
                } ]
              },
              "count": 0
            } ]
          }, {
            "value": {
              "text": "false"
            },
            "population": [ {
              "id": "InitialPopulation_1",
              "code": {
                "coding": [ {
                  "system": "http://terminology.hl7.org/CodeSystem/measure-population",
                  "code": "initial-population",
                  "display": "Initial Population"
                } ]
              },
              "count": 0
            }, {
              "id": "Denominator_1",
              "code": {
                "coding": [ {
                  "system": "http://terminology.hl7.org/CodeSystem/measure-population",
                  "code": "denominator",
                  "display": "Denominator"
                } ]
              },
              "count": 0
            }, {
              "id": "DenominatorExclusion_1",
              "code": {
                "coding": [ {
                  "system": "http://terminology.hl7.org/CodeSystem/measure-population",
                  "code": "denominator-exclusion",
                  "display": "Denominator Exclusion"
                } ]
              },
              "count": 1
            }, {
              "id": "Numerator_1",
              "code": {
                "coding": [ {
                  "system": "http://terminology.hl7.org/CodeSystem/measure-population",
                  "code": "numerator",
                  "display": "Numerator"
                } ]
              },
              "count": 1
            } ]
          } ]
        }, {
          "id": "Stratification_1_2",
          "code": [ {
            "text": "Initial Population"
          } ],
          "stratum": [ {
            "value": {
              "text": "true"
            },
            "population": [ {
              "id": "InitialPopulation_1",
              "code": {
                "coding": [ {
                  "system": "http://terminology.hl7.org/CodeSystem/measure-population",
                  "code": "initial-population",
                  "display": "Initial Population"
                } ]
              },
              "count": 1
            }, {
              "id": "Denominator_1",
              "code": {
                "coding": [ {
                  "system": "http://terminology.hl7.org/CodeSystem/measure-population",
                  "code": "denominator",
                  "display": "Denominator"
                } ]
              },
              "count": 1
            }, {
              "id": "DenominatorExclusion_1",
              "code": {
                "coding": [ {
                  "system": "http://terminology.hl7.org/CodeSystem/measure-population",
                  "code": "denominator-exclusion",
                  "display": "Denominator Exclusion"
                } ]
              },
              "count": 0
            }, {
              "id": "Numerator_1",
              "code": {
                "coding": [ {
                  "system": "http://terminology.hl7.org/CodeSystem/measure-population",
                  "code": "numerator",
                  "display": "Numerator"
                } ]
              },
              "count": 0
            } ]
          }, {
            "value": {
              "text": "false"
            },
            "population": [ {
              "id": "InitialPopulation_1",
              "code": {
                "coding": [ {
                  "system": "http://terminology.hl7.org/CodeSystem/measure-population",
                  "code": "initial-population",
                  "display": "Initial Population"
                } ]
              },
              "count": 0
            }, {
              "id": "Denominator_1",
              "code": {
                "coding": [ {
                  "system": "http://terminology.hl7.org/CodeSystem/measure-population",
                  "code": "denominator",
                  "display": "Denominator"
                } ]
              },
              "count": 0
            }, {
              "id": "DenominatorExclusion_1",
              "code": {
                "coding": [ {
                  "system": "http://terminology.hl7.org/CodeSystem/measure-population",
                  "code": "denominator-exclusion",
                  "display": "Denominator Exclusion"
                } ]
              },
              "count": 1
            }, {
              "id": "Numerator_1",
              "code": {
                "coding": [ {
                  "system": "http://terminology.hl7.org/CodeSystem/measure-population",
                  "code": "numerator",
                  "display": "Numerator"
                } ]
              },
              "count": 1
            } ]
          } ]
        }, {
          "id": "Stratification_1_3",
          "code": [ {
            "text": "Initial Population"
          } ],
          "stratum": [ {
            "value": {
              "text": "true"
            },
            "population": [ {
              "id": "InitialPopulation_1",
              "code": {
                "coding": [ {
                  "system": "http://terminology.hl7.org/CodeSystem/measure-population",
                  "code": "initial-population",
                  "display": "Initial Population"
                } ]
              },
              "count": 1
            }, {
              "id": "Denominator_1",
              "code": {
                "coding": [ {
                  "system": "http://terminology.hl7.org/CodeSystem/measure-population",
                  "code": "denominator",
                  "display": "Denominator"
                } ]
              },
              "count": 1
            }, {
              "id": "DenominatorExclusion_1",
              "code": {
                "coding": [ {
                  "system": "http://terminology.hl7.org/CodeSystem/measure-population",
                  "code": "denominator-exclusion",
                  "display": "Denominator Exclusion"
                } ]
              },
              "count": 0
            }, {
              "id": "Numerator_1",
              "code": {
                "coding": [ {
                  "system": "http://terminology.hl7.org/CodeSystem/measure-population",
                  "code": "numerator",
                  "display": "Numerator"
                } ]
              },
              "count": 0
            } ]
          }, {
            "value": {
              "text": "false"
            },
            "population": [ {
              "id": "InitialPopulation_1",
              "code": {
                "coding": [ {
                  "system": "http://terminology.hl7.org/CodeSystem/measure-population",
                  "code": "initial-population",
                  "display": "Initial Population"
                } ]
              },
              "count": 0
            }, {
              "id": "Denominator_1",
              "code": {
                "coding": [ {
                  "system": "http://terminology.hl7.org/CodeSystem/measure-population",
                  "code": "denominator",
                  "display": "Denominator"
                } ]
              },
              "count": 0
            }, {
              "id": "DenominatorExclusion_1",
              "code": {
                "coding": [ {
                  "system": "http://terminology.hl7.org/CodeSystem/measure-population",
                  "code": "denominator-exclusion",
                  "display": "Denominator Exclusion"
                } ]
              },
              "count": 1
            }, {
              "id": "Numerator_1",
              "code": {
                "coding": [ {
                  "system": "http://terminology.hl7.org/CodeSystem/measure-population",
                  "code": "numerator",
                  "display": "Numerator"
                } ]
              },
              "count": 1
            } ]
          } ]
        } ]
      } ],
      "evaluatedResource": [ {
        "reference": "Patient/8980b94a-4c69-4ca2-8546-c5a586cb6aba"
      }, {
        "reference": "Encounter/2f6bcb8e-4312-4724-bfa7-c5c5114da9b9"
      } ]
    },
    "request": {
      "method": "PUT",
      "url": "MeasureReport/689a2da7-2184-4358-995a-15fc816e9ebf"
    }
  } ]
}