{
  "resourceType": "Bundle",
  "id": "62fc1dcfc4f1a6ed8db31c2b",
  "type": "transaction",
  "entry": [ {
    "fullUrl": "https://madie.cms.gov/Patient/8835a50b-0a0f-4e2f-94fa-7c180cd7f905",
    "resource": {
      "resourceType": "Patient",
      "id": "8835a50b-0a0f-4e2f-94fa-7c180cd7f905",
      "meta": {
        "profile": [ "http://hl7.org/fhir/us/qicore/StructureDefinition/qicore-patient" ]
      },
      "extension": [ {
        "url": "http://hl7.org/fhir/us/core/StructureDefinition/us-core-race",
        "extension": [ {
          "url": "ombCategory",
          "valueCoding": {
            "system": "urn:oid:2.16.840.1.113883.6.238",
            "code": "2106-3",
            "display": "White",
            "userSelected": true
          }
        }, {
          "url": "text",
          "valueString": "White"
        } ]
      }, {
        "url": "http://hl7.org/fhir/us/core/StructureDefinition/us-core-ethnicity",
        "extension": [ {
          "url": "ombCategory",
          "valueCoding": {
            "system": "urn:oid:2.16.840.1.113883.6.238",
            "code": "2186-5",
            "display": "Not Hispanic or Latino",
            "userSelected": true
          }
        }, {
          "url": "text",
          "valueString": "Not Hispanic or Latino"
        } ]
      } ],
      "identifier": [ {
        "type": {
          "coding": [ {
            "system": "http://terminology.hl7.org/CodeSystem/v2-0203",
            "code": "MR"
          } ]
        },
        "system": "https://bonnie-fhir.healthit.gov/",
        "value": "62fc1dcfc4f1a6ed8db31c2b"
      } ],
      "name": [ {
        "family": "NUMERPass",
        "given": [ "LowBMIAndInterventionOrderedCondition2" ]
      } ],
      "gender": "unknown",
      "birthDate": "1957-11-07"
    },
    "request": {
      "method": "PUT",
      "url": "Patient/8835a50b-0a0f-4e2f-94fa-7c180cd7f905"
    }
  }, {
    "fullUrl": "https://madie.cms.gov/Encounter/c179e46a-c1fb-42f3-aba5-815331c2e6e1",
    "resource": {
      "resourceType": "Encounter",
      "id": "c179e46a-c1fb-42f3-aba5-815331c2e6e1",
      "meta": {
        "profile": [ "http://hl7.org/fhir/us/qicore/StructureDefinition/qicore-encounter" ]
      },
      "status": "finished",
      "class": {
        "system": "http://terminology.hl7.org/CodeSystem/v3-ActCode",
        "code": "AMB",
        "display": "ambulatory"
      },
      "type": [ {
        "coding": [ {
          "system": "http://snomed.info/sct",
          "version": "2022-03",
          "code": "10197000",
          "display": "Psychiatric interview and evaluation (procedure)",
          "userSelected": true
        } ]
      } ],
      "subject": {
        "reference": "Patient/8835a50b-0a0f-4e2f-94fa-7c180cd7f905"
      },
      "period": {
        "start": "2026-06-15T08:00:00.000+00:00",
        "end": "2026-06-15T08:15:00.000+00:00"
      }
    },
    "request": {
      "method": "PUT",
      "url": "Encounter/c179e46a-c1fb-42f3-aba5-815331c2e6e1"
    }
  }, {
    "fullUrl": "https://madie.cms.gov/Observation/ce4a23bc-bc97-43e6-a22f-9ce7bf24bdb0",
    "resource": {
      "resourceType": "Observation",
      "id": "ce4a23bc-bc97-43e6-a22f-9ce7bf24bdb0",
      "meta": {
        "profile": [ "http://hl7.org/fhir/us/core/StructureDefinition/us-core-bmi" ]
      },
      "status": "final",
      "category": [ {
        "coding": [ {
          "system": "http://terminology.hl7.org/CodeSystem/observation-category",
          "code": "vital-signs",
          "display": "Vital Signs"
        } ]
      } ],
      "code": {
        "coding": [ {
          "system": "http://loinc.org",
          "code": "39156-5",
          "display": "Body mass index (BMI) [Ratio]",
          "userSelected": true
        } ]
      },
      "subject": {
        "reference": "Patient/8835a50b-0a0f-4e2f-94fa-7c180cd7f905"
      },
      "effectiveDateTime": "2026-06-15T08:05:00.000+00:00",
      "valueQuantity": {
        "value": 17,
        "unit": "kg/m2",
        "system": "http://unitsofmeasure.org",
        "code": "kg/m2"
      }
    },
    "request": {
      "method": "PUT",
      "url": "Observation/ce4a23bc-bc97-43e6-a22f-9ce7bf24bdb0"
    }
  }, {
    "fullUrl": "https://madie.cms.gov/Condition/3f71b553-c1fd-4237-a96d-127578a30c96",
    "resource": {
      "resourceType": "Condition",
      "id": "3f71b553-c1fd-4237-a96d-127578a30c96",
      "meta": {
        "profile": [ "http://hl7.org/fhir/us/qicore/StructureDefinition/qicore-condition-problems-health-concerns" ]
      },
      "clinicalStatus": {
        "coding": [ {
          "system": "http://terminology.hl7.org/CodeSystem/condition-clinical",
          "code": "recurrence",
          "display": "recurrence",
          "userSelected": true
        } ]
      },
      "category": [ {
        "coding": [ {
          "system": "http://hl7.org/fhir/us/core/CodeSystem/condition-category",
          "code": "health-concern",
          "display": "Health Concern"
        }, {
          "system": "http://snomed.info/sct",
          "code": "439401001",
          "display": "Diagnosis"
        } ]
      } ],
      "code": {
        "coding": [ {
          "system": "http://snomed.info/sct",
          "version": "2022-03",
          "code": "248342006",
          "display": "Underweight (finding)",
          "userSelected": true
        } ]
      },
      "subject": {
        "reference": "Patient/8835a50b-0a0f-4e2f-94fa-7c180cd7f905"
      },
      "onsetDateTime": "2021-11-30T08:00:00.000+00:00"
    },
    "request": {
      "method": "PUT",
      "url": "Condition/3f71b553-c1fd-4237-a96d-127578a30c96"
    }
  }, {
    "fullUrl": "https://madie.cms.gov/ServiceRequest/9d1c897f-c15c-4237-ae57-9cbccf383592",
    "resource": {
      "resourceType": "ServiceRequest",
      "id": "9d1c897f-c15c-4237-ae57-9cbccf383592",
      "meta": {
        "profile": [ "http://hl7.org/fhir/us/qicore/StructureDefinition/qicore-servicerequest" ]
      },
      "status": "completed",
      "intent": "order",
      "code": {
        "coding": [ {
          "system": "http://snomed.info/sct",
          "version": "2022-03",
          "code": "183515008",
          "display": "Referral to physician (procedure)",
          "userSelected": true
        } ]
      },
      "subject": {
        "reference": "Patient/8835a50b-0a0f-4e2f-94fa-7c180cd7f905"
      },
      "authoredOn": "2026-08-16T08:00:00.000+00:00"
    },
    "request": {
      "method": "PUT",
      "url": "ServiceRequest/9d1c897f-c15c-4237-ae57-9cbccf383592"
    }
  }, {
    "fullUrl": "https://madie.cms.gov/Coverage/43a15b37-e534-4d69-9df5-9af8e368589c",
    "resource": {
      "resourceType": "Coverage",
      "id": "43a15b37-e534-4d69-9df5-9af8e368589c",
      "meta": {
        "profile": [ "http://hl7.org/fhir/us/qicore/StructureDefinition/qicore-coverage" ]
      },
      "status": "active",
      "beneficiary": {
        "reference": "Patient/8835a50b-0a0f-4e2f-94fa-7c180cd7f905"
      },
      "payor": [ {
        "reference": "Organization/25b41f0d-3dc4-4b6b-a1e3-3c1261b7ab8a"
      } ]
    },
    "request": {
      "method": "PUT",
      "url": "Coverage/43a15b37-e534-4d69-9df5-9af8e368589c"
    }
  }, {
    "fullUrl": "https://madie.cms.gov/Organization/25b41f0d-3dc4-4b6b-a1e3-3c1261b7ab8a",
    "resource": {
      "resourceType": "Organization",
      "id": "25b41f0d-3dc4-4b6b-a1e3-3c1261b7ab8a",
      "meta": {
        "profile": [ "http://hl7.org/fhir/us/qicore/StructureDefinition/qicore-organization" ]
      },
      "identifier": [ {
        "use": "temp",
        "system": "urn:oid:2.16.840.1.113883.4.4",
        "value": "21-3259825"
      } ],
      "active": true,
      "type": [ {
        "coding": [ {
          "system": "http://terminology.hl7.org/CodeSystem/organization-type",
          "code": "pay",
          "display": "Payer"
        } ]
      } ],
      "name": "Blue Cross Blue Shield of Texas",
      "telecom": [ {
        "system": "phone",
        "value": "(+1) 972-766-6900"
      } ],
      "address": [ {
        "use": "billing",
        "type": "postal",
        "line": [ "P.O. Box 660044" ],
        "city": "Dallas",
        "state": "TX",
        "postalCode": "75266-0044",
        "country": "USA"
      } ]
    },
    "request": {
      "method": "PUT",
      "url": "Organization/25b41f0d-3dc4-4b6b-a1e3-3c1261b7ab8a"
    }
  }, {
    "fullUrl": "https://madie.cms.gov/MeasureReport/7b2a36f7-cefd-48fc-b9fc-47c0109ef722",
    "resource": {
      "resourceType": "MeasureReport",
      "id": "7b2a36f7-cefd-48fc-b9fc-47c0109ef722",
      "meta": {
        "profile": [ "http://hl7.org/fhir/us/cqfmeasures/StructureDefinition/test-case-cqfm" ]
      },
      "contained": [ {
        "resourceType": "Parameters",
        "id": "6817373f-59bb-4d24-93d9-d4651d75e6e6-parameters",
        "parameter": [ {
          "name": "subject",
          "valueString": "8835a50b-0a0f-4e2f-94fa-7c180cd7f905"
        } ]
      } ],
      "extension": [ {
        "url": "http://hl7.org/fhir/StructureDefinition/cqf-inputParameters",
        "valueReference": {
          "reference": "#6817373f-59bb-4d24-93d9-d4651d75e6e6-parameters"
        }
      }, {
        "url": "http://hl7.org/fhir/us/cqfmeasures/StructureDefinition/cqfm-testCaseDescription",
        "valueMarkdown": "Adult, ambulatory enc., Low BMI at 17 kg/m2, condition \"underweight\" documented - recurrence with referral ordered "
      } ],
      "modifierExtension": [ {
        "url": "http://hl7.org/fhir/us/cqfmeasures/StructureDefinition/cqfm-isTestCase",
        "valueBoolean": true
      } ],
      "status": "complete",
      "type": "individual",
      "measure": "https://madie.cms.gov/Measure/CMS69FHIRPCSBMIScreenAndFollowUp",
      "period": {
        "start": "2026-01-01",
        "end": "2026-12-31"
      },
      "group": [ {
        "id": "Group_1",
        "population": [ {
          "id": "InitialPopulation_1",
          "code": {
            "coding": [ {
              "system": "http://terminology.hl7.org/CodeSystem/measure-population",
              "code": "initial-population",
              "display": "Initial Population"
            } ]
          },
          "count": 1
        }, {
          "id": "Denominator_1",
          "code": {
            "coding": [ {
              "system": "http://terminology.hl7.org/CodeSystem/measure-population",
              "code": "denominator",
              "display": "Denominator"
            } ]
          },
          "count": 1
        }, {
          "id": "DenominatorExclusion_1",
          "code": {
            "coding": [ {
              "system": "http://terminology.hl7.org/CodeSystem/measure-population",
              "code": "denominator-exclusion",
              "display": "Denominator Exclusion"
            } ]
          },
          "count": 0
        }, {
          "id": "Numerator_1",
          "code": {
            "coding": [ {
              "system": "http://terminology.hl7.org/CodeSystem/measure-population",
              "code": "numerator",
              "display": "Numerator"
            } ]
          },
          "count": 1
        }, {
          "id": "DenominatorException_1",
          "code": {
            "coding": [ {
              "system": "http://terminology.hl7.org/CodeSystem/measure-population",
              "code": "denominator-exception",
              "display": "Denominator Exception"
            } ]
          },
          "count": 0
        } ],
        "measureScore": {
          "value": 1.0
        }
      } ],
      "evaluatedResource": [ {
        "reference": "Patient/8835a50b-0a0f-4e2f-94fa-7c180cd7f905"
      }, {
        "reference": "Encounter/c179e46a-c1fb-42f3-aba5-815331c2e6e1"
      }, {
        "reference": "Observation/ce4a23bc-bc97-43e6-a22f-9ce7bf24bdb0"
      }, {
        "reference": "Condition/3f71b553-c1fd-4237-a96d-127578a30c96"
      }, {
        "reference": "ServiceRequest/9d1c897f-c15c-4237-ae57-9cbccf383592"
      }, {
        "reference": "Coverage/43a15b37-e534-4d69-9df5-9af8e368589c"
      }, {
        "reference": "Organization/25b41f0d-3dc4-4b6b-a1e3-3c1261b7ab8a"
      } ]
    },
    "request": {
      "method": "PUT",
      "url": "MeasureReport/7b2a36f7-cefd-48fc-b9fc-47c0109ef722"
    }
  } ]
}