{
  "resourceType": "Bundle",
  "id": "98116841646686466847",
  "type": "transaction",
  "entry": [ {
    "fullUrl": "https://madie.cms.gov/Patient/c907e077-c924-4198-b5ab-69799d4f9ab6",
    "resource": {
      "resourceType": "Patient",
      "id": "c907e077-c924-4198-b5ab-69799d4f9ab6",
      "meta": {
        "profile": [ "http://hl7.org/fhir/us/qicore/StructureDefinition/qicore-patient" ]
      },
      "extension": [ {
        "url": "http://hl7.org/fhir/us/core/StructureDefinition/us-core-race",
        "extension": [ {
          "url": "ombCategory",
          "valueCoding": {
            "system": "urn:oid:2.16.840.1.113883.6.238",
            "code": "2106-3",
            "display": "White"
          }
        }, {
          "url": "text",
          "valueString": "White"
        } ]
      }, {
        "url": "http://hl7.org/fhir/us/core/StructureDefinition/us-core-ethnicity",
        "extension": [ {
          "url": "ombCategory",
          "valueCoding": {
            "system": "urn:oid:2.16.840.1.113883.6.238",
            "code": "2186-5",
            "display": "Not Hispanic or Latino"
          }
        }, {
          "url": "text",
          "valueString": "Not Hispanic or Latino"
        } ]
      } ],
      "identifier": [ {
        "type": {
          "coding": [ {
            "system": "http://terminology.hl7.org/CodeSystem/v2-0203",
            "code": "MR"
          } ]
        },
        "system": "https://bonnie-fhir.healthit.gov/",
        "value": "64613165130351651651"
      } ],
      "name": [ {
        "family": "DENEXPopStrat1Pass",
        "given": [ "HospiceDiagnosis" ]
      } ],
      "gender": "female",
      "birthDate": "2011-01-01"
    },
    "request": {
      "method": "PUT",
      "url": "Patient/c907e077-c924-4198-b5ab-69799d4f9ab6"
    }
  }, {
    "fullUrl": "https://madie.cms.gov/Encounter/bbcb271b-0a62-4c8d-bf5d-94cdba91cfd3",
    "resource": {
      "resourceType": "Encounter",
      "id": "bbcb271b-0a62-4c8d-bf5d-94cdba91cfd3",
      "meta": {
        "profile": [ "http://hl7.org/fhir/us/qicore/StructureDefinition/qicore-encounter" ]
      },
      "status": "finished",
      "class": {
        "system": "http://terminology.hl7.org/CodeSystem/v3-ActCode",
        "code": "AMB",
        "display": "ambulatory"
      },
      "type": [ {
        "coding": [ {
          "system": "http://www.ama-assn.org/go/cpt",
          "version": "2024",
          "code": "90791"
        } ]
      } ],
      "subject": {
        "reference": "Patient/c907e077-c924-4198-b5ab-69799d4f9ab6"
      },
      "period": {
        "start": "2025-02-25T14:30:00+00:00",
        "end": "2025-02-25T14:50:00+00:00"
      },
      "length": {
        "value": 0,
        "unit": "days"
      }
    },
    "request": {
      "method": "PUT",
      "url": "Encounter/bbcb271b-0a62-4c8d-bf5d-94cdba91cfd3"
    }
  }, {
    "fullUrl": "https://madie.cms.gov/Observation/a302dfef-d211-4dab-bf7f-ad656abb71c2",
    "resource": {
      "resourceType": "Observation",
      "id": "a302dfef-d211-4dab-bf7f-ad656abb71c2",
      "meta": {
        "profile": [ "http://hl7.org/fhir/us/qicore/StructureDefinition/qicore-observation-screening-assessment" ]
      },
      "status": "final",
      "category": [ {
        "coding": [ {
          "system": "http://terminology.hl7.org/CodeSystem/observation-category",
          "code": "survey",
          "display": "Survey"
        } ]
      } ],
      "code": {
        "coding": [ {
          "system": "http://loinc.org",
          "version": "2.76",
          "code": "44261-6"
        } ]
      },
      "subject": {
        "reference": "Patient/c907e077-c924-4198-b5ab-69799d4f9ab6"
      },
      "effectiveDateTime": "2025-02-25T14:35:00+00:00",
      "valueInteger": 10
    },
    "request": {
      "method": "PUT",
      "url": "Observation/a302dfef-d211-4dab-bf7f-ad656abb71c2"
    }
  }, {
    "fullUrl": "https://madie.cms.gov/Observation/adf188f5-9dca-47a3-aec9-a002a2feaed7",
    "resource": {
      "resourceType": "Observation",
      "id": "adf188f5-9dca-47a3-aec9-a002a2feaed7",
      "meta": {
        "profile": [ "http://hl7.org/fhir/us/qicore/StructureDefinition/qicore-observation-screening-assessment" ]
      },
      "status": "final",
      "category": [ {
        "coding": [ {
          "system": "http://terminology.hl7.org/CodeSystem/observation-category",
          "code": "survey",
          "display": "Survey"
        } ]
      } ],
      "code": {
        "coding": [ {
          "system": "http://loinc.org",
          "version": "2.76",
          "code": "44261-6"
        } ]
      },
      "subject": {
        "reference": "Patient/c907e077-c924-4198-b5ab-69799d4f9ab6"
      },
      "effectiveDateTime": "2026-02-19T14:30:00+00:00",
      "valueInteger": 3
    },
    "request": {
      "method": "PUT",
      "url": "Observation/adf188f5-9dca-47a3-aec9-a002a2feaed7"
    }
  }, {
    "fullUrl": "https://madie.cms.gov/Condition/244dae20-1c59-43f3-a489-b937b5a94fd0",
    "resource": {
      "resourceType": "Condition",
      "id": "244dae20-1c59-43f3-a489-b937b5a94fd0",
      "meta": {
        "profile": [ "http://hl7.org/fhir/us/qicore/StructureDefinition/qicore-condition-encounter-diagnosis" ]
      },
      "clinicalStatus": {
        "coding": [ {
          "system": "http://terminology.hl7.org/CodeSystem/condition-clinical",
          "code": "active",
          "display": "active"
        } ]
      },
      "verificationStatus": {
        "coding": [ {
          "system": "http://terminology.hl7.org/CodeSystem/condition-ver-status",
          "code": "confirmed"
        } ]
      },
      "category": [ {
        "coding": [ {
          "system": "http://terminology.hl7.org/CodeSystem/condition-category",
          "code": "encounter-diagnosis",
          "display": "Encounter Diagnosis"
        } ]
      } ],
      "code": {
        "coding": [ {
          "system": "http://snomed.info/sct",
          "version": "http://snomed.info/sct/731000124108/version/20230901",
          "code": "170935008",
          "display": "Full care by hospice (finding)"
        } ]
      },
      "subject": {
        "reference": "Patient/c907e077-c924-4198-b5ab-69799d4f9ab6"
      },
      "onsetDateTime": "2025-02-25T14:35:00+00:00"
    },
    "request": {
      "method": "PUT",
      "url": "Condition/244dae20-1c59-43f3-a489-b937b5a94fd0"
    }
  }, {
    "fullUrl": "https://madie.cms.gov/Condition/3cc358e8-d214-4be3-90a6-a4f807427b9b",
    "resource": {
      "resourceType": "Condition",
      "id": "3cc358e8-d214-4be3-90a6-a4f807427b9b",
      "meta": {
        "profile": [ "http://hl7.org/fhir/us/qicore/StructureDefinition/qicore-condition-problems-health-concerns" ]
      },
      "clinicalStatus": {
        "coding": [ {
          "system": "http://terminology.hl7.org/CodeSystem/condition-clinical",
          "code": "active",
          "display": "active"
        } ]
      },
      "verificationStatus": {
        "coding": [ {
          "system": "http://terminology.hl7.org/CodeSystem/condition-ver-status",
          "code": "confirmed"
        } ]
      },
      "category": [ {
        "coding": [ {
          "system": "http://terminology.hl7.org/CodeSystem/condition-category",
          "code": "problem-list-item",
          "display": "Problem List Item"
        } ]
      } ],
      "code": {
        "coding": [ {
          "system": "http://hl7.org/fhir/sid/icd-10-cm",
          "version": "2024",
          "code": "F32.9"
        } ]
      },
      "subject": {
        "reference": "Patient/c907e077-c924-4198-b5ab-69799d4f9ab6"
      },
      "onsetDateTime": "2025-02-25T14:35:00+00:00"
    },
    "request": {
      "method": "PUT",
      "url": "Condition/3cc358e8-d214-4be3-90a6-a4f807427b9b"
    }
  }, {
    "fullUrl": "https://madie.cms.gov/MeasureReport/58925935-c286-435a-abd8-6845c58edd67",
    "resource": {
      "resourceType": "MeasureReport",
      "id": "58925935-c286-435a-abd8-6845c58edd67",
      "meta": {
        "profile": [ "http://hl7.org/fhir/us/cqfmeasures/StructureDefinition/test-case-cqfm" ]
      },
      "contained": [ {
        "resourceType": "Parameters",
        "id": "cbe21661-1c65-4d8c-ab99-701cc63498e1-parameters",
        "parameter": [ {
          "name": "subject",
          "valueString": "c907e077-c924-4198-b5ab-69799d4f9ab6"
        } ]
      } ],
      "extension": [ {
        "url": "http://hl7.org/fhir/StructureDefinition/cqf-inputParameters",
        "valueReference": {
          "reference": "#cbe21661-1c65-4d8c-ab99-701cc63498e1-parameters"
        }
      }, {
        "url": "http://hl7.org/fhir/us/cqfmeasures/StructureDefinition/cqfm-testCaseDescription",
        "valueMarkdown": "Patient has a Major Depressive Dx and PHQ-9>9 during the denom ID period. Patient has Hospice Encounter Diagnosis during start of denom ID and end of measure assessment period. Should be in denom exclusion for Strat 1. Note: Stratification issue. "
      } ],
      "modifierExtension": [ {
        "url": "http://hl7.org/fhir/us/cqfmeasures/StructureDefinition/cqfm-isTestCase",
        "valueBoolean": true
      } ],
      "status": "complete",
      "type": "individual",
      "measure": "https://madie.cms.gov/Measure/CMS159FHIRDepressionRemissionatTwelveMonths",
      "period": {
        "start": "2026-01-01",
        "end": "2026-12-31"
      },
      "group": [ {
        "id": "Group_1",
        "population": [ {
          "id": "InitialPopulation_1",
          "code": {
            "coding": [ {
              "system": "http://terminology.hl7.org/CodeSystem/measure-population",
              "code": "initial-population",
              "display": "Initial Population"
            } ]
          },
          "count": 1
        }, {
          "id": "Denominator_1",
          "code": {
            "coding": [ {
              "system": "http://terminology.hl7.org/CodeSystem/measure-population",
              "code": "denominator",
              "display": "Denominator"
            } ]
          },
          "count": 1
        }, {
          "id": "DenominatorExclusion_1",
          "code": {
            "coding": [ {
              "system": "http://terminology.hl7.org/CodeSystem/measure-population",
              "code": "denominator-exclusion",
              "display": "Denominator Exclusion"
            } ]
          },
          "count": 1
        }, {
          "id": "Numerator_1",
          "code": {
            "coding": [ {
              "system": "http://terminology.hl7.org/CodeSystem/measure-population",
              "code": "numerator",
              "display": "Numerator"
            } ]
          },
          "count": 0
        } ],
        "measureScore": {
          "value": 1.0
        }
      } ],
      "evaluatedResource": [ {
        "reference": "Patient/c907e077-c924-4198-b5ab-69799d4f9ab6"
      }, {
        "reference": "Encounter/bbcb271b-0a62-4c8d-bf5d-94cdba91cfd3"
      }, {
        "reference": "Observation/a302dfef-d211-4dab-bf7f-ad656abb71c2"
      }, {
        "reference": "Observation/adf188f5-9dca-47a3-aec9-a002a2feaed7"
      }, {
        "reference": "Condition/244dae20-1c59-43f3-a489-b937b5a94fd0"
      }, {
        "reference": "Condition/3cc358e8-d214-4be3-90a6-a4f807427b9b"
      } ]
    },
    "request": {
      "method": "PUT",
      "url": "MeasureReport/58925935-c286-435a-abd8-6845c58edd67"
    }
  } ]
}