{
  "resourceType": "Bundle",
  "id": "64270cbea7ffa60ebe02488f",
  "type": "transaction",
  "entry": [ {
    "fullUrl": "https://madie.cms.gov/Patient/980e3550-6c75-4c4d-a64d-0657107e7cec",
    "resource": {
      "resourceType": "Patient",
      "id": "980e3550-6c75-4c4d-a64d-0657107e7cec",
      "meta": {
        "profile": [ "http://hl7.org/fhir/us/qicore/StructureDefinition/qicore-patient" ]
      },
      "extension": [ {
        "url": "http://hl7.org/fhir/us/core/StructureDefinition/us-core-race",
        "extension": [ {
          "url": "ombCategory",
          "valueCoding": {
            "system": "urn:oid:2.16.840.1.113883.6.238",
            "code": "2106-3",
            "display": "White",
            "userSelected": true
          }
        }, {
          "url": "text",
          "valueString": "White"
        } ]
      }, {
        "url": "http://hl7.org/fhir/us/core/StructureDefinition/us-core-ethnicity",
        "extension": [ {
          "url": "ombCategory",
          "valueCoding": {
            "system": "urn:oid:2.16.840.1.113883.6.238",
            "code": "2135-2",
            "display": "Hispanic or Latino",
            "userSelected": true
          }
        }, {
          "url": "text",
          "valueString": "Hispanic or Latino"
        } ]
      } ],
      "identifier": [ {
        "type": {
          "coding": [ {
            "system": "http://terminology.hl7.org/CodeSystem/v2-0203",
            "code": "MR"
          } ]
        },
        "system": "https://goodhealth.healthit.gov/",
        "value": "64270cbea7ffa60ebe02488f"
      } ],
      "name": [ {
        "family": "IPPass",
        "given": [ "DementiaDxOnset1MinB4EncEdge" ]
      } ],
      "gender": "male",
      "birthDate": "1969-03-02"
    },
    "request": {
      "method": "PUT",
      "url": "Patient/980e3550-6c75-4c4d-a64d-0657107e7cec"
    }
  }, {
    "fullUrl": "https://madie.cms.gov/Condition/dd8fe4cd-6847-4522-93c3-05ed7eebfef3",
    "resource": {
      "resourceType": "Condition",
      "id": "dd8fe4cd-6847-4522-93c3-05ed7eebfef3",
      "meta": {
        "profile": [ "http://hl7.org/fhir/us/qicore/StructureDefinition/qicore-condition-problems-health-concerns" ]
      },
      "clinicalStatus": {
        "coding": [ {
          "system": "http://terminology.hl7.org/CodeSystem/condition-clinical",
          "code": "active",
          "display": "Active",
          "userSelected": true
        } ]
      },
      "verificationStatus": {
        "coding": [ {
          "system": "http://terminology.hl7.org/CodeSystem/condition-ver-status",
          "code": "confirmed",
          "display": "Confirmed",
          "userSelected": true
        } ]
      },
      "category": [ {
        "coding": [ {
          "system": "http://terminology.hl7.org/CodeSystem/condition-category",
          "code": "encounter-diagnosis",
          "display": "Encounter Diagnosis",
          "userSelected": true
        } ]
      } ],
      "code": {
        "coding": [ {
          "system": "http://snomed.info/sct",
          "version": "http://snomed.info/sct/731000124108/version/20230301",
          "code": "10532003",
          "display": "Primary degenerative dementia of the Alzheimer type, presenile onset, with depression (disorder)"
        } ]
      },
      "subject": {
        "reference": "Patient/980e3550-6c75-4c4d-a64d-0657107e7cec"
      },
      "onsetPeriod": {
        "start": "2026-07-15T08:34:00.000+00:00"
      }
    },
    "request": {
      "method": "PUT",
      "url": "Condition/dd8fe4cd-6847-4522-93c3-05ed7eebfef3"
    }
  }, {
    "fullUrl": "https://madie.cms.gov/Encounter/37dfc2eb-f0f2-4853-a451-92ae6e42565e",
    "resource": {
      "resourceType": "Encounter",
      "id": "37dfc2eb-f0f2-4853-a451-92ae6e42565e",
      "meta": {
        "profile": [ "http://hl7.org/fhir/us/qicore/StructureDefinition/qicore-encounter" ]
      },
      "status": "finished",
      "class": {
        "system": "http://terminology.hl7.org/CodeSystem/v3-ActCode",
        "code": "AMB",
        "display": "ambulatory",
        "userSelected": true
      },
      "type": [ {
        "coding": [ {
          "system": "http://www.ama-assn.org/go/cpt",
          "version": "2023",
          "code": "99212",
          "userSelected": true
        } ]
      } ],
      "subject": {
        "reference": "Patient/980e3550-6c75-4c4d-a64d-0657107e7cec"
      },
      "period": {
        "start": "2026-03-02T08:00:00.000+00:00",
        "end": "2026-03-02T08:35:00.000+00:00"
      }
    },
    "request": {
      "method": "PUT",
      "url": "Encounter/37dfc2eb-f0f2-4853-a451-92ae6e42565e"
    }
  }, {
    "fullUrl": "https://madie.cms.gov/Encounter/93dd45de-7bb2-477c-89f2-8a10bbc58132",
    "resource": {
      "resourceType": "Encounter",
      "id": "93dd45de-7bb2-477c-89f2-8a10bbc58132",
      "meta": {
        "profile": [ "http://hl7.org/fhir/us/qicore/StructureDefinition/qicore-encounter" ]
      },
      "status": "finished",
      "class": {
        "system": "http://terminology.hl7.org/CodeSystem/v3-ActCode",
        "code": "AMB",
        "display": "ambulatory",
        "userSelected": true
      },
      "type": [ {
        "coding": [ {
          "system": "http://www.ama-assn.org/go/cpt",
          "version": "2023",
          "code": "90834",
          "userSelected": true
        } ]
      } ],
      "subject": {
        "reference": "Patient/980e3550-6c75-4c4d-a64d-0657107e7cec"
      },
      "period": {
        "start": "2026-07-15T08:00:00.000+00:00",
        "end": "2026-07-15T08:35:00.000+00:00"
      }
    },
    "request": {
      "method": "PUT",
      "url": "Encounter/93dd45de-7bb2-477c-89f2-8a10bbc58132"
    }
  }, {
    "fullUrl": "https://madie.cms.gov/MeasureReport/bd40e7ac-f96a-4416-b451-85f8ce495343",
    "resource": {
      "resourceType": "MeasureReport",
      "id": "bd40e7ac-f96a-4416-b451-85f8ce495343",
      "meta": {
        "profile": [ "http://hl7.org/fhir/us/cqfmeasures/StructureDefinition/test-case-cqfm" ]
      },
      "contained": [ {
        "resourceType": "Parameters",
        "id": "0a5526f6-e11b-48d9-8e3d-4a2983141161-parameters",
        "parameter": [ {
          "name": "subject",
          "valueString": "980e3550-6c75-4c4d-a64d-0657107e7cec"
        } ]
      } ],
      "extension": [ {
        "url": "http://hl7.org/fhir/StructureDefinition/cqf-inputParameters",
        "valueReference": {
          "reference": "#0a5526f6-e11b-48d9-8e3d-4a2983141161-parameters"
        }
      }, {
        "url": "http://hl7.org/fhir/us/cqfmeasures/StructureDefinition/cqfm-testCaseDescription",
        "valueMarkdown": "Patient with two qualifying Encounter visits (Psych Visit Psychotherapy; Office Visit) and with Dementia Diagnosis onset 1 minute before end of encounter"
      } ],
      "modifierExtension": [ {
        "url": "http://hl7.org/fhir/us/cqfmeasures/StructureDefinition/cqfm-isTestCase",
        "valueBoolean": true
      } ],
      "status": "complete",
      "type": "individual",
      "measure": "https://madie.cms.gov/Measure/CMS149FHIRDementiaCognitiveAssessment",
      "period": {
        "start": "2026-01-01",
        "end": "2026-12-31"
      },
      "group": [ {
        "id": "Group_1",
        "population": [ {
          "id": "InitialPopulation_1",
          "code": {
            "coding": [ {
              "system": "http://terminology.hl7.org/CodeSystem/measure-population",
              "code": "initial-population",
              "display": "Initial Population"
            } ]
          },
          "count": 1
        }, {
          "id": "Denominator_1",
          "code": {
            "coding": [ {
              "system": "http://terminology.hl7.org/CodeSystem/measure-population",
              "code": "denominator",
              "display": "Denominator"
            } ]
          },
          "count": 1
        }, {
          "id": "Numerator_1",
          "code": {
            "coding": [ {
              "system": "http://terminology.hl7.org/CodeSystem/measure-population",
              "code": "numerator",
              "display": "Numerator"
            } ]
          },
          "count": 0
        }, {
          "id": "DenominatorException_1",
          "code": {
            "coding": [ {
              "system": "http://terminology.hl7.org/CodeSystem/measure-population",
              "code": "denominator-exception",
              "display": "Denominator Exception"
            } ]
          },
          "count": 0
        } ],
        "measureScore": {
          "value": 1.0
        }
      } ],
      "evaluatedResource": [ {
        "reference": "Patient/980e3550-6c75-4c4d-a64d-0657107e7cec"
      }, {
        "reference": "Condition/dd8fe4cd-6847-4522-93c3-05ed7eebfef3"
      }, {
        "reference": "Encounter/37dfc2eb-f0f2-4853-a451-92ae6e42565e"
      }, {
        "reference": "Encounter/93dd45de-7bb2-477c-89f2-8a10bbc58132"
      } ]
    },
    "request": {
      "method": "PUT",
      "url": "MeasureReport/bd40e7ac-f96a-4416-b451-85f8ce495343"
    }
  } ]
}