{
  "resourceType": "Bundle",
  "id": "62fd4b660968f8012246b012",
  "type": "transaction",
  "entry": [ {
    "fullUrl": "https://madie.cms.gov/Patient/b20c7bc3-8545-4807-8212-5fb687463efc",
    "resource": {
      "resourceType": "Patient",
      "id": "b20c7bc3-8545-4807-8212-5fb687463efc",
      "meta": {
        "profile": [ "http://hl7.org/fhir/us/qicore/StructureDefinition/qicore-patient" ]
      },
      "extension": [ {
        "url": "http://hl7.org/fhir/us/core/StructureDefinition/us-core-race",
        "extension": [ {
          "url": "ombCategory",
          "valueCoding": {
            "system": "urn:oid:2.16.840.1.113883.6.238",
            "code": "2028-9",
            "display": "Asian",
            "userSelected": true
          }
        }, {
          "url": "text",
          "valueString": "Asian"
        } ]
      }, {
        "url": "http://hl7.org/fhir/us/core/StructureDefinition/us-core-ethnicity",
        "extension": [ {
          "url": "ombCategory",
          "valueCoding": {
            "system": "urn:oid:2.16.840.1.113883.6.238",
            "code": "2186-5",
            "display": "Not Hispanic or Latino",
            "userSelected": true
          }
        }, {
          "url": "text",
          "valueString": "Not Hispanic or Latino"
        } ]
      } ],
      "identifier": [ {
        "type": {
          "coding": [ {
            "system": "http://terminology.hl7.org/CodeSystem/v2-0203",
            "code": "MR"
          } ]
        },
        "system": "https://bonnie-fhir.healthit.gov/",
        "value": "62fd4b660968f8012246b012"
      } ],
      "name": [ {
        "family": "DenomPass",
        "given": [ "EncAndReferralDuringPeriods" ]
      } ],
      "gender": "female",
      "birthDate": "1989-11-29"
    },
    "request": {
      "method": "PUT",
      "url": "Patient/b20c7bc3-8545-4807-8212-5fb687463efc"
    }
  }, {
    "fullUrl": "https://madie.cms.gov/ServiceRequest/bcf001c0-392f-4fb8-9b8f-dd95a1dc9835",
    "resource": {
      "resourceType": "ServiceRequest",
      "id": "bcf001c0-392f-4fb8-9b8f-dd95a1dc9835",
      "meta": {
        "profile": [ "http://hl7.org/fhir/us/qicore/StructureDefinition/qicore-servicerequest" ]
      },
      "status": "completed",
      "intent": "order",
      "code": {
        "coding": [ {
          "system": "http://snomed.info/sct",
          "version": "2022-03",
          "code": "103696004",
          "display": "Patient referral to specialist (procedure)",
          "userSelected": true
        } ]
      },
      "subject": {
        "reference": "Patient/b20c7bc3-8545-4807-8212-5fb687463efc"
      },
      "authoredOn": "2026-01-01T00:00:00.000+00:00"
    },
    "request": {
      "method": "PUT",
      "url": "ServiceRequest/bcf001c0-392f-4fb8-9b8f-dd95a1dc9835"
    }
  }, {
    "fullUrl": "https://madie.cms.gov/Encounter/adc267a2-e405-4184-a33d-5edbd44d932f",
    "resource": {
      "resourceType": "Encounter",
      "id": "adc267a2-e405-4184-a33d-5edbd44d932f",
      "meta": {
        "profile": [ "http://hl7.org/fhir/us/qicore/StructureDefinition/qicore-encounter" ]
      },
      "status": "finished",
      "class": {
        "system": "http://terminology.hl7.org/CodeSystem/v3-ActCode",
        "code": "AMB",
        "display": "ambulatory"
      },
      "type": [ {
        "coding": [ {
          "system": "http://www.ama-assn.org/go/cpt",
          "version": "2021",
          "code": "99391",
          "display": "Periodic comprehensive preventive medicine reevaluation and management of an individual including an age and gender appropriate history, examination, counseling/anticipatory guidance/risk factor reduction interventions, and the ordering of laboratory/diagnostic procedures, established patient; infant (age younger than 1 year)",
          "userSelected": true
        } ]
      } ],
      "subject": {
        "reference": "Patient/b20c7bc3-8545-4807-8212-5fb687463efc"
      },
      "period": {
        "start": "2026-01-01T00:00:00.000+00:00",
        "end": "2026-01-01T00:59:00.000+00:00"
      }
    },
    "request": {
      "method": "PUT",
      "url": "Encounter/adc267a2-e405-4184-a33d-5edbd44d932f"
    }
  }, {
    "fullUrl": "https://madie.cms.gov/Coverage/8aa8a2ba-db80-450f-ac1d-fc58b0926ed9",
    "resource": {
      "resourceType": "Coverage",
      "id": "8aa8a2ba-db80-450f-ac1d-fc58b0926ed9",
      "meta": {
        "profile": [ "http://hl7.org/fhir/us/qicore/StructureDefinition/qicore-coverage" ]
      },
      "status": "active",
      "beneficiary": {
        "reference": "Patient/b20c7bc3-8545-4807-8212-5fb687463efc"
      },
      "payor": [ {
        "reference": "Organization/e252de19-4c69-4db5-aa7e-c91e966cdef6"
      } ]
    },
    "request": {
      "method": "PUT",
      "url": "Coverage/8aa8a2ba-db80-450f-ac1d-fc58b0926ed9"
    }
  }, {
    "fullUrl": "https://madie.cms.gov/Organization/e252de19-4c69-4db5-aa7e-c91e966cdef6",
    "resource": {
      "resourceType": "Organization",
      "id": "e252de19-4c69-4db5-aa7e-c91e966cdef6",
      "meta": {
        "profile": [ "http://hl7.org/fhir/us/qicore/StructureDefinition/qicore-organization" ]
      },
      "identifier": [ {
        "use": "temp",
        "system": "urn:oid:2.16.840.1.113883.4.4",
        "value": "21-3259825"
      } ],
      "active": true,
      "type": [ {
        "coding": [ {
          "system": "http://terminology.hl7.org/CodeSystem/organization-type",
          "code": "pay",
          "display": "Payer"
        } ]
      } ],
      "name": "Blue Cross Blue Shield of Texas",
      "telecom": [ {
        "system": "phone",
        "value": "(+1) 972-766-6900"
      } ],
      "address": [ {
        "use": "billing",
        "type": "postal",
        "line": [ "P.O. Box 660044" ],
        "city": "Dallas",
        "state": "TX",
        "postalCode": "75266-0044",
        "country": "USA"
      } ]
    },
    "request": {
      "method": "PUT",
      "url": "Organization/e252de19-4c69-4db5-aa7e-c91e966cdef6"
    }
  }, {
    "fullUrl": "https://madie.cms.gov/Practitioner/49c133b3-4c80-4e1d-89ca-666cb5bd03ab",
    "resource": {
      "resourceType": "Practitioner",
      "id": "49c133b3-4c80-4e1d-89ca-666cb5bd03ab",
      "meta": {
        "profile": [ "http://hl7.org/fhir/us/qicore/StructureDefinition/qicore-practitioner" ]
      },
      "identifier": [ {
        "system": "http://hl7.org/fhir/sid/us-npi",
        "value": "123456"
      } ],
      "name": [ {
        "family": "Evil",
        "prefix": [ "Dr" ]
      } ]
    },
    "request": {
      "method": "PUT",
      "url": "Practitioner/49c133b3-4c80-4e1d-89ca-666cb5bd03ab"
    }
  }, {
    "fullUrl": "https://madie.cms.gov/MeasureReport/a3819941-37fb-432a-82bd-2071ba4b3157",
    "resource": {
      "resourceType": "MeasureReport",
      "id": "a3819941-37fb-432a-82bd-2071ba4b3157",
      "meta": {
        "profile": [ "http://hl7.org/fhir/us/cqfmeasures/StructureDefinition/test-case-cqfm" ]
      },
      "contained": [ {
        "resourceType": "Parameters",
        "id": "778ba7a5-d9f8-4701-855a-6f4439585847-parameters",
        "parameter": [ {
          "name": "subject",
          "valueString": "b20c7bc3-8545-4807-8212-5fb687463efc"
        } ]
      } ],
      "extension": [ {
        "url": "http://hl7.org/fhir/StructureDefinition/cqf-inputParameters",
        "valueReference": {
          "reference": "#778ba7a5-d9f8-4701-855a-6f4439585847-parameters"
        }
      }, {
        "url": "http://hl7.org/fhir/us/cqfmeasures/StructureDefinition/cqfm-testCaseDescription",
        "valueMarkdown": "Encounter during MP status finished Referral Status Completed  Intent Order during Referral period"
      } ],
      "modifierExtension": [ {
        "url": "http://hl7.org/fhir/us/cqfmeasures/StructureDefinition/cqfm-isTestCase",
        "valueBoolean": true
      } ],
      "status": "complete",
      "type": "individual",
      "measure": "https://madie.cms.gov/Measure/CMS50FHIRCRLReceiptofSpecialistReport",
      "period": {
        "start": "2026-01-01",
        "end": "2026-12-31"
      },
      "group": [ {
        "id": "Group_1",
        "population": [ {
          "id": "InitialPopulation_1",
          "code": {
            "coding": [ {
              "system": "http://terminology.hl7.org/CodeSystem/measure-population",
              "code": "initial-population",
              "display": "Initial Population"
            } ]
          },
          "count": 1
        }, {
          "id": "Denominator_1",
          "code": {
            "coding": [ {
              "system": "http://terminology.hl7.org/CodeSystem/measure-population",
              "code": "denominator",
              "display": "Denominator"
            } ]
          },
          "count": 1
        }, {
          "id": "Numerator_1",
          "code": {
            "coding": [ {
              "system": "http://terminology.hl7.org/CodeSystem/measure-population",
              "code": "numerator",
              "display": "Numerator"
            } ]
          },
          "count": 0
        } ],
        "measureScore": {
          "value": 1.0
        }
      } ],
      "evaluatedResource": [ {
        "reference": "Patient/b20c7bc3-8545-4807-8212-5fb687463efc"
      }, {
        "reference": "ServiceRequest/bcf001c0-392f-4fb8-9b8f-dd95a1dc9835"
      }, {
        "reference": "Encounter/adc267a2-e405-4184-a33d-5edbd44d932f"
      }, {
        "reference": "Coverage/8aa8a2ba-db80-450f-ac1d-fc58b0926ed9"
      }, {
        "reference": "Organization/e252de19-4c69-4db5-aa7e-c91e966cdef6"
      }, {
        "reference": "Practitioner/49c133b3-4c80-4e1d-89ca-666cb5bd03ab"
      } ]
    },
    "request": {
      "method": "PUT",
      "url": "MeasureReport/a3819941-37fb-432a-82bd-2071ba4b3157"
    }
  } ]
}