{
  "resourceType": "Bundle",
  "id": "NUMERFail-TwoDTapSameDay",
  "type": "transaction",
  "entry": [ {
    "fullUrl": "https://madie.cms.gov/Patient/6b9e1f1b-90db-42f2-8591-f1a1858ca27a",
    "resource": {
      "resourceType": "Patient",
      "id": "6b9e1f1b-90db-42f2-8591-f1a1858ca27a",
      "meta": {
        "profile": [ "http://hl7.org/fhir/us/qicore/StructureDefinition/qicore-patient" ]
      },
      "extension": [ {
        "url": "http://hl7.org/fhir/us/core/StructureDefinition/us-core-race",
        "extension": [ {
          "url": "ombCategory",
          "valueCoding": {
            "system": "urn:oid:2.16.840.1.113883.6.238",
            "code": "2028-9",
            "display": "Asian"
          }
        }, {
          "url": "text",
          "valueString": "Asian"
        } ]
      }, {
        "url": "http://hl7.org/fhir/us/core/StructureDefinition/us-core-ethnicity",
        "extension": [ {
          "url": "ombCategory",
          "valueCoding": {
            "system": "urn:oid:2.16.840.1.113883.6.238",
            "code": "2135-2",
            "display": "Hispanic or Latino"
          }
        }, {
          "url": "text",
          "valueString": "Hispanic or Latino"
        } ]
      } ],
      "identifier": [ {
        "system": "http://hospital.smarthealthit.org",
        "value": "999999995"
      } ],
      "name": [ {
        "family": "Bertha",
        "given": [ "Betty" ]
      } ],
      "gender": "female",
      "birthDate": "2024-01-01"
    },
    "request": {
      "method": "PUT",
      "url": "Patient/6b9e1f1b-90db-42f2-8591-f1a1858ca27a"
    }
  }, {
    "fullUrl": "https://madie.cms.gov/Encounter/cd3da315-3757-4913-9cfc-e2e5f43b7d75",
    "resource": {
      "resourceType": "Encounter",
      "id": "cd3da315-3757-4913-9cfc-e2e5f43b7d75",
      "meta": {
        "profile": [ "http://hl7.org/fhir/us/qicore/StructureDefinition/qicore-encounter" ]
      },
      "status": "finished",
      "class": {
        "system": "http://terminology.hl7.org/CodeSystem/v3-ActCode",
        "code": "AMB",
        "display": "ambulatory"
      },
      "type": [ {
        "coding": [ {
          "system": "http://snomed.info/sct",
          "code": "185317003",
          "display": "Telephone encounter (procedure)"
        } ]
      } ],
      "subject": {
        "reference": "Patient/6b9e1f1b-90db-42f2-8591-f1a1858ca27a"
      },
      "period": {
        "start": "2026-01-01T01:00:00.000Z",
        "end": "2026-01-01T01:15:00.000Z"
      }
    },
    "request": {
      "method": "PUT",
      "url": "Encounter/cd3da315-3757-4913-9cfc-e2e5f43b7d75"
    }
  }, {
    "fullUrl": "https://madie.cms.gov/Immunization/86babbb0-285e-4fb5-9821-5a33b3882083",
    "resource": {
      "resourceType": "Immunization",
      "id": "86babbb0-285e-4fb5-9821-5a33b3882083",
      "meta": {
        "profile": [ "http://hl7.org/fhir/us/qicore/StructureDefinition/qicore-immunization" ]
      },
      "status": "completed",
      "vaccineCode": {
        "coding": [ {
          "system": "http://hl7.org/fhir/sid/cvx",
          "code": "20",
          "display": "diphtheria, tetanus toxoids and acellular pertussis vaccine"
        } ]
      },
      "patient": {
        "reference": "Patient/6b9e1f1b-90db-42f2-8591-f1a1858ca27a"
      },
      "occurrenceDateTime": "2025-01-02T00:00:00.000Z",
      "recorded": "2025-01-02T00:00:00.000Z",
      "primarySource": true
    },
    "request": {
      "method": "PUT",
      "url": "Immunization/86babbb0-285e-4fb5-9821-5a33b3882083"
    }
  }, {
    "fullUrl": "https://madie.cms.gov/Immunization/b32d6627-e0e5-40b4-b97d-28ee9511f308",
    "resource": {
      "resourceType": "Immunization",
      "id": "b32d6627-e0e5-40b4-b97d-28ee9511f308",
      "meta": {
        "profile": [ "http://hl7.org/fhir/us/qicore/StructureDefinition/qicore-immunization" ]
      },
      "status": "completed",
      "vaccineCode": {
        "coding": [ {
          "system": "http://hl7.org/fhir/sid/cvx",
          "code": "20",
          "display": "diphtheria, tetanus toxoids and acellular pertussis vaccine"
        } ]
      },
      "patient": {
        "reference": "Patient/6b9e1f1b-90db-42f2-8591-f1a1858ca27a"
      },
      "occurrenceDateTime": "2025-01-02T00:00:00.000Z",
      "recorded": "2025-01-02T00:00:00.000Z",
      "primarySource": true
    },
    "request": {
      "method": "PUT",
      "url": "Immunization/b32d6627-e0e5-40b4-b97d-28ee9511f308"
    }
  }, {
    "fullUrl": "https://madie.cms.gov/Immunization/7cbca62d-7783-4ab8-ac47-d57c3104671d",
    "resource": {
      "resourceType": "Immunization",
      "id": "7cbca62d-7783-4ab8-ac47-d57c3104671d",
      "meta": {
        "profile": [ "http://hl7.org/fhir/us/qicore/StructureDefinition/qicore-immunization" ]
      },
      "status": "completed",
      "vaccineCode": {
        "coding": [ {
          "system": "http://hl7.org/fhir/sid/cvx",
          "code": "20",
          "display": "diphtheria, tetanus toxoids and acellular pertussis vaccine"
        } ]
      },
      "patient": {
        "reference": "Patient/6b9e1f1b-90db-42f2-8591-f1a1858ca27a"
      },
      "occurrenceDateTime": "2025-01-07T00:00:00.000Z",
      "recorded": "2025-01-02T00:00:00.000Z",
      "primarySource": true
    },
    "request": {
      "method": "PUT",
      "url": "Immunization/7cbca62d-7783-4ab8-ac47-d57c3104671d"
    }
  }, {
    "fullUrl": "https://madie.cms.gov/Immunization/ac0ff3f9-86a4-454f-a15a-f0cdc6fe03b8",
    "resource": {
      "resourceType": "Immunization",
      "id": "ac0ff3f9-86a4-454f-a15a-f0cdc6fe03b8",
      "meta": {
        "profile": [ "http://hl7.org/fhir/us/qicore/StructureDefinition/qicore-immunization" ]
      },
      "status": "completed",
      "vaccineCode": {
        "coding": [ {
          "system": "http://hl7.org/fhir/sid/cvx",
          "code": "20",
          "display": "diphtheria, tetanus toxoids and acellular pertussis vaccine"
        } ]
      },
      "patient": {
        "reference": "Patient/6b9e1f1b-90db-42f2-8591-f1a1858ca27a"
      },
      "occurrenceDateTime": "2025-01-10T00:00:00.000Z",
      "recorded": "2025-01-02T00:00:00.000Z",
      "primarySource": true
    },
    "request": {
      "method": "PUT",
      "url": "Immunization/ac0ff3f9-86a4-454f-a15a-f0cdc6fe03b8"
    }
  }, {
    "fullUrl": "https://madie.cms.gov/Immunization/7825f1e6-c12f-484d-a2b9-04e6c7a18795",
    "resource": {
      "resourceType": "Immunization",
      "id": "7825f1e6-c12f-484d-a2b9-04e6c7a18795",
      "meta": {
        "profile": [ "http://hl7.org/fhir/us/qicore/StructureDefinition/qicore-immunization" ]
      },
      "status": "completed",
      "vaccineCode": {
        "coding": [ {
          "system": "http://hl7.org/fhir/sid/cvx",
          "code": "89",
          "display": "poliovirus vaccine, unspecified formulation"
        } ]
      },
      "patient": {
        "reference": "Patient/6b9e1f1b-90db-42f2-8591-f1a1858ca27a"
      },
      "occurrenceDateTime": "2025-01-02T00:00:00.000Z",
      "recorded": "2025-01-02T00:00:00.000Z",
      "primarySource": true
    },
    "request": {
      "method": "PUT",
      "url": "Immunization/7825f1e6-c12f-484d-a2b9-04e6c7a18795"
    }
  }, {
    "fullUrl": "https://madie.cms.gov/Immunization/933284fd-d13b-4612-bc05-8a47391f1fdf",
    "resource": {
      "resourceType": "Immunization",
      "id": "933284fd-d13b-4612-bc05-8a47391f1fdf",
      "meta": {
        "profile": [ "http://hl7.org/fhir/us/qicore/StructureDefinition/qicore-immunization" ]
      },
      "status": "completed",
      "vaccineCode": {
        "coding": [ {
          "system": "http://hl7.org/fhir/sid/cvx",
          "code": "89",
          "display": "poliovirus vaccine, unspecified formulation"
        } ]
      },
      "patient": {
        "reference": "Patient/6b9e1f1b-90db-42f2-8591-f1a1858ca27a"
      },
      "occurrenceDateTime": "2025-01-06T00:00:00.000Z",
      "recorded": "2025-01-02T00:00:00.000Z",
      "primarySource": true
    },
    "request": {
      "method": "PUT",
      "url": "Immunization/933284fd-d13b-4612-bc05-8a47391f1fdf"
    }
  }, {
    "fullUrl": "https://madie.cms.gov/Immunization/72b4979a-9dab-4bdb-a4e7-432a7fb038dc",
    "resource": {
      "resourceType": "Immunization",
      "id": "72b4979a-9dab-4bdb-a4e7-432a7fb038dc",
      "meta": {
        "profile": [ "http://hl7.org/fhir/us/qicore/StructureDefinition/qicore-immunization" ]
      },
      "status": "completed",
      "vaccineCode": {
        "coding": [ {
          "system": "http://hl7.org/fhir/sid/cvx",
          "code": "89",
          "display": "poliovirus vaccine, unspecified formulation"
        } ]
      },
      "patient": {
        "reference": "Patient/6b9e1f1b-90db-42f2-8591-f1a1858ca27a"
      },
      "occurrenceDateTime": "2025-01-09T00:00:00.000Z",
      "recorded": "2025-01-02T00:00:00.000Z",
      "primarySource": true
    },
    "request": {
      "method": "PUT",
      "url": "Immunization/72b4979a-9dab-4bdb-a4e7-432a7fb038dc"
    }
  }, {
    "fullUrl": "https://madie.cms.gov/Immunization/fdd93835-3d0f-411c-989b-3cef2974029e",
    "resource": {
      "resourceType": "Immunization",
      "id": "fdd93835-3d0f-411c-989b-3cef2974029e",
      "meta": {
        "profile": [ "http://hl7.org/fhir/us/qicore/StructureDefinition/qicore-immunization" ]
      },
      "status": "completed",
      "vaccineCode": {
        "coding": [ {
          "system": "http://hl7.org/fhir/sid/cvx",
          "code": "94",
          "display": "measles, mumps, rubella, and varicella virus vaccine"
        } ]
      },
      "patient": {
        "reference": "Patient/6b9e1f1b-90db-42f2-8591-f1a1858ca27a"
      },
      "occurrenceDateTime": "2025-01-02T00:00:00.000Z",
      "recorded": "2025-01-02T00:00:00.000Z",
      "primarySource": true
    },
    "request": {
      "method": "PUT",
      "url": "Immunization/fdd93835-3d0f-411c-989b-3cef2974029e"
    }
  }, {
    "fullUrl": "https://madie.cms.gov/Immunization/136b4c60-d485-4493-9a4b-ebb416b2a420",
    "resource": {
      "resourceType": "Immunization",
      "id": "136b4c60-d485-4493-9a4b-ebb416b2a420",
      "meta": {
        "profile": [ "http://hl7.org/fhir/us/qicore/StructureDefinition/qicore-immunization" ]
      },
      "status": "completed",
      "vaccineCode": {
        "coding": [ {
          "system": "http://hl7.org/fhir/sid/cvx",
          "code": "49",
          "display": "Haemophilus influenzae type b vaccine, PRP-OMP conjugate"
        } ]
      },
      "patient": {
        "reference": "Patient/6b9e1f1b-90db-42f2-8591-f1a1858ca27a"
      },
      "occurrenceDateTime": "2025-01-02T00:00:00.000Z",
      "recorded": "2025-01-02T00:00:00.000Z",
      "primarySource": true
    },
    "request": {
      "method": "PUT",
      "url": "Immunization/136b4c60-d485-4493-9a4b-ebb416b2a420"
    }
  }, {
    "fullUrl": "https://madie.cms.gov/Immunization/02ee8267-b41e-4962-a2d4-84662d0a5127",
    "resource": {
      "resourceType": "Immunization",
      "id": "02ee8267-b41e-4962-a2d4-84662d0a5127",
      "meta": {
        "profile": [ "http://hl7.org/fhir/us/qicore/StructureDefinition/qicore-immunization" ]
      },
      "status": "completed",
      "vaccineCode": {
        "coding": [ {
          "system": "http://hl7.org/fhir/sid/cvx",
          "code": "49",
          "display": "Haemophilus influenzae type b vaccine, PRP-OMP conjugate"
        } ]
      },
      "patient": {
        "reference": "Patient/6b9e1f1b-90db-42f2-8591-f1a1858ca27a"
      },
      "occurrenceDateTime": "2025-01-02T00:00:00.000Z",
      "recorded": "2025-01-02T00:00:00.000Z",
      "primarySource": true
    },
    "request": {
      "method": "PUT",
      "url": "Immunization/02ee8267-b41e-4962-a2d4-84662d0a5127"
    }
  }, {
    "fullUrl": "https://madie.cms.gov/Immunization/276f5f52-fc7e-4185-8f43-e7c03e244c65",
    "resource": {
      "resourceType": "Immunization",
      "id": "276f5f52-fc7e-4185-8f43-e7c03e244c65",
      "meta": {
        "profile": [ "http://hl7.org/fhir/us/qicore/StructureDefinition/qicore-immunization" ]
      },
      "status": "completed",
      "vaccineCode": {
        "coding": [ {
          "system": "http://hl7.org/fhir/sid/cvx",
          "code": "49",
          "display": "Haemophilus influenzae type b vaccine, PRP-OMP conjugate"
        } ]
      },
      "patient": {
        "reference": "Patient/6b9e1f1b-90db-42f2-8591-f1a1858ca27a"
      },
      "occurrenceDateTime": "2025-01-02T00:00:00.000Z",
      "recorded": "2025-01-02T00:00:00.000Z",
      "primarySource": true
    },
    "request": {
      "method": "PUT",
      "url": "Immunization/276f5f52-fc7e-4185-8f43-e7c03e244c65"
    }
  }, {
    "fullUrl": "https://madie.cms.gov/Immunization/47ce0391-6338-4007-bcc9-9a65cdc80da2",
    "resource": {
      "resourceType": "Immunization",
      "id": "47ce0391-6338-4007-bcc9-9a65cdc80da2",
      "meta": {
        "profile": [ "http://hl7.org/fhir/us/qicore/StructureDefinition/qicore-immunization" ]
      },
      "status": "completed",
      "vaccineCode": {
        "coding": [ {
          "system": "http://hl7.org/fhir/sid/cvx",
          "code": "51",
          "display": "Haemophilus influenzae type b conjugate and Hepatitis B vaccine"
        } ]
      },
      "patient": {
        "reference": "Patient/6b9e1f1b-90db-42f2-8591-f1a1858ca27a"
      },
      "occurrenceDateTime": "2025-01-02T00:00:00.000Z",
      "recorded": "2025-01-02T00:00:00.000Z",
      "primarySource": true
    },
    "request": {
      "method": "PUT",
      "url": "Immunization/47ce0391-6338-4007-bcc9-9a65cdc80da2"
    }
  }, {
    "fullUrl": "https://madie.cms.gov/Immunization/af233e84-95b9-43d9-a03a-c797b9ae1d50",
    "resource": {
      "resourceType": "Immunization",
      "id": "af233e84-95b9-43d9-a03a-c797b9ae1d50",
      "meta": {
        "profile": [ "http://hl7.org/fhir/us/qicore/StructureDefinition/qicore-immunization" ]
      },
      "status": "completed",
      "vaccineCode": {
        "coding": [ {
          "system": "http://hl7.org/fhir/sid/cvx",
          "code": "51",
          "display": "Haemophilus influenzae type b conjugate and Hepatitis B vaccine"
        } ]
      },
      "patient": {
        "reference": "Patient/6b9e1f1b-90db-42f2-8591-f1a1858ca27a"
      },
      "occurrenceDateTime": "2025-01-10T00:00:00.000Z",
      "recorded": "2025-01-02T00:00:00.000Z",
      "primarySource": true
    },
    "request": {
      "method": "PUT",
      "url": "Immunization/af233e84-95b9-43d9-a03a-c797b9ae1d50"
    }
  }, {
    "fullUrl": "https://madie.cms.gov/Immunization/8c308632-4d40-4bf1-9bf9-dea0f35df4a0",
    "resource": {
      "resourceType": "Immunization",
      "id": "8c308632-4d40-4bf1-9bf9-dea0f35df4a0",
      "meta": {
        "profile": [ "http://hl7.org/fhir/us/qicore/StructureDefinition/qicore-immunization" ]
      },
      "status": "completed",
      "vaccineCode": {
        "coding": [ {
          "system": "http://hl7.org/fhir/sid/cvx",
          "code": "51",
          "display": "Haemophilus influenzae type b conjugate and Hepatitis B vaccine"
        } ]
      },
      "patient": {
        "reference": "Patient/6b9e1f1b-90db-42f2-8591-f1a1858ca27a"
      },
      "occurrenceDateTime": "2025-01-12T00:00:00.000Z",
      "recorded": "2025-01-02T00:00:00.000Z",
      "primarySource": true
    },
    "request": {
      "method": "PUT",
      "url": "Immunization/8c308632-4d40-4bf1-9bf9-dea0f35df4a0"
    }
  }, {
    "fullUrl": "https://madie.cms.gov/Immunization/e2609849-cdfc-43ec-8292-67b1cfff2377",
    "resource": {
      "resourceType": "Immunization",
      "id": "e2609849-cdfc-43ec-8292-67b1cfff2377",
      "meta": {
        "profile": [ "http://hl7.org/fhir/us/qicore/StructureDefinition/qicore-immunization" ]
      },
      "status": "completed",
      "vaccineCode": {
        "coding": [ {
          "system": "http://hl7.org/fhir/sid/cvx",
          "code": "94",
          "display": "measles, mumps, rubella, and varicella virus vaccine"
        } ]
      },
      "patient": {
        "reference": "Patient/6b9e1f1b-90db-42f2-8591-f1a1858ca27a"
      },
      "occurrenceDateTime": "2025-01-02T00:00:00.000Z",
      "recorded": "2025-01-02T00:00:00.000Z",
      "primarySource": true
    },
    "request": {
      "method": "PUT",
      "url": "Immunization/e2609849-cdfc-43ec-8292-67b1cfff2377"
    }
  }, {
    "fullUrl": "https://madie.cms.gov/Immunization/5133edd6-2ffe-4799-984a-4d13c8f5d923",
    "resource": {
      "resourceType": "Immunization",
      "id": "5133edd6-2ffe-4799-984a-4d13c8f5d923",
      "meta": {
        "profile": [ "http://hl7.org/fhir/us/qicore/StructureDefinition/qicore-immunization" ]
      },
      "status": "completed",
      "vaccineCode": {
        "coding": [ {
          "system": "http://hl7.org/fhir/sid/cvx",
          "code": "215",
          "display": "Pneumococcal conjugate vaccine 15-valent (PCV15), polysaccharide CRM197 conjugate, adjuvant, preservative free"
        } ]
      },
      "patient": {
        "reference": "Patient/6b9e1f1b-90db-42f2-8591-f1a1858ca27a"
      },
      "occurrenceDateTime": "2025-01-12T00:00:00.000Z",
      "recorded": "2025-01-02T00:00:00.000Z",
      "primarySource": true
    },
    "request": {
      "method": "PUT",
      "url": "Immunization/5133edd6-2ffe-4799-984a-4d13c8f5d923"
    }
  }, {
    "fullUrl": "https://madie.cms.gov/Immunization/3715551d-105d-4da2-b3ee-b03f608706bd",
    "resource": {
      "resourceType": "Immunization",
      "id": "3715551d-105d-4da2-b3ee-b03f608706bd",
      "meta": {
        "profile": [ "http://hl7.org/fhir/us/qicore/StructureDefinition/qicore-immunization" ]
      },
      "status": "completed",
      "vaccineCode": {
        "coding": [ {
          "system": "http://hl7.org/fhir/sid/cvx",
          "code": "215",
          "display": "Pneumococcal conjugate vaccine 15-valent (PCV15), polysaccharide CRM197 conjugate, adjuvant, preservative free"
        } ]
      },
      "patient": {
        "reference": "Patient/6b9e1f1b-90db-42f2-8591-f1a1858ca27a"
      },
      "occurrenceDateTime": "2025-01-14T00:00:00.000Z",
      "recorded": "2025-01-02T00:00:00.000Z",
      "primarySource": true
    },
    "request": {
      "method": "PUT",
      "url": "Immunization/3715551d-105d-4da2-b3ee-b03f608706bd"
    }
  }, {
    "fullUrl": "https://madie.cms.gov/Immunization/db82cc81-8b32-47cf-b7da-bb99f775689a",
    "resource": {
      "resourceType": "Immunization",
      "id": "db82cc81-8b32-47cf-b7da-bb99f775689a",
      "meta": {
        "profile": [ "http://hl7.org/fhir/us/qicore/StructureDefinition/qicore-immunization" ]
      },
      "status": "completed",
      "vaccineCode": {
        "coding": [ {
          "system": "http://hl7.org/fhir/sid/cvx",
          "code": "215",
          "display": "Pneumococcal conjugate vaccine 15-valent (PCV15), polysaccharide CRM197 conjugate, adjuvant, preservative free"
        } ]
      },
      "patient": {
        "reference": "Patient/6b9e1f1b-90db-42f2-8591-f1a1858ca27a"
      },
      "occurrenceDateTime": "2025-01-20T00:00:00.000Z",
      "recorded": "2025-01-02T00:00:00.000Z",
      "primarySource": true
    },
    "request": {
      "method": "PUT",
      "url": "Immunization/db82cc81-8b32-47cf-b7da-bb99f775689a"
    }
  }, {
    "fullUrl": "https://madie.cms.gov/Immunization/5ee2deb5-1c26-43a6-a8de-f9ada1d850e5",
    "resource": {
      "resourceType": "Immunization",
      "id": "5ee2deb5-1c26-43a6-a8de-f9ada1d850e5",
      "meta": {
        "profile": [ "http://hl7.org/fhir/us/qicore/StructureDefinition/qicore-immunization" ]
      },
      "status": "completed",
      "vaccineCode": {
        "coding": [ {
          "system": "http://hl7.org/fhir/sid/cvx",
          "code": "215",
          "display": "Pneumococcal conjugate vaccine 15-valent (PCV15), polysaccharide CRM197 conjugate, adjuvant, preservative free"
        } ]
      },
      "patient": {
        "reference": "Patient/6b9e1f1b-90db-42f2-8591-f1a1858ca27a"
      },
      "occurrenceDateTime": "2025-01-22T00:00:00.000Z",
      "recorded": "2025-01-02T00:00:00.000Z",
      "primarySource": true
    },
    "request": {
      "method": "PUT",
      "url": "Immunization/5ee2deb5-1c26-43a6-a8de-f9ada1d850e5"
    }
  }, {
    "fullUrl": "https://madie.cms.gov/Immunization/58506c44-c9fc-4d29-a927-25c913ffa390",
    "resource": {
      "resourceType": "Immunization",
      "id": "58506c44-c9fc-4d29-a927-25c913ffa390",
      "meta": {
        "profile": [ "http://hl7.org/fhir/us/qicore/StructureDefinition/qicore-immunization" ]
      },
      "status": "completed",
      "vaccineCode": {
        "coding": [ {
          "system": "http://hl7.org/fhir/sid/cvx",
          "code": "85",
          "display": "hepatitis A vaccine, unspecified formulation"
        } ]
      },
      "patient": {
        "reference": "Patient/6b9e1f1b-90db-42f2-8591-f1a1858ca27a"
      },
      "occurrenceDateTime": "2025-01-02T00:00:00.000Z",
      "recorded": "2025-01-02T00:00:00.000Z",
      "primarySource": true
    },
    "request": {
      "method": "PUT",
      "url": "Immunization/58506c44-c9fc-4d29-a927-25c913ffa390"
    }
  }, {
    "fullUrl": "https://madie.cms.gov/Immunization/643ba117-2664-467d-b3bb-e009482f1e55",
    "resource": {
      "resourceType": "Immunization",
      "id": "643ba117-2664-467d-b3bb-e009482f1e55",
      "meta": {
        "profile": [ "http://hl7.org/fhir/us/qicore/StructureDefinition/qicore-immunization" ]
      },
      "status": "completed",
      "vaccineCode": {
        "coding": [ {
          "system": "http://hl7.org/fhir/sid/cvx",
          "code": "119",
          "display": "rotavirus, live, monovalent vaccine"
        } ]
      },
      "patient": {
        "reference": "Patient/6b9e1f1b-90db-42f2-8591-f1a1858ca27a"
      },
      "occurrenceDateTime": "2025-01-02T00:00:00.000Z",
      "recorded": "2025-01-02T00:00:00.000Z",
      "primarySource": true
    },
    "request": {
      "method": "PUT",
      "url": "Immunization/643ba117-2664-467d-b3bb-e009482f1e55"
    }
  }, {
    "fullUrl": "https://madie.cms.gov/Immunization/c3232063-3ed2-4809-96ea-44e7535ad794",
    "resource": {
      "resourceType": "Immunization",
      "id": "c3232063-3ed2-4809-96ea-44e7535ad794",
      "meta": {
        "profile": [ "http://hl7.org/fhir/us/qicore/StructureDefinition/qicore-immunization" ]
      },
      "status": "completed",
      "vaccineCode": {
        "coding": [ {
          "system": "http://hl7.org/fhir/sid/cvx",
          "code": "119",
          "display": "rotavirus, live, monovalent vaccine"
        } ]
      },
      "patient": {
        "reference": "Patient/6b9e1f1b-90db-42f2-8591-f1a1858ca27a"
      },
      "occurrenceDateTime": "2025-01-07T00:00:00.000Z",
      "recorded": "2025-01-02T00:00:00.000Z",
      "primarySource": true
    },
    "request": {
      "method": "PUT",
      "url": "Immunization/c3232063-3ed2-4809-96ea-44e7535ad794"
    }
  }, {
    "fullUrl": "https://madie.cms.gov/Immunization/b0a39e0e-7b48-4323-adc7-c78f0577e585",
    "resource": {
      "resourceType": "Immunization",
      "id": "b0a39e0e-7b48-4323-adc7-c78f0577e585",
      "meta": {
        "profile": [ "http://hl7.org/fhir/us/qicore/StructureDefinition/qicore-immunization" ]
      },
      "status": "completed",
      "vaccineCode": {
        "coding": [ {
          "system": "http://hl7.org/fhir/sid/cvx",
          "code": "153",
          "display": "\tInfluenza, injectable, Madin Darby Canine Kidney, preservative free"
        } ]
      },
      "patient": {
        "reference": "Patient/6b9e1f1b-90db-42f2-8591-f1a1858ca27a"
      },
      "occurrenceDateTime": "2025-01-02T00:00:00.000Z",
      "recorded": "2025-01-02T00:00:00.000Z",
      "primarySource": true
    },
    "request": {
      "method": "PUT",
      "url": "Immunization/b0a39e0e-7b48-4323-adc7-c78f0577e585"
    }
  }, {
    "fullUrl": "https://madie.cms.gov/Immunization/d816a42f-2646-481d-a543-b1ad779c134d",
    "resource": {
      "resourceType": "Immunization",
      "id": "d816a42f-2646-481d-a543-b1ad779c134d",
      "meta": {
        "profile": [ "http://hl7.org/fhir/us/qicore/StructureDefinition/qicore-immunization" ]
      },
      "status": "completed",
      "vaccineCode": {
        "coding": [ {
          "system": "http://hl7.org/fhir/sid/cvx",
          "code": "153",
          "display": "\tInfluenza, injectable, Madin Darby Canine Kidney, preservative free"
        } ]
      },
      "patient": {
        "reference": "Patient/6b9e1f1b-90db-42f2-8591-f1a1858ca27a"
      },
      "occurrenceDateTime": "2025-01-10T00:00:00.000Z",
      "recorded": "2025-01-02T00:00:00.000Z",
      "primarySource": true
    },
    "request": {
      "method": "PUT",
      "url": "Immunization/d816a42f-2646-481d-a543-b1ad779c134d"
    }
  }, {
    "fullUrl": "https://madie.cms.gov/MeasureReport/270c5dd3-6d84-4584-900d-d695b5b5c3d7",
    "resource": {
      "resourceType": "MeasureReport",
      "id": "270c5dd3-6d84-4584-900d-d695b5b5c3d7",
      "meta": {
        "profile": [ "http://hl7.org/fhir/us/cqfmeasures/StructureDefinition/test-case-cqfm" ]
      },
      "contained": [ {
        "resourceType": "Parameters",
        "id": "2acac262-2cd7-49ad-8793-c78a0ec9add5-parameters",
        "parameter": [ {
          "name": "subject",
          "valueString": "6b9e1f1b-90db-42f2-8591-f1a1858ca27a"
        } ]
      } ],
      "extension": [ {
        "url": "http://hl7.org/fhir/StructureDefinition/cqf-inputParameters",
        "valueReference": {
          "reference": "#2acac262-2cd7-49ad-8793-c78a0ec9add5-parameters"
        }
      }, {
        "url": "http://hl7.org/fhir/us/cqfmeasures/StructureDefinition/cqfm-testCaseDescription",
        "valueMarkdown": "Two DTap same day"
      } ],
      "modifierExtension": [ {
        "url": "http://hl7.org/fhir/us/cqfmeasures/StructureDefinition/cqfm-isTestCase",
        "valueBoolean": true
      } ],
      "status": "complete",
      "type": "individual",
      "measure": "https://madie.cms.gov/Measure/ChildhoodImmunizationStatusFHIR",
      "period": {
        "start": "2026-01-01",
        "end": "2026-12-31"
      },
      "group": [ {
        "id": "Group_1",
        "population": [ {
          "id": "InitialPopulation_1",
          "code": {
            "coding": [ {
              "system": "http://terminology.hl7.org/CodeSystem/measure-population",
              "code": "initial-population",
              "display": "Initial Population"
            } ]
          },
          "count": 1
        }, {
          "id": "Denominator_1",
          "code": {
            "coding": [ {
              "system": "http://terminology.hl7.org/CodeSystem/measure-population",
              "code": "denominator",
              "display": "Denominator"
            } ]
          },
          "count": 1
        }, {
          "id": "DenominatorExclusion_1",
          "code": {
            "coding": [ {
              "system": "http://terminology.hl7.org/CodeSystem/measure-population",
              "code": "denominator-exclusion",
              "display": "Denominator Exclusion"
            } ]
          },
          "count": 0
        }, {
          "id": "Numerator_1",
          "code": {
            "coding": [ {
              "system": "http://terminology.hl7.org/CodeSystem/measure-population",
              "code": "numerator",
              "display": "Numerator"
            } ]
          },
          "count": 0
        } ],
        "measureScore": {
          "value": 1.0
        }
      } ],
      "evaluatedResource": [ {
        "reference": "Patient/6b9e1f1b-90db-42f2-8591-f1a1858ca27a"
      }, {
        "reference": "Encounter/cd3da315-3757-4913-9cfc-e2e5f43b7d75"
      }, {
        "reference": "Immunization/86babbb0-285e-4fb5-9821-5a33b3882083"
      }, {
        "reference": "Immunization/b32d6627-e0e5-40b4-b97d-28ee9511f308"
      }, {
        "reference": "Immunization/7cbca62d-7783-4ab8-ac47-d57c3104671d"
      }, {
        "reference": "Immunization/ac0ff3f9-86a4-454f-a15a-f0cdc6fe03b8"
      }, {
        "reference": "Immunization/7825f1e6-c12f-484d-a2b9-04e6c7a18795"
      }, {
        "reference": "Immunization/933284fd-d13b-4612-bc05-8a47391f1fdf"
      }, {
        "reference": "Immunization/72b4979a-9dab-4bdb-a4e7-432a7fb038dc"
      }, {
        "reference": "Immunization/fdd93835-3d0f-411c-989b-3cef2974029e"
      }, {
        "reference": "Immunization/136b4c60-d485-4493-9a4b-ebb416b2a420"
      }, {
        "reference": "Immunization/02ee8267-b41e-4962-a2d4-84662d0a5127"
      }, {
        "reference": "Immunization/276f5f52-fc7e-4185-8f43-e7c03e244c65"
      }, {
        "reference": "Immunization/47ce0391-6338-4007-bcc9-9a65cdc80da2"
      }, {
        "reference": "Immunization/af233e84-95b9-43d9-a03a-c797b9ae1d50"
      }, {
        "reference": "Immunization/8c308632-4d40-4bf1-9bf9-dea0f35df4a0"
      }, {
        "reference": "Immunization/e2609849-cdfc-43ec-8292-67b1cfff2377"
      }, {
        "reference": "Immunization/5133edd6-2ffe-4799-984a-4d13c8f5d923"
      }, {
        "reference": "Immunization/3715551d-105d-4da2-b3ee-b03f608706bd"
      }, {
        "reference": "Immunization/db82cc81-8b32-47cf-b7da-bb99f775689a"
      }, {
        "reference": "Immunization/5ee2deb5-1c26-43a6-a8de-f9ada1d850e5"
      }, {
        "reference": "Immunization/58506c44-c9fc-4d29-a927-25c913ffa390"
      }, {
        "reference": "Immunization/643ba117-2664-467d-b3bb-e009482f1e55"
      }, {
        "reference": "Immunization/c3232063-3ed2-4809-96ea-44e7535ad794"
      }, {
        "reference": "Immunization/b0a39e0e-7b48-4323-adc7-c78f0577e585"
      }, {
        "reference": "Immunization/d816a42f-2646-481d-a543-b1ad779c134d"
      } ]
    },
    "request": {
      "method": "PUT",
      "url": "MeasureReport/270c5dd3-6d84-4584-900d-d695b5b5c3d7"
    }
  }, {
    "fullUrl": "https://madie.cms.gov/MeasureReport/28d8ee30-c4fa-47ed-8b3d-d44280f8a184",
    "resource": {
      "resourceType": "MeasureReport",
      "id": "28d8ee30-c4fa-47ed-8b3d-d44280f8a184",
      "meta": {
        "profile": [ "http://hl7.org/fhir/us/cqfmeasures/StructureDefinition/test-case-cqfm" ]
      },
      "contained": [ {
        "resourceType": "Parameters",
        "id": "ff2cd8bf-2d70-4ad9-936f-e9dc9209f063-parameters",
        "parameter": [ {
          "name": "subject",
          "valueString": "6b9e1f1b-90db-42f2-8591-f1a1858ca27a"
        } ]
      } ],
      "extension": [ {
        "url": "http://hl7.org/fhir/StructureDefinition/cqf-inputParameters",
        "valueReference": {
          "reference": "#ff2cd8bf-2d70-4ad9-936f-e9dc9209f063-parameters"
        }
      }, {
        "url": "http://hl7.org/fhir/us/cqfmeasures/StructureDefinition/cqfm-testCaseDescription",
        "valueMarkdown": "Two DTap same day"
      } ],
      "modifierExtension": [ {
        "url": "http://hl7.org/fhir/us/cqfmeasures/StructureDefinition/cqfm-isTestCase",
        "valueBoolean": true
      } ],
      "status": "complete",
      "type": "individual",
      "measure": "https://madie.cms.gov/Measure/CMS117FHIRChildhoodImmunizationStatus",
      "period": {
        "start": "2026-01-01",
        "end": "2026-12-31"
      },
      "group": [ {
        "id": "Group_1",
        "population": [ {
          "id": "InitialPopulation_1",
          "code": {
            "coding": [ {
              "system": "http://terminology.hl7.org/CodeSystem/measure-population",
              "code": "initial-population",
              "display": "Initial Population"
            } ]
          },
          "count": 1
        }, {
          "id": "Denominator_1",
          "code": {
            "coding": [ {
              "system": "http://terminology.hl7.org/CodeSystem/measure-population",
              "code": "denominator",
              "display": "Denominator"
            } ]
          },
          "count": 1
        }, {
          "id": "DenominatorExclusion_1",
          "code": {
            "coding": [ {
              "system": "http://terminology.hl7.org/CodeSystem/measure-population",
              "code": "denominator-exclusion",
              "display": "Denominator Exclusion"
            } ]
          },
          "count": 0
        }, {
          "id": "Numerator_1",
          "code": {
            "coding": [ {
              "system": "http://terminology.hl7.org/CodeSystem/measure-population",
              "code": "numerator",
              "display": "Numerator"
            } ]
          },
          "count": 0
        } ],
        "measureScore": {
          "value": 1.0
        }
      } ],
      "evaluatedResource": [ {
        "reference": "Patient/6b9e1f1b-90db-42f2-8591-f1a1858ca27a"
      }, {
        "reference": "Encounter/cd3da315-3757-4913-9cfc-e2e5f43b7d75"
      }, {
        "reference": "Immunization/86babbb0-285e-4fb5-9821-5a33b3882083"
      }, {
        "reference": "Immunization/b32d6627-e0e5-40b4-b97d-28ee9511f308"
      }, {
        "reference": "Immunization/7cbca62d-7783-4ab8-ac47-d57c3104671d"
      }, {
        "reference": "Immunization/ac0ff3f9-86a4-454f-a15a-f0cdc6fe03b8"
      }, {
        "reference": "Immunization/7825f1e6-c12f-484d-a2b9-04e6c7a18795"
      }, {
        "reference": "Immunization/933284fd-d13b-4612-bc05-8a47391f1fdf"
      }, {
        "reference": "Immunization/72b4979a-9dab-4bdb-a4e7-432a7fb038dc"
      }, {
        "reference": "Immunization/fdd93835-3d0f-411c-989b-3cef2974029e"
      }, {
        "reference": "Immunization/136b4c60-d485-4493-9a4b-ebb416b2a420"
      }, {
        "reference": "Immunization/02ee8267-b41e-4962-a2d4-84662d0a5127"
      }, {
        "reference": "Immunization/276f5f52-fc7e-4185-8f43-e7c03e244c65"
      }, {
        "reference": "Immunization/47ce0391-6338-4007-bcc9-9a65cdc80da2"
      }, {
        "reference": "Immunization/af233e84-95b9-43d9-a03a-c797b9ae1d50"
      }, {
        "reference": "Immunization/8c308632-4d40-4bf1-9bf9-dea0f35df4a0"
      }, {
        "reference": "Immunization/e2609849-cdfc-43ec-8292-67b1cfff2377"
      }, {
        "reference": "Immunization/5133edd6-2ffe-4799-984a-4d13c8f5d923"
      }, {
        "reference": "Immunization/3715551d-105d-4da2-b3ee-b03f608706bd"
      }, {
        "reference": "Immunization/db82cc81-8b32-47cf-b7da-bb99f775689a"
      }, {
        "reference": "Immunization/5ee2deb5-1c26-43a6-a8de-f9ada1d850e5"
      }, {
        "reference": "Immunization/58506c44-c9fc-4d29-a927-25c913ffa390"
      }, {
        "reference": "Immunization/643ba117-2664-467d-b3bb-e009482f1e55"
      }, {
        "reference": "Immunization/c3232063-3ed2-4809-96ea-44e7535ad794"
      }, {
        "reference": "Immunization/b0a39e0e-7b48-4323-adc7-c78f0577e585"
      }, {
        "reference": "Immunization/d816a42f-2646-481d-a543-b1ad779c134d"
      }, {
        "reference": "MeasureReport/270c5dd3-6d84-4584-900d-d695b5b5c3d7"
      } ]
    },
    "request": {
      "method": "PUT",
      "url": "MeasureReport/28d8ee30-c4fa-47ed-8b3d-d44280f8a184"
    }
  } ]
}