{
  "resourceType": "Bundle",
  "id": "DENEXPass-LBFracture24HrsB4THAProc",
  "type": "transaction",
  "entry": [ {
    "fullUrl": "https://madie.cms.gov/Patient/6805ecde-1eb5-4d9e-a4af-d8a82ce269df",
    "resource": {
      "resourceType": "Patient",
      "id": "6805ecde-1eb5-4d9e-a4af-d8a82ce269df",
      "meta": {
        "profile": [ "http://hl7.org/fhir/us/qicore/StructureDefinition/qicore-patient" ]
      },
      "extension": [ {
        "url": "http://hl7.org/fhir/us/core/StructureDefinition/us-core-race",
        "extension": [ {
          "url": "ombCategory",
          "valueCoding": {
            "system": "urn:oid:2.16.840.1.113883.6.238",
            "code": "2028-9",
            "display": "Asian"
          }
        }, {
          "url": "text",
          "valueString": "Asian"
        } ]
      }, {
        "url": "http://hl7.org/fhir/us/core/StructureDefinition/us-core-ethnicity",
        "extension": [ {
          "url": "ombCategory",
          "valueCoding": {
            "system": "urn:oid:2.16.840.1.113883.6.238",
            "code": "2135-2",
            "display": "Hispanic or Latino"
          }
        }, {
          "url": "text",
          "valueString": "Hispanic or Latino"
        } ]
      } ],
      "identifier": [ {
        "system": "http://hospital.smarthealthit.org",
        "value": "999999995"
      } ],
      "name": [ {
        "family": "Bertha",
        "given": [ "Betty" ]
      } ],
      "gender": "female",
      "birthDate": "2007-01-01"
    },
    "request": {
      "method": "PUT",
      "url": "Patient/6805ecde-1eb5-4d9e-a4af-d8a82ce269df"
    }
  }, {
    "fullUrl": "https://madie.cms.gov/Procedure/d17a409c-f252-4366-98b9-0249b0b52e2d",
    "resource": {
      "resourceType": "Procedure",
      "id": "d17a409c-f252-4366-98b9-0249b0b52e2d",
      "meta": {
        "profile": [ "http://hl7.org/fhir/us/qicore/StructureDefinition/qicore-procedure" ]
      },
      "extension": [ {
        "url": "http://hl7.org/fhir/us/qicore/StructureDefinition/qicore-recorded",
        "valueDateTime": "2026-11-01T00:00:00.000Z"
      } ],
      "status": "completed",
      "code": {
        "coding": [ {
          "system": "http://www.cms.gov/Medicare/Coding/ICD10",
          "code": "0SR9019",
          "display": "Replacement of Right Hip Joint with Metal Synthetic Substitute, Cemented, Open Approach"
        } ]
      },
      "subject": {
        "reference": "Patient/6805ecde-1eb5-4d9e-a4af-d8a82ce269df"
      },
      "performedPeriod": {
        "start": "2024-11-01T00:00:00.000Z",
        "end": "2024-11-01T01:00:00.000Z"
      }
    },
    "request": {
      "method": "PUT",
      "url": "Procedure/d17a409c-f252-4366-98b9-0249b0b52e2d"
    }
  }, {
    "fullUrl": "https://madie.cms.gov/Encounter/d526ae29-0846-49c9-9bcc-90b102c3404b",
    "resource": {
      "resourceType": "Encounter",
      "id": "d526ae29-0846-49c9-9bcc-90b102c3404b",
      "meta": {
        "profile": [ "http://hl7.org/fhir/us/qicore/StructureDefinition/qicore-encounter" ]
      },
      "status": "finished",
      "class": {
        "system": "http://terminology.hl7.org/CodeSystem/v3-ActCode",
        "code": "AMB",
        "display": "ambulatory"
      },
      "type": [ {
        "coding": [ {
          "system": "http://snomed.info/sct",
          "code": "281036007",
          "display": "Follow-up consultation (procedure)"
        } ]
      } ],
      "subject": {
        "reference": "Patient/6805ecde-1eb5-4d9e-a4af-d8a82ce269df"
      },
      "period": {
        "start": "2025-11-01T00:00:00.000Z",
        "end": "2025-11-01T01:15:00.000Z"
      }
    },
    "request": {
      "method": "PUT",
      "url": "Encounter/d526ae29-0846-49c9-9bcc-90b102c3404b"
    }
  }, {
    "fullUrl": "https://madie.cms.gov/Condition/d6a29380-088e-4d07-8210-d12350ae5164",
    "resource": {
      "resourceType": "Condition",
      "id": "d6a29380-088e-4d07-8210-d12350ae5164",
      "meta": {
        "profile": [ "http://hl7.org/fhir/us/qicore/StructureDefinition/qicore-condition-encounter-diagnosis" ]
      },
      "clinicalStatus": {
        "coding": [ {
          "system": "http://terminology.hl7.org/CodeSystem/condition-clinical",
          "code": "active"
        } ]
      },
      "category": [ {
        "coding": [ {
          "system": "http://terminology.hl7.org/CodeSystem/condition-category",
          "code": "encounter-diagnosis",
          "display": "Encounter Diagnosis"
        } ]
      } ],
      "code": {
        "coding": [ {
          "system": "http://snomed.info/sct",
          "code": "10624611000119102",
          "display": "Stress fracture of lateral condyle of right femur (disorder)”) "
        } ]
      },
      "subject": {
        "reference": "Patient/6805ecde-1eb5-4d9e-a4af-d8a82ce269df"
      },
      "onsetDateTime": "2024-10-31T00:00:00.000Z"
    },
    "request": {
      "method": "PUT",
      "url": "Condition/d6a29380-088e-4d07-8210-d12350ae5164"
    }
  }, {
    "fullUrl": "https://madie.cms.gov/MeasureReport/bc4165c8-e233-4e42-8751-bd4616f4d5f7",
    "resource": {
      "resourceType": "MeasureReport",
      "id": "bc4165c8-e233-4e42-8751-bd4616f4d5f7",
      "meta": {
        "profile": [ "http://hl7.org/fhir/us/cqfmeasures/StructureDefinition/test-case-cqfm" ]
      },
      "contained": [ {
        "resourceType": "Parameters",
        "id": "a0e802f6-5dd6-4c0c-99bf-8b8dbc6c55b4-parameters",
        "parameter": [ {
          "name": "subject",
          "valueString": "6805ecde-1eb5-4d9e-a4af-d8a82ce269df"
        } ]
      } ],
      "extension": [ {
        "url": "http://hl7.org/fhir/StructureDefinition/cqf-inputParameters",
        "valueReference": {
          "reference": "#a0e802f6-5dd6-4c0c-99bf-8b8dbc6c55b4-parameters"
        }
      }, {
        "url": "http://hl7.org/fhir/us/cqfmeasures/StructureDefinition/cqfm-testCaseDescription",
        "valueMarkdown": "Patient has Dx of 1 or ore Lower Body Fractures 24 hrs or less on or before start of THA Procedure"
      } ],
      "modifierExtension": [ {
        "url": "http://hl7.org/fhir/us/cqfmeasures/StructureDefinition/cqfm-isTestCase",
        "valueBoolean": true
      } ],
      "status": "complete",
      "type": "individual",
      "measure": "https://madie.cms.gov/Measure/CMS56FHIRFunctionalStatusAssessmentforTotalHipReplacement",
      "period": {
        "start": "2026-01-01",
        "end": "2026-12-31"
      },
      "group": [ {
        "id": "Group_1",
        "population": [ {
          "id": "InitialPopulation_1",
          "code": {
            "coding": [ {
              "system": "http://terminology.hl7.org/CodeSystem/measure-population",
              "code": "initial-population",
              "display": "Initial Population"
            } ]
          },
          "count": 1
        }, {
          "id": "Denominator_1",
          "code": {
            "coding": [ {
              "system": "http://terminology.hl7.org/CodeSystem/measure-population",
              "code": "denominator",
              "display": "Denominator"
            } ]
          },
          "count": 1
        }, {
          "id": "DenominatorExclusion_1",
          "code": {
            "coding": [ {
              "system": "http://terminology.hl7.org/CodeSystem/measure-population",
              "code": "denominator-exclusion",
              "display": "Denominator Exclusion"
            } ]
          },
          "count": 1
        }, {
          "id": "Numerator_1",
          "code": {
            "coding": [ {
              "system": "http://terminology.hl7.org/CodeSystem/measure-population",
              "code": "numerator",
              "display": "Numerator"
            } ]
          },
          "count": 0
        } ],
        "measureScore": {
          "value": 1.0
        }
      } ],
      "evaluatedResource": [ {
        "reference": "Patient/6805ecde-1eb5-4d9e-a4af-d8a82ce269df"
      }, {
        "reference": "Procedure/d17a409c-f252-4366-98b9-0249b0b52e2d"
      }, {
        "reference": "Encounter/d526ae29-0846-49c9-9bcc-90b102c3404b"
      }, {
        "reference": "Condition/d6a29380-088e-4d07-8210-d12350ae5164"
      } ]
    },
    "request": {
      "method": "PUT",
      "url": "MeasureReport/bc4165c8-e233-4e42-8751-bd4616f4d5f7"
    }
  } ]
}