{
  "resourceType": "Bundle",
  "id": "NUMFail-InitHOOS91DaysB4THAFUHOOS425DaysAfterTHA",
  "type": "transaction",
  "entry": [ {
    "fullUrl": "https://madie.cms.gov/Patient/0f65b705-a1fd-41b4-8834-2a200e582472",
    "resource": {
      "resourceType": "Patient",
      "id": "0f65b705-a1fd-41b4-8834-2a200e582472",
      "meta": {
        "profile": [ "http://hl7.org/fhir/us/qicore/StructureDefinition/qicore-patient" ]
      },
      "extension": [ {
        "url": "http://hl7.org/fhir/us/core/StructureDefinition/us-core-race",
        "extension": [ {
          "url": "ombCategory",
          "valueCoding": {
            "system": "urn:oid:2.16.840.1.113883.6.238",
            "code": "2028-9",
            "display": "Asian"
          }
        }, {
          "url": "text",
          "valueString": "Asian"
        } ]
      }, {
        "url": "http://hl7.org/fhir/us/core/StructureDefinition/us-core-ethnicity",
        "extension": [ {
          "url": "ombCategory",
          "valueCoding": {
            "system": "urn:oid:2.16.840.1.113883.6.238",
            "code": "2135-2",
            "display": "Hispanic or Latino"
          }
        }, {
          "url": "text",
          "valueString": "Hispanic or Latino"
        } ]
      } ],
      "identifier": [ {
        "system": "http://hospital.smarthealthit.org",
        "value": "999999995"
      } ],
      "name": [ {
        "family": "Bertha",
        "given": [ "Betty" ]
      } ],
      "gender": "female",
      "birthDate": "2007-01-01"
    },
    "request": {
      "method": "PUT",
      "url": "Patient/0f65b705-a1fd-41b4-8834-2a200e582472"
    }
  }, {
    "fullUrl": "https://madie.cms.gov/Procedure/ac17e9bd-39ae-45cd-a550-e0ac5180e7da",
    "resource": {
      "resourceType": "Procedure",
      "id": "ac17e9bd-39ae-45cd-a550-e0ac5180e7da",
      "meta": {
        "profile": [ "http://hl7.org/fhir/us/qicore/StructureDefinition/qicore-procedure" ]
      },
      "extension": [ {
        "url": "http://hl7.org/fhir/us/qicore/StructureDefinition/qicore-recorded",
        "valueDateTime": "2024-11-01T00:00:00.000Z"
      } ],
      "status": "completed",
      "code": {
        "coding": [ {
          "system": "http://www.cms.gov/Medicare/Coding/ICD10",
          "code": "0SR9019",
          "display": "Replacement of Right Hip Joint with Metal Synthetic Substitute, Cemented, Open Approach"
        } ]
      },
      "subject": {
        "reference": "Patient/0f65b705-a1fd-41b4-8834-2a200e582472"
      },
      "performedPeriod": {
        "start": "2024-11-01T00:00:00.000Z",
        "end": "2024-11-01T01:00:00.000Z"
      }
    },
    "request": {
      "method": "PUT",
      "url": "Procedure/ac17e9bd-39ae-45cd-a550-e0ac5180e7da"
    }
  }, {
    "fullUrl": "https://madie.cms.gov/Encounter/55ce017c-53f7-428a-95d4-ae203cd4a8e8",
    "resource": {
      "resourceType": "Encounter",
      "id": "55ce017c-53f7-428a-95d4-ae203cd4a8e8",
      "meta": {
        "profile": [ "http://hl7.org/fhir/us/qicore/StructureDefinition/qicore-encounter" ]
      },
      "status": "finished",
      "class": {
        "system": "http://terminology.hl7.org/CodeSystem/v3-ActCode",
        "code": "AMB",
        "display": "ambulatory"
      },
      "type": [ {
        "coding": [ {
          "system": "http://snomed.info/sct",
          "code": "281036007",
          "display": "Follow-up consultation (procedure)"
        } ]
      } ],
      "subject": {
        "reference": "Patient/0f65b705-a1fd-41b4-8834-2a200e582472"
      },
      "period": {
        "start": "2025-11-01T00:00:00.000Z",
        "end": "2025-11-01T01:15:00.000Z"
      }
    },
    "request": {
      "method": "PUT",
      "url": "Encounter/55ce017c-53f7-428a-95d4-ae203cd4a8e8"
    }
  }, {
    "fullUrl": "https://madie.cms.gov/Observation/6292667f-68bb-4851-bb0f-ff76a867cb06",
    "resource": {
      "resourceType": "Observation",
      "id": "6292667f-68bb-4851-bb0f-ff76a867cb06",
      "meta": {
        "profile": [ "http://hl7.org/fhir/us/qicore/StructureDefinition/qicore-observation-screening-assessment" ]
      },
      "status": "final",
      "category": [ {
        "coding": [ {
          "system": "http://terminology.hl7.org/CodeSystem/observation-category",
          "code": "survey"
        } ]
      } ],
      "code": {
        "coding": [ {
          "system": "http://loinc.org",
          "code": "72093-8",
          "display": "Quality of life score [HOOS]"
        } ]
      },
      "subject": {
        "reference": "Patient/0f65b705-a1fd-41b4-8834-2a200e582472"
      },
      "effectivePeriod": {
        "start": "2024-08-02T00:00:00.000Z",
        "end": "2024-08-02T01:00:00.000Z"
      },
      "valueInteger": 60
    },
    "request": {
      "method": "PUT",
      "url": "Observation/6292667f-68bb-4851-bb0f-ff76a867cb06"
    }
  }, {
    "fullUrl": "https://madie.cms.gov/Observation/f6d351ab-b724-4697-a096-b339deb39512",
    "resource": {
      "resourceType": "Observation",
      "id": "f6d351ab-b724-4697-a096-b339deb39512",
      "meta": {
        "profile": [ "http://hl7.org/fhir/us/qicore/StructureDefinition/qicore-observation-screening-assessment" ]
      },
      "status": "final",
      "category": [ {
        "coding": [ {
          "system": "http://terminology.hl7.org/CodeSystem/observation-category",
          "code": "survey"
        } ]
      } ],
      "code": {
        "coding": [ {
          "system": "http://loinc.org",
          "code": "72094-6",
          "display": "Sport-recreation score [HOOS]"
        } ]
      },
      "subject": {
        "reference": "Patient/0f65b705-a1fd-41b4-8834-2a200e582472"
      },
      "effectivePeriod": {
        "start": "2024-08-02T00:00:00.000Z",
        "end": "2024-08-02T01:00:00.000Z"
      },
      "valueInteger": 60
    },
    "request": {
      "method": "PUT",
      "url": "Observation/f6d351ab-b724-4697-a096-b339deb39512"
    }
  }, {
    "fullUrl": "https://madie.cms.gov/Observation/b1808fe6-66a6-4a59-8120-313d707a65c5",
    "resource": {
      "resourceType": "Observation",
      "id": "b1808fe6-66a6-4a59-8120-313d707a65c5",
      "meta": {
        "profile": [ "http://hl7.org/fhir/us/qicore/StructureDefinition/qicore-observation-screening-assessment" ]
      },
      "status": "final",
      "category": [ {
        "coding": [ {
          "system": "http://terminology.hl7.org/CodeSystem/observation-category",
          "code": "survey"
        } ]
      } ],
      "code": {
        "coding": [ {
          "system": "http://loinc.org",
          "code": "72095-3",
          "display": "Activities of daily living score [HOOS]"
        } ]
      },
      "subject": {
        "reference": "Patient/0f65b705-a1fd-41b4-8834-2a200e582472"
      },
      "effectivePeriod": {
        "start": "2024-08-02T00:00:00.000Z",
        "end": "2024-08-02T01:00:00.000Z"
      },
      "valueInteger": 60
    },
    "request": {
      "method": "PUT",
      "url": "Observation/b1808fe6-66a6-4a59-8120-313d707a65c5"
    }
  }, {
    "fullUrl": "https://madie.cms.gov/Observation/c1b82378-f71c-4f01-91b8-2aa5bfb7a4bb",
    "resource": {
      "resourceType": "Observation",
      "id": "c1b82378-f71c-4f01-91b8-2aa5bfb7a4bb",
      "meta": {
        "profile": [ "http://hl7.org/fhir/us/qicore/StructureDefinition/qicore-observation-screening-assessment" ]
      },
      "status": "final",
      "category": [ {
        "coding": [ {
          "system": "http://terminology.hl7.org/CodeSystem/observation-category",
          "code": "survey"
        } ]
      } ],
      "code": {
        "coding": [ {
          "system": "http://loinc.org",
          "code": "72096-1",
          "display": "Symptoms score [HOOS]"
        } ]
      },
      "subject": {
        "reference": "Patient/0f65b705-a1fd-41b4-8834-2a200e582472"
      },
      "effectivePeriod": {
        "start": "2024-08-02T00:00:00.000Z",
        "end": "2024-08-02T01:00:00.000Z"
      },
      "valueInteger": 60
    },
    "request": {
      "method": "PUT",
      "url": "Observation/c1b82378-f71c-4f01-91b8-2aa5bfb7a4bb"
    }
  }, {
    "fullUrl": "https://madie.cms.gov/Observation/d345a963-1ede-494e-b18e-5057f0bb2fce",
    "resource": {
      "resourceType": "Observation",
      "id": "d345a963-1ede-494e-b18e-5057f0bb2fce",
      "meta": {
        "profile": [ "http://hl7.org/fhir/us/qicore/StructureDefinition/qicore-observation-screening-assessment" ]
      },
      "status": "final",
      "category": [ {
        "coding": [ {
          "system": "http://terminology.hl7.org/CodeSystem/observation-category",
          "code": "survey"
        } ]
      } ],
      "code": {
        "coding": [ {
          "system": "http://loinc.org",
          "code": "72097-9",
          "display": "Pain score [HOOS]"
        } ]
      },
      "subject": {
        "reference": "Patient/0f65b705-a1fd-41b4-8834-2a200e582472"
      },
      "effectivePeriod": {
        "start": "2024-08-02T00:00:00.000Z",
        "end": "2024-08-02T01:00:00.000Z"
      },
      "valueInteger": 60
    },
    "request": {
      "method": "PUT",
      "url": "Observation/d345a963-1ede-494e-b18e-5057f0bb2fce"
    }
  }, {
    "fullUrl": "https://madie.cms.gov/Observation/eaa2ec27-1d29-4e89-ad09-6e8195a918e3",
    "resource": {
      "resourceType": "Observation",
      "id": "eaa2ec27-1d29-4e89-ad09-6e8195a918e3",
      "meta": {
        "profile": [ "http://hl7.org/fhir/us/qicore/StructureDefinition/qicore-observation-screening-assessment" ]
      },
      "status": "final",
      "category": [ {
        "coding": [ {
          "system": "http://terminology.hl7.org/CodeSystem/observation-category",
          "code": "survey"
        } ]
      } ],
      "code": {
        "coding": [ {
          "system": "http://loinc.org",
          "code": "72093-8",
          "display": "Quality of life score [HOOS]"
        } ]
      },
      "subject": {
        "reference": "Patient/0f65b705-a1fd-41b4-8834-2a200e582472"
      },
      "effectivePeriod": {
        "start": "2025-12-30T00:00:00.000Z",
        "end": "2025-12-30T01:00:00.000Z"
      },
      "valueInteger": 60
    },
    "request": {
      "method": "PUT",
      "url": "Observation/eaa2ec27-1d29-4e89-ad09-6e8195a918e3"
    }
  }, {
    "fullUrl": "https://madie.cms.gov/Observation/2cf3585e-77d8-483d-b9d7-0470a44d40c8",
    "resource": {
      "resourceType": "Observation",
      "id": "2cf3585e-77d8-483d-b9d7-0470a44d40c8",
      "meta": {
        "profile": [ "http://hl7.org/fhir/us/qicore/StructureDefinition/qicore-observation-screening-assessment" ]
      },
      "status": "final",
      "category": [ {
        "coding": [ {
          "system": "http://terminology.hl7.org/CodeSystem/observation-category",
          "code": "survey"
        } ]
      } ],
      "code": {
        "coding": [ {
          "system": "http://loinc.org",
          "code": "72094-6",
          "display": "Sport-recreation score [HOOS]"
        } ]
      },
      "subject": {
        "reference": "Patient/0f65b705-a1fd-41b4-8834-2a200e582472"
      },
      "effectivePeriod": {
        "start": "2025-12-30T00:00:00.000Z",
        "end": "2025-12-30T01:00:00.000Z"
      },
      "valueInteger": 60
    },
    "request": {
      "method": "PUT",
      "url": "Observation/2cf3585e-77d8-483d-b9d7-0470a44d40c8"
    }
  }, {
    "fullUrl": "https://madie.cms.gov/Observation/e21deabe-fa83-4eb3-b10b-0cd49ab94806",
    "resource": {
      "resourceType": "Observation",
      "id": "e21deabe-fa83-4eb3-b10b-0cd49ab94806",
      "meta": {
        "profile": [ "http://hl7.org/fhir/us/qicore/StructureDefinition/qicore-observation-screening-assessment" ]
      },
      "status": "final",
      "category": [ {
        "coding": [ {
          "system": "http://terminology.hl7.org/CodeSystem/observation-category",
          "code": "survey"
        } ]
      } ],
      "code": {
        "coding": [ {
          "system": "http://loinc.org",
          "code": "72095-3",
          "display": "Activities of daily living score [HOOS]"
        } ]
      },
      "subject": {
        "reference": "Patient/0f65b705-a1fd-41b4-8834-2a200e582472"
      },
      "effectivePeriod": {
        "start": "2025-12-30T00:00:00.000Z",
        "end": "2025-12-30T01:00:00.000Z"
      },
      "valueInteger": 60
    },
    "request": {
      "method": "PUT",
      "url": "Observation/e21deabe-fa83-4eb3-b10b-0cd49ab94806"
    }
  }, {
    "fullUrl": "https://madie.cms.gov/Observation/89b7fd34-e7b8-4f41-9529-3dc08d409b80",
    "resource": {
      "resourceType": "Observation",
      "id": "89b7fd34-e7b8-4f41-9529-3dc08d409b80",
      "meta": {
        "profile": [ "http://hl7.org/fhir/us/qicore/StructureDefinition/qicore-observation-screening-assessment" ]
      },
      "status": "final",
      "category": [ {
        "coding": [ {
          "system": "http://terminology.hl7.org/CodeSystem/observation-category",
          "code": "survey"
        } ]
      } ],
      "code": {
        "coding": [ {
          "system": "http://loinc.org",
          "code": "72096-1",
          "display": "Symptoms score [HOOS]"
        } ]
      },
      "subject": {
        "reference": "Patient/0f65b705-a1fd-41b4-8834-2a200e582472"
      },
      "effectivePeriod": {
        "start": "2025-12-30T00:00:00.000Z",
        "end": "2025-12-30T01:00:00.000Z"
      },
      "valueInteger": 60
    },
    "request": {
      "method": "PUT",
      "url": "Observation/89b7fd34-e7b8-4f41-9529-3dc08d409b80"
    }
  }, {
    "fullUrl": "https://madie.cms.gov/Observation/6015d7a1-e797-4783-b68c-5d75f45ea327",
    "resource": {
      "resourceType": "Observation",
      "id": "6015d7a1-e797-4783-b68c-5d75f45ea327",
      "meta": {
        "profile": [ "http://hl7.org/fhir/us/qicore/StructureDefinition/qicore-observation-screening-assessment" ]
      },
      "status": "final",
      "category": [ {
        "coding": [ {
          "system": "http://terminology.hl7.org/CodeSystem/observation-category",
          "code": "survey"
        } ]
      } ],
      "code": {
        "coding": [ {
          "system": "http://loinc.org",
          "code": "72097-9",
          "display": "Pain score [HOOS]"
        } ]
      },
      "subject": {
        "reference": "Patient/0f65b705-a1fd-41b4-8834-2a200e582472"
      },
      "effectivePeriod": {
        "start": "2025-12-30T00:00:00.000Z",
        "end": "2025-12-30T01:00:00.000Z"
      },
      "valueInteger": 60
    },
    "request": {
      "method": "PUT",
      "url": "Observation/6015d7a1-e797-4783-b68c-5d75f45ea327"
    }
  }, {
    "fullUrl": "https://madie.cms.gov/MeasureReport/9d784246-2896-4acb-948f-1d192a3b9ddf",
    "resource": {
      "resourceType": "MeasureReport",
      "id": "9d784246-2896-4acb-948f-1d192a3b9ddf",
      "meta": {
        "profile": [ "http://hl7.org/fhir/us/cqfmeasures/StructureDefinition/test-case-cqfm" ]
      },
      "contained": [ {
        "resourceType": "Parameters",
        "id": "8d37b751-7076-4a8f-996f-b7d135df6b14-parameters",
        "parameter": [ {
          "name": "subject",
          "valueString": "0f65b705-a1fd-41b4-8834-2a200e582472"
        } ]
      } ],
      "extension": [ {
        "url": "http://hl7.org/fhir/StructureDefinition/cqf-inputParameters",
        "valueReference": {
          "reference": "#8d37b751-7076-4a8f-996f-b7d135df6b14-parameters"
        }
      }, {
        "url": "http://hl7.org/fhir/us/cqfmeasures/StructureDefinition/cqfm-testCaseDescription",
        "valueMarkdown": "Patient w/ a THA Procedure 11/1, Initial Hip Assessment 91 days before THA Procedure(8/2), and FollowUp Hip Assessment HOOS 425 days after THA Procedure (12/30)\""
      } ],
      "modifierExtension": [ {
        "url": "http://hl7.org/fhir/us/cqfmeasures/StructureDefinition/cqfm-isTestCase",
        "valueBoolean": true
      } ],
      "status": "complete",
      "type": "individual",
      "measure": "https://madie.cms.gov/Measure/CMS56FHIRFunctionalStatusAssessmentforTotalHipReplacement",
      "period": {
        "start": "2026-01-01",
        "end": "2026-12-31"
      },
      "group": [ {
        "id": "Group_1",
        "population": [ {
          "id": "InitialPopulation_1",
          "code": {
            "coding": [ {
              "system": "http://terminology.hl7.org/CodeSystem/measure-population",
              "code": "initial-population",
              "display": "Initial Population"
            } ]
          },
          "count": 1
        }, {
          "id": "Denominator_1",
          "code": {
            "coding": [ {
              "system": "http://terminology.hl7.org/CodeSystem/measure-population",
              "code": "denominator",
              "display": "Denominator"
            } ]
          },
          "count": 1
        }, {
          "id": "DenominatorExclusion_1",
          "code": {
            "coding": [ {
              "system": "http://terminology.hl7.org/CodeSystem/measure-population",
              "code": "denominator-exclusion",
              "display": "Denominator Exclusion"
            } ]
          },
          "count": 0
        }, {
          "id": "Numerator_1",
          "code": {
            "coding": [ {
              "system": "http://terminology.hl7.org/CodeSystem/measure-population",
              "code": "numerator",
              "display": "Numerator"
            } ]
          },
          "count": 0
        } ],
        "measureScore": {
          "value": 1.0
        }
      } ],
      "evaluatedResource": [ {
        "reference": "Patient/0f65b705-a1fd-41b4-8834-2a200e582472"
      }, {
        "reference": "Procedure/ac17e9bd-39ae-45cd-a550-e0ac5180e7da"
      }, {
        "reference": "Encounter/55ce017c-53f7-428a-95d4-ae203cd4a8e8"
      }, {
        "reference": "Observation/6292667f-68bb-4851-bb0f-ff76a867cb06"
      }, {
        "reference": "Observation/f6d351ab-b724-4697-a096-b339deb39512"
      }, {
        "reference": "Observation/b1808fe6-66a6-4a59-8120-313d707a65c5"
      }, {
        "reference": "Observation/c1b82378-f71c-4f01-91b8-2aa5bfb7a4bb"
      }, {
        "reference": "Observation/d345a963-1ede-494e-b18e-5057f0bb2fce"
      }, {
        "reference": "Observation/eaa2ec27-1d29-4e89-ad09-6e8195a918e3"
      }, {
        "reference": "Observation/2cf3585e-77d8-483d-b9d7-0470a44d40c8"
      }, {
        "reference": "Observation/e21deabe-fa83-4eb3-b10b-0cd49ab94806"
      }, {
        "reference": "Observation/89b7fd34-e7b8-4f41-9529-3dc08d409b80"
      }, {
        "reference": "Observation/6015d7a1-e797-4783-b68c-5d75f45ea327"
      } ]
    },
    "request": {
      "method": "PUT",
      "url": "MeasureReport/9d784246-2896-4acb-948f-1d192a3b9ddf"
    }
  } ]
}