{
  "resourceType": "Bundle",
  "id": "61095b0998086b53805591a5",
  "type": "transaction",
  "entry": [ {
    "fullUrl": "https://madie.cms.gov/Patient/edcca964-8fb0-4672-85cb-8e64495d3077",
    "resource": {
      "resourceType": "Patient",
      "id": "edcca964-8fb0-4672-85cb-8e64495d3077",
      "meta": {
        "profile": [ "http://hl7.org/fhir/us/qicore/StructureDefinition/qicore-patient" ]
      },
      "text": {
        "status": "generated",
        "div": "<div xmlns=\"http://www.w3.org/1999/xhtml\"><div class=\"hapiHeaderText\">Age@18 <b>DENOMPASS </b></div><table class=\"hapiPropertyTable\"><tbody><tr><td>Identifier</td><td>67f3e33acf17bcb386e754d726ed064ccd48ba21ff0ffb2eb678740a684398be</td></tr><tr><td>Date of birth</td><td><span>01 January 1994</span></td></tr></tbody></table></div>"
      },
      "extension": [ {
        "url": "http://hl7.org/fhir/us/core/StructureDefinition/us-core-race",
        "extension": [ {
          "url": "ombCategory",
          "valueCoding": {
            "system": "urn:oid:2.16.840.1.113883.6.238",
            "code": "1002-5",
            "display": "American Indian or Alaska Native",
            "userSelected": true
          }
        }, {
          "url": "text",
          "valueString": "American Indian or Alaska Native"
        } ]
      }, {
        "url": "http://hl7.org/fhir/us/core/StructureDefinition/us-core-ethnicity",
        "extension": [ {
          "url": "ombCategory",
          "valueCoding": {
            "system": "urn:oid:2.16.840.1.113883.6.238",
            "code": "2135-2",
            "display": "Hispanic or Latino",
            "userSelected": true
          }
        }, {
          "url": "text",
          "valueString": "Hispanic or Latino"
        } ]
      } ],
      "identifier": [ {
        "type": {
          "coding": [ {
            "system": "http://terminology.hl7.org/CodeSystem/v2-0203",
            "code": "MR"
          } ]
        },
        "system": "https://bonnie-fhir.healthit.gov/",
        "value": "61095b0998086b53805591a5"
      } ],
      "active": true,
      "name": [ {
        "use": "usual",
        "family": "NUMPASS",
        "given": [ "VisAcuity20/40" ]
      } ],
      "gender": "female",
      "birthDate": "1996-01-01"
    },
    "request": {
      "method": "PUT",
      "url": "Patient/edcca964-8fb0-4672-85cb-8e64495d3077"
    }
  }, {
    "fullUrl": "https://madie.cms.gov/Observation/051144bf-68bb-4085-9d5a-8306cb20ada9",
    "resource": {
      "resourceType": "Observation",
      "id": "051144bf-68bb-4085-9d5a-8306cb20ada9",
      "meta": {
        "profile": [ "http://hl7.org/fhir/us/qicore/StructureDefinition/qicore-observation-clinical-result" ]
      },
      "status": "final",
      "category": [ {
        "coding": [ {
          "system": "http://terminology.hl7.org/CodeSystem/observation-category",
          "code": "exam",
          "display": "exam"
        } ]
      } ],
      "code": {
        "coding": [ {
          "system": "http://snomed.info/sct",
          "code": "419775003"
        } ]
      },
      "subject": {
        "reference": "Patient/edcca964-8fb0-4672-85cb-8e64495d3077"
      },
      "effectivePeriod": {
        "start": "2026-03-13T09:00:00+00:00",
        "end": "2026-03-13T09:30:00+00:00"
      }
    },
    "request": {
      "method": "PUT",
      "url": "Observation/051144bf-68bb-4085-9d5a-8306cb20ada9"
    }
  }, {
    "fullUrl": "https://madie.cms.gov/Observation/3d9fb3b1-7e3d-48fa-b918-e940b4873843",
    "resource": {
      "resourceType": "Observation",
      "id": "3d9fb3b1-7e3d-48fa-b918-e940b4873843",
      "meta": {
        "profile": [ "http://hl7.org/fhir/us/qicore/StructureDefinition/qicore-observation-clinical-result" ]
      },
      "status": "final",
      "category": [ {
        "coding": [ {
          "system": "http://terminology.hl7.org/CodeSystem/observation-category",
          "code": "exam",
          "display": "Exam",
          "userSelected": true
        } ]
      } ],
      "code": {
        "coding": [ {
          "system": "http://loinc.org",
          "version": "2.73",
          "code": "79880-1",
          "display": "Visual acuity best corrected Right eye by Snellen eye chart",
          "userSelected": true
        } ]
      },
      "subject": {
        "reference": "Patient/edcca964-8fb0-4672-85cb-8e64495d3077"
      },
      "effectiveDateTime": "2026-06-01T08:00:00.000Z",
      "valueCodeableConcept": {
        "coding": [ {
          "system": "http://snomed.info/sct",
          "version": "2021-09",
          "code": "424703005",
          "display": "Distance vision 20/40 (finding)",
          "userSelected": true
        } ]
      }
    },
    "request": {
      "method": "PUT",
      "url": "Observation/3d9fb3b1-7e3d-48fa-b918-e940b4873843"
    }
  }, {
    "fullUrl": "https://madie.cms.gov/Procedure/01da77dd-cede-464c-84cb-680ad69ce8b5",
    "resource": {
      "resourceType": "Procedure",
      "id": "01da77dd-cede-464c-84cb-680ad69ce8b5",
      "meta": {
        "profile": [ "http://hl7.org/fhir/us/qicore/StructureDefinition/qicore-procedure" ]
      },
      "extension": [ {
        "url": "http://hl7.org/fhir/us/qicore/StructureDefinition/qicore-recorded",
        "valueDateTime": "2026-03-05T09:35:00-04:00"
      } ],
      "status": "completed",
      "code": {
        "coding": [ {
          "system": "http://snomed.info/sct",
          "code": "84149000"
        } ]
      },
      "subject": {
        "reference": "Patient/edcca964-8fb0-4672-85cb-8e64495d3077"
      },
      "performedPeriod": {
        "start": "2026-03-05T09:20:00-04:00",
        "end": "2026-04-05T10:30:00-04:00"
      }
    },
    "request": {
      "method": "PUT",
      "url": "Procedure/01da77dd-cede-464c-84cb-680ad69ce8b5"
    }
  }, {
    "fullUrl": "https://madie.cms.gov/Coverage/94eba23a-3eca-4b72-b0ff-b7a93ca0b5dd",
    "resource": {
      "resourceType": "Coverage",
      "id": "94eba23a-3eca-4b72-b0ff-b7a93ca0b5dd",
      "meta": {
        "profile": [ "http://hl7.org/fhir/us/qicore/StructureDefinition/qicore-coverage" ]
      },
      "status": "active",
      "beneficiary": {
        "reference": "Patient/edcca964-8fb0-4672-85cb-8e64495d3077"
      },
      "payor": [ {
        "reference": "Organization/f2b2bfc1-fcf7-4198-aad6-cee1a9ccab59"
      } ]
    },
    "request": {
      "method": "PUT",
      "url": "Coverage/94eba23a-3eca-4b72-b0ff-b7a93ca0b5dd"
    }
  }, {
    "fullUrl": "https://madie.cms.gov/Organization/f2b2bfc1-fcf7-4198-aad6-cee1a9ccab59",
    "resource": {
      "resourceType": "Organization",
      "id": "f2b2bfc1-fcf7-4198-aad6-cee1a9ccab59",
      "meta": {
        "profile": [ "http://hl7.org/fhir/us/qicore/StructureDefinition/qicore-organization" ]
      },
      "identifier": [ {
        "use": "temp",
        "system": "urn:oid:2.16.840.1.113883.4.4",
        "value": "21-3259825"
      } ],
      "active": true,
      "type": [ {
        "coding": [ {
          "system": "http://terminology.hl7.org/CodeSystem/organization-type",
          "code": "pay",
          "display": "Payer"
        } ]
      } ],
      "name": "Blue Cross Blue Shield of Texas",
      "telecom": [ {
        "system": "phone",
        "value": "(+1) 972-766-6900"
      } ],
      "address": [ {
        "use": "billing",
        "type": "postal",
        "line": [ "P.O. Box 660044" ],
        "city": "Dallas",
        "state": "TX",
        "postalCode": "75266-0044",
        "country": "USA"
      } ]
    },
    "request": {
      "method": "PUT",
      "url": "Organization/f2b2bfc1-fcf7-4198-aad6-cee1a9ccab59"
    }
  }, {
    "fullUrl": "https://madie.cms.gov/Practitioner/9f6b3641-fda8-4355-bf3b-e39a5271424a",
    "resource": {
      "resourceType": "Practitioner",
      "id": "9f6b3641-fda8-4355-bf3b-e39a5271424a",
      "meta": {
        "profile": [ "http://hl7.org/fhir/us/qicore/StructureDefinition/qicore-practitioner" ]
      },
      "identifier": [ {
        "system": "http://hl7.org/fhir/sid/us-npi",
        "value": "123456"
      } ],
      "name": [ {
        "family": "Evil",
        "prefix": [ "Dr" ]
      } ]
    },
    "request": {
      "method": "PUT",
      "url": "Practitioner/9f6b3641-fda8-4355-bf3b-e39a5271424a"
    }
  }, {
    "fullUrl": "https://madie.cms.gov/MeasureReport/9a909aba-c0e2-4c17-abd1-b48b3178f93a",
    "resource": {
      "resourceType": "MeasureReport",
      "id": "9a909aba-c0e2-4c17-abd1-b48b3178f93a",
      "meta": {
        "profile": [ "http://hl7.org/fhir/us/cqfmeasures/StructureDefinition/test-case-cqfm" ]
      },
      "contained": [ {
        "resourceType": "Parameters",
        "id": "6f699431-b87f-44c8-b963-0041135c3ce4-parameters",
        "parameter": [ {
          "name": "subject",
          "valueString": "edcca964-8fb0-4672-85cb-8e64495d3077"
        } ]
      } ],
      "extension": [ {
        "url": "http://hl7.org/fhir/StructureDefinition/cqf-inputParameters",
        "valueReference": {
          "reference": "#6f699431-b87f-44c8-b963-0041135c3ce4-parameters"
        }
      }, {
        "url": "http://hl7.org/fhir/us/cqfmeasures/StructureDefinition/cqfm-testCaseDescription",
        "valueMarkdown": "Num - Best Corrected Visual Acuity Exam Using Snellen Chart"
      } ],
      "modifierExtension": [ {
        "url": "http://hl7.org/fhir/us/cqfmeasures/StructureDefinition/cqfm-isTestCase",
        "valueBoolean": true
      } ],
      "status": "complete",
      "type": "individual",
      "measure": "https://madie.cms.gov/Measure/CMS133FHIRCataracts2040BCVAwithin90Days",
      "period": {
        "start": "2026-01-01",
        "end": "2026-12-31"
      },
      "group": [ {
        "id": "Group_1",
        "population": [ {
          "id": "InitialPopulation_1",
          "code": {
            "coding": [ {
              "system": "http://terminology.hl7.org/CodeSystem/measure-population",
              "code": "initial-population",
              "display": "Initial Population"
            } ]
          },
          "count": 1
        }, {
          "id": "Denominator_1",
          "code": {
            "coding": [ {
              "system": "http://terminology.hl7.org/CodeSystem/measure-population",
              "code": "denominator",
              "display": "Denominator"
            } ]
          },
          "count": 1
        }, {
          "id": "DenominatorExclusion_1",
          "code": {
            "coding": [ {
              "system": "http://terminology.hl7.org/CodeSystem/measure-population",
              "code": "denominator-exclusion",
              "display": "Denominator Exclusion"
            } ]
          },
          "count": 0
        }, {
          "id": "Numerator_1",
          "code": {
            "coding": [ {
              "system": "http://terminology.hl7.org/CodeSystem/measure-population",
              "code": "numerator",
              "display": "Numerator"
            } ]
          },
          "count": 1
        } ],
        "measureScore": {
          "value": 0.0
        }
      } ],
      "evaluatedResource": [ {
        "reference": "Patient/edcca964-8fb0-4672-85cb-8e64495d3077"
      }, {
        "reference": "Observation/051144bf-68bb-4085-9d5a-8306cb20ada9"
      }, {
        "reference": "Observation/3d9fb3b1-7e3d-48fa-b918-e940b4873843"
      }, {
        "reference": "Procedure/01da77dd-cede-464c-84cb-680ad69ce8b5"
      }, {
        "reference": "Coverage/94eba23a-3eca-4b72-b0ff-b7a93ca0b5dd"
      }, {
        "reference": "Organization/f2b2bfc1-fcf7-4198-aad6-cee1a9ccab59"
      }, {
        "reference": "Practitioner/9f6b3641-fda8-4355-bf3b-e39a5271424a"
      } ]
    },
    "request": {
      "method": "PUT",
      "url": "MeasureReport/9a909aba-c0e2-4c17-abd1-b48b3178f93a"
    }
  } ]
}