{
  "resourceType": "Measure",
  "id": "CMS143FHIRPOAGOpticNerveEvaluation",
  "meta": {
    "profile": [ "http://hl7.org/fhir/uv/crmi/StructureDefinition/crmi-shareablemeasure", "http://hl7.org/fhir/us/cqfmeasures/StructureDefinition/computable-measure-cqfm", "http://hl7.org/fhir/us/cqfmeasures/StructureDefinition/publishable-measure-cqfm", "http://hl7.org/fhir/us/cqfmeasures/StructureDefinition/executable-measure-cqfm", "http://hl7.org/fhir/us/cqfmeasures/StructureDefinition/cql-measure-cqfm", "http://hl7.org/fhir/us/cqfmeasures/StructureDefinition/elm-measure-cqfm", "http://hl7.org/fhir/us/cqfmeasures/StructureDefinition/proportion-measure-cqfm" ]
  },
  "text": {
    "status": "extensions",
    "div": "<div xmlns=\"http://www.w3.org/1999/xhtml\" class=\"col-12\">\n  <table class=\"narrative-table\">\n    <tbody>\n<tr>\n\n<th colspan=\"2\" scope=\"row\" class=\"row-header\">Knowledge Artifact Metadata</th>\n\n</tr>\n\n\n\n\n\n\n\n\n\n\n\n\n\n\n\n\n\n\n\n\n\n\n\n\n\n\n\n\n<tr>\n\n<th colspan=\"2\" scope=\"row\" class=\"row-header\">Measure Metadata</th>\n\n</tr>\n\n  \n<tr>\n\n<th scope=\"row\" class=\"row-header\">Short Name Identifier</th>\n\n<td class=\"content-container\">CMS143FHIR</td>\n</tr>\n\n\n\n  \n<tr>\n\n<th scope=\"row\" class=\"row-header\">Version Independent Identifier</th>\n\n<td class=\"content-container\">urn:uuid:7b41a49e-61af-4a73-8dfd-a6a76e8e7c49</td>\n</tr>\n\n\n\n  \n<tr>\n\n<th scope=\"row\" class=\"row-header\">Version Specific Identifier</th>\n\n<td class=\"content-container\">urn:uuid:d6a2b57e-9eaf-4638-9187-173b8614d44c</td>\n</tr>\n\n\n\n  \n    \n    \n<tr>\n\n<th scope=\"row\" class=\"row-header\">Publisher (CMS) Identifier</th>\n\n<td class=\"content-container\">143FHIR</td>\n</tr>\n\n  \n\n\n  \n<tr>\n\n<th scope=\"row\" class=\"row-header\">Identifier</th>\n\n<td class=\"content-container\">org.hl7.fhir.r5.model.Identifier@47f697d9</td>\n</tr>\n\n\n\n<tr>\n\n<th scope=\"row\" class=\"row-header\">Version Number</th>\n\n<td class=\"content-container\">0.2.000</td>\n</tr>\n\n\n\n\n\n\n\n<tr>\n\n<th scope=\"row\" class=\"row-header\">Rationale</th>\n\n<td class=\"content-container\">Glaucoma is a group of diseases that damage the eye’s optic nerve and can result in vision loss and blindness. In 2011, 2.71 million persons in the U.S. had primary open-angle glaucoma (POAG) and in 2050, an estimated 7.32 million persons will have POAG (Vajaranant, Wu, Torres, &amp; Varma, 2012). Furthermore, a study by Rein, Zhang, &amp; Wirth (2006) estimated that the total financial burden of major visual disorders among U.S. residents aged 40 years or older was $35.4 billion in 2004: $16.2 billion in direct medical costs, $11.1 billion in other direct costs, and $8 billion in productivity losses. Of the direct medical costs, approximately $2.9 billion was attributable to glaucoma (Rein, Zhang, &amp; Wirth, 2006). It is imperative that evidence-based care be delivered to all glaucoma patients. \n\nAccording to recent guidelines, optic nerve changes are one of the characteristics which reflect progression of glaucoma (the other characteristic is visual field). Examination of the optic nerve head (ONH) and retinal nerve fiber layer (RNFL) provides valuable structural information about optic nerve damage from glaucoma. Visible structural alterations of the ONH or RNFL may precede the onset of visual field defects. Careful study of the optic disc neural rim for small hemorrhages is important because these hemorrhages sometimes signal focal disc damage and visual field loss, and they may signify ongoing optic nerve damage in patients with glaucoma (Gedde et al., 2021). Despite evidence emphasizing the value of an optic nerve evaluation, there is a gap in documentation patterns of the optic nerve for both initial and follow-up care.\n\nThis measure is intended to promote examination and documentation of the structure and function of the optic nerve, and to monitor and detect disease progression among patients diagnosed with POAG.</td>\n</tr>\n\n\n<tr>\n\n<th scope=\"row\" class=\"row-header\">Clinical Recommendation Statement</th>\n\n<td class=\"content-container\">Ophthalmic Evaluation\nThe ophthalmic evaluation specifically focuses on the following elements in the comprehensive adult medical eye evaluation:\n\nVisual acuity measurement\nPupil examination\nAnterior segment examination\nIOP measurement\nGonioscopy\nOptic nerve head (ONH) and retinal nerve fiber layer (RNFL) examination\nFundus examination\n(Gedde et al., 2021)\n\nThe optic nerve should be carefully examined for the signs of glaucoma damage, and its appearance should be serially documented (I+, moderate quality, strong recommendation) (Gedde et al., 2021).</td>\n</tr>\n\n\n\n\n<tr>\n\n<th scope=\"row\" class=\"row-header\">Guidance</th>\n\n<td class=\"content-container\">Optic nerve head evaluation includes examination of the cup to disc ratio and identification of optic disc or retinal nerve abnormalities. Both of these components of the optic nerve head evaluation are examined using ophthalmoscopy.\n\nThe measure, as written, does not specifically require documentation of laterality. Coding limitations in particular clinical terminologies do not currently allow for that level of specificity (ICD-10-CM includes laterality, but SNOMED-CT does not uniformly include this distinction). Therefore, at this time, it is not a requirement of this measure to indicate laterality of the diagnoses, findings or procedures. Available coding to capture the data elements specified in this measure has been provided. It is assumed that the eligible professional or eligible clinician will record laterality in the patient medical record, as quality care and clinical documentation should include laterality.\n\nThis eCQM is a patient-based measure.\n\nTelehealth encounters are not eligible for this measure because the measure requires a clinical action that cannot be conducted via telehealth.\n\nThis version of the eCQM uses QDM version 5.6. Please refer to the eCQI resource center (https://ecqi.healthit.gov/qdm) for more information on the QDM.</td>\n</tr>\n\n\n  \n    \n<tr>\n\n<th scope=\"row\" class=\"row-header\">Supplemental Data Guidance</th>\n\n<td class=\"content-container\">For every patient evaluated by this measure also identify payer, race, ethnicity and sex; SDE Ethnicity \n SDE Payer \n SDE Race \n SDE Sex \n </td>\n</tr>\n\n  \n\n\n\n\n\n  \n    \n    <tr>\n\n<th colspan=\"2\" scope=\"row\" class=\"row-header\">Measure Population Criteria (ID: Group_1)</th>\n\n</tr>\n  \n  \n  \n  \n    <tr>\n      \n        \n<th scope=\"row\" class=\"row-header\">Initial Population</th>\n\n      \n      <td class=\"content-container\">\n        \n        <em>ID</em>: InitialPopulation_1\n        <br/>\n        \n        \n          <em>Description</em>:\n          <p style=\"white-space: pre-line\" class=\"tab-one\">All patients aged 18 years and older with a diagnosis of primary open-angle glaucoma</p>\n        \n        \n          \n            \n            <em>Logic Definition</em>: <a href=\"#cms143fhirpoagopticnerveevaluation-initial-population\">Initial Population</a> \n          \n        \n      </td>\n    </tr>\n  \n\n  \n    <tr>\n      \n        \n<th scope=\"row\" class=\"row-header\">Denominator</th>\n\n      \n      <td class=\"content-container\">\n        \n        <em>ID</em>: Denominator_1\n        <br/>\n        \n        \n          <em>Description</em>:\n          <p style=\"white-space: pre-line\" class=\"tab-one\">Equals Initial Population</p>\n        \n        \n          \n            \n            <em>Logic Definition</em>: <a href=\"#cms143fhirpoagopticnerveevaluation-denominator\">Denominator</a> \n          \n        \n      </td>\n    </tr>\n  \n\n  \n    <tr>\n      \n        \n<th scope=\"row\" class=\"row-header\">Numerator</th>\n\n      \n      <td class=\"content-container\">\n        \n        <em>ID</em>: Numerator_1\n        <br/>\n        \n        \n          <em>Description</em>:\n          <p style=\"white-space: pre-line\" class=\"tab-one\">Patients who have an optic nerve head evaluation during one or more visits during the measurement period</p>\n        \n        \n          \n            \n            <em>Logic Definition</em>: <a href=\"#cms143fhirpoagopticnerveevaluation-numerator\">Numerator</a> \n          \n        \n      </td>\n    </tr>\n  \n\n  \n    <tr>\n      \n        \n<th scope=\"row\" class=\"row-header\">Denominator Exception</th>\n\n      \n      <td class=\"content-container\">\n        \n        <em>ID</em>: DenominatorException_1\n        <br/>\n        \n        \n          <em>Description</em>:\n          <p style=\"white-space: pre-line\" class=\"tab-one\">Documentation of medical reason(s) for not performing an optic nerve head evaluation</p>\n        \n        \n          \n            \n            <em>Logic Definition</em>: <a href=\"#cms143fhirpoagopticnerveevaluation-denominator-exceptions\">Denominator Exceptions</a> \n          \n        \n      </td>\n    </tr>\n  \n\n  \n  \n  \n<tr>\n\n<th scope=\"row\" class=\"row-header\">Population Basis</th>\n\n<td class=\"content-container\">boolean</td>\n</tr>\n\n\n\n  \n<tr>\n\n<th scope=\"row\" class=\"row-header\">Scoring</th>\n\n<td class=\"content-container\">[http://terminology.hl7.org/CodeSystem/measure-scoring#proportion: 'Proportion']</td>\n</tr>\n\n\n\n\n\n\n\n  \n<tr>\n\n<th scope=\"row\" class=\"row-header\">Type</th>\n\n<td class=\"content-container\">[http://terminology.hl7.org/CodeSystem/measure-type#process: 'Process']</td>\n</tr>\n\n\n\n\n  \n<tr>\n\n<th scope=\"row\" class=\"row-header\">Rate Aggregation</th>\n\n<td class=\"content-container\">None</td>\n</tr>\n\n\n\n  \n<tr>\n\n<th scope=\"row\" class=\"row-header\">Improvement Notation</th>\n\n<td class=\"content-container\">[http://terminology.hl7.org/CodeSystem/measure-improvement-notation#decrease: 'increase']</td>\n</tr>\n\n\n\n\n  <tr>\n\n<th colspan=\"2\" scope=\"row\" class=\"row-header\">Supplemental Data Elements</th>\n\n</tr>\n\n\n<tr>\n  \n<th scope=\"row\" class=\"row-header\">Supplemental Data Element</th>\n\n  <td class=\"content-container\">\n    \n      <em>ID</em>: sde-ethnicity\n      \n      <br/>\n      \n    \n    \n      \n        \n          <em>Usage Code</em>: [http://terminology.hl7.org/CodeSystem/measure-data-usage#supplemental-data]\n        \n        <br/>\n      \n    \n    \n      <em>Description</em>: SDE Ethnicity\n    \n    \n      \n        <br/>\n        \n        <em>Logic Definition</em>: <a href=\"#cms143fhirpoagopticnerveevaluation-sde-ethnicity\">SDE Ethnicity</a> \n      \n    \n  </td>\n</tr>\n\n<tr>\n  \n<th scope=\"row\" class=\"row-header\">Supplemental Data Element</th>\n\n  <td class=\"content-container\">\n    \n      <em>ID</em>: sde-payer\n      \n      <br/>\n      \n    \n    \n      \n        \n          <em>Usage Code</em>: [http://terminology.hl7.org/CodeSystem/measure-data-usage#supplemental-data]\n        \n        <br/>\n      \n    \n    \n      <em>Description</em>: SDE Payer\n    \n    \n      \n        <br/>\n        \n        <em>Logic Definition</em>: <a href=\"#cms143fhirpoagopticnerveevaluation-sde-payer\">SDE Payer</a> \n      \n    \n  </td>\n</tr>\n\n<tr>\n  \n<th scope=\"row\" class=\"row-header\">Supplemental Data Element</th>\n\n  <td class=\"content-container\">\n    \n      <em>ID</em>: sde-race\n      \n      <br/>\n      \n    \n    \n      \n        \n          <em>Usage Code</em>: [http://terminology.hl7.org/CodeSystem/measure-data-usage#supplemental-data]\n        \n        <br/>\n      \n    \n    \n      <em>Description</em>: SDE Race\n    \n    \n      \n        <br/>\n        \n        <em>Logic Definition</em>: <a href=\"#cms143fhirpoagopticnerveevaluation-sde-race\">SDE Race</a> \n      \n    \n  </td>\n</tr>\n\n<tr>\n  \n<th scope=\"row\" class=\"row-header\">Supplemental Data Element</th>\n\n  <td class=\"content-container\">\n    \n      <em>ID</em>: sde-sex\n      \n      <br/>\n      \n    \n    \n      \n        \n          <em>Usage Code</em>: [http://terminology.hl7.org/CodeSystem/measure-data-usage#supplemental-data]\n        \n        <br/>\n      \n    \n    \n      <em>Description</em>: SDE Sex\n    \n    \n      \n        <br/>\n        \n        <em>Logic Definition</em>: <a href=\"#cms143fhirpoagopticnerveevaluation-sde-sex\">SDE Sex</a> \n      \n    \n  </td>\n</tr>\n\n\n<tr>\n\n<th colspan=\"2\" scope=\"row\" class=\"row-header\">Measure Logic</th>\n\n</tr>\n\n<tr>\n\n<th scope=\"row\" class=\"row-header\">Primary Library</th>\n\n<td class=\"content-container\">https://madie.cms.gov/Library/CMS143FHIRPOAGOpticNerveEvaluation</td>\n</tr>\n\n\n\n\n  \n  \n\n<tr>\n  \n  \n  \n  \n  \n<th scope=\"row\" class=\"row-header\">Dependency</th>\n\n  \n  <td class=\"content-container\">\n    \n    <em>Description</em>: Library SDE\n    \n    <br/>\n    \n    \n    \n    \n    \n    \n    <em>Resource</em>: https://madie.cms.gov/Library/SupplementalDataElements|5.1.000\n    <br/>\n    <em>Canonical URL</em>: <tt>https://madie.cms.gov/Library/SupplementalDataElements|5.1.000</tt>\n    \n  </td>\n</tr>\n\n<tr>\n  \n  \n  \n  \n  \n<th scope=\"row\" class=\"row-header\">Dependency</th>\n\n  \n  <td class=\"content-container\">\n    \n    <em>Description</em>: Library FHIRHelpers\n    \n    <br/>\n    \n    \n    \n    \n    \n    \n    <em>Resource</em>: https://madie.cms.gov/Library/FHIRHelpers|4.4.000\n    <br/>\n    <em>Canonical URL</em>: <tt>https://madie.cms.gov/Library/FHIRHelpers|4.4.000</tt>\n    \n  </td>\n</tr>\n\n<tr>\n  \n  \n  \n  \n  \n<th scope=\"row\" class=\"row-header\">Dependency</th>\n\n  \n  <td class=\"content-container\">\n    \n    <em>Description</em>: Library QICoreCommon\n    \n    <br/>\n    \n    \n    \n    \n    \n    \n    <em>Resource</em>: https://madie.cms.gov/Library/QICoreCommon|4.0.000\n    <br/>\n    <em>Canonical URL</em>: <tt>https://madie.cms.gov/Library/QICoreCommon|4.0.000</tt>\n    \n  </td>\n</tr>\n\n<tr>\n  \n  \n  \n  \n  \n<th scope=\"row\" class=\"row-header\">Dependency</th>\n\n  \n  <td class=\"content-container\">\n    \n    <em>Description</em>: Code system SNOMEDCT\n    \n    <br/>\n    \n    \n    \n    \n    \n    \n    <em>Resource</em>: http://snomed.info/sct\n    <br/>\n    <em>Canonical URL</em>: <tt>http://snomed.info/sct</tt>\n    \n  </td>\n</tr>\n\n<tr>\n  \n  \n  \n  \n  \n<th scope=\"row\" class=\"row-header\">Dependency</th>\n\n  \n  <td class=\"content-container\">\n    \n    <em>Description</em>: Code system ActCode\n    \n    <br/>\n    \n    \n    \n    \n    \n    \n    <em>Resource</em>: http://terminology.hl7.org/CodeSystem/v3-ActCode\n    <br/>\n    <em>Canonical URL</em>: <tt>http://terminology.hl7.org/CodeSystem/v3-ActCode</tt>\n    \n  </td>\n</tr>\n\n<tr>\n  \n  \n  \n  \n  \n<th scope=\"row\" class=\"row-header\">Dependency</th>\n\n  \n  <td class=\"content-container\">\n    \n    <em>Description</em>: Code system ConditionClinicalStatusCodes\n    \n    <br/>\n    \n    \n    \n    \n    \n    \n    <em>Resource</em>: http://terminology.hl7.org/CodeSystem/condition-clinical\n    <br/>\n    <em>Canonical URL</em>: <tt>http://terminology.hl7.org/CodeSystem/condition-clinical</tt>\n    \n  </td>\n</tr>\n\n<tr>\n  \n  \n  \n  \n  \n<th scope=\"row\" class=\"row-header\">Dependency</th>\n\n  \n  <td class=\"content-container\">\n    \n    <em>Description</em>: Code system ConditionVerificationStatusCodes\n    \n    <br/>\n    \n    \n    \n    \n    \n    \n    <em>Resource</em>: http://terminology.hl7.org/CodeSystem/condition-ver-status\n    <br/>\n    <em>Canonical URL</em>: <tt>http://terminology.hl7.org/CodeSystem/condition-ver-status</tt>\n    \n  </td>\n</tr>\n\n<tr>\n  \n  \n  \n  \n  \n<th scope=\"row\" class=\"row-header\">Dependency</th>\n\n  \n  <td class=\"content-container\">\n    \n    <em>Description</em>: Value set Cup to Disc Ratio\n    \n    <br/>\n    \n    \n    \n    \n    \n    \n    <em>Resource</em>: http://cts.nlm.nih.gov/fhir/ValueSet/2.16.840.1.113883.3.526.3.1333\n    <br/>\n    <em>Canonical URL</em>: <tt>http://cts.nlm.nih.gov/fhir/ValueSet/2.16.840.1.113883.3.526.3.1333</tt>\n    \n  </td>\n</tr>\n\n<tr>\n  \n  \n  \n  \n  \n<th scope=\"row\" class=\"row-header\">Dependency</th>\n\n  \n  <td class=\"content-container\">\n    \n    <em>Description</em>: Value set Office Visit\n    \n    <br/>\n    \n    \n    \n    \n    \n    \n    <em>Resource</em>: http://cts.nlm.nih.gov/fhir/ValueSet/2.16.840.1.113883.3.464.1003.101.12.1001\n    <br/>\n    <em>Canonical URL</em>: <tt>http://cts.nlm.nih.gov/fhir/ValueSet/2.16.840.1.113883.3.464.1003.101.12.1001</tt>\n    \n  </td>\n</tr>\n\n<tr>\n  \n  \n  \n  \n  \n<th scope=\"row\" class=\"row-header\">Dependency</th>\n\n  \n  <td class=\"content-container\">\n    \n    <em>Description</em>: Value set Ophthalmological Services\n    \n    <br/>\n    \n    \n    \n    \n    \n    \n    <em>Resource</em>: http://cts.nlm.nih.gov/fhir/ValueSet/2.16.840.1.113883.3.526.3.1285\n    <br/>\n    <em>Canonical URL</em>: <tt>http://cts.nlm.nih.gov/fhir/ValueSet/2.16.840.1.113883.3.526.3.1285</tt>\n    \n  </td>\n</tr>\n\n<tr>\n  \n  \n  \n  \n  \n<th scope=\"row\" class=\"row-header\">Dependency</th>\n\n  \n  <td class=\"content-container\">\n    \n    <em>Description</em>: Value set Outpatient Consultation\n    \n    <br/>\n    \n    \n    \n    \n    \n    \n    <em>Resource</em>: http://cts.nlm.nih.gov/fhir/ValueSet/2.16.840.1.113883.3.464.1003.101.12.1008\n    <br/>\n    <em>Canonical URL</em>: <tt>http://cts.nlm.nih.gov/fhir/ValueSet/2.16.840.1.113883.3.464.1003.101.12.1008</tt>\n    \n  </td>\n</tr>\n\n<tr>\n  \n  \n  \n  \n  \n<th scope=\"row\" class=\"row-header\">Dependency</th>\n\n  \n  <td class=\"content-container\">\n    \n    <em>Description</em>: Value set Nursing Facility Visit\n    \n    <br/>\n    \n    \n    \n    \n    \n    \n    <em>Resource</em>: http://cts.nlm.nih.gov/fhir/ValueSet/2.16.840.1.113883.3.464.1003.101.12.1012\n    <br/>\n    <em>Canonical URL</em>: <tt>http://cts.nlm.nih.gov/fhir/ValueSet/2.16.840.1.113883.3.464.1003.101.12.1012</tt>\n    \n  </td>\n</tr>\n\n<tr>\n  \n  \n  \n  \n  \n<th scope=\"row\" class=\"row-header\">Dependency</th>\n\n  \n  <td class=\"content-container\">\n    \n    <em>Description</em>: Value set Care Services in Long-Term Residential Facility\n    \n    <br/>\n    \n    \n    \n    \n    \n    \n    <em>Resource</em>: http://cts.nlm.nih.gov/fhir/ValueSet/2.16.840.1.113883.3.464.1003.101.12.1014\n    <br/>\n    <em>Canonical URL</em>: <tt>http://cts.nlm.nih.gov/fhir/ValueSet/2.16.840.1.113883.3.464.1003.101.12.1014</tt>\n    \n  </td>\n</tr>\n\n<tr>\n  \n  \n  \n  \n  \n<th scope=\"row\" class=\"row-header\">Dependency</th>\n\n  \n  <td class=\"content-container\">\n    \n    <em>Description</em>: Value set Primary Open-Angle Glaucoma\n    \n    <br/>\n    \n    \n    \n    \n    \n    \n    <em>Resource</em>: http://cts.nlm.nih.gov/fhir/ValueSet/2.16.840.1.113883.3.526.3.326\n    <br/>\n    <em>Canonical URL</em>: <tt>http://cts.nlm.nih.gov/fhir/ValueSet/2.16.840.1.113883.3.526.3.326</tt>\n    \n  </td>\n</tr>\n\n<tr>\n  \n  \n  \n  \n  \n<th scope=\"row\" class=\"row-header\">Dependency</th>\n\n  \n  <td class=\"content-container\">\n    \n    <em>Description</em>: Value set Optic Disc Exam for Structural Abnormalities\n    \n    <br/>\n    \n    \n    \n    \n    \n    \n    <em>Resource</em>: http://cts.nlm.nih.gov/fhir/ValueSet/2.16.840.1.113883.3.526.3.1334\n    <br/>\n    <em>Canonical URL</em>: <tt>http://cts.nlm.nih.gov/fhir/ValueSet/2.16.840.1.113883.3.526.3.1334</tt>\n    \n  </td>\n</tr>\n\n<tr>\n  \n  \n  \n  \n  \n<th scope=\"row\" class=\"row-header\">Dependency</th>\n\n  \n  <td class=\"content-container\">\n    \n    <em>Description</em>: Value set Payer Type\n    \n    <br/>\n    \n    \n    \n    \n    \n    \n    <em>Resource</em>: http://cts.nlm.nih.gov/fhir/ValueSet/2.16.840.1.114222.4.11.3591\n    <br/>\n    <em>Canonical URL</em>: <tt>http://cts.nlm.nih.gov/fhir/ValueSet/2.16.840.1.114222.4.11.3591</tt>\n    \n  </td>\n</tr>\n\n<tr>\n  \n  \n  \n  \n  \n<th scope=\"row\" class=\"row-header\">Dependency</th>\n\n  \n  <td class=\"content-container\">\n    \n    <em>Description</em>: Value set Medical Reason\n    \n    <br/>\n    \n    \n    \n    \n    \n    \n    <em>Resource</em>: http://cts.nlm.nih.gov/fhir/ValueSet/2.16.840.1.113883.3.526.3.1007\n    <br/>\n    <em>Canonical URL</em>: <tt>http://cts.nlm.nih.gov/fhir/ValueSet/2.16.840.1.113883.3.526.3.1007</tt>\n    \n  </td>\n</tr>\n\n\n  \n  <tr>\n    <th scope=\"row\" class=\"row-header\">Direct Reference Code</th>\n    <td class=\"content-container\">\n      \n        <em>Display</em>: Male (finding)\n        <br/>\n      \n      <em>Code</em>: 248153007\n      <br/>\n      <em>System</em>: <tt>http://snomed.info/sct</tt>\n    </td>\n  </tr>\n\n  <tr>\n    <th scope=\"row\" class=\"row-header\">Direct Reference Code</th>\n    <td class=\"content-container\">\n      \n        <em>Display</em>: Female (finding)\n        <br/>\n      \n      <em>Code</em>: 248152002\n      <br/>\n      <em>System</em>: <tt>http://snomed.info/sct</tt>\n    </td>\n  </tr>\n\n  <tr>\n    <th scope=\"row\" class=\"row-header\">Direct Reference Code</th>\n    <td class=\"content-container\">\n      \n        <em>Display</em>: virtual\n        <br/>\n      \n      <em>Code</em>: VR\n      <br/>\n      <em>System</em>: <tt>http://terminology.hl7.org/CodeSystem/v3-ActCode</tt>\n    </td>\n  </tr>\n\n  <tr>\n    <th scope=\"row\" class=\"row-header\">Direct Reference Code</th>\n    <td class=\"content-container\">\n      \n        <em>Display</em>: Active\n        <br/>\n      \n      <em>Code</em>: active\n      <br/>\n      <em>System</em>: <tt>http://terminology.hl7.org/CodeSystem/condition-clinical</tt>\n    </td>\n  </tr>\n\n  <tr>\n    <th scope=\"row\" class=\"row-header\">Direct Reference Code</th>\n    <td class=\"content-container\">\n      \n        <em>Display</em>: Recurrence\n        <br/>\n      \n      <em>Code</em>: recurrence\n      <br/>\n      <em>System</em>: <tt>http://terminology.hl7.org/CodeSystem/condition-clinical</tt>\n    </td>\n  </tr>\n\n  <tr>\n    <th scope=\"row\" class=\"row-header\">Direct Reference Code</th>\n    <td class=\"content-container\">\n      \n        <em>Display</em>: Relapse\n        <br/>\n      \n      <em>Code</em>: relapse\n      <br/>\n      <em>System</em>: <tt>http://terminology.hl7.org/CodeSystem/condition-clinical</tt>\n    </td>\n  </tr>\n\n  <tr>\n    <th scope=\"row\" class=\"row-header\">Direct Reference Code</th>\n    <td class=\"content-container\">\n      \n        <em>Display</em>: Unconfirmed\n        <br/>\n      \n      <em>Code</em>: unconfirmed\n      <br/>\n      <em>System</em>: <tt>http://terminology.hl7.org/CodeSystem/condition-ver-status</tt>\n    </td>\n  </tr>\n\n  <tr>\n    <th scope=\"row\" class=\"row-header\">Direct Reference Code</th>\n    <td class=\"content-container\">\n      \n        <em>Display</em>: Refuted\n        <br/>\n      \n      <em>Code</em>: refuted\n      <br/>\n      <em>System</em>: <tt>http://terminology.hl7.org/CodeSystem/condition-ver-status</tt>\n    </td>\n  </tr>\n\n  <tr>\n    <th scope=\"row\" class=\"row-header\">Direct Reference Code</th>\n    <td class=\"content-container\">\n      \n        <em>Display</em>: Entered in Error\n        <br/>\n      \n      <em>Code</em>: entered-in-error\n      <br/>\n      <em>System</em>: <tt>http://terminology.hl7.org/CodeSystem/condition-ver-status</tt>\n    </td>\n  </tr>\n\n  \n  <tr>\n  \n<th scope=\"row\" class=\"row-header\">Parameter</th>\n\n  <td class=\"content-container\">\n    <em>Name</em>: Measurement Period\n    <br/>\n    <em>Use</em>: in\n    <br/>\n    <em>Min Cardinality</em>: 0\n    <br/>\n    <em>Max Cardinality</em>: 1\n    <br/>\n    <em>Type</em>: Period\n  </td>\n</tr>\n  \n  <tr>\n  \n<th scope=\"row\" class=\"row-header\">Parameter</th>\n\n  <td class=\"content-container\">\n    <em>Name</em>: Numerator\n    <br/>\n    <em>Use</em>: out\n    <br/>\n    <em>Min Cardinality</em>: 0\n    <br/>\n    <em>Max Cardinality</em>: 1\n    <br/>\n    <em>Type</em>: boolean\n  </td>\n</tr>\n  \n  <tr>\n  \n<th scope=\"row\" class=\"row-header\">Parameter</th>\n\n  <td class=\"content-container\">\n    <em>Name</em>: Denominator\n    <br/>\n    <em>Use</em>: out\n    <br/>\n    <em>Min Cardinality</em>: 0\n    <br/>\n    <em>Max Cardinality</em>: 1\n    <br/>\n    <em>Type</em>: boolean\n  </td>\n</tr>\n  \n  <tr>\n  \n<th scope=\"row\" class=\"row-header\">Parameter</th>\n\n  <td class=\"content-container\">\n    <em>Name</em>: Initial Population\n    <br/>\n    <em>Use</em>: out\n    <br/>\n    <em>Min Cardinality</em>: 0\n    <br/>\n    <em>Max Cardinality</em>: 1\n    <br/>\n    <em>Type</em>: boolean\n  </td>\n</tr>\n  \n  <tr>\n  \n<th scope=\"row\" class=\"row-header\">Parameter</th>\n\n  <td class=\"content-container\">\n    <em>Name</em>: Denominator Exceptions\n    <br/>\n    <em>Use</em>: out\n    <br/>\n    <em>Min Cardinality</em>: 0\n    <br/>\n    <em>Max Cardinality</em>: 1\n    <br/>\n    <em>Type</em>: boolean\n  </td>\n</tr>\n  \n  <tr>\n  \n<th scope=\"row\" class=\"row-header\">Parameter</th>\n\n  <td class=\"content-container\">\n    <em>Name</em>: SDE Sex\n    <br/>\n    <em>Use</em>: out\n    <br/>\n    <em>Min Cardinality</em>: 0\n    <br/>\n    <em>Max Cardinality</em>: 1\n    <br/>\n    <em>Type</em>: Coding\n  </td>\n</tr>\n  \n  <tr>\n  \n<th scope=\"row\" class=\"row-header\">Parameter</th>\n\n  <td class=\"content-container\">\n    <em>Name</em>: SDE Payer\n    <br/>\n    <em>Use</em>: out\n    <br/>\n    <em>Min Cardinality</em>: 0\n    <br/>\n    <em>Max Cardinality</em>: *\n    <br/>\n    <em>Type</em>: Resource\n  </td>\n</tr>\n  \n  <tr>\n  \n<th scope=\"row\" class=\"row-header\">Parameter</th>\n\n  <td class=\"content-container\">\n    <em>Name</em>: SDE Ethnicity\n    <br/>\n    <em>Use</em>: out\n    <br/>\n    <em>Min Cardinality</em>: 0\n    <br/>\n    <em>Max Cardinality</em>: 1\n    <br/>\n    <em>Type</em>: Resource\n  </td>\n</tr>\n  \n  <tr>\n  \n<th scope=\"row\" class=\"row-header\">Parameter</th>\n\n  <td class=\"content-container\">\n    <em>Name</em>: SDE Race\n    <br/>\n    <em>Use</em>: out\n    <br/>\n    <em>Min Cardinality</em>: 0\n    <br/>\n    <em>Max Cardinality</em>: 1\n    <br/>\n    <em>Type</em>: Resource\n  </td>\n</tr>\n  \n  \n  <tr>\n    <th colspan=\"2\" scope=\"row\" class=\"section-header\"><a name=\"effective-data-requirements\"> </a>Measure Logic Data Requirements</th>\n  </tr>\n  \n  \n<tr>\n  <th scope=\"row\" class=\"row-header\">Data Requirement</th>\n  <td class=\"content-container\">\n    <em>Type</em>: Patient\n    <br/>\n  \n    <em>Profile(s)</em>: \n  \n    http://hl7.org/fhir/us/qicore/StructureDefinition/qicore-patient\n    <br/>        \n  \n   \n   \n    <em>Must Support Elements</em>: extension, url\n    <br/>\n   \n   \n  </td>\n</tr>\n\n<tr>\n  <th scope=\"row\" class=\"row-header\">Data Requirement</th>\n  <td class=\"content-container\">\n    <em>Type</em>: Encounter\n    <br/>\n  \n    <em>Profile(s)</em>: \n  \n    http://hl7.org/fhir/us/qicore/StructureDefinition/qicore-encounter\n    <br/>        \n  \n   \n   \n    <em>Must Support Elements</em>: type, period, status, status.value, class\n    <br/>\n   \n  \n    <em>Code Filter(s)</em>: \n    <br/>\n  \n  \n    <span class=\"tab-one\"><em>Path</em>: type</span>\n    <br/>\n  \n  \n  \n    <span class=\"tab-one\"><em>ValueSet</em>:</span> http://cts.nlm.nih.gov/fhir/ValueSet/2.16.840.1.113883.3.464.1003.101.12.1001\n    <br/> \n  \n  \n  \n   \n  </td>\n</tr>\n\n<tr>\n  <th scope=\"row\" class=\"row-header\">Data Requirement</th>\n  <td class=\"content-container\">\n    <em>Type</em>: Encounter\n    <br/>\n  \n    <em>Profile(s)</em>: \n  \n    http://hl7.org/fhir/us/qicore/StructureDefinition/qicore-encounter\n    <br/>        \n  \n   \n   \n    <em>Must Support Elements</em>: type, period, status, status.value, class\n    <br/>\n   \n  \n    <em>Code Filter(s)</em>: \n    <br/>\n  \n  \n    <span class=\"tab-one\"><em>Path</em>: type</span>\n    <br/>\n  \n  \n  \n    <span class=\"tab-one\"><em>ValueSet</em>:</span> http://cts.nlm.nih.gov/fhir/ValueSet/2.16.840.1.113883.3.526.3.1285\n    <br/> \n  \n  \n  \n   \n  </td>\n</tr>\n\n<tr>\n  <th scope=\"row\" class=\"row-header\">Data Requirement</th>\n  <td class=\"content-container\">\n    <em>Type</em>: Encounter\n    <br/>\n  \n    <em>Profile(s)</em>: \n  \n    http://hl7.org/fhir/us/qicore/StructureDefinition/qicore-encounter\n    <br/>        \n  \n   \n   \n    <em>Must Support Elements</em>: type, period, status, status.value, class\n    <br/>\n   \n  \n    <em>Code Filter(s)</em>: \n    <br/>\n  \n  \n    <span class=\"tab-one\"><em>Path</em>: type</span>\n    <br/>\n  \n  \n  \n    <span class=\"tab-one\"><em>ValueSet</em>:</span> http://cts.nlm.nih.gov/fhir/ValueSet/2.16.840.1.113883.3.464.1003.101.12.1008\n    <br/> \n  \n  \n  \n   \n  </td>\n</tr>\n\n<tr>\n  <th scope=\"row\" class=\"row-header\">Data Requirement</th>\n  <td class=\"content-container\">\n    <em>Type</em>: Encounter\n    <br/>\n  \n    <em>Profile(s)</em>: \n  \n    http://hl7.org/fhir/us/qicore/StructureDefinition/qicore-encounter\n    <br/>        \n  \n   \n   \n    <em>Must Support Elements</em>: type, period, status, status.value, class\n    <br/>\n   \n  \n    <em>Code Filter(s)</em>: \n    <br/>\n  \n  \n    <span class=\"tab-one\"><em>Path</em>: type</span>\n    <br/>\n  \n  \n  \n    <span class=\"tab-one\"><em>ValueSet</em>:</span> http://cts.nlm.nih.gov/fhir/ValueSet/2.16.840.1.113883.3.464.1003.101.12.1012\n    <br/> \n  \n  \n  \n   \n  </td>\n</tr>\n\n<tr>\n  <th scope=\"row\" class=\"row-header\">Data Requirement</th>\n  <td class=\"content-container\">\n    <em>Type</em>: Encounter\n    <br/>\n  \n    <em>Profile(s)</em>: \n  \n    http://hl7.org/fhir/us/qicore/StructureDefinition/qicore-encounter\n    <br/>        \n  \n   \n   \n    <em>Must Support Elements</em>: type, period, status, status.value, class\n    <br/>\n   \n  \n    <em>Code Filter(s)</em>: \n    <br/>\n  \n  \n    <span class=\"tab-one\"><em>Path</em>: type</span>\n    <br/>\n  \n  \n  \n    <span class=\"tab-one\"><em>ValueSet</em>:</span> http://cts.nlm.nih.gov/fhir/ValueSet/2.16.840.1.113883.3.464.1003.101.12.1014\n    <br/> \n  \n  \n  \n   \n  </td>\n</tr>\n\n<tr>\n  <th scope=\"row\" class=\"row-header\">Data Requirement</th>\n  <td class=\"content-container\">\n    <em>Type</em>: Condition\n    <br/>\n  \n    <em>Profile(s)</em>: \n  \n    http://hl7.org/fhir/us/qicore/StructureDefinition/qicore-condition-problems-health-concerns\n    <br/>        \n  \n   \n   \n    <em>Must Support Elements</em>: code, verificationStatus\n    <br/>\n   \n  \n    <em>Code Filter(s)</em>: \n    <br/>\n  \n  \n    <span class=\"tab-one\"><em>Path</em>: code</span>\n    <br/>\n  \n  \n  \n    <span class=\"tab-one\"><em>ValueSet</em>:</span> http://cts.nlm.nih.gov/fhir/ValueSet/2.16.840.1.113883.3.526.3.326\n    <br/> \n  \n  \n  \n   \n  </td>\n</tr>\n\n<tr>\n  <th scope=\"row\" class=\"row-header\">Data Requirement</th>\n  <td class=\"content-container\">\n    <em>Type</em>: Observation\n    <br/>\n  \n    <em>Profile(s)</em>: \n  \n    http://hl7.org/fhir/us/qicore/StructureDefinition/qicore-observation-clinical-result\n    <br/>        \n  \n   \n   \n    <em>Must Support Elements</em>: code, effective, value, status, status.value\n    <br/>\n   \n  \n    <em>Code Filter(s)</em>: \n    <br/>\n  \n  \n    <span class=\"tab-one\"><em>Path</em>: code</span>\n    <br/>\n  \n  \n  \n    <span class=\"tab-one\"><em>ValueSet</em>:</span> http://cts.nlm.nih.gov/fhir/ValueSet/2.16.840.1.113883.3.526.3.1333\n    <br/> \n  \n  \n  \n   \n  </td>\n</tr>\n\n<tr>\n  <th scope=\"row\" class=\"row-header\">Data Requirement</th>\n  <td class=\"content-container\">\n    <em>Type</em>: Observation\n    <br/>\n  \n    <em>Profile(s)</em>: \n  \n    http://hl7.org/fhir/us/qicore/StructureDefinition/qicore-observation-clinical-result\n    <br/>        \n  \n   \n   \n    <em>Must Support Elements</em>: code, effective, value, status, status.value\n    <br/>\n   \n  \n    <em>Code Filter(s)</em>: \n    <br/>\n  \n  \n    <span class=\"tab-one\"><em>Path</em>: code</span>\n    <br/>\n  \n  \n  \n    <span class=\"tab-one\"><em>ValueSet</em>:</span> http://cts.nlm.nih.gov/fhir/ValueSet/2.16.840.1.113883.3.526.3.1334\n    <br/> \n  \n  \n  \n   \n  </td>\n</tr>\n\n<tr>\n  <th scope=\"row\" class=\"row-header\">Data Requirement</th>\n  <td class=\"content-container\">\n    <em>Type</em>: Coverage\n    <br/>\n  \n    <em>Profile(s)</em>: \n  \n    http://hl7.org/fhir/us/qicore/StructureDefinition/qicore-coverage\n    <br/>        \n  \n   \n   \n    <em>Must Support Elements</em>: type, period\n    <br/>\n   \n  \n    <em>Code Filter(s)</em>: \n    <br/>\n  \n  \n    <span class=\"tab-one\"><em>Path</em>: type</span>\n    <br/>\n  \n  \n  \n    <span class=\"tab-one\"><em>ValueSet</em>:</span> http://cts.nlm.nih.gov/fhir/ValueSet/2.16.840.1.114222.4.11.3591\n    <br/> \n  \n  \n  \n   \n  </td>\n</tr>\n\n<tr>\n  <th scope=\"row\" class=\"row-header\">Data Requirement</th>\n  <td class=\"content-container\">\n    <em>Type</em>: Observation\n    <br/>\n  \n    <em>Profile(s)</em>: \n  \n    http://hl7.org/fhir/us/qicore/StructureDefinition/qicore-observationcancelled\n    <br/>        \n  \n   \n   \n    <em>Must Support Elements</em>: code, issued, issued.value, extension\n    <br/>\n   \n  \n    <em>Code Filter(s)</em>: \n    <br/>\n  \n  \n    <span class=\"tab-one\"><em>Path</em>: code</span>\n    <br/>\n  \n  \n  \n    <span class=\"tab-one\"><em>ValueSet</em>:</span> http://cts.nlm.nih.gov/fhir/ValueSet/2.16.840.1.113883.3.526.3.1333\n    <br/> \n  \n  \n  \n   \n  </td>\n</tr>\n\n<tr>\n  <th scope=\"row\" class=\"row-header\">Data Requirement</th>\n  <td class=\"content-container\">\n    <em>Type</em>: Observation\n    <br/>\n  \n    <em>Profile(s)</em>: \n  \n    http://hl7.org/fhir/us/qicore/StructureDefinition/qicore-observationcancelled\n    <br/>        \n  \n   \n   \n    <em>Must Support Elements</em>: code, issued, issued.value, extension\n    <br/>\n   \n  \n    <em>Code Filter(s)</em>: \n    <br/>\n  \n  \n    <span class=\"tab-one\"><em>Path</em>: code</span>\n    <br/>\n  \n  \n  \n    <span class=\"tab-one\"><em>ValueSet</em>:</span> http://cts.nlm.nih.gov/fhir/ValueSet/2.16.840.1.113883.3.526.3.1334\n    <br/> \n  \n  \n  \n   \n  </td>\n</tr>\n\n  \n  <tr>\n\n<th colspan=\"2\" scope=\"row\" class=\"row-header\">Measure Logic Definitions</th>\n\n</tr>\n  \n          \n<tr>\n  <th scope=\"row\" rowspan=\"2\" class=\"row-header\">\n    \n      \n      <a name=\"supplementaldataelements-sde-sex\"> </a>\n    \n    Logic Definition\n  </th>\n\n  <td class=\"content-container\"><em>Library Name:</em> SupplementalDataElements</td>\n\n</tr>\n<tr>\n\n  <td>\n    <pre style=\"border: none;\" class=\"content-container highlight language-cql\"><code class=\"language-cql\">define &quot;SDE Sex&quot;:\n  case\n    when Patient.sex = '248153007' then &quot;Male (finding)&quot;\n    when Patient.sex = '248152002' then &quot;Female (finding)&quot;\n    else null\n  end</code></pre>\n  </td>\n\n</tr>\n        \n<tr>\n  <th scope=\"row\" rowspan=\"2\" class=\"row-header\">\n    \n      \n      <a name=\"cms143fhirpoagopticnerveevaluation-sde-sex\"> </a>\n    \n    Logic Definition\n  </th>\n\n  <td class=\"content-container\"><em>Library Name:</em> CMS143FHIRPOAGOpticNerveEvaluation</td>\n\n</tr>\n<tr>\n\n  <td>\n    <pre style=\"border: none;\" class=\"content-container highlight language-cql\"><code class=\"language-cql\">define &quot;SDE Sex&quot;:\n  SDE.&quot;SDE Sex&quot;</code></pre>\n  </td>\n\n</tr>\n        \n<tr>\n  <th scope=\"row\" rowspan=\"2\" class=\"row-header\">\n    \n      \n      <a name=\"cms143fhirpoagopticnerveevaluation-qualifying-encounter-during-measurement-period\"> </a>\n    \n    Logic Definition\n  </th>\n\n  <td class=\"content-container\"><em>Library Name:</em> CMS143FHIRPOAGOpticNerveEvaluation</td>\n\n</tr>\n<tr>\n\n  <td>\n    <pre style=\"border: none;\" class=\"content-container highlight language-cql\"><code class=\"language-cql\">define &quot;Qualifying Encounter During Measurement Period&quot;:\n  ( [&quot;Encounter&quot;: &quot;Office Visit&quot;]\n    union [&quot;Encounter&quot;: &quot;Ophthalmological Services&quot;]\n    union [&quot;Encounter&quot;: &quot;Outpatient Consultation&quot;]\n    union [&quot;Encounter&quot;: &quot;Nursing Facility Visit&quot;]\n    union [&quot;Encounter&quot;: &quot;Care Services in Long-Term Residential Facility&quot;] ) QualifyingEncounter\n    where QualifyingEncounter.period during &quot;Measurement Period&quot;\n      and QualifyingEncounter.status = 'finished'\n      and QualifyingEncounter.class !~ &quot;virtual&quot;</code></pre>\n  </td>\n\n</tr>\n        \n<tr>\n  <th scope=\"row\" rowspan=\"2\" class=\"row-header\">\n    \n      \n      <a name=\"cms143fhirpoagopticnerveevaluation-primary-open-angle-glaucoma-encounter\"> </a>\n    \n    Logic Definition\n  </th>\n\n  <td class=\"content-container\"><em>Library Name:</em> CMS143FHIRPOAGOpticNerveEvaluation</td>\n\n</tr>\n<tr>\n\n  <td>\n    <pre style=\"border: none;\" class=\"content-container highlight language-cql\"><code class=\"language-cql\">define &quot;Primary Open Angle Glaucoma Encounter&quot;:\n  &quot;Qualifying Encounter During Measurement Period&quot; ValidQualifyingEncounter\n    with [&quot;ConditionProblemsHealthConcerns&quot;: &quot;Primary Open-Angle Glaucoma&quot;] PrimaryOpenAngleGlaucoma\n      such that PrimaryOpenAngleGlaucoma.prevalenceInterval ( ) overlaps ValidQualifyingEncounter.period\n        and PrimaryOpenAngleGlaucoma.isActive ( )\n        and not ( PrimaryOpenAngleGlaucoma.verificationStatus ~ QICoreCommon.&quot;unconfirmed&quot;\n            or PrimaryOpenAngleGlaucoma.verificationStatus ~ QICoreCommon.&quot;refuted&quot;\n            or PrimaryOpenAngleGlaucoma.verificationStatus ~ QICoreCommon.&quot;entered-in-error&quot;\n        )</code></pre>\n  </td>\n\n</tr>\n        \n<tr>\n  <th scope=\"row\" rowspan=\"2\" class=\"row-header\">\n    \n      \n      <a name=\"cms143fhirpoagopticnerveevaluation-cup-to-disc-ratio-performed-with-result\"> </a>\n    \n    Logic Definition\n  </th>\n\n  <td class=\"content-container\"><em>Library Name:</em> CMS143FHIRPOAGOpticNerveEvaluation</td>\n\n</tr>\n<tr>\n\n  <td>\n    <pre style=\"border: none;\" class=\"content-container highlight language-cql\"><code class=\"language-cql\">define &quot;Cup to Disc Ratio Performed with Result&quot;:\n  [&quot;ObservationClinicalResult&quot;: &quot;Cup to Disc Ratio&quot;] CupToDiscExamPerformed\n    with &quot;Primary Open Angle Glaucoma Encounter&quot; EncounterWithPOAG\n      such that CupToDiscExamPerformed.effective.toInterval ( ) during day of EncounterWithPOAG.period\n    where CupToDiscExamPerformed.value is not null\n      and CupToDiscExamPerformed.status in { 'final', 'amended', 'corrected' }</code></pre>\n  </td>\n\n</tr>\n        \n<tr>\n  <th scope=\"row\" rowspan=\"2\" class=\"row-header\">\n    \n      \n      <a name=\"cms143fhirpoagopticnerveevaluation-optic-disc-exam-performed-with-result\"> </a>\n    \n    Logic Definition\n  </th>\n\n  <td class=\"content-container\"><em>Library Name:</em> CMS143FHIRPOAGOpticNerveEvaluation</td>\n\n</tr>\n<tr>\n\n  <td>\n    <pre style=\"border: none;\" class=\"content-container highlight language-cql\"><code class=\"language-cql\">define &quot;Optic Disc Exam Performed with Result&quot;:\n  [&quot;ObservationClinicalResult&quot;: &quot;Optic Disc Exam for Structural Abnormalities&quot;] OpticDiscExamPerformed\n    with &quot;Primary Open Angle Glaucoma Encounter&quot; EncounterWithPOAG\n      such that OpticDiscExamPerformed.effective.toInterval ( ) during EncounterWithPOAG.period\n    where OpticDiscExamPerformed.value is not null\n      and OpticDiscExamPerformed.status in { 'final', 'amended', 'corrected' }</code></pre>\n  </td>\n\n</tr>\n        \n<tr>\n  <th scope=\"row\" rowspan=\"2\" class=\"row-header\">\n    \n      \n      <a name=\"cms143fhirpoagopticnerveevaluation-numerator\"> </a>\n    \n    Logic Definition\n  </th>\n\n  <td class=\"content-container\"><em>Library Name:</em> CMS143FHIRPOAGOpticNerveEvaluation</td>\n\n</tr>\n<tr>\n\n  <td>\n    <pre style=\"border: none;\" class=\"content-container highlight language-cql\"><code class=\"language-cql\">define &quot;Numerator&quot;:\n  exists &quot;Cup to Disc Ratio Performed with Result&quot;\n    and exists &quot;Optic Disc Exam Performed with Result&quot;</code></pre>\n  </td>\n\n</tr>\n        \n<tr>\n  <th scope=\"row\" rowspan=\"2\" class=\"row-header\">\n    \n      \n      <a name=\"cms143fhirpoagopticnerveevaluation-initial-population\"> </a>\n    \n    Logic Definition\n  </th>\n\n  <td class=\"content-container\"><em>Library Name:</em> CMS143FHIRPOAGOpticNerveEvaluation</td>\n\n</tr>\n<tr>\n\n  <td>\n    <pre style=\"border: none;\" class=\"content-container highlight language-cql\"><code class=\"language-cql\">define &quot;Initial Population&quot;:\n  AgeInYearsAt(date from start of &quot;Measurement Period&quot;) &gt;= 18\n    and exists &quot;Primary Open Angle Glaucoma Encounter&quot;</code></pre>\n  </td>\n\n</tr>\n        \n<tr>\n  <th scope=\"row\" rowspan=\"2\" class=\"row-header\">\n    \n      \n      <a name=\"cms143fhirpoagopticnerveevaluation-denominator\"> </a>\n    \n    Logic Definition\n  </th>\n\n  <td class=\"content-container\"><em>Library Name:</em> CMS143FHIRPOAGOpticNerveEvaluation</td>\n\n</tr>\n<tr>\n\n  <td>\n    <pre style=\"border: none;\" class=\"content-container highlight language-cql\"><code class=\"language-cql\">define &quot;Denominator&quot;:\n  &quot;Initial Population&quot;</code></pre>\n  </td>\n\n</tr>\n        \n<tr>\n  <th scope=\"row\" rowspan=\"2\" class=\"row-header\">\n    \n      \n      <a name=\"supplementaldataelements-sde-payer\"> </a>\n    \n    Logic Definition\n  </th>\n\n  <td class=\"content-container\"><em>Library Name:</em> SupplementalDataElements</td>\n\n</tr>\n<tr>\n\n  <td>\n    <pre style=\"border: none;\" class=\"content-container highlight language-cql\"><code class=\"language-cql\">define &quot;SDE Payer&quot;:\n  [Coverage: type in &quot;Payer Type&quot;] Payer\n    return {\n      code: Payer.type,\n      period: Payer.period\n    }</code></pre>\n  </td>\n\n</tr>\n        \n<tr>\n  <th scope=\"row\" rowspan=\"2\" class=\"row-header\">\n    \n      \n      <a name=\"cms143fhirpoagopticnerveevaluation-sde-payer\"> </a>\n    \n    Logic Definition\n  </th>\n\n  <td class=\"content-container\"><em>Library Name:</em> CMS143FHIRPOAGOpticNerveEvaluation</td>\n\n</tr>\n<tr>\n\n  <td>\n    <pre style=\"border: none;\" class=\"content-container highlight language-cql\"><code class=\"language-cql\">define &quot;SDE Payer&quot;:\n  SDE.&quot;SDE Payer&quot;</code></pre>\n  </td>\n\n</tr>\n        \n<tr>\n  <th scope=\"row\" rowspan=\"2\" class=\"row-header\">\n    \n      \n      <a name=\"supplementaldataelements-sde-ethnicity\"> </a>\n    \n    Logic Definition\n  </th>\n\n  <td class=\"content-container\"><em>Library Name:</em> SupplementalDataElements</td>\n\n</tr>\n<tr>\n\n  <td>\n    <pre style=\"border: none;\" class=\"content-container highlight language-cql\"><code class=\"language-cql\">define &quot;SDE Ethnicity&quot;:\n  Patient.ethnicity E\n    return Tuple {\n      codes: { E.ombCategory } union E.detailed,\n      display: E.text\n    }</code></pre>\n  </td>\n\n</tr>\n        \n<tr>\n  <th scope=\"row\" rowspan=\"2\" class=\"row-header\">\n    \n      \n      <a name=\"cms143fhirpoagopticnerveevaluation-sde-ethnicity\"> </a>\n    \n    Logic Definition\n  </th>\n\n  <td class=\"content-container\"><em>Library Name:</em> CMS143FHIRPOAGOpticNerveEvaluation</td>\n\n</tr>\n<tr>\n\n  <td>\n    <pre style=\"border: none;\" class=\"content-container highlight language-cql\"><code class=\"language-cql\">define &quot;SDE Ethnicity&quot;:\n  SDE.&quot;SDE Ethnicity&quot;</code></pre>\n  </td>\n\n</tr>\n        \n<tr>\n  <th scope=\"row\" rowspan=\"2\" class=\"row-header\">\n    \n      \n      <a name=\"supplementaldataelements-sde-race\"> </a>\n    \n    Logic Definition\n  </th>\n\n  <td class=\"content-container\"><em>Library Name:</em> SupplementalDataElements</td>\n\n</tr>\n<tr>\n\n  <td>\n    <pre style=\"border: none;\" class=\"content-container highlight language-cql\"><code class=\"language-cql\">define &quot;SDE Race&quot;:\n  Patient.race R\n    return Tuple {\n      codes: R.ombCategory union R.detailed,\n      display: R.text\n    }</code></pre>\n  </td>\n\n</tr>\n        \n<tr>\n  <th scope=\"row\" rowspan=\"2\" class=\"row-header\">\n    \n      \n      <a name=\"cms143fhirpoagopticnerveevaluation-sde-race\"> </a>\n    \n    Logic Definition\n  </th>\n\n  <td class=\"content-container\"><em>Library Name:</em> CMS143FHIRPOAGOpticNerveEvaluation</td>\n\n</tr>\n<tr>\n\n  <td>\n    <pre style=\"border: none;\" class=\"content-container highlight language-cql\"><code class=\"language-cql\">define &quot;SDE Race&quot;:\n  SDE.&quot;SDE Race&quot;</code></pre>\n  </td>\n\n</tr>\n        \n<tr>\n  <th scope=\"row\" rowspan=\"2\" class=\"row-header\">\n    \n      \n      <a name=\"cms143fhirpoagopticnerveevaluation-medical-reason-for-not-performing-cup-to-disc-ratio\"> </a>\n    \n    Logic Definition\n  </th>\n\n  <td class=\"content-container\"><em>Library Name:</em> CMS143FHIRPOAGOpticNerveEvaluation</td>\n\n</tr>\n<tr>\n\n  <td>\n    <pre style=\"border: none;\" class=\"content-container highlight language-cql\"><code class=\"language-cql\">define &quot;Medical Reason for Not Performing Cup to Disc Ratio&quot;:\n  [&quot;ObservationCancelled&quot;: &quot;Cup to Disc Ratio&quot;] CupToDiscExamNotPerformed\n    with &quot;Primary Open Angle Glaucoma Encounter&quot; EncounterWithPOAG\n      such that CupToDiscExamNotPerformed.issued during day of EncounterWithPOAG.period\n    where CupToDiscExamNotPerformed.notDoneReason in &quot;Medical Reason&quot;</code></pre>\n  </td>\n\n</tr>\n        \n<tr>\n  <th scope=\"row\" rowspan=\"2\" class=\"row-header\">\n    \n      \n      <a name=\"cms143fhirpoagopticnerveevaluation-medical-reason-for-not-performing-optic-disc-exam\"> </a>\n    \n    Logic Definition\n  </th>\n\n  <td class=\"content-container\"><em>Library Name:</em> CMS143FHIRPOAGOpticNerveEvaluation</td>\n\n</tr>\n<tr>\n\n  <td>\n    <pre style=\"border: none;\" class=\"content-container highlight language-cql\"><code class=\"language-cql\">define &quot;Medical Reason for Not Performing Optic Disc Exam&quot;:\n  [&quot;ObservationCancelled&quot;: &quot;Optic Disc Exam for Structural Abnormalities&quot;] OpticDiscExamNotPerformed\n    with &quot;Primary Open Angle Glaucoma Encounter&quot; EncounterWithPOAG\n      such that OpticDiscExamNotPerformed.issued during day of EncounterWithPOAG.period\n    where OpticDiscExamNotPerformed.notDoneReason in &quot;Medical Reason&quot;</code></pre>\n  </td>\n\n</tr>\n        \n<tr>\n  <th scope=\"row\" rowspan=\"2\" class=\"row-header\">\n    \n      \n      <a name=\"cms143fhirpoagopticnerveevaluation-denominator-exceptions\"> </a>\n    \n    Logic Definition\n  </th>\n\n  <td class=\"content-container\"><em>Library Name:</em> CMS143FHIRPOAGOpticNerveEvaluation</td>\n\n</tr>\n<tr>\n\n  <td>\n    <pre style=\"border: none;\" class=\"content-container highlight language-cql\"><code class=\"language-cql\">define &quot;Denominator Exceptions&quot;:\n  exists &quot;Medical Reason for Not Performing Cup to Disc Ratio&quot;\n    or exists &quot;Medical Reason for Not Performing Optic Disc Exam&quot;</code></pre>\n  </td>\n\n</tr>\n        \n<tr>\n  <th scope=\"row\" rowspan=\"2\" class=\"row-header\">\n    \n      \n      <a name=\"fhirhelpers-tostring\"> </a>\n    \n    Logic Definition\n  </th>\n\n  <td class=\"content-container\"><em>Library Name:</em> FHIRHelpers</td>\n\n</tr>\n<tr>\n\n  <td>\n    <pre style=\"border: none;\" class=\"content-container highlight language-cql\"><code class=\"language-cql\">define function ToString(value uri): value.value</code></pre>\n  </td>\n\n</tr>\n        \n<tr>\n  <th scope=\"row\" rowspan=\"2\" class=\"row-header\">\n    \n      \n      <a name=\"fhirhelpers-tointerval\"> </a>\n    \n    Logic Definition\n  </th>\n\n  <td class=\"content-container\"><em>Library Name:</em> FHIRHelpers</td>\n\n</tr>\n<tr>\n\n  <td>\n    <pre style=\"border: none;\" class=\"content-container highlight language-cql\"><code class=\"language-cql\">/*\n@description: Converts the given [Period](https://hl7.org/fhir/datatypes.html#Period)\nvalue to a CQL DateTime Interval\n@comment: If the start value of the given period is unspecified, the starting\nboundary of the resulting interval will be open (meaning the start of the interval\nis unknown, as opposed to interpreted as the beginning of time).\n*/\ndefine function ToInterval(period FHIR.Period):\n    if period is null then\n        null\n    else\n        if period.&quot;start&quot; is null then\n            Interval(period.&quot;start&quot;.value, period.&quot;end&quot;.value]\n        else\n            Interval[period.&quot;start&quot;.value, period.&quot;end&quot;.value]</code></pre>\n  </td>\n\n</tr>\n        \n<tr>\n  <th scope=\"row\" rowspan=\"2\" class=\"row-header\">\n    \n      \n      <a name=\"qicorecommon-prevalenceinterval\"> </a>\n    \n    Logic Definition\n  </th>\n\n  <td class=\"content-container\"><em>Library Name:</em> QICoreCommon</td>\n\n</tr>\n<tr>\n\n  <td>\n    <pre style=\"border: none;\" class=\"content-container highlight language-cql\"><code class=\"language-cql\">/*\n@description: Returns an interval representing the normalized prevalence period of a given Condition.\n@comment: Uses the ToInterval and ToAbatementInterval functions to determine the widest potential interval from\nonset to abatement as specified in the given Condition. If the condition is active, or has an abatement date the resulting \ninterval will have a closed ending boundary. Otherwise, the resulting interval will have an open ending boundary.\n*/\ndefine fluent function prevalenceInterval(condition Choice&lt;&quot;ConditionEncounterDiagnosis&quot;, &quot;ConditionProblemsHealthConcerns&quot;&gt;):\nif condition.clinicalStatus ~ &quot;active&quot;\n  or condition.clinicalStatus ~ &quot;recurrence&quot;\n  or condition.clinicalStatus ~ &quot;relapse&quot; then\n  Interval[start of condition.onset.toInterval(), end of condition.abatementInterval()]\nelse\n    (end of condition.abatementInterval()) abatementDate\n    return if abatementDate is null then\n      Interval[start of condition.onset.toInterval(), abatementDate)\n    else\n      Interval[start of condition.onset.toInterval(), abatementDate]</code></pre>\n  </td>\n\n</tr>\n        \n<tr>\n  <th scope=\"row\" rowspan=\"2\" class=\"row-header\">\n    \n      \n      <a name=\"qicorecommon-isactive\"> </a>\n    \n    Logic Definition\n  </th>\n\n  <td class=\"content-container\"><em>Library Name:</em> QICoreCommon</td>\n\n</tr>\n<tr>\n\n  <td>\n    <pre style=\"border: none;\" class=\"content-container highlight language-cql\"><code class=\"language-cql\">/* Candidates for FHIRCommon */\n\n/*\n@description: Returns true if the given condition has a clinical status of active, recurrence, or relapse\n*/\ndefine fluent function isActive(condition Choice&lt;&quot;ConditionEncounterDiagnosis&quot;, &quot;ConditionProblemsHealthConcerns&quot;&gt;):\n  condition.clinicalStatus ~ &quot;active&quot;\n    or condition.clinicalStatus ~ &quot;recurrence&quot;\n    or condition.clinicalStatus ~ &quot;relapse&quot;</code></pre>\n  </td>\n\n</tr>\n        \n<tr>\n  <th scope=\"row\" rowspan=\"2\" class=\"row-header\">\n    \n      \n      <a name=\"fhirhelpers-tocode\"> </a>\n    \n    Logic Definition\n  </th>\n\n  <td class=\"content-container\"><em>Library Name:</em> FHIRHelpers</td>\n\n</tr>\n<tr>\n\n  <td>\n    <pre style=\"border: none;\" class=\"content-container highlight language-cql\"><code class=\"language-cql\">/*\n@description: Converts the given FHIR [Coding](https://hl7.org/fhir/datatypes.html#Coding) value to a CQL Code.\n*/\ndefine function ToCode(coding FHIR.Coding):\n    if coding is null then\n        null\n    else\n        System.Code {\n          code: coding.code.value,\n          system: coding.system.value,\n          version: coding.version.value,\n          display: coding.display.value\n        }</code></pre>\n  </td>\n\n</tr>\n\n  \n\n<tr>\n  <th colspan=\"2\" scope=\"row\" class=\"row-header\">Generated using version 0.4.6 of the sample-content-ig Liquid templates</th>\n</tr>\n    </tbody>\n  </table>\n</div>"
  },
  "contained": [ {
    "resourceType": "Library",
    "id": "effective-data-requirements",
    "extension": [ {
      "url": "http://hl7.org/fhir/us/cqfmeasures/StructureDefinition/cqfm-directReferenceCode",
      "valueCoding": {
        "system": "http://snomed.info/sct",
        "code": "248153007",
        "display": "Male (finding)"
      }
    }, {
      "url": "http://hl7.org/fhir/us/cqfmeasures/StructureDefinition/cqfm-directReferenceCode",
      "valueCoding": {
        "system": "http://snomed.info/sct",
        "code": "248152002",
        "display": "Female (finding)"
      }
    }, {
      "url": "http://hl7.org/fhir/us/cqfmeasures/StructureDefinition/cqfm-directReferenceCode",
      "valueCoding": {
        "system": "http://terminology.hl7.org/CodeSystem/v3-ActCode",
        "code": "VR",
        "display": "virtual"
      }
    }, {
      "url": "http://hl7.org/fhir/us/cqfmeasures/StructureDefinition/cqfm-directReferenceCode",
      "valueCoding": {
        "system": "http://terminology.hl7.org/CodeSystem/condition-clinical",
        "code": "active",
        "display": "Active"
      }
    }, {
      "url": "http://hl7.org/fhir/us/cqfmeasures/StructureDefinition/cqfm-directReferenceCode",
      "valueCoding": {
        "system": "http://terminology.hl7.org/CodeSystem/condition-clinical",
        "code": "recurrence",
        "display": "Recurrence"
      }
    }, {
      "url": "http://hl7.org/fhir/us/cqfmeasures/StructureDefinition/cqfm-directReferenceCode",
      "valueCoding": {
        "system": "http://terminology.hl7.org/CodeSystem/condition-clinical",
        "code": "relapse",
        "display": "Relapse"
      }
    }, {
      "url": "http://hl7.org/fhir/us/cqfmeasures/StructureDefinition/cqfm-directReferenceCode",
      "valueCoding": {
        "system": "http://terminology.hl7.org/CodeSystem/condition-ver-status",
        "code": "unconfirmed",
        "display": "Unconfirmed"
      }
    }, {
      "url": "http://hl7.org/fhir/us/cqfmeasures/StructureDefinition/cqfm-directReferenceCode",
      "valueCoding": {
        "system": "http://terminology.hl7.org/CodeSystem/condition-ver-status",
        "code": "refuted",
        "display": "Refuted"
      }
    }, {
      "url": "http://hl7.org/fhir/us/cqfmeasures/StructureDefinition/cqfm-directReferenceCode",
      "valueCoding": {
        "system": "http://terminology.hl7.org/CodeSystem/condition-ver-status",
        "code": "entered-in-error",
        "display": "Entered in Error"
      }
    }, {
      "url": "http://hl7.org/fhir/StructureDefinition/cqf-logicDefinition",
      "extension": [ {
        "url": "libraryName",
        "valueString": "SupplementalDataElements"
      }, {
        "url": "name",
        "valueString": "SDE Sex"
      }, {
        "url": "statement",
        "valueString": "define &quot;SDE Sex&quot;:\n  case\n    when Patient.sex = &#39;248153007&#39; then &quot;Male (finding)&quot;\n    when Patient.sex = &#39;248152002&#39; then &quot;Female (finding)&quot;\n    else null\n  end"
      }, {
        "url": "displaySequence",
        "valueInteger": 0
      } ]
    }, {
      "url": "http://hl7.org/fhir/StructureDefinition/cqf-logicDefinition",
      "extension": [ {
        "url": "libraryName",
        "valueString": "CMS143FHIRPOAGOpticNerveEvaluation"
      }, {
        "url": "name",
        "valueString": "SDE Sex"
      }, {
        "url": "statement",
        "valueString": "define &quot;SDE Sex&quot;:\n  SDE.&quot;SDE Sex&quot;"
      }, {
        "url": "displaySequence",
        "valueInteger": 1
      } ]
    }, {
      "url": "http://hl7.org/fhir/StructureDefinition/cqf-logicDefinition",
      "extension": [ {
        "url": "libraryName",
        "valueString": "CMS143FHIRPOAGOpticNerveEvaluation"
      }, {
        "url": "name",
        "valueString": "Qualifying Encounter During Measurement Period"
      }, {
        "url": "statement",
        "valueString": "define &quot;Qualifying Encounter During Measurement Period&quot;:\n  ( [&quot;Encounter&quot;: &quot;Office Visit&quot;]\n    union [&quot;Encounter&quot;: &quot;Ophthalmological Services&quot;]\n    union [&quot;Encounter&quot;: &quot;Outpatient Consultation&quot;]\n    union [&quot;Encounter&quot;: &quot;Nursing Facility Visit&quot;]\n    union [&quot;Encounter&quot;: &quot;Care Services in Long-Term Residential Facility&quot;] ) QualifyingEncounter\n    where QualifyingEncounter.period during &quot;Measurement Period&quot;\n      and QualifyingEncounter.status = &#39;finished&#39;\n      and QualifyingEncounter.class !~ &quot;virtual&quot;"
      }, {
        "url": "displaySequence",
        "valueInteger": 2
      } ]
    }, {
      "url": "http://hl7.org/fhir/StructureDefinition/cqf-logicDefinition",
      "extension": [ {
        "url": "libraryName",
        "valueString": "CMS143FHIRPOAGOpticNerveEvaluation"
      }, {
        "url": "name",
        "valueString": "Primary Open Angle Glaucoma Encounter"
      }, {
        "url": "statement",
        "valueString": "define &quot;Primary Open Angle Glaucoma Encounter&quot;:\n  &quot;Qualifying Encounter During Measurement Period&quot; ValidQualifyingEncounter\n    with [&quot;ConditionProblemsHealthConcerns&quot;: &quot;Primary Open-Angle Glaucoma&quot;] PrimaryOpenAngleGlaucoma\n      such that PrimaryOpenAngleGlaucoma.prevalenceInterval ( ) overlaps ValidQualifyingEncounter.period\n        and PrimaryOpenAngleGlaucoma.isActive ( )\n        and not ( PrimaryOpenAngleGlaucoma.verificationStatus ~ QICoreCommon.&quot;unconfirmed&quot;\n            or PrimaryOpenAngleGlaucoma.verificationStatus ~ QICoreCommon.&quot;refuted&quot;\n            or PrimaryOpenAngleGlaucoma.verificationStatus ~ QICoreCommon.&quot;entered-in-error&quot;\n        )"
      }, {
        "url": "displaySequence",
        "valueInteger": 3
      } ]
    }, {
      "url": "http://hl7.org/fhir/StructureDefinition/cqf-logicDefinition",
      "extension": [ {
        "url": "libraryName",
        "valueString": "CMS143FHIRPOAGOpticNerveEvaluation"
      }, {
        "url": "name",
        "valueString": "Cup to Disc Ratio Performed with Result"
      }, {
        "url": "statement",
        "valueString": "define &quot;Cup to Disc Ratio Performed with Result&quot;:\n  [&quot;ObservationClinicalResult&quot;: &quot;Cup to Disc Ratio&quot;] CupToDiscExamPerformed\n    with &quot;Primary Open Angle Glaucoma Encounter&quot; EncounterWithPOAG\n      such that CupToDiscExamPerformed.effective.toInterval ( ) during day of EncounterWithPOAG.period\n    where CupToDiscExamPerformed.value is not null\n      and CupToDiscExamPerformed.status in { &#39;final&#39;, &#39;amended&#39;, &#39;corrected&#39; }"
      }, {
        "url": "displaySequence",
        "valueInteger": 4
      } ]
    }, {
      "url": "http://hl7.org/fhir/StructureDefinition/cqf-logicDefinition",
      "extension": [ {
        "url": "libraryName",
        "valueString": "CMS143FHIRPOAGOpticNerveEvaluation"
      }, {
        "url": "name",
        "valueString": "Optic Disc Exam Performed with Result"
      }, {
        "url": "statement",
        "valueString": "define &quot;Optic Disc Exam Performed with Result&quot;:\n  [&quot;ObservationClinicalResult&quot;: &quot;Optic Disc Exam for Structural Abnormalities&quot;] OpticDiscExamPerformed\n    with &quot;Primary Open Angle Glaucoma Encounter&quot; EncounterWithPOAG\n      such that OpticDiscExamPerformed.effective.toInterval ( ) during EncounterWithPOAG.period\n    where OpticDiscExamPerformed.value is not null\n      and OpticDiscExamPerformed.status in { &#39;final&#39;, &#39;amended&#39;, &#39;corrected&#39; }"
      }, {
        "url": "displaySequence",
        "valueInteger": 5
      } ]
    }, {
      "url": "http://hl7.org/fhir/StructureDefinition/cqf-logicDefinition",
      "extension": [ {
        "url": "libraryName",
        "valueString": "CMS143FHIRPOAGOpticNerveEvaluation"
      }, {
        "url": "name",
        "valueString": "Numerator"
      }, {
        "url": "statement",
        "valueString": "define &quot;Numerator&quot;:\n  exists &quot;Cup to Disc Ratio Performed with Result&quot;\n    and exists &quot;Optic Disc Exam Performed with Result&quot;"
      }, {
        "url": "displaySequence",
        "valueInteger": 6
      } ]
    }, {
      "url": "http://hl7.org/fhir/StructureDefinition/cqf-logicDefinition",
      "extension": [ {
        "url": "libraryName",
        "valueString": "CMS143FHIRPOAGOpticNerveEvaluation"
      }, {
        "url": "name",
        "valueString": "Initial Population"
      }, {
        "url": "statement",
        "valueString": "define &quot;Initial Population&quot;:\n  AgeInYearsAt(date from start of &quot;Measurement Period&quot;) &gt;= 18\n    and exists &quot;Primary Open Angle Glaucoma Encounter&quot;"
      }, {
        "url": "displaySequence",
        "valueInteger": 7
      } ]
    }, {
      "url": "http://hl7.org/fhir/StructureDefinition/cqf-logicDefinition",
      "extension": [ {
        "url": "libraryName",
        "valueString": "CMS143FHIRPOAGOpticNerveEvaluation"
      }, {
        "url": "name",
        "valueString": "Denominator"
      }, {
        "url": "statement",
        "valueString": "define &quot;Denominator&quot;:\n  &quot;Initial Population&quot;"
      }, {
        "url": "displaySequence",
        "valueInteger": 8
      } ]
    }, {
      "url": "http://hl7.org/fhir/StructureDefinition/cqf-logicDefinition",
      "extension": [ {
        "url": "libraryName",
        "valueString": "SupplementalDataElements"
      }, {
        "url": "name",
        "valueString": "SDE Payer"
      }, {
        "url": "statement",
        "valueString": "define &quot;SDE Payer&quot;:\n  [Coverage: type in &quot;Payer Type&quot;] Payer\n    return {\n      code: Payer.type,\n      period: Payer.period\n    }"
      }, {
        "url": "displaySequence",
        "valueInteger": 9
      } ]
    }, {
      "url": "http://hl7.org/fhir/StructureDefinition/cqf-logicDefinition",
      "extension": [ {
        "url": "libraryName",
        "valueString": "CMS143FHIRPOAGOpticNerveEvaluation"
      }, {
        "url": "name",
        "valueString": "SDE Payer"
      }, {
        "url": "statement",
        "valueString": "define &quot;SDE Payer&quot;:\n  SDE.&quot;SDE Payer&quot;"
      }, {
        "url": "displaySequence",
        "valueInteger": 10
      } ]
    }, {
      "url": "http://hl7.org/fhir/StructureDefinition/cqf-logicDefinition",
      "extension": [ {
        "url": "libraryName",
        "valueString": "SupplementalDataElements"
      }, {
        "url": "name",
        "valueString": "SDE Ethnicity"
      }, {
        "url": "statement",
        "valueString": "define &quot;SDE Ethnicity&quot;:\n  Patient.ethnicity E\n    return Tuple {\n      codes: { E.ombCategory } union E.detailed,\n      display: E.text\n    }"
      }, {
        "url": "displaySequence",
        "valueInteger": 11
      } ]
    }, {
      "url": "http://hl7.org/fhir/StructureDefinition/cqf-logicDefinition",
      "extension": [ {
        "url": "libraryName",
        "valueString": "CMS143FHIRPOAGOpticNerveEvaluation"
      }, {
        "url": "name",
        "valueString": "SDE Ethnicity"
      }, {
        "url": "statement",
        "valueString": "define &quot;SDE Ethnicity&quot;:\n  SDE.&quot;SDE Ethnicity&quot;"
      }, {
        "url": "displaySequence",
        "valueInteger": 12
      } ]
    }, {
      "url": "http://hl7.org/fhir/StructureDefinition/cqf-logicDefinition",
      "extension": [ {
        "url": "libraryName",
        "valueString": "SupplementalDataElements"
      }, {
        "url": "name",
        "valueString": "SDE Race"
      }, {
        "url": "statement",
        "valueString": "define &quot;SDE Race&quot;:\n  Patient.race R\n    return Tuple {\n      codes: R.ombCategory union R.detailed,\n      display: R.text\n    }"
      }, {
        "url": "displaySequence",
        "valueInteger": 13
      } ]
    }, {
      "url": "http://hl7.org/fhir/StructureDefinition/cqf-logicDefinition",
      "extension": [ {
        "url": "libraryName",
        "valueString": "CMS143FHIRPOAGOpticNerveEvaluation"
      }, {
        "url": "name",
        "valueString": "SDE Race"
      }, {
        "url": "statement",
        "valueString": "define &quot;SDE Race&quot;:\n  SDE.&quot;SDE Race&quot;"
      }, {
        "url": "displaySequence",
        "valueInteger": 14
      } ]
    }, {
      "url": "http://hl7.org/fhir/StructureDefinition/cqf-logicDefinition",
      "extension": [ {
        "url": "libraryName",
        "valueString": "CMS143FHIRPOAGOpticNerveEvaluation"
      }, {
        "url": "name",
        "valueString": "Medical Reason for Not Performing Cup to Disc Ratio"
      }, {
        "url": "statement",
        "valueString": "define &quot;Medical Reason for Not Performing Cup to Disc Ratio&quot;:\n  [&quot;ObservationCancelled&quot;: &quot;Cup to Disc Ratio&quot;] CupToDiscExamNotPerformed\n    with &quot;Primary Open Angle Glaucoma Encounter&quot; EncounterWithPOAG\n      such that CupToDiscExamNotPerformed.issued during day of EncounterWithPOAG.period\n    where CupToDiscExamNotPerformed.notDoneReason in &quot;Medical Reason&quot;"
      }, {
        "url": "displaySequence",
        "valueInteger": 15
      } ]
    }, {
      "url": "http://hl7.org/fhir/StructureDefinition/cqf-logicDefinition",
      "extension": [ {
        "url": "libraryName",
        "valueString": "CMS143FHIRPOAGOpticNerveEvaluation"
      }, {
        "url": "name",
        "valueString": "Medical Reason for Not Performing Optic Disc Exam"
      }, {
        "url": "statement",
        "valueString": "define &quot;Medical Reason for Not Performing Optic Disc Exam&quot;:\n  [&quot;ObservationCancelled&quot;: &quot;Optic Disc Exam for Structural Abnormalities&quot;] OpticDiscExamNotPerformed\n    with &quot;Primary Open Angle Glaucoma Encounter&quot; EncounterWithPOAG\n      such that OpticDiscExamNotPerformed.issued during day of EncounterWithPOAG.period\n    where OpticDiscExamNotPerformed.notDoneReason in &quot;Medical Reason&quot;"
      }, {
        "url": "displaySequence",
        "valueInteger": 16
      } ]
    }, {
      "url": "http://hl7.org/fhir/StructureDefinition/cqf-logicDefinition",
      "extension": [ {
        "url": "libraryName",
        "valueString": "CMS143FHIRPOAGOpticNerveEvaluation"
      }, {
        "url": "name",
        "valueString": "Denominator Exceptions"
      }, {
        "url": "statement",
        "valueString": "define &quot;Denominator Exceptions&quot;:\n  exists &quot;Medical Reason for Not Performing Cup to Disc Ratio&quot;\n    or exists &quot;Medical Reason for Not Performing Optic Disc Exam&quot;"
      }, {
        "url": "displaySequence",
        "valueInteger": 17
      } ]
    }, {
      "url": "http://hl7.org/fhir/StructureDefinition/cqf-logicDefinition",
      "extension": [ {
        "url": "libraryName",
        "valueString": "FHIRHelpers"
      }, {
        "url": "name",
        "valueString": "ToString"
      }, {
        "url": "statement",
        "valueString": "define function ToString(value uri): value.value"
      }, {
        "url": "displaySequence",
        "valueInteger": 18
      } ]
    }, {
      "url": "http://hl7.org/fhir/StructureDefinition/cqf-logicDefinition",
      "extension": [ {
        "url": "libraryName",
        "valueString": "FHIRHelpers"
      }, {
        "url": "name",
        "valueString": "ToInterval"
      }, {
        "url": "statement",
        "valueString": "/*\n@description: Converts the given [Period](https://hl7.org/fhir/datatypes.html#Period)\nvalue to a CQL DateTime Interval\n@comment: If the start value of the given period is unspecified, the starting\nboundary of the resulting interval will be open (meaning the start of the interval\nis unknown, as opposed to interpreted as the beginning of time).\n*/\ndefine function ToInterval(period FHIR.Period):\n    if period is null then\n        null\n    else\n        if period.&quot;start&quot; is null then\n            Interval(period.&quot;start&quot;.value, period.&quot;end&quot;.value]\n        else\n            Interval[period.&quot;start&quot;.value, period.&quot;end&quot;.value]"
      }, {
        "url": "displaySequence",
        "valueInteger": 19
      } ]
    }, {
      "url": "http://hl7.org/fhir/StructureDefinition/cqf-logicDefinition",
      "extension": [ {
        "url": "libraryName",
        "valueString": "QICoreCommon"
      }, {
        "url": "name",
        "valueString": "prevalenceInterval"
      }, {
        "url": "statement",
        "valueString": "/*\n@description: Returns an interval representing the normalized prevalence period of a given Condition.\n@comment: Uses the ToInterval and ToAbatementInterval functions to determine the widest potential interval from\nonset to abatement as specified in the given Condition. If the condition is active, or has an abatement date the resulting \ninterval will have a closed ending boundary. Otherwise, the resulting interval will have an open ending boundary.\n*/\ndefine fluent function prevalenceInterval(condition Choice&lt;&quot;ConditionEncounterDiagnosis&quot;, &quot;ConditionProblemsHealthConcerns&quot;&gt;):\nif condition.clinicalStatus ~ &quot;active&quot;\n  or condition.clinicalStatus ~ &quot;recurrence&quot;\n  or condition.clinicalStatus ~ &quot;relapse&quot; then\n  Interval[start of condition.onset.toInterval(), end of condition.abatementInterval()]\nelse\n    (end of condition.abatementInterval()) abatementDate\n    return if abatementDate is null then\n      Interval[start of condition.onset.toInterval(), abatementDate)\n    else\n      Interval[start of condition.onset.toInterval(), abatementDate]"
      }, {
        "url": "displaySequence",
        "valueInteger": 20
      } ]
    }, {
      "url": "http://hl7.org/fhir/StructureDefinition/cqf-logicDefinition",
      "extension": [ {
        "url": "libraryName",
        "valueString": "QICoreCommon"
      }, {
        "url": "name",
        "valueString": "isActive"
      }, {
        "url": "statement",
        "valueString": "/* Candidates for FHIRCommon */\n\n/*\n@description: Returns true if the given condition has a clinical status of active, recurrence, or relapse\n*/\ndefine fluent function isActive(condition Choice&lt;&quot;ConditionEncounterDiagnosis&quot;, &quot;ConditionProblemsHealthConcerns&quot;&gt;):\n  condition.clinicalStatus ~ &quot;active&quot;\n    or condition.clinicalStatus ~ &quot;recurrence&quot;\n    or condition.clinicalStatus ~ &quot;relapse&quot;"
      }, {
        "url": "displaySequence",
        "valueInteger": 21
      } ]
    }, {
      "url": "http://hl7.org/fhir/StructureDefinition/cqf-logicDefinition",
      "extension": [ {
        "url": "libraryName",
        "valueString": "FHIRHelpers"
      }, {
        "url": "name",
        "valueString": "ToCode"
      }, {
        "url": "statement",
        "valueString": "/*\n@description: Converts the given FHIR [Coding](https://hl7.org/fhir/datatypes.html#Coding) value to a CQL Code.\n*/\ndefine function ToCode(coding FHIR.Coding):\n    if coding is null then\n        null\n    else\n        System.Code {\n          code: coding.code.value,\n          system: coding.system.value,\n          version: coding.version.value,\n          display: coding.display.value\n        }"
      }, {
        "url": "displaySequence",
        "valueInteger": 22
      } ]
    } ],
    "name": "EffectiveDataRequirements",
    "status": "active",
    "type": {
      "coding": [ {
        "system": "http://terminology.hl7.org/CodeSystem/library-type",
        "code": "module-definition"
      } ]
    },
    "relatedArtifact": [ {
      "type": "depends-on",
      "display": "Library SDE",
      "resource": "https://madie.cms.gov/Library/SupplementalDataElements|5.1.000"
    }, {
      "type": "depends-on",
      "display": "Library FHIRHelpers",
      "resource": "https://madie.cms.gov/Library/FHIRHelpers|4.4.000"
    }, {
      "type": "depends-on",
      "display": "Library QICoreCommon",
      "resource": "https://madie.cms.gov/Library/QICoreCommon|4.0.000"
    }, {
      "type": "depends-on",
      "display": "Code system SNOMEDCT",
      "resource": "http://snomed.info/sct"
    }, {
      "type": "depends-on",
      "display": "Code system ActCode",
      "resource": "http://terminology.hl7.org/CodeSystem/v3-ActCode"
    }, {
      "type": "depends-on",
      "display": "Code system ConditionClinicalStatusCodes",
      "resource": "http://terminology.hl7.org/CodeSystem/condition-clinical"
    }, {
      "type": "depends-on",
      "display": "Code system ConditionVerificationStatusCodes",
      "resource": "http://terminology.hl7.org/CodeSystem/condition-ver-status"
    }, {
      "type": "depends-on",
      "display": "Value set Cup to Disc Ratio",
      "resource": "http://cts.nlm.nih.gov/fhir/ValueSet/2.16.840.1.113883.3.526.3.1333"
    }, {
      "type": "depends-on",
      "display": "Value set Office Visit",
      "resource": "http://cts.nlm.nih.gov/fhir/ValueSet/2.16.840.1.113883.3.464.1003.101.12.1001"
    }, {
      "type": "depends-on",
      "display": "Value set Ophthalmological Services",
      "resource": "http://cts.nlm.nih.gov/fhir/ValueSet/2.16.840.1.113883.3.526.3.1285"
    }, {
      "type": "depends-on",
      "display": "Value set Outpatient Consultation",
      "resource": "http://cts.nlm.nih.gov/fhir/ValueSet/2.16.840.1.113883.3.464.1003.101.12.1008"
    }, {
      "type": "depends-on",
      "display": "Value set Nursing Facility Visit",
      "resource": "http://cts.nlm.nih.gov/fhir/ValueSet/2.16.840.1.113883.3.464.1003.101.12.1012"
    }, {
      "type": "depends-on",
      "display": "Value set Care Services in Long-Term Residential Facility",
      "resource": "http://cts.nlm.nih.gov/fhir/ValueSet/2.16.840.1.113883.3.464.1003.101.12.1014"
    }, {
      "type": "depends-on",
      "display": "Value set Primary Open-Angle Glaucoma",
      "resource": "http://cts.nlm.nih.gov/fhir/ValueSet/2.16.840.1.113883.3.526.3.326"
    }, {
      "type": "depends-on",
      "display": "Value set Optic Disc Exam for Structural Abnormalities",
      "resource": "http://cts.nlm.nih.gov/fhir/ValueSet/2.16.840.1.113883.3.526.3.1334"
    }, {
      "type": "depends-on",
      "display": "Value set Payer Type",
      "resource": "http://cts.nlm.nih.gov/fhir/ValueSet/2.16.840.1.114222.4.11.3591"
    }, {
      "type": "depends-on",
      "display": "Value set Medical Reason",
      "resource": "http://cts.nlm.nih.gov/fhir/ValueSet/2.16.840.1.113883.3.526.3.1007"
    } ],
    "parameter": [ {
      "name": "Measurement Period",
      "use": "in",
      "min": 0,
      "max": "1",
      "type": "Period"
    }, {
      "name": "Numerator",
      "use": "out",
      "min": 0,
      "max": "1",
      "type": "boolean"
    }, {
      "name": "Denominator",
      "use": "out",
      "min": 0,
      "max": "1",
      "type": "boolean"
    }, {
      "name": "Initial Population",
      "use": "out",
      "min": 0,
      "max": "1",
      "type": "boolean"
    }, {
      "name": "Denominator Exceptions",
      "use": "out",
      "min": 0,
      "max": "1",
      "type": "boolean"
    }, {
      "name": "SDE Sex",
      "use": "out",
      "min": 0,
      "max": "1",
      "type": "Coding"
    }, {
      "name": "SDE Payer",
      "use": "out",
      "min": 0,
      "max": "*",
      "type": "Resource"
    }, {
      "name": "SDE Ethnicity",
      "use": "out",
      "min": 0,
      "max": "1",
      "type": "Resource"
    }, {
      "name": "SDE Race",
      "use": "out",
      "min": 0,
      "max": "1",
      "type": "Resource"
    } ],
    "dataRequirement": [ {
      "type": "Patient",
      "profile": [ "http://hl7.org/fhir/us/qicore/StructureDefinition/qicore-patient" ],
      "mustSupport": [ "extension", "url" ]
    }, {
      "type": "Encounter",
      "profile": [ "http://hl7.org/fhir/us/qicore/StructureDefinition/qicore-encounter" ],
      "mustSupport": [ "type", "period", "status", "status.value", "class" ],
      "codeFilter": [ {
        "path": "type",
        "valueSet": "http://cts.nlm.nih.gov/fhir/ValueSet/2.16.840.1.113883.3.464.1003.101.12.1001"
      } ]
    }, {
      "type": "Encounter",
      "profile": [ "http://hl7.org/fhir/us/qicore/StructureDefinition/qicore-encounter" ],
      "mustSupport": [ "type", "period", "status", "status.value", "class" ],
      "codeFilter": [ {
        "path": "type",
        "valueSet": "http://cts.nlm.nih.gov/fhir/ValueSet/2.16.840.1.113883.3.526.3.1285"
      } ]
    }, {
      "type": "Encounter",
      "profile": [ "http://hl7.org/fhir/us/qicore/StructureDefinition/qicore-encounter" ],
      "mustSupport": [ "type", "period", "status", "status.value", "class" ],
      "codeFilter": [ {
        "path": "type",
        "valueSet": "http://cts.nlm.nih.gov/fhir/ValueSet/2.16.840.1.113883.3.464.1003.101.12.1008"
      } ]
    }, {
      "type": "Encounter",
      "profile": [ "http://hl7.org/fhir/us/qicore/StructureDefinition/qicore-encounter" ],
      "mustSupport": [ "type", "period", "status", "status.value", "class" ],
      "codeFilter": [ {
        "path": "type",
        "valueSet": "http://cts.nlm.nih.gov/fhir/ValueSet/2.16.840.1.113883.3.464.1003.101.12.1012"
      } ]
    }, {
      "type": "Encounter",
      "profile": [ "http://hl7.org/fhir/us/qicore/StructureDefinition/qicore-encounter" ],
      "mustSupport": [ "type", "period", "status", "status.value", "class" ],
      "codeFilter": [ {
        "path": "type",
        "valueSet": "http://cts.nlm.nih.gov/fhir/ValueSet/2.16.840.1.113883.3.464.1003.101.12.1014"
      } ]
    }, {
      "type": "Condition",
      "profile": [ "http://hl7.org/fhir/us/qicore/StructureDefinition/qicore-condition-problems-health-concerns" ],
      "mustSupport": [ "code", "verificationStatus" ],
      "codeFilter": [ {
        "path": "code",
        "valueSet": "http://cts.nlm.nih.gov/fhir/ValueSet/2.16.840.1.113883.3.526.3.326"
      } ]
    }, {
      "type": "Observation",
      "profile": [ "http://hl7.org/fhir/us/qicore/StructureDefinition/qicore-observation-clinical-result" ],
      "mustSupport": [ "code", "effective", "value", "status", "status.value" ],
      "codeFilter": [ {
        "path": "code",
        "valueSet": "http://cts.nlm.nih.gov/fhir/ValueSet/2.16.840.1.113883.3.526.3.1333"
      } ]
    }, {
      "type": "Observation",
      "profile": [ "http://hl7.org/fhir/us/qicore/StructureDefinition/qicore-observation-clinical-result" ],
      "mustSupport": [ "code", "effective", "value", "status", "status.value" ],
      "codeFilter": [ {
        "path": "code",
        "valueSet": "http://cts.nlm.nih.gov/fhir/ValueSet/2.16.840.1.113883.3.526.3.1334"
      } ]
    }, {
      "type": "Coverage",
      "profile": [ "http://hl7.org/fhir/us/qicore/StructureDefinition/qicore-coverage" ],
      "mustSupport": [ "type", "period" ],
      "codeFilter": [ {
        "path": "type",
        "valueSet": "http://cts.nlm.nih.gov/fhir/ValueSet/2.16.840.1.114222.4.11.3591"
      } ]
    }, {
      "type": "Observation",
      "profile": [ "http://hl7.org/fhir/us/qicore/StructureDefinition/qicore-observationcancelled" ],
      "mustSupport": [ "code", "issued", "issued.value", "extension" ],
      "codeFilter": [ {
        "path": "code",
        "valueSet": "http://cts.nlm.nih.gov/fhir/ValueSet/2.16.840.1.113883.3.526.3.1333"
      } ]
    }, {
      "type": "Observation",
      "profile": [ "http://hl7.org/fhir/us/qicore/StructureDefinition/qicore-observationcancelled" ],
      "mustSupport": [ "code", "issued", "issued.value", "extension" ],
      "codeFilter": [ {
        "path": "code",
        "valueSet": "http://cts.nlm.nih.gov/fhir/ValueSet/2.16.840.1.113883.3.526.3.1333"
      } ]
    }, {
      "type": "Observation",
      "profile": [ "http://hl7.org/fhir/us/qicore/StructureDefinition/qicore-observationcancelled" ],
      "mustSupport": [ "code", "issued", "issued.value", "extension" ],
      "codeFilter": [ {
        "path": "code",
        "valueSet": "http://cts.nlm.nih.gov/fhir/ValueSet/2.16.840.1.113883.3.526.3.1334"
      } ]
    }, {
      "type": "Observation",
      "profile": [ "http://hl7.org/fhir/us/qicore/StructureDefinition/qicore-observationcancelled" ],
      "mustSupport": [ "code", "issued", "issued.value", "extension" ],
      "codeFilter": [ {
        "path": "code",
        "valueSet": "http://cts.nlm.nih.gov/fhir/ValueSet/2.16.840.1.113883.3.526.3.1334"
      } ]
    } ]
  } ],
  "extension": [ {
    "id": "supplementalDataGuidance",
    "url": "http://hl7.org/fhir/us/cqfmeasures/StructureDefinition/cqfm-supplementalDataGuidance",
    "extension": [ {
      "url": "guidance",
      "valueString": "For every patient evaluated by this measure also identify payer, race, ethnicity and sex; SDE Ethnicity \n SDE Payer \n SDE Race \n SDE Sex \n "
    }, {
      "url": "usage",
      "valueCodeableConcept": {
        "coding": [ {
          "system": "http://terminology.hl7.org/CodeSystem/measure-data-usage",
          "code": "supplemental-data",
          "display": "Supplemental Data"
        } ],
        "text": "Supplemental Data Guidance"
      }
    } ]
  }, {
    "url": "http://hl7.org/fhir/uv/crmi/StructureDefinition/crmi-effectiveDataRequirements",
    "valueReference": {
      "reference": "#effective-data-requirements"
    }
  } ],
  "url": "https://madie.cms.gov/Measure/CMS143FHIRPOAGOpticNerveEvaluation",
  "identifier": [ {
    "use": "usual",
    "type": {
      "coding": [ {
        "system": "http://terminology.hl7.org/CodeSystem/artifact-identifier-type",
        "code": "short-name",
        "display": "Short Name"
      } ]
    },
    "system": "https://madie.cms.gov/measure/shortName",
    "value": "CMS143FHIR"
  }, {
    "use": "official",
    "type": {
      "coding": [ {
        "system": "http://terminology.hl7.org/CodeSystem/artifact-identifier-type",
        "code": "version-independent",
        "display": "Version Independent"
      } ]
    },
    "system": "urn:ietf:rfc:3986",
    "value": "urn:uuid:7b41a49e-61af-4a73-8dfd-a6a76e8e7c49"
  }, {
    "use": "official",
    "type": {
      "coding": [ {
        "system": "http://terminology.hl7.org/CodeSystem/artifact-identifier-type",
        "code": "version-specific",
        "display": "Version Specific"
      } ]
    },
    "system": "urn:ietf:rfc:3986",
    "value": "urn:uuid:d6a2b57e-9eaf-4638-9187-173b8614d44c"
  }, {
    "use": "official",
    "type": {
      "coding": [ {
        "system": "http://terminology.hl7.org/CodeSystem/artifact-identifier-type",
        "code": "endorser",
        "display": "Endorser"
      } ]
    },
    "system": "https://madie.cms.gov/measure/cbeId",
    "value": "0086e",
    "assigner": {
      "display": "CMS Consensus Based Entity"
    }
  }, {
    "use": "official",
    "type": {
      "coding": [ {
        "system": "http://terminology.hl7.org/CodeSystem/artifact-identifier-type",
        "code": "publisher",
        "display": "Publisher"
      } ]
    },
    "system": "https://madie.cms.gov/measure/cmsId",
    "value": "143FHIR",
    "assigner": {
      "display": "CMS"
    }
  } ],
  "version": "0.2.000",
  "name": "CMS143FHIRPOAGOpticNerveEvaluation",
  "title": "Primary Open-Angle Glaucoma (POAG): Optic Nerve EvaluationFHIR",
  "status": "active",
  "experimental": true,
  "date": "2025-04-15T18:49:28+00:00",
  "publisher": "American Academy of Ophthalmology",
  "contact": [ {
    "telecom": [ {
      "system": "url",
      "value": "www.aao.org"
    } ]
  } ],
  "description": "Percentage of patients aged 18 years and older with a diagnosis of primary open-angle glaucoma (POAG) who have an optic nerve head evaluation during one or more visits within during the measurement period",
  "usage": "Optic nerve head evaluation includes examination of the cup to disc ratio and identification of optic disc or retinal nerve abnormalities. Both of these components of the optic nerve head evaluation are examined using ophthalmoscopy.\n\nThe measure, as written, does not specifically require documentation of laterality. Coding limitations in particular clinical terminologies do not currently allow for that level of specificity (ICD-10-CM includes laterality, but SNOMED-CT does not uniformly include this distinction). Therefore, at this time, it is not a requirement of this measure to indicate laterality of the diagnoses, findings or procedures. Available coding to capture the data elements specified in this measure has been provided. It is assumed that the eligible professional or eligible clinician will record laterality in the patient medical record, as quality care and clinical documentation should include laterality.\n\nThis eCQM is a patient-based measure.\n\nTelehealth encounters are not eligible for this measure because the measure requires a clinical action that cannot be conducted via telehealth.\n\nThis version of the eCQM uses QDM version 5.6. Please refer to the eCQI resource center (https://ecqi.healthit.gov/qdm) for more information on the QDM.",
  "copyright": "Copyright 2025 American Academy of Ophthalmology. All Rights Reserved.",
  "approvalDate": "2023-09-06",
  "lastReviewDate": "2023-09-06",
  "effectivePeriod": {
    "start": "2026-01-01",
    "end": "2026-12-31"
  },
  "author": [ {
    "name": "American Academy of Ophthalmology",
    "telecom": [ {
      "system": "url",
      "value": "www.aao.org"
    } ]
  }, {
    "name": "American Medical Association (AMA)",
    "telecom": [ {
      "system": "url",
      "value": "https://www.ama-assn.org/"
    } ]
  } ],
  "library": [ "https://madie.cms.gov/Library/CMS143FHIRPOAGOpticNerveEvaluation" ],
  "disclaimer": "The Measure is not a clinical guideline, does not establish a standard of medical care, and has not been tested for all potential applications. \n\nThe Measure, while copyrighted, can be reproduced and distributed, without modification, for noncommercial purposes, e.g., use by health care providers in connection with their practices. Commercial use is defined as the sale, license, or distribution of the Measure for commercial gain, or incorporation of the Measure into a product or service that is sold, licensed or distributed for commercial gain. \n\nCommercial uses of the Measure require a license agreement between the user and the American Academy of Ophthalmology (Academy). Neither the Academy, its members, the American Medical Association (AMA), nor the former AMA-convened Physician Consortium for Performance Improvement(R) (AMA-PCPI), nor PCPI, nor their members shall be responsible for any use of the Measure.\n\nThe PCPI’s and AMA’s significant past efforts and contributions to the development and updating of the Measures are acknowledged. The National Committee for Quality Assurance's significant past efforts and contributions to the development and updating of the Measure is acknowledged. \n\nTHE MEASURE AND SPECIFICATIONS ARE PROVIDED \"AS IS\" WITHOUT WARRANTY OF ANY KIND.\n\nLimited proprietary coding is contained in the Measure specifications for convenience. A license agreement must be entered prior to a third party’s use of Current Procedural Terminology (CPT[R]) or other proprietary code set contained in the Measures. Any other use of CPT or other coding by the third party is strictly prohibited. The Academy, its members, the AMA, and former members of the PCPI disclaim all liability for use or accuracy of any CPT or other coding contained in the specifications. \n\nCPT(R) contained in the Measure specifications is copyright 2004-2024 American Medical Association. LOINC(R) is copyright 2004-2024 Regenstrief Institute, Inc. This material contains SNOMED Clinical Terms(R) (SNOMED CT[R]) copyright 2004-2024 International Health Terminology Standards Development Organisation. ICD-10 is copyright 2024 World Health Organization. All Rights Reserved.\n\nDue to technical limitations, registered trademarks are indicated by (R) or [R].",
  "rationale": "Glaucoma is a group of diseases that damage the eye’s optic nerve and can result in vision loss and blindness. In 2011, 2.71 million persons in the U.S. had primary open-angle glaucoma (POAG) and in 2050, an estimated 7.32 million persons will have POAG (Vajaranant, Wu, Torres, & Varma, 2012). Furthermore, a study by Rein, Zhang, & Wirth (2006) estimated that the total financial burden of major visual disorders among U.S. residents aged 40 years or older was $35.4 billion in 2004: $16.2 billion in direct medical costs, $11.1 billion in other direct costs, and $8 billion in productivity losses. Of the direct medical costs, approximately $2.9 billion was attributable to glaucoma (Rein, Zhang, & Wirth, 2006). It is imperative that evidence-based care be delivered to all glaucoma patients. \n\nAccording to recent guidelines, optic nerve changes are one of the characteristics which reflect progression of glaucoma (the other characteristic is visual field). Examination of the optic nerve head (ONH) and retinal nerve fiber layer (RNFL) provides valuable structural information about optic nerve damage from glaucoma. Visible structural alterations of the ONH or RNFL may precede the onset of visual field defects. Careful study of the optic disc neural rim for small hemorrhages is important because these hemorrhages sometimes signal focal disc damage and visual field loss, and they may signify ongoing optic nerve damage in patients with glaucoma (Gedde et al., 2021). Despite evidence emphasizing the value of an optic nerve evaluation, there is a gap in documentation patterns of the optic nerve for both initial and follow-up care.\n\nThis measure is intended to promote examination and documentation of the structure and function of the optic nerve, and to monitor and detect disease progression among patients diagnosed with POAG.",
  "clinicalRecommendationStatement": "Ophthalmic Evaluation\nThe ophthalmic evaluation specifically focuses on the following elements in the comprehensive adult medical eye evaluation:\n\nVisual acuity measurement\nPupil examination\nAnterior segment examination\nIOP measurement\nGonioscopy\nOptic nerve head (ONH) and retinal nerve fiber layer (RNFL) examination\nFundus examination\n(Gedde et al., 2021)\n\nThe optic nerve should be carefully examined for the signs of glaucoma damage, and its appearance should be serially documented (I+, moderate quality, strong recommendation) (Gedde et al., 2021).",
  "guidance": "Optic nerve head evaluation includes examination of the cup to disc ratio and identification of optic disc or retinal nerve abnormalities. Both of these components of the optic nerve head evaluation are examined using ophthalmoscopy.\n\nThe measure, as written, does not specifically require documentation of laterality. Coding limitations in particular clinical terminologies do not currently allow for that level of specificity (ICD-10-CM includes laterality, but SNOMED-CT does not uniformly include this distinction). Therefore, at this time, it is not a requirement of this measure to indicate laterality of the diagnoses, findings or procedures. Available coding to capture the data elements specified in this measure has been provided. It is assumed that the eligible professional or eligible clinician will record laterality in the patient medical record, as quality care and clinical documentation should include laterality.\n\nThis eCQM is a patient-based measure.\n\nTelehealth encounters are not eligible for this measure because the measure requires a clinical action that cannot be conducted via telehealth.\n\nThis version of the eCQM uses QDM version 5.6. Please refer to the eCQI resource center (https://ecqi.healthit.gov/qdm) for more information on the QDM.",
  "group": [ {
    "id": "Group_1",
    "extension": [ {
      "url": "http://hl7.org/fhir/us/cqfmeasures/StructureDefinition/cqfm-scoring",
      "valueCodeableConcept": {
        "coding": [ {
          "system": "http://terminology.hl7.org/CodeSystem/measure-scoring",
          "code": "proportion",
          "display": "Proportion"
        } ]
      }
    }, {
      "url": "http://hl7.org/fhir/us/cqfmeasures/StructureDefinition/cqfm-populationBasis",
      "valueCode": "boolean"
    }, {
      "url": "http://hl7.org/fhir/us/cqfmeasures/StructureDefinition/cqfm-type",
      "valueCodeableConcept": {
        "coding": [ {
          "system": "http://terminology.hl7.org/CodeSystem/measure-type",
          "code": "process",
          "display": "Process"
        } ]
      }
    }, {
      "url": "http://hl7.org/fhir/us/cqfmeasures/StructureDefinition/cqfm-rateAggregation",
      "valueCode": "None"
    }, {
      "url": "http://hl7.org/fhir/us/cqfmeasures/StructureDefinition/cqfm-improvementNotation",
      "valueCodeableConcept": {
        "coding": [ {
          "system": "http://terminology.hl7.org/CodeSystem/measure-improvement-notation",
          "code": "decrease",
          "display": "increase"
        } ]
      }
    }, {
      "url": "http://hl7.org/fhir/StructureDefinition/cqf-improvementNotationGuidance",
      "valueMarkdown": "Higher score indicates better quality"
    } ],
    "population": [ {
      "id": "InitialPopulation_1",
      "code": {
        "coding": [ {
          "system": "http://terminology.hl7.org/CodeSystem/measure-population",
          "code": "initial-population",
          "display": "Initial Population"
        } ]
      },
      "description": "All patients aged 18 years and older with a diagnosis of primary open-angle glaucoma",
      "criteria": {
        "language": "text/cql-identifier",
        "expression": "Initial Population"
      }
    }, {
      "id": "Denominator_1",
      "code": {
        "coding": [ {
          "system": "http://terminology.hl7.org/CodeSystem/measure-population",
          "code": "denominator",
          "display": "Denominator"
        } ]
      },
      "description": "Equals Initial Population",
      "criteria": {
        "language": "text/cql-identifier",
        "expression": "Denominator"
      }
    }, {
      "id": "Numerator_1",
      "code": {
        "coding": [ {
          "system": "http://terminology.hl7.org/CodeSystem/measure-population",
          "code": "numerator",
          "display": "Numerator"
        } ]
      },
      "description": "Patients who have an optic nerve head evaluation during one or more visits during the measurement period",
      "criteria": {
        "language": "text/cql-identifier",
        "expression": "Numerator"
      }
    }, {
      "id": "DenominatorException_1",
      "code": {
        "coding": [ {
          "system": "http://terminology.hl7.org/CodeSystem/measure-population",
          "code": "denominator-exception",
          "display": "Denominator Exception"
        } ]
      },
      "description": "Documentation of medical reason(s) for not performing an optic nerve head evaluation",
      "criteria": {
        "language": "text/cql-identifier",
        "expression": "Denominator Exceptions"
      }
    } ]
  } ],
  "supplementalData": [ {
    "id": "sde-ethnicity",
    "usage": [ {
      "coding": [ {
        "system": "http://terminology.hl7.org/CodeSystem/measure-data-usage",
        "code": "supplemental-data"
      } ]
    } ],
    "description": "SDE Ethnicity",
    "criteria": {
      "language": "text/cql-identifier",
      "expression": "SDE Ethnicity"
    }
  }, {
    "id": "sde-payer",
    "usage": [ {
      "coding": [ {
        "system": "http://terminology.hl7.org/CodeSystem/measure-data-usage",
        "code": "supplemental-data"
      } ]
    } ],
    "description": "SDE Payer",
    "criteria": {
      "language": "text/cql-identifier",
      "expression": "SDE Payer"
    }
  }, {
    "id": "sde-race",
    "usage": [ {
      "coding": [ {
        "system": "http://terminology.hl7.org/CodeSystem/measure-data-usage",
        "code": "supplemental-data"
      } ]
    } ],
    "description": "SDE Race",
    "criteria": {
      "language": "text/cql-identifier",
      "expression": "SDE Race"
    }
  }, {
    "id": "sde-sex",
    "usage": [ {
      "coding": [ {
        "system": "http://terminology.hl7.org/CodeSystem/measure-data-usage",
        "code": "supplemental-data"
      } ]
    } ],
    "description": "SDE Sex",
    "criteria": {
      "language": "text/cql-identifier",
      "expression": "SDE Sex"
    }
  } ]
}