{
  "resourceType": "Bundle",
  "id": "IPPass-VirtualEncounter",
  "type": "transaction",
  "entry": [ {
    "fullUrl": "https://madie.cms.gov/Patient/b4cd38ff-6828-49bc-b8e6-d4a24b9624b1",
    "resource": {
      "resourceType": "Patient",
      "id": "b4cd38ff-6828-49bc-b8e6-d4a24b9624b1",
      "meta": {
        "profile": [ "http://hl7.org/fhir/us/qicore/StructureDefinition/qicore-patient" ]
      },
      "extension": [ {
        "url": "http://hl7.org/fhir/us/core/StructureDefinition/us-core-race",
        "extension": [ {
          "url": "ombCategory",
          "valueCoding": {
            "system": "urn:oid:2.16.840.1.113883.6.238",
            "code": "2028-9",
            "display": "Asian",
            "userSelected": true
          }
        }, {
          "url": "text",
          "valueString": "Asian"
        } ]
      }, {
        "url": "http://hl7.org/fhir/us/core/StructureDefinition/us-core-ethnicity",
        "extension": [ {
          "url": "ombCategory",
          "valueCoding": {
            "system": "urn:oid:2.16.840.1.113883.6.238",
            "code": "2135-2",
            "display": "Hispanic or Latino",
            "userSelected": true
          }
        }, {
          "url": "text",
          "valueString": "Hispanic or Latino"
        } ]
      } ],
      "identifier": [ {
        "type": {
          "coding": [ {
            "system": "http://terminology.hl7.org/CodeSystem/v2-0203",
            "code": "MR"
          } ]
        },
        "system": "http://hospital.smarthealthit.org",
        "value": "999999995"
      } ],
      "name": [ {
        "family": "Bertha",
        "given": [ "Betty" ]
      } ],
      "gender": "male",
      "birthDate": "2008-01-01"
    },
    "request": {
      "method": "PUT",
      "url": "Patient/b4cd38ff-6828-49bc-b8e6-d4a24b9624b1"
    }
  }, {
    "fullUrl": "https://madie.cms.gov/Encounter/f66f17c3-18c1-42bf-8623-a697912ef2f1",
    "resource": {
      "resourceType": "Encounter",
      "id": "f66f17c3-18c1-42bf-8623-a697912ef2f1",
      "meta": {
        "profile": [ "http://hl7.org/fhir/us/qicore/StructureDefinition/qicore-encounter" ]
      },
      "status": "finished",
      "class": {
        "system": "http://terminology.hl7.org/CodeSystem/v3-ActCode",
        "code": "AMB",
        "display": "ambulatory"
      },
      "type": [ {
        "coding": [ {
          "system": "http://www.ama-assn.org/go/cpt",
          "code": "99457",
          "display": "Remote physiologic monitoring treatment management services, clinical staff/physician/other qualified health care professional time in a calendar month requiring interactive communication with the patient/caregiver during the month; first 20 minutes"
        } ]
      } ],
      "subject": {
        "reference": "Patient/b4cd38ff-6828-49bc-b8e6-d4a24b9624b1"
      },
      "period": {
        "start": "2026-01-01T00:00:00.000Z",
        "end": "2026-01-01T01:00:00.000Z"
      }
    },
    "request": {
      "method": "PUT",
      "url": "Encounter/f66f17c3-18c1-42bf-8623-a697912ef2f1"
    }
  }, {
    "fullUrl": "https://madie.cms.gov/MedicationDispense/b1a652f0-cc28-4f85-a40e-0931229fa9eb",
    "resource": {
      "resourceType": "MedicationDispense",
      "id": "b1a652f0-cc28-4f85-a40e-0931229fa9eb",
      "meta": {
        "profile": [ "http://hl7.org/fhir/us/qicore/StructureDefinition/qicore-medicationdispense" ]
      },
      "status": "completed",
      "medicationCodeableConcept": {
        "coding": [ {
          "system": "http://www.nlm.nih.gov/research/umls/rxnorm",
          "code": "1099316",
          "display": "desipramine hydrochloride 75 MG Oral Tablet"
        } ]
      },
      "subject": {
        "reference": "Patient/b4cd38ff-6828-49bc-b8e6-d4a24b9624b1"
      },
      "daysSupply": {
        "value": 10,
        "system": "http://unitsofmeasure.org",
        "code": "days"
      },
      "whenHandedOver": "2026-01-01T01:00:00.000Z"
    },
    "request": {
      "method": "PUT",
      "url": "MedicationDispense/b1a652f0-cc28-4f85-a40e-0931229fa9eb"
    }
  }, {
    "fullUrl": "https://madie.cms.gov/MedicationDispense/ae261b51-668a-4358-bb89-0e0a297f1716",
    "resource": {
      "resourceType": "MedicationDispense",
      "id": "ae261b51-668a-4358-bb89-0e0a297f1716",
      "meta": {
        "profile": [ "http://hl7.org/fhir/us/qicore/StructureDefinition/qicore-medicationdispense" ]
      },
      "status": "completed",
      "medicationCodeableConcept": {
        "coding": [ {
          "system": "http://www.nlm.nih.gov/research/umls/rxnorm",
          "code": "1099316",
          "display": "desipramine hydrochloride 75 MG Oral Tablet"
        } ]
      },
      "subject": {
        "reference": "Patient/b4cd38ff-6828-49bc-b8e6-d4a24b9624b1"
      },
      "daysSupply": {
        "value": 10,
        "system": "http://unitsofmeasure.org",
        "code": "days"
      },
      "whenHandedOver": "2026-03-01T01:00:00.000Z"
    },
    "request": {
      "method": "PUT",
      "url": "MedicationDispense/ae261b51-668a-4358-bb89-0e0a297f1716"
    }
  }, {
    "fullUrl": "https://madie.cms.gov/Condition/ed29c7f8-8faa-427e-811d-1f276ce4fcfe",
    "resource": {
      "resourceType": "Condition",
      "id": "ed29c7f8-8faa-427e-811d-1f276ce4fcfe",
      "meta": {
        "profile": [ "http://hl7.org/fhir/us/qicore/StructureDefinition/qicore-condition-encounter-diagnosis" ]
      },
      "clinicalStatus": {
        "coding": [ {
          "system": "http://terminology.hl7.org/CodeSystem/condition-clinical",
          "code": "active"
        } ]
      },
      "category": [ {
        "coding": [ {
          "system": "http://terminology.hl7.org/CodeSystem/condition-category",
          "code": "problem-list-item",
          "display": "Problem List Item"
        } ]
      } ],
      "code": {
        "coding": [ {
          "system": "http://snomed.info/sct",
          "code": "15193003",
          "display": "Severe recurrent major depression with psychotic features, mood-incongruent (disorder)"
        } ]
      },
      "subject": {
        "reference": "Patient/b4cd38ff-6828-49bc-b8e6-d4a24b9624b1"
      },
      "onsetDateTime": "2026-01-01T01:00:00.000Z"
    },
    "request": {
      "method": "PUT",
      "url": "Condition/ed29c7f8-8faa-427e-811d-1f276ce4fcfe"
    }
  }, {
    "fullUrl": "https://madie.cms.gov/MeasureReport/4764755c-95e8-47bd-bf56-f347f890f321",
    "resource": {
      "resourceType": "MeasureReport",
      "id": "4764755c-95e8-47bd-bf56-f347f890f321",
      "meta": {
        "profile": [ "http://hl7.org/fhir/us/cqfmeasures/StructureDefinition/test-case-cqfm" ]
      },
      "contained": [ {
        "resourceType": "Parameters",
        "id": "8a44d799-6f77-495a-b581-c959ef628086-parameters",
        "parameter": [ {
          "name": "subject",
          "valueString": "b4cd38ff-6828-49bc-b8e6-d4a24b9624b1"
        } ]
      } ],
      "extension": [ {
        "url": "http://hl7.org/fhir/StructureDefinition/cqf-inputParameters",
        "valueReference": {
          "reference": "#8a44d799-6f77-495a-b581-c959ef628086-parameters"
        }
      }, {
        "url": "http://hl7.org/fhir/us/cqfmeasures/StructureDefinition/cqfm-testCaseDescription",
        "valueMarkdown": "Qualifying encounter is Virtual Encounter"
      } ],
      "modifierExtension": [ {
        "url": "http://hl7.org/fhir/us/cqfmeasures/StructureDefinition/cqfm-isTestCase",
        "valueBoolean": true
      } ],
      "status": "complete",
      "type": "individual",
      "measure": "https://madie.cms.gov/Measure/CMS128FHIRAntidepressantMedManagement",
      "period": {
        "start": "2026-01-01",
        "end": "2026-12-31"
      },
      "group": [ {
        "id": "Group_1",
        "population": [ {
          "id": "InitialPopulation_1",
          "code": {
            "coding": [ {
              "system": "http://terminology.hl7.org/CodeSystem/measure-population",
              "code": "initial-population",
              "display": "Initial Population"
            } ]
          },
          "count": 1
        }, {
          "id": "Denominator_1",
          "code": {
            "coding": [ {
              "system": "http://terminology.hl7.org/CodeSystem/measure-population",
              "code": "denominator",
              "display": "Denominator"
            } ]
          },
          "count": 1
        }, {
          "id": "DenominatorExclusion_1",
          "code": {
            "coding": [ {
              "system": "http://terminology.hl7.org/CodeSystem/measure-population",
              "code": "denominator-exclusion",
              "display": "Denominator Exclusion"
            } ]
          },
          "count": 0
        }, {
          "id": "Numerator_1",
          "code": {
            "coding": [ {
              "system": "http://terminology.hl7.org/CodeSystem/measure-population",
              "code": "numerator",
              "display": "Numerator"
            } ]
          },
          "count": 0
        } ],
        "measureScore": {
          "value": 1.0
        }
      }, {
        "id": "Group_2",
        "population": [ {
          "id": "InitialPopulation_2",
          "code": {
            "coding": [ {
              "system": "http://terminology.hl7.org/CodeSystem/measure-population",
              "code": "initial-population",
              "display": "Initial Population"
            } ]
          },
          "count": 1
        }, {
          "id": "Denominator_2",
          "code": {
            "coding": [ {
              "system": "http://terminology.hl7.org/CodeSystem/measure-population",
              "code": "denominator",
              "display": "Denominator"
            } ]
          },
          "count": 1
        }, {
          "id": "DenominatorExclusion_2",
          "code": {
            "coding": [ {
              "system": "http://terminology.hl7.org/CodeSystem/measure-population",
              "code": "denominator-exclusion",
              "display": "Denominator Exclusion"
            } ]
          },
          "count": 0
        }, {
          "id": "Numerator_2",
          "code": {
            "coding": [ {
              "system": "http://terminology.hl7.org/CodeSystem/measure-population",
              "code": "numerator",
              "display": "Numerator"
            } ]
          },
          "count": 0
        } ],
        "measureScore": {
          "value": 1.0
        }
      } ],
      "evaluatedResource": [ {
        "reference": "Patient/b4cd38ff-6828-49bc-b8e6-d4a24b9624b1"
      }, {
        "reference": "Encounter/f66f17c3-18c1-42bf-8623-a697912ef2f1"
      }, {
        "reference": "MedicationDispense/b1a652f0-cc28-4f85-a40e-0931229fa9eb"
      }, {
        "reference": "MedicationDispense/ae261b51-668a-4358-bb89-0e0a297f1716"
      }, {
        "reference": "Condition/ed29c7f8-8faa-427e-811d-1f276ce4fcfe"
      } ]
    },
    "request": {
      "method": "PUT",
      "url": "MeasureReport/4764755c-95e8-47bd-bf56-f347f890f321"
    }
  } ]
}