{
  "resourceType": "Bundle",
  "id": "61168b8798086b77ef9c5ec1",
  "type": "transaction",
  "entry": [ {
    "fullUrl": "https://madie.cms.gov/Patient/0b2799e8-0b28-4307-9fce-5441ee9950ae",
    "resource": {
      "resourceType": "Patient",
      "id": "0b2799e8-0b28-4307-9fce-5441ee9950ae",
      "meta": {
        "profile": [ "http://hl7.org/fhir/us/qicore/StructureDefinition/qicore-patient" ]
      },
      "extension": [ {
        "url": "http://hl7.org/fhir/us/core/StructureDefinition/us-core-race",
        "extension": [ {
          "url": "ombCategory",
          "valueCoding": {
            "system": "urn:oid:2.16.840.1.113883.6.238",
            "code": "1002-5",
            "display": "American Indian or Alaska Native",
            "userSelected": true
          }
        }, {
          "url": "text",
          "valueString": "American Indian or Alaska Native"
        } ]
      }, {
        "url": "http://hl7.org/fhir/us/core/StructureDefinition/us-core-ethnicity",
        "extension": [ {
          "url": "ombCategory",
          "valueCoding": {
            "system": "urn:oid:2.16.840.1.113883.6.238",
            "code": "2135-2",
            "display": "Hispanic or Latino",
            "userSelected": true
          }
        }, {
          "url": "text",
          "valueString": "Hispanic or Latino"
        } ]
      } ],
      "identifier": [ {
        "type": {
          "coding": [ {
            "system": "http://terminology.hl7.org/CodeSystem/v2-0203",
            "code": "MR"
          } ]
        },
        "system": "https://bonnie-fhir.healthit.gov/",
        "value": "61168b8798086b77ef9c5ec1"
      } ],
      "active": true,
      "name": [ {
        "use": "usual",
        "family": "IPPass",
        "given": [ "RetinopathyDxWithEnc" ]
      } ],
      "gender": "male",
      "birthDate": "1958-08-17"
    },
    "request": {
      "method": "PUT",
      "url": "Patient/0b2799e8-0b28-4307-9fce-5441ee9950ae"
    }
  }, {
    "fullUrl": "https://madie.cms.gov/Condition/565fbc37-105e-4156-823a-4a5b709bdba6",
    "resource": {
      "resourceType": "Condition",
      "id": "565fbc37-105e-4156-823a-4a5b709bdba6",
      "meta": {
        "profile": [ "http://hl7.org/fhir/us/qicore/StructureDefinition/qicore-condition-problems-health-concerns" ]
      },
      "clinicalStatus": {
        "coding": [ {
          "system": "http://terminology.hl7.org/CodeSystem/condition-clinical",
          "code": "active",
          "display": "active",
          "userSelected": true
        } ]
      },
      "category": [ {
        "coding": [ {
          "system": "http://terminology.hl7.org/CodeSystem/condition-category",
          "code": "problem-list-item",
          "display": "Problem List Item"
        } ]
      } ],
      "code": {
        "coding": [ {
          "system": "http://snomed.info/sct",
          "version": "http://snomed.info/sct/731000124108/version/202303",
          "code": "314014002"
        } ]
      },
      "subject": {
        "reference": "Patient/0b2799e8-0b28-4307-9fce-5441ee9950ae"
      },
      "onsetDateTime": "2026-09-10T10:45:00.000+00:00"
    },
    "request": {
      "method": "PUT",
      "url": "Condition/565fbc37-105e-4156-823a-4a5b709bdba6"
    }
  }, {
    "fullUrl": "https://madie.cms.gov/Encounter/c949bf46-af69-41ae-a8f2-f763de74b1ed",
    "resource": {
      "resourceType": "Encounter",
      "id": "c949bf46-af69-41ae-a8f2-f763de74b1ed",
      "meta": {
        "profile": [ "http://hl7.org/fhir/us/qicore/StructureDefinition/qicore-encounter" ]
      },
      "status": "finished",
      "class": {
        "system": "http://terminology.hl7.org/CodeSystem/v3-ActCode",
        "code": "AMB"
      },
      "type": [ {
        "coding": [ {
          "system": "http://www.ama-assn.org/go/cpt",
          "version": "2023",
          "code": "99205"
        } ]
      } ],
      "subject": {
        "reference": "Patient/0b2799e8-0b28-4307-9fce-5441ee9950ae"
      },
      "period": {
        "start": "2026-09-11T10:00:00.000+00:00",
        "end": "2026-09-11T11:00:00.000+00:00"
      }
    },
    "request": {
      "method": "PUT",
      "url": "Encounter/c949bf46-af69-41ae-a8f2-f763de74b1ed"
    }
  }, {
    "fullUrl": "https://madie.cms.gov/Coverage/63a2df1e-9baa-4622-ba30-130a8175774a",
    "resource": {
      "resourceType": "Coverage",
      "id": "63a2df1e-9baa-4622-ba30-130a8175774a",
      "meta": {
        "profile": [ "http://hl7.org/fhir/us/qicore/StructureDefinition/qicore-coverage" ]
      },
      "status": "active",
      "beneficiary": {
        "reference": "Patient/0b2799e8-0b28-4307-9fce-5441ee9950ae"
      },
      "payor": [ {
        "reference": "Organization/69795e1f-7c21-4f08-901e-519d61f99c17"
      } ]
    },
    "request": {
      "method": "PUT",
      "url": "Coverage/63a2df1e-9baa-4622-ba30-130a8175774a"
    }
  }, {
    "fullUrl": "https://madie.cms.gov/Organization/69795e1f-7c21-4f08-901e-519d61f99c17",
    "resource": {
      "resourceType": "Organization",
      "id": "69795e1f-7c21-4f08-901e-519d61f99c17",
      "meta": {
        "profile": [ "http://hl7.org/fhir/us/qicore/StructureDefinition/qicore-organization" ]
      },
      "identifier": [ {
        "use": "temp",
        "system": "urn:oid:2.16.840.1.113883.4.4",
        "value": "21-3259825"
      } ],
      "active": true,
      "type": [ {
        "coding": [ {
          "system": "http://terminology.hl7.org/CodeSystem/organization-type",
          "code": "pay",
          "display": "Payer"
        } ]
      } ],
      "name": "Blue Cross Blue Shield of Texas",
      "telecom": [ {
        "system": "phone",
        "value": "(+1) 972-766-6900"
      } ],
      "address": [ {
        "use": "billing",
        "type": "postal",
        "line": [ "P.O. Box 660044" ],
        "city": "Dallas",
        "state": "TX",
        "postalCode": "75266-0044",
        "country": "USA"
      } ]
    },
    "request": {
      "method": "PUT",
      "url": "Organization/69795e1f-7c21-4f08-901e-519d61f99c17"
    }
  }, {
    "fullUrl": "https://madie.cms.gov/MeasureReport/067fdf04-9dbe-4a14-bb8d-2de964161ee2",
    "resource": {
      "resourceType": "MeasureReport",
      "id": "067fdf04-9dbe-4a14-bb8d-2de964161ee2",
      "meta": {
        "profile": [ "http://hl7.org/fhir/us/cqfmeasures/StructureDefinition/test-case-cqfm" ]
      },
      "contained": [ {
        "resourceType": "Parameters",
        "id": "2a4695b1-e8b8-4131-9799-006234ab2328-parameters",
        "parameter": [ {
          "name": "subject",
          "valueString": "0b2799e8-0b28-4307-9fce-5441ee9950ae"
        } ]
      } ],
      "extension": [ {
        "url": "http://hl7.org/fhir/StructureDefinition/cqf-inputParameters",
        "valueReference": {
          "reference": "#2a4695b1-e8b8-4131-9799-006234ab2328-parameters"
        }
      }, {
        "url": "http://hl7.org/fhir/us/cqfmeasures/StructureDefinition/cqfm-testCaseDescription",
        "valueMarkdown": "Patient with retinopathy diagnosis and office visit encounter. "
      } ],
      "modifierExtension": [ {
        "url": "http://hl7.org/fhir/us/cqfmeasures/StructureDefinition/cqfm-isTestCase",
        "valueBoolean": true
      } ],
      "status": "complete",
      "type": "individual",
      "measure": "https://madie.cms.gov/Measure/CMS142FHIRDRCommunicationWithPhysicianManagingDiabetes",
      "period": {
        "start": "2026-01-01",
        "end": "2026-12-31"
      },
      "group": [ {
        "id": "Group_1",
        "population": [ {
          "id": "InitialPopulation_1",
          "code": {
            "coding": [ {
              "system": "http://terminology.hl7.org/CodeSystem/measure-population",
              "code": "initial-population",
              "display": "Initial Population"
            } ]
          },
          "count": 1
        }, {
          "id": "Denominator_1",
          "code": {
            "coding": [ {
              "system": "http://terminology.hl7.org/CodeSystem/measure-population",
              "code": "denominator",
              "display": "Denominator"
            } ]
          },
          "count": 0
        }, {
          "id": "Numerator_1",
          "code": {
            "coding": [ {
              "system": "http://terminology.hl7.org/CodeSystem/measure-population",
              "code": "numerator",
              "display": "Numerator"
            } ]
          },
          "count": 0
        }, {
          "id": "DenominatorException_1",
          "code": {
            "coding": [ {
              "system": "http://terminology.hl7.org/CodeSystem/measure-population",
              "code": "denominator-exception",
              "display": "Denominator Exception"
            } ]
          },
          "count": 0
        } ],
        "measureScore": {
          "value": 1.0
        }
      } ],
      "evaluatedResource": [ {
        "reference": "Patient/0b2799e8-0b28-4307-9fce-5441ee9950ae"
      }, {
        "reference": "Condition/565fbc37-105e-4156-823a-4a5b709bdba6"
      }, {
        "reference": "Encounter/c949bf46-af69-41ae-a8f2-f763de74b1ed"
      }, {
        "reference": "Coverage/63a2df1e-9baa-4622-ba30-130a8175774a"
      }, {
        "reference": "Organization/69795e1f-7c21-4f08-901e-519d61f99c17"
      } ]
    },
    "request": {
      "method": "PUT",
      "url": "MeasureReport/067fdf04-9dbe-4a14-bb8d-2de964161ee2"
    }
  } ]
}