{
  "resourceType": "Bundle",
  "id": "62fd4b650968f8012246afa2",
  "type": "transaction",
  "entry": [ {
    "fullUrl": "https://madie.cms.gov/Patient/408f74fc-488e-4d0e-8d4b-cd3f17955b31",
    "resource": {
      "resourceType": "Patient",
      "id": "408f74fc-488e-4d0e-8d4b-cd3f17955b31",
      "meta": {
        "profile": [ "http://hl7.org/fhir/us/qicore/StructureDefinition/qicore-patient" ]
      },
      "extension": [ {
        "url": "http://hl7.org/fhir/us/core/StructureDefinition/us-core-race",
        "extension": [ {
          "url": "ombCategory",
          "valueCoding": {
            "system": "urn:oid:2.16.840.1.113883.6.238",
            "code": "1002-5",
            "display": "American Indian or Alaska Native",
            "userSelected": true
          }
        }, {
          "url": "text",
          "valueString": "American Indian or Alaska Native"
        } ]
      }, {
        "url": "http://hl7.org/fhir/us/core/StructureDefinition/us-core-ethnicity",
        "extension": [ {
          "url": "ombCategory",
          "valueCoding": {
            "system": "urn:oid:2.16.840.1.113883.6.238",
            "code": "2135-2",
            "display": "Hispanic or Latino",
            "userSelected": true
          }
        }, {
          "url": "text",
          "valueString": "Hispanic or Latino"
        } ]
      } ],
      "identifier": [ {
        "type": {
          "coding": [ {
            "system": "http://terminology.hl7.org/CodeSystem/v2-0203",
            "code": "MR"
          } ]
        },
        "system": "https://bonnie-fhir.healthit.gov/",
        "value": "62fd4b650968f8012246afa2"
      } ],
      "name": [ {
        "family": "NUMERPass",
        "given": [ "ConsReportOverlapsEndsAfterReferral" ]
      } ],
      "gender": "female",
      "birthDate": "1990-12-31"
    },
    "request": {
      "method": "PUT",
      "url": "Patient/408f74fc-488e-4d0e-8d4b-cd3f17955b31"
    }
  }, {
    "fullUrl": "https://madie.cms.gov/Encounter/ff5e5403-0e64-4e66-bd07-aa3fa081ac4f",
    "resource": {
      "resourceType": "Encounter",
      "id": "ff5e5403-0e64-4e66-bd07-aa3fa081ac4f",
      "meta": {
        "profile": [ "http://hl7.org/fhir/us/qicore/StructureDefinition/qicore-encounter" ]
      },
      "status": "finished",
      "class": {
        "system": "http://terminology.hl7.org/CodeSystem/v3-ActCode",
        "code": "AMB",
        "display": "ambulatory"
      },
      "type": [ {
        "coding": [ {
          "system": "http://www.ama-assn.org/go/cpt",
          "version": "2021",
          "code": "99395",
          "display": "Periodic comprehensive preventive medicine reevaluation and management of an individual including an age and gender appropriate history, examination, counseling/anticipatory guidance/risk factor reduction interventions, and the ordering of laboratory/diagnostic procedures, established patient; 18-39 years",
          "userSelected": true
        } ]
      } ],
      "subject": {
        "reference": "Patient/408f74fc-488e-4d0e-8d4b-cd3f17955b31"
      },
      "period": {
        "start": "2026-01-01T00:00:00.000+00:00",
        "end": "2026-01-01T02:15:00.000+00:00"
      }
    },
    "request": {
      "method": "PUT",
      "url": "Encounter/ff5e5403-0e64-4e66-bd07-aa3fa081ac4f"
    }
  }, {
    "fullUrl": "https://madie.cms.gov/Task/62014180-6efd-4bf9-931f-909c5ac999e3",
    "resource": {
      "resourceType": "Task",
      "id": "62014180-6efd-4bf9-931f-909c5ac999e3",
      "meta": {
        "profile": [ "http://hl7.org/fhir/us/qicore/StructureDefinition/qicore-task" ]
      },
      "identifier": [ {
        "use": "official",
        "system": "http:/goodhealth.org/identifiers",
        "value": "20170201-002"
      } ],
      "basedOn": [ {
        "reference": "ServiceRequest/a58a1d96-4e33-4f03-ba5c-19489e061087"
      } ],
      "status": "completed",
      "intent": "order",
      "priority": "routine",
      "code": {
        "coding": [ {
          "system": "http://loinc.org",
          "version": "2.72",
          "code": "11488-4",
          "display": "Consult note",
          "userSelected": true
        } ]
      },
      "for": {
        "reference": "Patient/408f74fc-488e-4d0e-8d4b-cd3f17955b31"
      },
      "executionPeriod": {
        "start": "2026-10-31T23:58:00.000+00:00",
        "end": "2026-11-01T00:01:00.000+00:00"
      }
    },
    "request": {
      "method": "PUT",
      "url": "Task/62014180-6efd-4bf9-931f-909c5ac999e3"
    }
  }, {
    "fullUrl": "https://madie.cms.gov/ServiceRequest/a58a1d96-4e33-4f03-ba5c-19489e061087",
    "resource": {
      "resourceType": "ServiceRequest",
      "id": "a58a1d96-4e33-4f03-ba5c-19489e061087",
      "meta": {
        "profile": [ "http://hl7.org/fhir/us/qicore/StructureDefinition/qicore-servicerequest" ]
      },
      "status": "active",
      "intent": "order",
      "code": {
        "coding": [ {
          "system": "http://snomed.info/sct",
          "version": "2022-03",
          "code": "103696004",
          "display": "Patient referral to specialist (procedure)",
          "userSelected": true
        } ]
      },
      "subject": {
        "reference": "Patient/408f74fc-488e-4d0e-8d4b-cd3f17955b31"
      },
      "authoredOn": "2026-10-31T23:59:00.000+00:00"
    },
    "request": {
      "method": "PUT",
      "url": "ServiceRequest/a58a1d96-4e33-4f03-ba5c-19489e061087"
    }
  }, {
    "fullUrl": "https://madie.cms.gov/Coverage/9efb491e-d4ae-40c7-beb0-211f161164f4",
    "resource": {
      "resourceType": "Coverage",
      "id": "9efb491e-d4ae-40c7-beb0-211f161164f4",
      "meta": {
        "profile": [ "http://hl7.org/fhir/us/qicore/StructureDefinition/qicore-coverage" ]
      },
      "status": "active",
      "beneficiary": {
        "reference": "Patient/408f74fc-488e-4d0e-8d4b-cd3f17955b31"
      },
      "payor": [ {
        "reference": "Organization/16602134-d0f6-4ee9-9e25-abc68f37aaa9"
      } ]
    },
    "request": {
      "method": "PUT",
      "url": "Coverage/9efb491e-d4ae-40c7-beb0-211f161164f4"
    }
  }, {
    "fullUrl": "https://madie.cms.gov/Organization/16602134-d0f6-4ee9-9e25-abc68f37aaa9",
    "resource": {
      "resourceType": "Organization",
      "id": "16602134-d0f6-4ee9-9e25-abc68f37aaa9",
      "meta": {
        "profile": [ "http://hl7.org/fhir/us/qicore/StructureDefinition/qicore-organization" ]
      },
      "identifier": [ {
        "use": "temp",
        "system": "urn:oid:2.16.840.1.113883.4.4",
        "value": "21-3259825"
      } ],
      "active": true,
      "type": [ {
        "coding": [ {
          "system": "http://terminology.hl7.org/CodeSystem/organization-type",
          "code": "pay",
          "display": "Payer"
        } ]
      } ],
      "name": "Blue Cross Blue Shield of Texas",
      "telecom": [ {
        "system": "phone",
        "value": "(+1) 972-766-6900"
      } ],
      "address": [ {
        "use": "billing",
        "type": "postal",
        "line": [ "P.O. Box 660044" ],
        "city": "Dallas",
        "state": "TX",
        "postalCode": "75266-0044",
        "country": "USA"
      } ]
    },
    "request": {
      "method": "PUT",
      "url": "Organization/16602134-d0f6-4ee9-9e25-abc68f37aaa9"
    }
  }, {
    "fullUrl": "https://madie.cms.gov/Practitioner/6d309067-3410-4e96-b423-9502cdc92a77",
    "resource": {
      "resourceType": "Practitioner",
      "id": "6d309067-3410-4e96-b423-9502cdc92a77",
      "meta": {
        "profile": [ "http://hl7.org/fhir/us/qicore/StructureDefinition/qicore-practitioner" ]
      },
      "identifier": [ {
        "system": "http://hl7.org/fhir/sid/us-npi",
        "value": "123456"
      } ],
      "name": [ {
        "family": "Evil",
        "prefix": [ "Dr" ]
      } ]
    },
    "request": {
      "method": "PUT",
      "url": "Practitioner/6d309067-3410-4e96-b423-9502cdc92a77"
    }
  }, {
    "fullUrl": "https://madie.cms.gov/MeasureReport/335b3e2d-54d9-4351-ac1c-05e2f3f4a51f",
    "resource": {
      "resourceType": "MeasureReport",
      "id": "335b3e2d-54d9-4351-ac1c-05e2f3f4a51f",
      "meta": {
        "profile": [ "http://hl7.org/fhir/us/cqfmeasures/StructureDefinition/test-case-cqfm" ]
      },
      "contained": [ {
        "resourceType": "Parameters",
        "id": "afccc235-6e3a-4878-b651-449b3d4c8f5b-parameters",
        "parameter": [ {
          "name": "subject",
          "valueString": "408f74fc-488e-4d0e-8d4b-cd3f17955b31"
        } ]
      } ],
      "extension": [ {
        "url": "http://hl7.org/fhir/StructureDefinition/cqf-inputParameters",
        "valueReference": {
          "reference": "#afccc235-6e3a-4878-b651-449b3d4c8f5b-parameters"
        }
      }, {
        "url": "http://hl7.org/fhir/us/cqfmeasures/StructureDefinition/cqfm-testCaseDescription",
        "valueMarkdown": "Encounter during MP  Referral (\"202x-10-31T23:59:00.000+00:00\") during Referral period.  Consult report overlaps and ends after referral date  (\"start\" : \"202x-10-31T23:58:00.000+00:00\", \"end\" : \"202x-11-01T00:01:00.000+00:00\")\n"
      } ],
      "modifierExtension": [ {
        "url": "http://hl7.org/fhir/us/cqfmeasures/StructureDefinition/cqfm-isTestCase",
        "valueBoolean": true
      } ],
      "status": "complete",
      "type": "individual",
      "measure": "https://madie.cms.gov/Measure/CMS50FHIRCRLReceiptofSpecialistReport",
      "period": {
        "start": "2026-01-01",
        "end": "2026-12-31"
      },
      "group": [ {
        "id": "Group_1",
        "population": [ {
          "id": "InitialPopulation_1",
          "code": {
            "coding": [ {
              "system": "http://terminology.hl7.org/CodeSystem/measure-population",
              "code": "initial-population",
              "display": "Initial Population"
            } ]
          },
          "count": 1
        }, {
          "id": "Denominator_1",
          "code": {
            "coding": [ {
              "system": "http://terminology.hl7.org/CodeSystem/measure-population",
              "code": "denominator",
              "display": "Denominator"
            } ]
          },
          "count": 1
        }, {
          "id": "Numerator_1",
          "code": {
            "coding": [ {
              "system": "http://terminology.hl7.org/CodeSystem/measure-population",
              "code": "numerator",
              "display": "Numerator"
            } ]
          },
          "count": 1
        } ],
        "measureScore": {
          "value": 1.0
        }
      } ],
      "evaluatedResource": [ {
        "reference": "Patient/408f74fc-488e-4d0e-8d4b-cd3f17955b31"
      }, {
        "reference": "Encounter/ff5e5403-0e64-4e66-bd07-aa3fa081ac4f"
      }, {
        "reference": "Task/62014180-6efd-4bf9-931f-909c5ac999e3"
      }, {
        "reference": "ServiceRequest/a58a1d96-4e33-4f03-ba5c-19489e061087"
      }, {
        "reference": "Coverage/9efb491e-d4ae-40c7-beb0-211f161164f4"
      }, {
        "reference": "Organization/16602134-d0f6-4ee9-9e25-abc68f37aaa9"
      }, {
        "reference": "Practitioner/6d309067-3410-4e96-b423-9502cdc92a77"
      } ]
    },
    "request": {
      "method": "PUT",
      "url": "MeasureReport/335b3e2d-54d9-4351-ac1c-05e2f3f4a51f"
    }
  } ]
}