{
  "resourceType": "Bundle",
  "id": "NUMPass-InitOrthog90DaysB4THAFUOrthog425DaysAfterTHA",
  "type": "transaction",
  "entry": [ {
    "fullUrl": "https://madie.cms.gov/Patient/b3e44f80-29cf-4800-b6cb-1d65a330b7c7",
    "resource": {
      "resourceType": "Patient",
      "id": "b3e44f80-29cf-4800-b6cb-1d65a330b7c7",
      "meta": {
        "profile": [ "http://hl7.org/fhir/us/qicore/StructureDefinition/qicore-patient" ]
      },
      "extension": [ {
        "url": "http://hl7.org/fhir/us/core/StructureDefinition/us-core-race",
        "extension": [ {
          "url": "ombCategory",
          "valueCoding": {
            "system": "urn:oid:2.16.840.1.113883.6.238",
            "code": "2028-9",
            "display": "Asian"
          }
        }, {
          "url": "text",
          "valueString": "Asian"
        } ]
      }, {
        "url": "http://hl7.org/fhir/us/core/StructureDefinition/us-core-ethnicity",
        "extension": [ {
          "url": "ombCategory",
          "valueCoding": {
            "system": "urn:oid:2.16.840.1.113883.6.238",
            "code": "2135-2",
            "display": "Hispanic or Latino"
          }
        }, {
          "url": "text",
          "valueString": "Hispanic or Latino"
        } ]
      } ],
      "identifier": [ {
        "system": "http://hospital.smarthealthit.org",
        "value": "999999995"
      } ],
      "name": [ {
        "family": "Bertha",
        "given": [ "Betty" ]
      } ],
      "gender": "female",
      "birthDate": "2007-01-01"
    },
    "request": {
      "method": "PUT",
      "url": "Patient/b3e44f80-29cf-4800-b6cb-1d65a330b7c7"
    }
  }, {
    "fullUrl": "https://madie.cms.gov/Procedure/fe65a502-1071-4dfe-a9e3-c59d567399f3",
    "resource": {
      "resourceType": "Procedure",
      "id": "fe65a502-1071-4dfe-a9e3-c59d567399f3",
      "meta": {
        "profile": [ "http://hl7.org/fhir/us/qicore/StructureDefinition/qicore-procedure" ]
      },
      "extension": [ {
        "url": "http://hl7.org/fhir/us/qicore/StructureDefinition/qicore-recorded",
        "valueDateTime": "2024-11-01T00:00:00.000Z"
      } ],
      "status": "completed",
      "code": {
        "coding": [ {
          "system": "http://www.cms.gov/Medicare/Coding/ICD10",
          "code": "0SR9019",
          "display": "Replacement of Right Hip Joint with Metal Synthetic Substitute, Cemented, Open Approach"
        } ]
      },
      "subject": {
        "reference": "Patient/b3e44f80-29cf-4800-b6cb-1d65a330b7c7"
      },
      "performedPeriod": {
        "start": "2024-11-01T00:00:00.000Z",
        "end": "2024-11-01T01:00:00.000Z"
      }
    },
    "request": {
      "method": "PUT",
      "url": "Procedure/fe65a502-1071-4dfe-a9e3-c59d567399f3"
    }
  }, {
    "fullUrl": "https://madie.cms.gov/Encounter/a1a873fa-a10a-4d44-9d95-3989616d1be8",
    "resource": {
      "resourceType": "Encounter",
      "id": "a1a873fa-a10a-4d44-9d95-3989616d1be8",
      "meta": {
        "profile": [ "http://hl7.org/fhir/us/qicore/StructureDefinition/qicore-encounter" ]
      },
      "status": "finished",
      "class": {
        "system": "http://terminology.hl7.org/CodeSystem/v3-ActCode",
        "code": "AMB",
        "display": "ambulatory"
      },
      "type": [ {
        "coding": [ {
          "system": "http://snomed.info/sct",
          "code": "281036007",
          "display": "Follow-up consultation (procedure)"
        } ]
      } ],
      "subject": {
        "reference": "Patient/b3e44f80-29cf-4800-b6cb-1d65a330b7c7"
      },
      "period": {
        "start": "2025-11-01T00:00:00.000Z",
        "end": "2025-11-01T01:15:00.000Z"
      }
    },
    "request": {
      "method": "PUT",
      "url": "Encounter/a1a873fa-a10a-4d44-9d95-3989616d1be8"
    }
  }, {
    "fullUrl": "https://madie.cms.gov/Observation/8c6f115c-a22f-4e81-83a5-784a8ed90aec",
    "resource": {
      "resourceType": "Observation",
      "id": "8c6f115c-a22f-4e81-83a5-784a8ed90aec",
      "meta": {
        "profile": [ "http://hl7.org/fhir/us/qicore/StructureDefinition/qicore-observation-screening-assessment" ]
      },
      "status": "final",
      "category": [ {
        "coding": [ {
          "system": "http://terminology.hl7.org/CodeSystem/observation-category",
          "code": "survey"
        } ]
      } ],
      "code": {
        "coding": [ {
          "system": "http://loinc.org",
          "code": "72028-4",
          "display": "VR-12 Mental component summary (MCS) score - oblique method T-score"
        } ]
      },
      "subject": {
        "reference": "Patient/b3e44f80-29cf-4800-b6cb-1d65a330b7c7"
      },
      "effectivePeriod": {
        "start": "2024-08-03T00:00:00.000Z",
        "end": "2024-08-03T01:00:00.000Z"
      },
      "valueInteger": 60
    },
    "request": {
      "method": "PUT",
      "url": "Observation/8c6f115c-a22f-4e81-83a5-784a8ed90aec"
    }
  }, {
    "fullUrl": "https://madie.cms.gov/Observation/8ae2c806-7d53-459e-a6cb-d43fbb790b13",
    "resource": {
      "resourceType": "Observation",
      "id": "8ae2c806-7d53-459e-a6cb-d43fbb790b13",
      "meta": {
        "profile": [ "http://hl7.org/fhir/us/qicore/StructureDefinition/qicore-observation-screening-assessment" ]
      },
      "status": "final",
      "category": [ {
        "coding": [ {
          "system": "http://terminology.hl7.org/CodeSystem/observation-category",
          "code": "survey"
        } ]
      } ],
      "code": {
        "coding": [ {
          "system": "http://loinc.org",
          "code": "72027-6",
          "display": "VR-12 Physical component summary (PCS) score - orthogonal method T-score"
        } ]
      },
      "subject": {
        "reference": "Patient/b3e44f80-29cf-4800-b6cb-1d65a330b7c7"
      },
      "effectivePeriod": {
        "start": "2024-08-03T00:00:00.000Z",
        "end": "2024-08-03T01:00:00.000Z"
      },
      "valueInteger": 60
    },
    "request": {
      "method": "PUT",
      "url": "Observation/8ae2c806-7d53-459e-a6cb-d43fbb790b13"
    }
  }, {
    "fullUrl": "https://madie.cms.gov/Observation/4ab817ef-956a-4275-adfb-f3c6ba3f2db7",
    "resource": {
      "resourceType": "Observation",
      "id": "4ab817ef-956a-4275-adfb-f3c6ba3f2db7",
      "meta": {
        "profile": [ "http://hl7.org/fhir/us/qicore/StructureDefinition/qicore-observation-screening-assessment" ]
      },
      "status": "final",
      "category": [ {
        "coding": [ {
          "system": "http://terminology.hl7.org/CodeSystem/observation-category",
          "code": "survey"
        } ]
      } ],
      "code": {
        "coding": [ {
          "system": "http://loinc.org",
          "code": "72028-4",
          "display": "VR-12 Mental component summary (MCS) score - oblique method T-score"
        } ]
      },
      "subject": {
        "reference": "Patient/b3e44f80-29cf-4800-b6cb-1d65a330b7c7"
      },
      "effectivePeriod": {
        "start": "2025-12-30T00:00:00.000Z",
        "end": "2025-12-30T01:00:00.000Z"
      },
      "valueInteger": 60
    },
    "request": {
      "method": "PUT",
      "url": "Observation/4ab817ef-956a-4275-adfb-f3c6ba3f2db7"
    }
  }, {
    "fullUrl": "https://madie.cms.gov/Observation/d836901d-e87c-4ee4-8053-3ae2e43192f2",
    "resource": {
      "resourceType": "Observation",
      "id": "d836901d-e87c-4ee4-8053-3ae2e43192f2",
      "meta": {
        "profile": [ "http://hl7.org/fhir/us/qicore/StructureDefinition/qicore-observation-screening-assessment" ]
      },
      "status": "final",
      "category": [ {
        "coding": [ {
          "system": "http://terminology.hl7.org/CodeSystem/observation-category",
          "code": "survey"
        } ]
      } ],
      "code": {
        "coding": [ {
          "system": "http://loinc.org",
          "code": "72027-6",
          "display": "VR-12 Physical component summary (PCS) score - orthogonal method T-score"
        } ]
      },
      "subject": {
        "reference": "Patient/b3e44f80-29cf-4800-b6cb-1d65a330b7c7"
      },
      "effectivePeriod": {
        "start": "2025-12-30T00:00:00.000Z",
        "end": "2025-12-30T01:00:00.000Z"
      },
      "valueInteger": 60
    },
    "request": {
      "method": "PUT",
      "url": "Observation/d836901d-e87c-4ee4-8053-3ae2e43192f2"
    }
  }, {
    "fullUrl": "https://madie.cms.gov/MeasureReport/9a159bf5-67eb-4e16-a4f6-3f888d7ada05",
    "resource": {
      "resourceType": "MeasureReport",
      "id": "9a159bf5-67eb-4e16-a4f6-3f888d7ada05",
      "meta": {
        "profile": [ "http://hl7.org/fhir/us/cqfmeasures/StructureDefinition/test-case-cqfm" ]
      },
      "contained": [ {
        "resourceType": "Parameters",
        "id": "68fcf81f-6b59-43b2-b06d-842de3ecfa88-parameters",
        "parameter": [ {
          "name": "subject",
          "valueString": "b3e44f80-29cf-4800-b6cb-1d65a330b7c7"
        } ]
      } ],
      "extension": [ {
        "url": "http://hl7.org/fhir/StructureDefinition/cqf-inputParameters",
        "valueReference": {
          "reference": "#68fcf81f-6b59-43b2-b06d-842de3ecfa88-parameters"
        }
      }, {
        "url": "http://hl7.org/fhir/us/cqfmeasures/StructureDefinition/cqfm-testCaseDescription",
        "valueMarkdown": "Patient w/ a THA Procedure 11/1, Initial Hip Assessment Orthogonal 90 days before THA Procedure(8/3), and FollowUp Hip Assessment Orthogonal 425 days after THA Procedure (12/30)"
      } ],
      "modifierExtension": [ {
        "url": "http://hl7.org/fhir/us/cqfmeasures/StructureDefinition/cqfm-isTestCase",
        "valueBoolean": true
      } ],
      "status": "complete",
      "type": "individual",
      "measure": "https://madie.cms.gov/Measure/CMS56FHIRFunctionalStatusAssessmentforTotalHipReplacement",
      "period": {
        "start": "2026-01-01",
        "end": "2026-12-31"
      },
      "group": [ {
        "id": "Group_1",
        "population": [ {
          "id": "InitialPopulation_1",
          "code": {
            "coding": [ {
              "system": "http://terminology.hl7.org/CodeSystem/measure-population",
              "code": "initial-population",
              "display": "Initial Population"
            } ]
          },
          "count": 1
        }, {
          "id": "Denominator_1",
          "code": {
            "coding": [ {
              "system": "http://terminology.hl7.org/CodeSystem/measure-population",
              "code": "denominator",
              "display": "Denominator"
            } ]
          },
          "count": 1
        }, {
          "id": "DenominatorExclusion_1",
          "code": {
            "coding": [ {
              "system": "http://terminology.hl7.org/CodeSystem/measure-population",
              "code": "denominator-exclusion",
              "display": "Denominator Exclusion"
            } ]
          },
          "count": 0
        }, {
          "id": "Numerator_1",
          "code": {
            "coding": [ {
              "system": "http://terminology.hl7.org/CodeSystem/measure-population",
              "code": "numerator",
              "display": "Numerator"
            } ]
          },
          "count": 1
        } ],
        "measureScore": {
          "value": 1.0
        }
      } ],
      "evaluatedResource": [ {
        "reference": "Patient/b3e44f80-29cf-4800-b6cb-1d65a330b7c7"
      }, {
        "reference": "Procedure/fe65a502-1071-4dfe-a9e3-c59d567399f3"
      }, {
        "reference": "Encounter/a1a873fa-a10a-4d44-9d95-3989616d1be8"
      }, {
        "reference": "Observation/8c6f115c-a22f-4e81-83a5-784a8ed90aec"
      }, {
        "reference": "Observation/8ae2c806-7d53-459e-a6cb-d43fbb790b13"
      }, {
        "reference": "Observation/4ab817ef-956a-4275-adfb-f3c6ba3f2db7"
      }, {
        "reference": "Observation/d836901d-e87c-4ee4-8053-3ae2e43192f2"
      } ]
    },
    "request": {
      "method": "PUT",
      "url": "MeasureReport/9a159bf5-67eb-4e16-a4f6-3f888d7ada05"
    }
  } ]
}