{
  "resourceType": "Bundle",
  "id": "62df0f195db91778f87ca907",
  "type": "transaction",
  "entry": [ {
    "fullUrl": "https://madie.cms.gov/Patient/1e23fb8f-e27b-4553-a62a-f66edeb4528a",
    "resource": {
      "resourceType": "Patient",
      "id": "1e23fb8f-e27b-4553-a62a-f66edeb4528a",
      "meta": {
        "profile": [ "http://hl7.org/fhir/us/qicore/StructureDefinition/qicore-patient" ]
      },
      "extension": [ {
        "url": "http://hl7.org/fhir/us/core/StructureDefinition/us-core-race",
        "extension": [ {
          "url": "ombCategory",
          "valueCoding": {
            "system": "urn:oid:2.16.840.1.113883.6.238",
            "code": "2106-3",
            "display": "White",
            "userSelected": true
          }
        }, {
          "url": "text",
          "valueString": "White"
        } ]
      }, {
        "url": "http://hl7.org/fhir/us/core/StructureDefinition/us-core-ethnicity",
        "extension": [ {
          "url": "ombCategory",
          "valueCoding": {
            "system": "urn:oid:2.16.840.1.113883.6.238",
            "code": "2186-5",
            "display": "Not Hispanic or Latino",
            "userSelected": true
          }
        }, {
          "url": "text",
          "valueString": "Not Hispanic or Latino"
        } ]
      } ],
      "identifier": [ {
        "type": {
          "coding": [ {
            "system": "http://terminology.hl7.org/CodeSystem/v2-0203",
            "code": "MR"
          } ]
        },
        "system": "https://bonnie-fhir.healthit.gov/",
        "value": "62df0f195db91778f87ca907"
      } ],
      "name": [ {
        "family": "NUMERPass",
        "given": [ "HighBMIAndInterventionPerformedCondition" ]
      } ],
      "gender": "unknown",
      "birthDate": "1957-11-07"
    },
    "request": {
      "method": "PUT",
      "url": "Patient/1e23fb8f-e27b-4553-a62a-f66edeb4528a"
    }
  }, {
    "fullUrl": "https://madie.cms.gov/Encounter/12ea055b-6b7e-470b-a633-d680248881ad",
    "resource": {
      "resourceType": "Encounter",
      "id": "12ea055b-6b7e-470b-a633-d680248881ad",
      "meta": {
        "profile": [ "http://hl7.org/fhir/us/qicore/StructureDefinition/qicore-encounter" ]
      },
      "status": "finished",
      "class": {
        "system": "http://terminology.hl7.org/CodeSystem/v3-ActCode",
        "code": "AMB",
        "display": "ambulatory"
      },
      "type": [ {
        "coding": [ {
          "system": "http://snomed.info/sct",
          "version": "2022-03",
          "code": "10197000",
          "display": "Psychiatric interview and evaluation (procedure)",
          "userSelected": true
        } ]
      } ],
      "subject": {
        "reference": "Patient/1e23fb8f-e27b-4553-a62a-f66edeb4528a"
      },
      "period": {
        "start": "2026-01-01T00:00:00.000+00:00",
        "end": "2026-01-01T00:30:00.000+00:00"
      }
    },
    "request": {
      "method": "PUT",
      "url": "Encounter/12ea055b-6b7e-470b-a633-d680248881ad"
    }
  }, {
    "fullUrl": "https://madie.cms.gov/Observation/e857c5b1-b13f-4517-8e0c-a70658e9a66d",
    "resource": {
      "resourceType": "Observation",
      "id": "e857c5b1-b13f-4517-8e0c-a70658e9a66d",
      "meta": {
        "profile": [ "http://hl7.org/fhir/us/core/StructureDefinition/us-core-bmi" ]
      },
      "status": "final",
      "category": [ {
        "coding": [ {
          "system": "http://terminology.hl7.org/CodeSystem/observation-category",
          "code": "vital-signs",
          "display": "Vital Signs"
        } ]
      } ],
      "code": {
        "coding": [ {
          "system": "http://loinc.org",
          "code": "39156-5",
          "display": "Body mass index (BMI) [Ratio]",
          "userSelected": true
        } ]
      },
      "subject": {
        "reference": "Patient/1e23fb8f-e27b-4553-a62a-f66edeb4528a"
      },
      "effectiveDateTime": "2026-01-01T00:30:00.000+00:00",
      "valueQuantity": {
        "value": 25,
        "unit": "kg/m2",
        "system": "http://unitsofmeasure.org",
        "code": "kg/m2"
      }
    },
    "request": {
      "method": "PUT",
      "url": "Observation/e857c5b1-b13f-4517-8e0c-a70658e9a66d"
    }
  }, {
    "fullUrl": "https://madie.cms.gov/Procedure/44e1bc7e-e73d-4835-ac92-9724eb1288a1",
    "resource": {
      "resourceType": "Procedure",
      "id": "44e1bc7e-e73d-4835-ac92-9724eb1288a1",
      "meta": {
        "profile": [ "http://hl7.org/fhir/us/qicore/StructureDefinition/qicore-procedure" ]
      },
      "extension": [ {
        "url": "http://hl7.org/fhir/us/qicore/StructureDefinition/qicore-recorded",
        "valueDateTime": "2026-01-01T00:30:00.000+00:00"
      } ],
      "status": "completed",
      "code": {
        "coding": [ {
          "system": "http://snomed.info/sct",
          "version": "2022-03",
          "code": "182922004",
          "display": "Dietary regime (regime/therapy)",
          "userSelected": true
        } ]
      },
      "subject": {
        "reference": "Patient/1e23fb8f-e27b-4553-a62a-f66edeb4528a"
      },
      "performedPeriod": {
        "start": "2026-01-01T00:30:00.000+00:00",
        "end": "2026-01-01T00:32:00.000+00:00"
      },
      "reasonCode": [ {
        "coding": [ {
          "system": "http://hl7.org/fhir/sid/icd-10-cm",
          "code": "E66.01",
          "display": "Morbid (severe) obesity due to excess calories",
          "userSelected": true
        } ]
      } ]
    },
    "request": {
      "method": "PUT",
      "url": "Procedure/44e1bc7e-e73d-4835-ac92-9724eb1288a1"
    }
  }, {
    "fullUrl": "https://madie.cms.gov/Condition/9096bad0-8747-4603-8f61-d107faddfd52",
    "resource": {
      "resourceType": "Condition",
      "id": "9096bad0-8747-4603-8f61-d107faddfd52",
      "meta": {
        "profile": [ "http://hl7.org/fhir/us/qicore/StructureDefinition/qicore-condition-problems-health-concerns" ]
      },
      "clinicalStatus": {
        "coding": [ {
          "system": "http://terminology.hl7.org/CodeSystem/condition-clinical",
          "code": "active",
          "display": "active",
          "userSelected": true
        } ]
      },
      "category": [ {
        "coding": [ {
          "system": "http://hl7.org/fhir/us/core/CodeSystem/condition-category",
          "code": "health-concern",
          "display": "Health Concern"
        }, {
          "system": "http://snomed.info/sct",
          "code": "439401001",
          "display": "Diagnosis"
        } ]
      } ],
      "code": {
        "coding": [ {
          "system": "http://snomed.info/sct",
          "version": "2022-03",
          "code": "162863004",
          "display": "Body mass index 25-29 - overweight (finding)",
          "userSelected": true
        } ]
      },
      "subject": {
        "reference": "Patient/1e23fb8f-e27b-4553-a62a-f66edeb4528a"
      },
      "onsetPeriod": {
        "start": "2026-01-01T00:00:00.000+00:00",
        "end": "2027-01-01T00:30:00.000+00:00"
      },
      "recordedDate": "2026-01-01T00:30:00.000+00:00"
    },
    "request": {
      "method": "PUT",
      "url": "Condition/9096bad0-8747-4603-8f61-d107faddfd52"
    }
  }, {
    "fullUrl": "https://madie.cms.gov/Coverage/d751ca5a-977b-444a-824e-d852cbbf528c",
    "resource": {
      "resourceType": "Coverage",
      "id": "d751ca5a-977b-444a-824e-d852cbbf528c",
      "meta": {
        "profile": [ "http://hl7.org/fhir/us/qicore/StructureDefinition/qicore-coverage" ]
      },
      "status": "active",
      "beneficiary": {
        "reference": "Patient/1e23fb8f-e27b-4553-a62a-f66edeb4528a"
      },
      "payor": [ {
        "reference": "Organization/0ba31cf3-365b-4ca2-b0ee-03c849578de7"
      } ]
    },
    "request": {
      "method": "PUT",
      "url": "Coverage/d751ca5a-977b-444a-824e-d852cbbf528c"
    }
  }, {
    "fullUrl": "https://madie.cms.gov/Organization/0ba31cf3-365b-4ca2-b0ee-03c849578de7",
    "resource": {
      "resourceType": "Organization",
      "id": "0ba31cf3-365b-4ca2-b0ee-03c849578de7",
      "meta": {
        "profile": [ "http://hl7.org/fhir/us/qicore/StructureDefinition/qicore-organization" ]
      },
      "identifier": [ {
        "use": "temp",
        "system": "urn:oid:2.16.840.1.113883.4.4",
        "value": "21-3259825"
      } ],
      "active": true,
      "type": [ {
        "coding": [ {
          "system": "http://terminology.hl7.org/CodeSystem/organization-type",
          "code": "pay",
          "display": "Payer"
        } ]
      } ],
      "name": "Blue Cross Blue Shield of Texas",
      "telecom": [ {
        "system": "phone",
        "value": "(+1) 972-766-6900"
      } ],
      "address": [ {
        "use": "billing",
        "type": "postal",
        "line": [ "P.O. Box 660044" ],
        "city": "Dallas",
        "state": "TX",
        "postalCode": "75266-0044",
        "country": "USA"
      } ]
    },
    "request": {
      "method": "PUT",
      "url": "Organization/0ba31cf3-365b-4ca2-b0ee-03c849578de7"
    }
  }, {
    "fullUrl": "https://madie.cms.gov/MeasureReport/e564148b-acc4-4ad1-8815-46d4f0166fde",
    "resource": {
      "resourceType": "MeasureReport",
      "id": "e564148b-acc4-4ad1-8815-46d4f0166fde",
      "meta": {
        "profile": [ "http://hl7.org/fhir/us/cqfmeasures/StructureDefinition/test-case-cqfm" ]
      },
      "contained": [ {
        "resourceType": "Parameters",
        "id": "751accd6-a647-4fe8-97e5-8f6c2d592ac9-parameters",
        "parameter": [ {
          "name": "subject",
          "valueString": "1e23fb8f-e27b-4553-a62a-f66edeb4528a"
        } ]
      } ],
      "extension": [ {
        "url": "http://hl7.org/fhir/StructureDefinition/cqf-inputParameters",
        "valueReference": {
          "reference": "#751accd6-a647-4fe8-97e5-8f6c2d592ac9-parameters"
        }
      }, {
        "url": "http://hl7.org/fhir/us/cqfmeasures/StructureDefinition/cqfm-testCaseDescription",
        "valueMarkdown": " Enc. midnight 01/01 to 0030 during MP, BMI 25 kg/m2 datetime, dietary recommendations performed period, dx overweight/obese - relapse, "
      } ],
      "modifierExtension": [ {
        "url": "http://hl7.org/fhir/us/cqfmeasures/StructureDefinition/cqfm-isTestCase",
        "valueBoolean": true
      } ],
      "status": "complete",
      "type": "individual",
      "measure": "https://madie.cms.gov/Measure/CMS69FHIRPCSBMIScreenAndFollowUp",
      "period": {
        "start": "2026-01-01",
        "end": "2026-12-31"
      },
      "group": [ {
        "id": "Group_1",
        "population": [ {
          "id": "InitialPopulation_1",
          "code": {
            "coding": [ {
              "system": "http://terminology.hl7.org/CodeSystem/measure-population",
              "code": "initial-population",
              "display": "Initial Population"
            } ]
          },
          "count": 1
        }, {
          "id": "Denominator_1",
          "code": {
            "coding": [ {
              "system": "http://terminology.hl7.org/CodeSystem/measure-population",
              "code": "denominator",
              "display": "Denominator"
            } ]
          },
          "count": 1
        }, {
          "id": "DenominatorExclusion_1",
          "code": {
            "coding": [ {
              "system": "http://terminology.hl7.org/CodeSystem/measure-population",
              "code": "denominator-exclusion",
              "display": "Denominator Exclusion"
            } ]
          },
          "count": 0
        }, {
          "id": "Numerator_1",
          "code": {
            "coding": [ {
              "system": "http://terminology.hl7.org/CodeSystem/measure-population",
              "code": "numerator",
              "display": "Numerator"
            } ]
          },
          "count": 1
        }, {
          "id": "DenominatorException_1",
          "code": {
            "coding": [ {
              "system": "http://terminology.hl7.org/CodeSystem/measure-population",
              "code": "denominator-exception",
              "display": "Denominator Exception"
            } ]
          },
          "count": 0
        } ],
        "measureScore": {
          "value": 1.0
        }
      } ],
      "evaluatedResource": [ {
        "reference": "Patient/1e23fb8f-e27b-4553-a62a-f66edeb4528a"
      }, {
        "reference": "Encounter/12ea055b-6b7e-470b-a633-d680248881ad"
      }, {
        "reference": "Observation/e857c5b1-b13f-4517-8e0c-a70658e9a66d"
      }, {
        "reference": "Procedure/44e1bc7e-e73d-4835-ac92-9724eb1288a1"
      }, {
        "reference": "Condition/9096bad0-8747-4603-8f61-d107faddfd52"
      }, {
        "reference": "Coverage/d751ca5a-977b-444a-824e-d852cbbf528c"
      }, {
        "reference": "Organization/0ba31cf3-365b-4ca2-b0ee-03c849578de7"
      } ]
    },
    "request": {
      "method": "PUT",
      "url": "MeasureReport/e564148b-acc4-4ad1-8815-46d4f0166fde"
    }
  } ]
}