{
  "resourceType": "Bundle",
  "id": "62bc69333e113102f8cedca6",
  "type": "transaction",
  "entry": [ {
    "fullUrl": "https://madie.cms.gov/Patient/5e66e158-8c05-4016-824e-272bd37df61c",
    "resource": {
      "resourceType": "Patient",
      "id": "5e66e158-8c05-4016-824e-272bd37df61c",
      "meta": {
        "profile": [ "http://hl7.org/fhir/us/qicore/StructureDefinition/qicore-patient" ]
      },
      "extension": [ {
        "url": "http://hl7.org/fhir/us/core/StructureDefinition/us-core-race",
        "extension": [ {
          "url": "ombCategory",
          "valueCoding": {
            "system": "urn:oid:2.16.840.1.113883.6.238",
            "code": "1002-5",
            "display": "American Indian or Alaska Native"
          }
        }, {
          "url": "text",
          "valueString": "American Indian or Alaska Native"
        } ]
      }, {
        "url": "http://hl7.org/fhir/us/core/StructureDefinition/us-core-ethnicity",
        "extension": [ {
          "url": "ombCategory",
          "valueCoding": {
            "system": "urn:oid:2.16.840.1.113883.6.238",
            "code": "2135-2",
            "display": "Hispanic or Latino"
          }
        }, {
          "url": "text",
          "valueString": "Hispanic or Latino"
        } ]
      } ],
      "identifier": [ {
        "type": {
          "coding": [ {
            "system": "http://terminology.hl7.org/CodeSystem/v2-0203",
            "code": "MR"
          } ]
        },
        "system": "https://bonnie-fhir.healthit.gov/",
        "value": "62bc69333e113102f8cedca6"
      } ],
      "name": [ {
        "family": "NUMERPass",
        "given": [ "FirstStagingJuneAfterStartofMPEdge" ]
      } ],
      "gender": "female",
      "birthDate": "1947-02-01"
    },
    "request": {
      "method": "PUT",
      "url": "Patient/5e66e158-8c05-4016-824e-272bd37df61c"
    }
  }, {
    "fullUrl": "https://madie.cms.gov/Encounter/a2882f15-fc80-4350-9949-381944f2644d",
    "resource": {
      "resourceType": "Encounter",
      "id": "a2882f15-fc80-4350-9949-381944f2644d",
      "meta": {
        "profile": [ "http://hl7.org/fhir/us/qicore/StructureDefinition/qicore-encounter" ]
      },
      "status": "finished",
      "class": {
        "system": "http://terminology.hl7.org/CodeSystem/v3-ActCode",
        "code": "AMB",
        "display": "ambulatory"
      },
      "type": [ {
        "coding": [ {
          "system": "http://snomed.info/sct",
          "version": "http://snomed.info/sct/731000124108/version/20240301",
          "code": "185463005",
          "display": "Visit out of hours (procedure)"
        } ]
      } ],
      "subject": {
        "reference": "Patient/5e66e158-8c05-4016-824e-272bd37df61c"
      },
      "period": {
        "start": "2026-12-30T08:00:00.000+00:00",
        "end": "2026-12-30T09:15:00.000+00:00"
      }
    },
    "request": {
      "method": "PUT",
      "url": "Encounter/a2882f15-fc80-4350-9949-381944f2644d"
    }
  }, {
    "fullUrl": "https://madie.cms.gov/Condition/44d04ac7-b2d0-447f-8dde-8e7846b93c92",
    "resource": {
      "resourceType": "Condition",
      "id": "44d04ac7-b2d0-447f-8dde-8e7846b93c92",
      "meta": {
        "profile": [ "http://hl7.org/fhir/us/qicore/StructureDefinition/qicore-condition-problems-health-concerns" ]
      },
      "clinicalStatus": {
        "coding": [ {
          "system": "http://terminology.hl7.org/CodeSystem/condition-clinical",
          "code": "active",
          "display": "Active"
        } ]
      },
      "verificationStatus": {
        "coding": [ {
          "system": "http://terminology.hl7.org/CodeSystem/condition-ver-status",
          "code": "confirmed",
          "display": "Confirmed"
        } ]
      },
      "category": [ {
        "coding": [ {
          "system": "http://terminology.hl7.org/CodeSystem/condition-category",
          "code": "problem-list-item",
          "display": "Problem List Item"
        } ]
      } ],
      "code": {
        "coding": [ {
          "system": "http://hl7.org/fhir/sid/icd-10-cm",
          "version": "2024",
          "code": "C67.3",
          "display": "Malignant neoplasm of anterior wall of bladder"
        } ]
      },
      "subject": {
        "reference": "Patient/5e66e158-8c05-4016-824e-272bd37df61c"
      },
      "onsetDateTime": "2026-06-30T08:00:00.000+00:00"
    },
    "request": {
      "method": "PUT",
      "url": "Condition/44d04ac7-b2d0-447f-8dde-8e7846b93c92"
    }
  }, {
    "fullUrl": "https://madie.cms.gov/Observation/efc8c2f0-10a3-4307-994e-d7144359a570",
    "resource": {
      "resourceType": "Observation",
      "id": "efc8c2f0-10a3-4307-994e-d7144359a570",
      "meta": {
        "profile": [ "http://hl7.org/fhir/us/qicore/StructureDefinition/qicore-observation-lab" ]
      },
      "partOf": [ {
        "reference": "Procedure/87a0e646-e924-4372-9ef8-648db1a48080"
      } ],
      "status": "final",
      "category": [ {
        "coding": [ {
          "system": "http://terminology.hl7.org/CodeSystem/observation-category",
          "code": "procedure",
          "display": "Procedure"
        } ]
      } ],
      "code": {
        "coding": [ {
          "system": "http://loinc.org",
          "version": "2.76",
          "code": "21902-2",
          "display": "Stage group.pathology Cancer"
        } ]
      },
      "subject": {
        "reference": "Patient/5e66e158-8c05-4016-824e-272bd37df61c"
      },
      "effectivePeriod": {
        "start": "2026-06-30T08:00:00.000+00:00",
        "end": "2026-06-30T08:15:00.000+00:00"
      },
      "issued": "2026-06-30T08:15:00.000+00:00",
      "valueCodeableConcept": {
        "coding": [ {
          "system": "http://snomed.info/sct",
          "version": "http://snomed.info/sct/731000124108/version/20240301",
          "code": "1228883000",
          "display": "American Joint Committee on Cancer cTa (qualifier value)"
        } ]
      }
    },
    "request": {
      "method": "PUT",
      "url": "Observation/efc8c2f0-10a3-4307-994e-d7144359a570"
    }
  }, {
    "fullUrl": "https://madie.cms.gov/MedicationAdministration/a8d4e1ff-f64d-4ee9-a80c-a085006c1b73",
    "resource": {
      "resourceType": "MedicationAdministration",
      "id": "a8d4e1ff-f64d-4ee9-a80c-a085006c1b73",
      "meta": {
        "profile": [ "http://hl7.org/fhir/us/qicore/StructureDefinition/qicore-medicationadministration" ]
      },
      "status": "in-progress",
      "medicationCodeableConcept": {
        "coding": [ {
          "system": "http://www.nlm.nih.gov/research/umls/rxnorm",
          "version": "04012024",
          "code": "1653579",
          "display": "BCG, live, Tice strain 50 MG Injection"
        } ]
      },
      "subject": {
        "reference": "Patient/5e66e158-8c05-4016-824e-272bd37df61c"
      },
      "effectiveDateTime": "2026-12-30T08:00:00.000+00:00"
    },
    "request": {
      "method": "PUT",
      "url": "MedicationAdministration/a8d4e1ff-f64d-4ee9-a80c-a085006c1b73"
    }
  }, {
    "fullUrl": "https://madie.cms.gov/Practitioner/3af462d7-e9fa-4fea-9bc9-9a3b7d11e66a",
    "resource": {
      "resourceType": "Practitioner",
      "id": "3af462d7-e9fa-4fea-9bc9-9a3b7d11e66a",
      "meta": {
        "profile": [ "http://hl7.org/fhir/us/qicore/StructureDefinition/qicore-practitioner" ]
      },
      "identifier": [ {
        "use": "temp",
        "system": "urn:oid:2.16.840.1.113883.4.336",
        "value": "Practitioner-23"
      } ],
      "active": true,
      "name": [ {
        "family": "Careful",
        "given": [ "Adam" ],
        "prefix": [ "Dr" ]
      } ],
      "address": [ {
        "use": "home",
        "line": [ "534 Erewhon St" ],
        "city": "PleasantVille",
        "state": "UT",
        "postalCode": "84414"
      } ],
      "qualification": [ {
        "identifier": [ {
          "system": "http://example.org/UniversityIdentifier",
          "value": "12345"
        } ],
        "code": {
          "coding": [ {
            "system": "http://terminology.hl7.org/CodeSystem/v2-0360|2.7",
            "code": "BS",
            "display": "Bachelor of Science"
          } ],
          "text": "Bachelor of Science"
        },
        "period": {
          "start": "1996"
        },
        "issuer": {
          "display": "Example University"
        }
      } ]
    },
    "request": {
      "method": "PUT",
      "url": "Practitioner/3af462d7-e9fa-4fea-9bc9-9a3b7d11e66a"
    }
  }, {
    "fullUrl": "https://madie.cms.gov/Procedure/87a0e646-e924-4372-9ef8-648db1a48080",
    "resource": {
      "resourceType": "Procedure",
      "id": "87a0e646-e924-4372-9ef8-648db1a48080",
      "meta": {
        "profile": [ "http://hl7.org/fhir/us/qicore/StructureDefinition/qicore-procedure" ]
      },
      "extension": [ {
        "url": "http://hl7.org/fhir/us/qicore/StructureDefinition/qicore-recorded",
        "valueDateTime": "2026-06-30T08:00:00.000+00:00"
      } ],
      "status": "completed",
      "code": {
        "coding": [ {
          "system": "http://snomed.info/sct",
          "version": "http://snomed.info/sct/731000124108/version/20240301",
          "code": "254292007",
          "display": "Tumor staging",
          "userSelected": true
        } ]
      },
      "subject": {
        "reference": "Patient/5e66e158-8c05-4016-824e-272bd37df61c"
      },
      "performedPeriod": {
        "start": "2026-06-30T08:00:00.000+00:00",
        "end": "2026-06-30T08:15:00.000+00:00"
      }
    },
    "request": {
      "method": "PUT",
      "url": "Procedure/87a0e646-e924-4372-9ef8-648db1a48080"
    }
  }, {
    "fullUrl": "https://madie.cms.gov/MeasureReport/4cefa929-d4ed-4d8e-b308-85c0b7191934",
    "resource": {
      "resourceType": "MeasureReport",
      "id": "4cefa929-d4ed-4d8e-b308-85c0b7191934",
      "meta": {
        "profile": [ "http://hl7.org/fhir/us/cqfmeasures/StructureDefinition/test-case-cqfm" ]
      },
      "contained": [ {
        "resourceType": "Parameters",
        "id": "08afc894-4b4e-4af8-a9b8-a211041d054d-parameters",
        "parameter": [ {
          "name": "subject",
          "valueString": "5e66e158-8c05-4016-824e-272bd37df61c"
        } ]
      } ],
      "extension": [ {
        "url": "http://hl7.org/fhir/StructureDefinition/cqf-inputParameters",
        "valueReference": {
          "reference": "#08afc894-4b4e-4af8-a9b8-a211041d054d-parameters"
        }
      }, {
        "url": "http://hl7.org/fhir/us/cqfmeasures/StructureDefinition/cqfm-testCaseDescription",
        "valueMarkdown": "Patient with OV in MP. Bladder cancer staging June 30 of MP with bladder cancer diagnosis.  BCG given Dec 31 of MP."
      } ],
      "modifierExtension": [ {
        "url": "http://hl7.org/fhir/us/cqfmeasures/StructureDefinition/cqfm-isTestCase",
        "valueBoolean": true
      } ],
      "status": "complete",
      "type": "individual",
      "measure": "https://madie.cms.gov/Measure/CMS646FHIRIntravesicalBacillusCalmetteGuerinForBladderCancer",
      "period": {
        "start": "2026-01-01",
        "end": "2026-12-31"
      },
      "group": [ {
        "id": "Group_1",
        "population": [ {
          "id": "InitialPopulation_1",
          "code": {
            "coding": [ {
              "system": "http://terminology.hl7.org/CodeSystem/measure-population",
              "code": "initial-population",
              "display": "Initial Population"
            } ]
          },
          "count": 1
        }, {
          "id": "Denominator_1",
          "code": {
            "coding": [ {
              "system": "http://terminology.hl7.org/CodeSystem/measure-population",
              "code": "denominator",
              "display": "Denominator"
            } ]
          },
          "count": 1
        }, {
          "id": "DenominatorExclusion_1",
          "code": {
            "coding": [ {
              "system": "http://terminology.hl7.org/CodeSystem/measure-population",
              "code": "denominator-exclusion",
              "display": "Denominator Exclusion"
            } ]
          },
          "count": 0
        }, {
          "id": "Numerator_1",
          "code": {
            "coding": [ {
              "system": "http://terminology.hl7.org/CodeSystem/measure-population",
              "code": "numerator",
              "display": "Numerator"
            } ]
          },
          "count": 1
        }, {
          "id": "DenominatorException_1",
          "code": {
            "coding": [ {
              "system": "http://terminology.hl7.org/CodeSystem/measure-population",
              "code": "denominator-exception",
              "display": "Denominator Exception"
            } ]
          },
          "count": 0
        } ],
        "measureScore": {
          "value": 1.0
        }
      } ],
      "evaluatedResource": [ {
        "reference": "Patient/5e66e158-8c05-4016-824e-272bd37df61c"
      }, {
        "reference": "Encounter/a2882f15-fc80-4350-9949-381944f2644d"
      }, {
        "reference": "Condition/44d04ac7-b2d0-447f-8dde-8e7846b93c92"
      }, {
        "reference": "Observation/efc8c2f0-10a3-4307-994e-d7144359a570"
      }, {
        "reference": "MedicationAdministration/a8d4e1ff-f64d-4ee9-a80c-a085006c1b73"
      }, {
        "reference": "Practitioner/3af462d7-e9fa-4fea-9bc9-9a3b7d11e66a"
      }, {
        "reference": "Procedure/87a0e646-e924-4372-9ef8-648db1a48080"
      } ]
    },
    "request": {
      "method": "PUT",
      "url": "MeasureReport/4cefa929-d4ed-4d8e-b308-85c0b7191934"
    }
  } ]
}